"Year","Mo","Dy","Tsu","Eq","Name","Location","Country","Latitude","Longitude","Elevation..m.","Type","Eruption","VEI","Agent","Deaths","Death.Description","Missing","Missing.Description","Injuries","Injuries.Description","Damage...Mil.","Damage.Description","Houses.Destroyed","Houses.Destroyed.Description","Total.Deaths","Total.Death.Description","Total.Missing","Total.Missing.Description","Total.Injuries","Total.Injuries.Description","Total.Damage...Mil.","Total.Damage.Description","Total.Houses.Destroyed","Total.Houses.Destroyed.Description"
-4360,NA,NA,NA,NA,"Macauley","Kermadec Is","New Zealand",-30.21,-178.475,238,"Caldera","true",6,"",NA,NA,NA,NA,NA,NA,NA,NA,NA,NA,NA,NA,NA,NA,NA,NA,NA,NA,NA,NA
-4350,NA,NA,NA,NA,"Kikai","Ryukyu Is","Japan",30.793,130.305,704,"Caldera","true",7,"P",NA,3,NA,NA,NA,NA,NA,3,NA,3,NA,3,NA,NA,NA,NA,NA,3,NA,3
-4050,NA,NA,NA,NA,"Masaya","Nicaragua","Nicaragua",11.984,-86.169,594,"Caldera","true",6,"",NA,NA,NA,NA,NA,NA,NA,NA,NA,NA,NA,NA,NA,NA,NA,NA,NA,NA,NA,NA
-4000,NA,NA,NA,NA,"Witori","New Britain-SW Pac","Papua New Guinea",-5.575,150.516,724,"Caldera","true",6,"T",NA,1,NA,NA,NA,NA,NA,1,NA,NA,NA,1,NA,NA,NA,NA,NA,1,NA,NA
-3580,NA,NA,NA,NA,"Taal","Luzon-Philippines","Philippines",14.011,120.998,311,"Stratovolcano","true",6,"",NA,NA,NA,NA,NA,NA,NA,NA,NA,NA,NA,NA,NA,NA,NA,NA,NA,NA,NA,NA
-3550,NA,NA,NA,NA,"Pinatubo","Luzon-Philippines","Philippines",15.13,120.35,1486,"Stratovolcano","true",6,"",NA,NA,NA,NA,NA,NA,NA,NA,NA,NA,NA,NA,NA,NA,NA,NA,NA,NA,NA,NA
-2420,NA,NA,NA,NA,"Vesuvius","Italy","Italy",40.821,14.426,1281,"Complex volcano","true",5,"P,T",NA,NA,NA,NA,NA,NA,NA,NA,NA,NA,NA,NA,NA,NA,NA,NA,NA,NA,NA,NA
-2040,NA,NA,NA,NA,"Long Island","New Guinea-NE of","Papua New Guinea",-5.358,147.12,1280,"Complex volcano","true",6,"",NA,NA,NA,NA,NA,NA,NA,NA,NA,NA,NA,NA,NA,NA,NA,NA,NA,NA,NA,NA
-1900,NA,NA,NA,NA,"Black Peak","Alaska Peninsula","United States",56.552,-158.785,1032,"Stratovolcano","true",6,"",NA,NA,NA,NA,NA,NA,NA,NA,NA,NA,NA,NA,NA,NA,NA,NA,NA,NA,NA,NA
-1890,NA,NA,NA,NA,"Hudson, Cerro","Chile-S","Chile",-45.9,-72.97,1905,"Stratovolcano","true",6,"",NA,NA,NA,NA,NA,NA,NA,NA,NA,NA,NA,NA,NA,NA,NA,NA,NA,NA,NA,NA
-1860,NA,NA,NA,NA,"St. Helens","US-Washington","United States",46.2,-122.18,2549,"Stratovolcano","true",6,"",NA,NA,NA,NA,NA,NA,NA,NA,NA,NA,NA,NA,NA,NA,NA,NA,NA,NA,NA,NA
-1750,NA,NA,NA,NA,"Veniaminof","Alaska Peninsula","United States",56.17,-159.38,2507,"Stratovolcano","true",6,"",NA,NA,NA,NA,NA,NA,NA,NA,NA,NA,NA,NA,NA,NA,NA,NA,NA,NA,NA,NA
-1645,NA,NA,NA,NA,"Aniakchak","Alaska Peninsula","United States",56.88,-158.17,1341,"Caldera","true",6,"",NA,NA,NA,NA,NA,NA,NA,NA,NA,NA,NA,NA,NA,NA,NA,NA,NA,NA,NA,NA
-1610,NA,NA,3,5877,"Santorini","Greece","Greece",36.404,25.396,367,"Shield volcano","true",7,"W",NA,3,NA,NA,NA,NA,NA,3,NA,NA,NA,3,NA,NA,NA,NA,NA,3,NA,NA
-1550,NA,NA,NA,NA,"Redoubt","Alaska-SW","United States",60.485,-152.742,3108,"Stratovolcano","true",NA,"",NA,NA,NA,NA,NA,NA,NA,NA,NA,NA,NA,NA,NA,NA,NA,NA,NA,NA,NA,NA
-1460,NA,NA,NA,NA,"Taupo","New Zealand","New Zealand",-38.781,175.893,760,"Caldera","true",6,"",NA,NA,NA,NA,NA,NA,NA,NA,NA,NA,NA,NA,NA,NA,NA,NA,NA,NA,NA,NA
-1370,NA,NA,NA,NA,"Witori","New Britain-SW Pac","Papua New Guinea",-5.575,150.516,724,"Caldera","true",6,"",NA,NA,NA,NA,NA,NA,NA,NA,NA,NA,NA,NA,NA,NA,NA,NA,NA,NA,NA,NA
-1050,NA,NA,NA,NA,"Pinatubo","Luzon-Philippines","Philippines",15.13,120.35,1486,"Stratovolcano","true",6,"",NA,NA,NA,NA,NA,NA,NA,NA,NA,NA,NA,NA,NA,NA,NA,NA,NA,NA,NA,NA
-1010,NA,NA,NA,NA,"Tungurahua","Ecuador","Ecuador",-1.467,-78.442,5023,"Stratovolcano","true",5,"",NA,3,NA,NA,NA,NA,NA,NA,NA,NA,NA,3,NA,NA,NA,NA,NA,NA,NA,NA
-455,NA,NA,NA,NA,"Cotopaxi","Ecuador","Ecuador",-0.677,-78.436,5911,"Stratovolcano","true",4,"M",NA,1,NA,NA,NA,NA,NA,NA,NA,NA,NA,1,NA,NA,NA,NA,NA,NA,NA,NA
-250,NA,NA,NA,NA,"Raoul Island","Kermadec Is","New Zealand",-29.27,-177.92,516,"Stratovolcano","true",6,"",NA,NA,NA,NA,NA,NA,NA,NA,NA,NA,NA,NA,NA,NA,NA,NA,NA,NA,NA,NA
-197,NA,NA,3473,7795,"Santorini","Greece","Greece",36.404,25.396,367,"Shield volcano","true",3,"",NA,NA,NA,NA,NA,NA,NA,NA,NA,NA,NA,NA,NA,NA,NA,NA,NA,NA,NA,NA
-141,NA,NA,NA,NA,"Etna","Italy","Italy",37.748,14.999,3357,"Stratovolcano","true",NA,"",40,1,NA,NA,NA,NA,NA,NA,NA,NA,40,1,NA,NA,NA,NA,NA,NA,NA,NA
-100,NA,NA,NA,NA,"Okmok","Aleutian Is","United States",53.43,-168.13,1073,"Shield volcano","true",6,"",NA,NA,NA,NA,NA,NA,NA,NA,NA,NA,NA,NA,NA,NA,NA,NA,NA,NA,NA,NA
-50,NA,NA,NA,NA,"Apoyeque","Nicaragua","Nicaragua",12.242,-86.342,518,"Pyroclastic shield","true",6,"",NA,NA,NA,NA,NA,NA,NA,NA,NA,NA,NA,NA,NA,NA,NA,NA,NA,NA,NA,NA
46,NA,NA,21,NA,"Santorini","Greece","Greece",36.404,25.396,367,"Shield volcano","true",3,"",NA,NA,NA,NA,NA,NA,NA,NA,NA,NA,NA,NA,NA,NA,NA,NA,NA,NA,NA,NA
50,NA,NA,NA,NA,"Ambrym","Vanuatu-SW Pacific","Vanuatu",-16.25,168.12,1334,"Pyroclastic shield","true",6,"",NA,NA,NA,NA,NA,NA,NA,NA,NA,NA,NA,NA,NA,NA,NA,NA,NA,NA,NA,NA
60,NA,NA,NA,NA,"Churchill","Alaska-E","United States",61.38,-141.75,5005,"Stratovolcano","true",6,"",NA,NA,NA,NA,NA,NA,NA,NA,NA,NA,NA,NA,NA,NA,NA,NA,NA,NA,NA,NA
79,8,25,3093,58,"Vesuvius","Italy","Italy",40.821,14.426,1281,"Complex volcano","true",5,"P,T",2100,4,NA,NA,NA,NA,NA,NA,NA,NA,2100,4,NA,NA,NA,NA,NA,NA,NA,NA
200,NA,NA,NA,NA,"Arhab, Harra of","Arabia-S","Yemen",15.603,44.098,3100,"Volcanic field","true",NA,"",NA,NA,NA,NA,NA,NA,NA,1,NA,NA,NA,NA,NA,NA,NA,NA,NA,1,NA,NA
233,NA,NA,NA,NA,"Taupo","New Zealand","New Zealand",-38.781,175.893,760,"Caldera","true",6,"",NA,NA,NA,NA,NA,NA,NA,NA,NA,NA,NA,NA,NA,NA,NA,NA,NA,NA,NA,NA
240,NA,NA,NA,NA,"Ksudach","Kamchatka","Russia",51.844,157.572,1079,"Stratovolcano","true",6,"",NA,NA,NA,NA,NA,NA,NA,NA,NA,NA,NA,NA,NA,NA,NA,NA,NA,NA,NA,NA
350,NA,NA,NA,NA,"St. Andrew Strait","Admiralty Is-SW Paci","Papua New Guinea",-2.38,147.35,270,"Complex volcano","true",NA,"",NA,3,NA,NA,NA,NA,NA,NA,NA,NA,NA,3,NA,NA,NA,NA,NA,NA,NA,NA
350,NA,NA,NA,NA,"Augustine","Alaska-SW","United States",59.363,-153.435,1218,"Lava dome","true",NA,"",NA,NA,NA,NA,NA,NA,NA,NA,NA,NA,NA,NA,NA,NA,NA,NA,NA,NA,NA,NA
416,NA,NA,39,NA,"Krakatau","Indonesia","Indonesia",-6.101,105.423,285,"Caldera","true",NA,"W",NA,1,NA,NA,NA,NA,NA,1,NA,NA,NA,3,NA,NA,NA,NA,NA,4,NA,NA
450,NA,NA,NA,NA,"Ilopango","El Salvador","El Salvador",13.672,-89.053,450,"Caldera","true",6,"",30000,4,NA,NA,NA,NA,NA,NA,NA,NA,30000,4,NA,NA,NA,NA,NA,NA,NA,NA
500,NA,NA,NA,NA,"Arhab, Harra of","Arabia-S","Yemen",15.603,44.098,3100,"Volcanic field","true",NA,"",NA,NA,NA,NA,NA,NA,NA,1,NA,NA,NA,NA,NA,NA,NA,NA,NA,1,NA,NA
590,NA,NA,NA,NA,"San Salvador","El Salvador","El Salvador",13.734,-89.294,1893,"Stratovolcano","true",NA,"",NA,1,NA,NA,NA,NA,NA,NA,NA,NA,NA,1,NA,NA,NA,NA,NA,NA,NA,NA
640,NA,NA,NA,NA,"Uwayrid, Harrat","Arabia-W","Saudi Arabia",27.08,37.25,1920,"Volcanic field","true",2,"T",NA,1,NA,NA,NA,NA,NA,NA,NA,NA,NA,1,NA,NA,NA,NA,NA,NA,NA,NA
653,NA,NA,NA,NA,"Dakataua","New Britain-SW Pac","Papua New Guinea",-5.046,150.1,408,"Caldera","true",6,"",NA,NA,NA,NA,NA,NA,NA,NA,NA,NA,NA,NA,NA,NA,NA,NA,NA,NA,NA,NA
683,NA,NA,NA,NA,"Rabaul","New Britain-SW Pac","Papua New Guinea",-4.246,152.194,688,"Pyroclastic shield","true",6,"",NA,NA,NA,NA,NA,NA,NA,1,NA,NA,NA,NA,NA,NA,NA,NA,NA,NA,NA,NA
710,NA,NA,NA,NA,"Witori","New Britain-SW Pac","Papua New Guinea",-5.575,150.516,724,"Caldera","true",6,"",NA,NA,NA,NA,NA,NA,NA,NA,NA,NA,NA,NA,NA,NA,NA,NA,NA,NA,NA,NA
764,NA,NA,NA,NA,"Aira","Kyushu-Japan","Japan",31.577,130.659,1117,"Stratovolcano","true",4,"T,L",80,2,NA,NA,NA,NA,NA,NA,NA,NA,80,2,NA,NA,NA,NA,NA,NA,NA,NA
766,7,20,61,7341,"Aira","Kyushu-Japan","Japan",31.577,130.659,1117,"Stratovolcano","true",3,"",NA,3,NA,NA,NA,NA,NA,NA,NA,NA,NA,3,NA,NA,NA,NA,NA,NA,NA,NA
787,NA,NA,NA,NA,"Vesuvius","Italy","Italy",40.821,14.426,1281,"Complex volcano","true",3,"",NA,1,NA,NA,NA,NA,NA,1,NA,NA,NA,1,NA,NA,NA,NA,NA,1,NA,NA
847,NA,NA,NA,NA,"Churchill","Alaska-E","United States",61.38,-141.75,5005,"Stratovolcano","true",6,"",NA,NA,NA,NA,NA,NA,NA,NA,NA,NA,NA,NA,NA,NA,NA,NA,NA,NA,NA,NA
920,NA,NA,NA,NA,"Katla","Iceland-S","Iceland",63.633,-19.083,1490,"Subglacial volcano","true",4,"",NA,NA,NA,NA,NA,NA,NA,1,NA,NA,NA,NA,NA,NA,NA,NA,NA,NA,NA,NA
930,NA,NA,NA,NA,"Ceboruco","Mexico","Mexico",21.125,-104.508,2280,"Stratovolcano","true",6,"",NA,NA,NA,NA,NA,NA,NA,NA,NA,NA,NA,NA,NA,NA,NA,NA,NA,NA,NA,NA
934,NA,NA,NA,NA,"Katla","Iceland-S","Iceland",63.633,-19.083,1490,"Subglacial volcano","true",4,"",NA,NA,NA,NA,NA,NA,NA,1,NA,NA,NA,NA,NA,NA,NA,NA,NA,1,NA,NA
946,NA,NA,NA,NA,"Changbaishan","China-E","North Korea",41.98,128.08,2744,"Stratovolcano","true",7,"",NA,NA,NA,NA,NA,NA,NA,NA,NA,NA,NA,NA,NA,NA,NA,NA,NA,NA,NA,NA
950,NA,NA,NA,NA,"Katla","Iceland-S","Iceland",63.633,-19.083,1490,"Subglacial volcano","true",NA,"",NA,NA,NA,NA,NA,NA,NA,1,NA,NA,NA,NA,NA,NA,NA,NA,NA,NA,NA,NA
1050,NA,NA,3102,NA,"Santorini","Greece","Greece",36.404,25.396,367,"Shield volcano","true",NA,"",NA,NA,NA,NA,NA,NA,NA,NA,NA,NA,NA,NA,NA,NA,NA,NA,NA,NA,NA,NA
1104,10,15,NA,NA,"Hekla","Iceland-S","Iceland",63.983,-19.666,1490,"Stratovolcano","true",5,"",NA,NA,NA,NA,NA,NA,NA,1,NA,NA,NA,NA,NA,NA,NA,NA,NA,1,NA,NA
1151,NA,NA,NA,NA,"Krysuvik-Trolladyngja","Iceland-SW","Iceland",63.917,-22.067,360,"Crater rows","true",1,"",NA,NA,NA,NA,NA,NA,NA,1,NA,NA,NA,NA,NA,NA,NA,NA,NA,1,NA,NA
1158,1,19,NA,NA,"Hekla","Iceland-S","Iceland",63.983,-19.666,1490,"Stratovolcano","true",4,"",NA,NA,NA,NA,NA,NA,NA,1,NA,NA,NA,NA,NA,NA,NA,NA,NA,1,NA,NA
1169,2,4,2852,421,"Etna","Italy","Italy",37.748,14.999,3357,"Stratovolcano","true",NA,"S,W",NA,NA,NA,NA,NA,NA,NA,NA,NA,NA,16000,4,NA,NA,NA,NA,NA,4,NA,NA
1169,2,11,3107,NA,"Etna","Italy","Italy",37.748,14.999,3357,"Stratovolcano","true",NA,"",NA,NA,NA,NA,NA,NA,NA,NA,NA,NA,NA,NA,NA,NA,NA,NA,NA,NA,NA,NA
1177,NA,NA,NA,NA,"Katla","Iceland-S","Iceland",63.633,-19.083,1490,"Subglacial volcano","true",3,"",NA,NA,NA,NA,NA,NA,NA,1,NA,NA,NA,NA,NA,NA,NA,NA,NA,1,NA,NA
1206,12,4,NA,NA,"Hekla","Iceland-S","Iceland",63.983,-19.666,1490,"Stratovolcano","true",2,"",NA,NA,NA,NA,NA,NA,NA,1,NA,NA,NA,NA,NA,NA,NA,NA,NA,1,NA,NA
1250,NA,NA,NA,NA,"Fentale","Africa-NE","Ethiopia",8.985,39.906,2007,"Stratovolcano","true",NA,"",NA,NA,NA,NA,NA,NA,NA,1,NA,NA,NA,NA,NA,NA,NA,NA,NA,NA,NA,NA
1262,NA,NA,NA,NA,"Katla","Iceland-S","Iceland",63.633,-19.083,1490,"Subglacial volcano","true",3,"F",NA,1,NA,NA,NA,NA,NA,NA,NA,NA,NA,1,NA,NA,NA,NA,NA,NA,NA,NA
1280,NA,NA,NA,NA,"Quilotoa","Ecuador","Ecuador",-0.859,-78.904,3914,"Caldera","true",6,"",NA,NA,NA,NA,NA,NA,NA,1,NA,NA,NA,NA,NA,NA,NA,NA,NA,NA,NA,NA
1300,7,11,NA,NA,"Hekla","Iceland-S","Iceland",63.983,-19.666,1490,"Stratovolcano","true",4,"",NA,NA,NA,NA,NA,NA,NA,NA,NA,NA,600,3,NA,NA,NA,NA,NA,NA,NA,NA
1302,NA,NA,NA,NA,"Ischia","Italy","Italy",40.73,13.897,789,"Complex volcano","true",NA,"",NA,1,NA,NA,NA,NA,NA,NA,NA,NA,NA,1,NA,NA,NA,NA,NA,NA,NA,NA
1311,1,18,NA,NA,"Katla","Iceland-S","Iceland",63.633,-19.083,1490,"Subglacial volcano","true",4,"F",NA,2,NA,NA,NA,NA,NA,NA,NA,NA,NA,2,NA,NA,NA,NA,NA,NA,NA,NA
1311,NA,NA,NA,NA,"Kelud","Java","Indonesia",-7.935,112.314,1730,"Stratovolcano","true",3,"",NA,1,NA,NA,NA,NA,NA,NA,NA,NA,NA,1,NA,NA,NA,NA,NA,NA,NA,NA
1329,6,28,3112,9973,"Etna","Italy","Italy",37.748,14.999,3357,"Stratovolcano","true",3,"",NA,NA,NA,NA,NA,NA,NA,NA,NA,NA,NA,NA,NA,NA,NA,NA,NA,1,NA,1
1329,7,15,NA,NA,"Etna","Italy","Italy",37.748,14.999,3357,"Stratovolcano","true",3,"I",NA,3,NA,NA,NA,NA,NA,NA,NA,NA,NA,3,NA,NA,NA,NA,NA,NA,NA,NA
1331,12,NA,NA,NA,"Asosan","Kyushu-Japan","Japan",32.885,131.085,1592,"Caldera","true",2,"",NA,1,NA,NA,NA,NA,NA,NA,NA,NA,NA,1,NA,NA,NA,NA,NA,NA,NA,NA
1334,NA,NA,NA,NA,"Kelud","Java","Indonesia",-7.935,112.314,1730,"Stratovolcano","true",3,"M",NA,1,NA,NA,NA,NA,NA,NA,NA,NA,NA,1,NA,NA,NA,NA,NA,NA,NA,NA
1341,5,19,NA,NA,"Hekla","Iceland-S","Iceland",63.983,-19.666,1490,"Stratovolcano","true",3,"",NA,NA,NA,NA,NA,NA,NA,1,NA,NA,NA,NA,NA,NA,NA,NA,NA,1,NA,NA
1357,NA,NA,NA,NA,"Katla","Iceland-S","Iceland",63.633,-19.083,1490,"Subglacial volcano","true",4,"",NA,NA,NA,NA,NA,NA,NA,1,NA,NA,NA,NA,NA,NA,NA,NA,NA,1,NA,NA
1362,6,5,NA,NA,"Oraefajokull","Iceland-SE","Iceland",64,-16.65,2010,"Stratovolcano","true",5,"T,F",220,3,NA,NA,NA,NA,NA,NA,NA,NA,220,3,NA,NA,NA,NA,NA,NA,NA,NA
1375,NA,NA,NA,NA,"Chichon, El","Mexico","Mexico",17.36,-93.23,1150,"Tuff cone","true",5,"M",NA,2,NA,NA,NA,NA,NA,NA,NA,NA,NA,2,NA,NA,NA,NA,NA,NA,NA,NA
1376,NA,NA,NA,NA,"Kelud","Java","Indonesia",-7.935,112.314,1730,"Stratovolcano","true",3,"",NA,1,NA,NA,NA,NA,NA,NA,NA,NA,NA,1,NA,NA,NA,NA,NA,NA,NA,NA
1385,NA,NA,NA,NA,"Kelud","Java","Indonesia",-7.935,112.314,1730,"Stratovolcano","true",3,"",NA,1,NA,NA,NA,NA,NA,NA,NA,NA,NA,1,NA,NA,NA,NA,NA,NA,NA,NA
1389,12,1,NA,NA,"Hekla","Iceland-S","Iceland",63.983,-19.666,1490,"Stratovolcano","true",3,"",NA,NA,NA,NA,NA,NA,NA,1,NA,NA,NA,NA,NA,NA,NA,NA,NA,1,NA,NA
1410,3,5,NA,NA,"Nasudake","Honshu-Japan","Japan",37.125,139.963,1915,"Stratovolcano","true",3,"",180,3,NA,NA,NA,NA,NA,NA,NA,NA,180,3,NA,NA,NA,NA,NA,NA,NA,NA
1430,NA,NA,NA,NA,"Kuwae","Vanuatu-SW Pacific","Vanuatu",-16.83,168.523,-2,"Caldera","true",NA,"P",NA,3,NA,NA,NA,NA,NA,NA,NA,NA,NA,3,NA,NA,NA,NA,NA,NA,NA,NA
1471,11,3,NA,NA,"Aira","Kyushu-Japan","Japan",31.577,130.659,1117,"Stratovolcano","true",5,"P",NA,3,NA,NA,NA,NA,NA,NA,NA,NA,NA,3,NA,NA,NA,NA,NA,NA,NA,NA
1477,2,NA,NA,NA,"Bardarbunga","Iceland-NE","Iceland",64.633,-17.516,2000,"Stratovolcano","true",6,"",NA,NA,NA,NA,NA,NA,NA,1,NA,NA,NA,NA,NA,NA,NA,NA,NA,1,NA,NA
1485,1,NA,NA,NA,"Asosan","Kyushu-Japan","Japan",32.885,131.085,1592,"Caldera","true",2,"",1,1,NA,NA,NA,NA,NA,NA,NA,NA,1,1,NA,NA,NA,NA,NA,NA,NA,NA
1500,NA,NA,NA,NA,"Katla","Iceland-S","Iceland",63.633,-19.083,1490,"Subglacial volcano","true",4,"",NA,NA,NA,NA,NA,NA,NA,1,NA,NA,NA,NA,NA,NA,NA,NA,NA,1,NA,NA
1510,7,25,NA,NA,"Hekla","Iceland-S","Iceland",63.983,-19.666,1490,"Stratovolcano","true",4,"T",1,1,NA,NA,NA,NA,NA,NA,NA,NA,1,1,NA,NA,NA,NA,NA,NA,NA,NA
1510,10,15,NA,NA,"Hekla","Iceland-S","Iceland",63.983,-19.666,1490,"Stratovolcano","true",4,"I",NA,NA,NA,NA,NA,NA,NA,NA,NA,NA,NA,3,NA,NA,NA,NA,NA,NA,NA,NA
1536,3,26,NA,NA,"Etna","Italy","Italy",37.748,14.999,3357,"Stratovolcano","true",3,"T",1,1,NA,NA,NA,NA,NA,NA,NA,NA,1,1,NA,NA,NA,NA,NA,NA,NA,NA
1538,9,29,NA,NA,"Campi Flegrei","Italy","Italy",40.827,14.139,458,"Caldera","true",3,"T",24,1,NA,NA,NA,NA,NA,NA,NA,NA,24,1,NA,NA,NA,NA,NA,NA,NA,NA
1540,NA,NA,2874,NA,"Augustine","Alaska-SW","United States",59.363,-153.435,1218,"Lava dome","true",4,"",NA,NA,NA,NA,NA,NA,NA,NA,NA,NA,NA,NA,NA,NA,NA,NA,NA,NA,NA,NA
1550,11,NA,NA,NA,"Dukono","Halmahera-Indonesia","Indonesia",1.699,127.878,1273,"Complex volcano","true",3,"",NA,1,NA,NA,NA,NA,NA,NA,NA,NA,NA,1,NA,NA,NA,NA,NA,NA,NA,NA
1550,NA,NA,5863,NA,"Kie Besi","Halmahera-Indonesia","Indonesia",0.32,127.4,1357,"Stratovolcano","true",3,"",NA,NA,NA,NA,NA,NA,NA,1,NA,NA,NA,NA,NA,NA,NA,NA,NA,1,NA,NA
1564,12,31,NA,NA,"Gamkonora","Halmahera-Indonesia","Indonesia",1.38,127.53,1635,"Stratovolcano","true",3,"",NA,1,NA,NA,NA,NA,NA,NA,NA,NA,NA,1,NA,NA,NA,NA,NA,NA,NA,NA
1565,8,NA,NA,9788,"Pacaya","Guatemala","Guatemala",14.382,-90.601,2569,"Complex volcano","true",3,"",NA,NA,NA,NA,NA,NA,NA,1,NA,NA,NA,NA,NA,NA,NA,NA,NA,1,NA,NA
1566,10,31,NA,NA,"Kirishimayama","Kyushu-Japan","Japan",31.934,130.862,1700,"Shield volcano","true",3,"",NA,3,NA,NA,NA,NA,NA,NA,NA,NA,NA,3,NA,NA,NA,NA,NA,NA,NA,NA
1568,NA,NA,NA,NA,"Savo","Solomon Is-SW Pacifi","Solomon Is.",-9.13,159.82,485,"Stratovolcano","true",3,"P,T,M",1001,4,NA,NA,NA,NA,NA,NA,NA,NA,1001,4,NA,NA,NA,NA,NA,NA,NA,NA
1570,NA,NA,NA,NA,"Mombacho","Nicaragua","Nicaragua",11.826,-85.968,1344,"Stratovolcano","true",NA,"A",400,3,NA,NA,NA,NA,NA,NA,NA,NA,400,3,NA,NA,NA,NA,NA,NA,NA,NA
1572,NA,NA,NA,NA,"Taal","Luzon-Philippines","Philippines",14.011,120.998,311,"Stratovolcano","true",3,"L",NA,NA,NA,NA,NA,NA,NA,2,NA,NA,NA,NA,NA,NA,NA,NA,NA,2,NA,NA
1576,NA,NA,NA,NA,"Colima","Mexico","Mexico",19.514,-103.62,3850,"Stratovolcano","true",3,"",NA,1,NA,NA,NA,NA,NA,NA,NA,NA,NA,1,NA,NA,NA,NA,NA,NA,NA,NA
1580,5,1,NA,NA,"Sao Jorge","Azores","Portugal",38.65,-28.08,1053,"Fissure vent","true",3,"P",10,1,NA,NA,NA,NA,NA,NA,NA,NA,10,1,NA,NA,NA,NA,NA,NA,NA,NA
1580,8,11,NA,NA,"Katla","Iceland-S","Iceland",63.633,-19.083,1490,"Subglacial volcano","true",4,"",NA,NA,NA,NA,NA,NA,NA,NA,NA,NA,NA,NA,NA,NA,NA,NA,NA,NA,NA,NA
1580,NA,NA,NA,NA,"Billy Mitchell","Bougainville-SW Paci","Papua New Guinea",-6.09,155.225,1544,"Pyroclastic shield","true",6,"",NA,NA,NA,NA,NA,NA,NA,NA,NA,NA,NA,NA,NA,NA,NA,NA,NA,NA,NA,NA
1581,12,26,NA,NA,"Fuego","Guatemala","Guatemala",14.473,-90.88,3763,"Stratovolcano","true",4,"",NA,NA,NA,NA,NA,NA,NA,1,NA,NA,NA,NA,NA,NA,NA,NA,NA,1,NA,NA
1586,NA,NA,NA,NA,"Kelud","Java","Indonesia",-7.935,112.314,1730,"Stratovolcano","true",5,"",10000,4,NA,NA,NA,NA,NA,NA,NA,NA,10000,4,NA,NA,NA,NA,NA,NA,NA,NA
1587,NA,NA,NA,NA,"Merapi","Java","Indonesia",-7.54,110.446,2910,"Stratovolcano","true",4,"",NA,1,NA,NA,NA,NA,NA,NA,NA,NA,NA,1,NA,NA,NA,NA,NA,NA,NA,NA
1590,1,15,NA,NA,"Colima","Mexico","Mexico",19.514,-103.62,3850,"Stratovolcano","true",3,"I",NA,3,NA,NA,NA,NA,NA,NA,NA,NA,NA,3,NA,NA,NA,NA,NA,NA,NA,NA
1593,NA,NA,NA,NA,"Raung","Java","Indonesia",-8.119,114.056,3260,"Stratovolcano","true",5,"",NA,3,NA,NA,NA,NA,NA,NA,NA,NA,NA,3,NA,NA,NA,NA,NA,NA,NA,NA
1595,3,12,NA,NA,"Ruiz, Nevado del","Colombia","Colombia",4.892,-75.324,5279,"Stratovolcano","true",4,"M",636,3,NA,NA,NA,NA,NA,NA,NA,NA,636,3,NA,NA,NA,NA,NA,NA,NA,NA
1596,5,1,NA,NA,"Asamayama","Honshu-Japan","Japan",36.406,138.523,2568,"Complex volcano","true",2,"T",NA,3,NA,NA,NA,NA,NA,NA,NA,NA,NA,3,NA,NA,NA,NA,NA,NA,NA,NA
1597,1,3,NA,NA,"Hekla","Iceland-S","Iceland",63.983,-19.666,1490,"Stratovolcano","true",4,"",NA,NA,NA,NA,NA,NA,NA,1,NA,NA,NA,NA,NA,NA,NA,NA,NA,1,NA,NA
1597,NA,NA,NA,NA,"Raung","Java","Indonesia",-8.119,114.056,3260,"Stratovolcano","true",3,"T",NA,1,NA,NA,NA,NA,NA,NA,NA,NA,NA,1,NA,NA,NA,NA,NA,NA,NA,NA
1598,5,13,NA,NA,"Asamayama","Honshu-Japan","Japan",36.406,138.523,2568,"Complex volcano","true",2,"T",800,3,NA,NA,NA,NA,NA,NA,NA,NA,800,3,NA,NA,NA,NA,NA,NA,NA,NA
1598,NA,NA,NA,NA,"Banda Api","Banda Sea","Pacific Ocean",-4.523,129.881,596,"Caldera","true",3,"",NA,1,NA,NA,NA,NA,NA,NA,NA,NA,NA,1,NA,NA,NA,NA,NA,NA,NA,NA
1600,2,19,NA,814,"Huaynaputina","Peru","Peru",-16.614,-70.854,4679,"Stratovolcano","true",6,"",1500,4,NA,NA,NA,NA,NA,NA,NA,NA,1500,4,NA,NA,NA,NA,NA,NA,NA,NA
1606,1,23,219,NA,"Hachijojima","Izu Is-Japan","Japan",33.137,139.766,854,"Stratovolcano","true",2,"",NA,NA,NA,NA,NA,NA,NA,NA,NA,NA,NA,NA,NA,NA,NA,NA,NA,NA,NA,NA
1608,7,18,222,NA,"Gamalama","Halmahera-Indonesia","Indonesia",0.81,127.332,1714,"Stratovolcano","true",3,"",NA,NA,NA,NA,NA,NA,NA,1,NA,NA,NA,1,NA,NA,NA,NA,NA,1,NA,NA
1609,NA,NA,NA,NA,"Tengchong","China-S","China",25.23,98.5,2865,"Pyroclastic cone","true",NA,"E",NA,1,NA,NA,NA,NA,NA,NA,NA,NA,NA,1,NA,NA,NA,NA,NA,NA,NA,NA
1615,3,NA,NA,NA,"Banda Api","Banda Sea","Pacific Ocean",-4.523,129.881,596,"Caldera","true",3,"",NA,NA,NA,NA,NA,NA,NA,2,NA,2,NA,NA,NA,NA,NA,NA,NA,2,NA,2
1617,NA,NA,NA,NA,"Fuego","Guatemala","Guatemala",14.473,-90.88,3763,"Stratovolcano","true",3,"",NA,NA,NA,NA,NA,NA,NA,NA,NA,NA,NA,NA,NA,NA,NA,NA,NA,NA,NA,NA
1625,9,2,NA,NA,"Katla","Iceland-S","Iceland",63.633,-19.083,1490,"Subglacial volcano","true",5,"",NA,NA,NA,NA,NA,NA,NA,NA,NA,NA,NA,NA,NA,NA,NA,NA,NA,NA,NA,NA
1629,NA,NA,NA,NA,"Grimsvotn","Iceland-NE","Iceland",64.416,-17.316,1719,"Caldera","true",2,"F",4,1,NA,NA,NA,NA,NA,NA,NA,NA,4,1,NA,NA,NA,NA,NA,NA,NA,NA
1630,9,3,NA,NA,"Furnas","Azores","Portugal",37.77,-25.32,805,"Stratovolcano","true",4,"M,T",200,3,NA,NA,NA,NA,NA,NA,NA,NA,200,3,NA,NA,NA,NA,NA,NA,NA,NA
1631,2,14,NA,920,"Dama Ali","Africa-NE","Ethiopia",11.28,41.63,1068,"Shield volcano","true",NA,"S",50,1,NA,NA,NA,NA,NA,2,NA,NA,50,1,NA,NA,NA,NA,NA,2,NA,NA
1631,12,16,3129,9756,"Vesuvius","Italy","Italy",40.821,14.426,1281,"Complex volcano","true",5,"P,E,M",4000,4,NA,NA,NA,NA,NA,4,NA,4,4000,4,NA,NA,NA,NA,NA,4,NA,4
1636,5,15,NA,NA,"Hekla","Iceland-S","Iceland",63.983,-19.666,1490,"Stratovolcano","true",3,"",NA,NA,NA,NA,NA,NA,NA,1,NA,NA,NA,NA,NA,NA,NA,NA,NA,1,NA,NA
1638,NA,NA,NA,NA,"Raung","Java","Indonesia",-8.119,114.056,3260,"Stratovolcano","true",4,"M",1001,4,NA,NA,NA,NA,NA,NA,NA,NA,1001,4,NA,NA,NA,NA,NA,NA,NA,NA
1640,7,31,253,942,"Hokkaido-Komagatake","Hokkaido-Japan","Japan",42.063,140.677,1131,"Stratovolcano","true",5,"W",NA,NA,NA,NA,NA,NA,NA,NA,NA,NA,700,3,NA,NA,NA,NA,NA,1,20,1
1640,NA,NA,NA,NA,"Tungurahua","Ecuador","Ecuador",-1.467,-78.442,5023,"Stratovolcano","true",3,"P",5000,4,NA,NA,NA,NA,NA,NA,NA,4,5000,4,NA,NA,NA,NA,NA,NA,NA,4
1646,7,19,5754,10519,"Kie Besi","Halmahera-Indonesia","Indonesia",0.32,127.4,1357,"Stratovolcano","true",4,"P",NA,3,NA,NA,NA,NA,NA,NA,NA,NA,NA,3,NA,NA,NA,NA,NA,NA,NA,NA
1650,9,26,269,NA,"Santorini","Greece","Greece",36.404,25.396,367,"Shield volcano","true",4,"G,W,T",120,3,NA,NA,NA,NA,NA,1,NA,NA,120,3,NA,NA,NA,NA,NA,1,NA,NA
1659,9,30,NA,6879,"San Salvador","El Salvador","El Salvador",13.734,-89.294,1893,"Stratovolcano","true",3,"S",NA,NA,NA,NA,NA,NA,NA,NA,NA,NA,NA,NA,NA,NA,NA,NA,NA,NA,NA,NA
1659,11,11,285,NA,"Teon","Banda Sea","Pacific Ocean",-6.976,129.144,728,"Stratovolcano","true",4,"",NA,NA,NA,NA,NA,NA,NA,NA,NA,NA,NA,NA,NA,NA,NA,NA,NA,NA,NA,NA
1660,2,NA,NA,NA,"Teon","Banda Sea","Pacific Ocean",-6.976,129.144,728,"Stratovolcano","true",4,"G,T",3,1,NA,NA,NA,NA,NA,NA,NA,NA,3,1,NA,NA,NA,NA,NA,NA,NA,NA
1660,10,27,NA,1017,"Guagua Pichincha","Ecuador","Ecuador",-0.171,-78.598,4784,"Stratovolcano","true",4,"P",NA,NA,NA,NA,NA,NA,NA,2,NA,NA,NA,NA,NA,NA,NA,NA,NA,2,NA,NA
1660,11,3,NA,NA,"Katla","Iceland-S","Iceland",63.633,-19.083,1490,"Subglacial volcano","true",4,"",NA,NA,NA,NA,NA,NA,NA,1,NA,NA,NA,NA,NA,NA,NA,NA,NA,1,NA,NA
1660,NA,NA,5482,NA,"Long Island","New Guinea-NE of","Papua New Guinea",-5.358,147.12,1280,"Complex volcano","true",6,"T,P,W,I",2000,4,NA,NA,NA,NA,NA,3,NA,3,2000,4,NA,NA,NA,NA,NA,3,NA,3
1663,8,16,NA,NA,"Toya","Hokkaido-Japan","Japan",42.544,140.839,733,"Stratovolcano","true",5,"T,P",5,1,NA,NA,NA,NA,NA,NA,NA,NA,5,1,NA,NA,NA,NA,NA,NA,NA,NA
1664,4,15,NA,NA,"Unzendake","Kyushu-Japan","Japan",32.761,130.299,1483,"Complex volcano","true",2,"m",30,1,NA,NA,NA,NA,NA,NA,NA,NA,30,1,NA,NA,NA,NA,NA,NA,NA,NA
1664,NA,NA,293,NA,"Io-Torishima","Ryukyu Is","Japan",27.881,128.223,212,"Complex volcano","true",NA,"A",NA,1,NA,NA,NA,NA,NA,NA,NA,NA,NA,1,NA,NA,NA,NA,NA,1,NA,1
1669,3,11,NA,1057,"Etna","Italy","Italy",37.748,14.999,3357,"Stratovolcano","true",3,"",NA,3,NA,NA,NA,NA,NA,NA,NA,NA,NA,3,NA,NA,NA,NA,NA,NA,NA,NA
1669,3,19,NA,NA,"Etna","Italy","Italy",37.748,14.999,3357,"Stratovolcano","true",3,"L",2,1,NA,NA,5,1,NA,NA,NA,NA,2,1,NA,NA,5,1,NA,NA,NA,NA
1670,NA,NA,NA,NA,"Ambae","Vanuatu-SW Pacific","Vanuatu",-15.389,167.835,1496,"Shield volcano","true",2,"L",NA,3,NA,NA,NA,NA,NA,NA,NA,NA,NA,3,NA,NA,NA,NA,NA,NA,NA,NA
1672,4,24,NA,NA,"Fayal","Azores","Portugal",38.576,-28.713,1041,"Stratovolcano","true",2,"",3,1,NA,NA,NA,NA,NA,NA,NA,NA,3,1,NA,NA,NA,NA,NA,NA,NA,NA
1672,8,4,NA,NA,"Merapi","Java","Indonesia",-7.54,110.446,2910,"Stratovolcano","true",3,"P",3000,4,NA,NA,NA,NA,NA,NA,NA,NA,3000,4,NA,NA,NA,NA,NA,NA,NA,NA
1673,5,20,312,NA,"Gamkonora","Halmahera-Indonesia","Indonesia",1.38,127.53,1635,"Stratovolcano","true",5,"W",NA,NA,NA,NA,NA,NA,NA,1,NA,1,NA,3,NA,NA,NA,NA,NA,1,NA,1
1677,11,22,NA,NA,"La Palma","Canary Is","Spain",28.57,-17.83,2426,"Stratovolcano","true",2,"G",1,1,NA,NA,NA,NA,NA,NA,NA,NA,1,1,NA,NA,NA,NA,NA,NA,NA,NA
1679,9,21,NA,8202,"Zukur","Red Sea","Yemen",14.02,42.75,624,"Shield volcano","true",NA,"",NA,NA,NA,NA,NA,NA,NA,NA,NA,NA,NA,NA,NA,NA,NA,NA,NA,NA,NA,NA
1682,8,12,NA,NA,"Vesuvius","Italy","Italy",40.821,14.426,1281,"Complex volcano","true",3,"",4,1,NA,NA,NA,NA,NA,NA,NA,NA,4,1,NA,NA,NA,NA,NA,NA,NA,NA
1684,12,NA,NA,NA,"Grimsvotn","Iceland-NE","Iceland",64.416,-17.316,1719,"Caldera","true",2,"F",1,1,NA,NA,NA,NA,NA,NA,NA,NA,1,1,NA,NA,NA,NA,NA,NA,NA,NA
1690,2,3,3138,NA,"Vesuvius","Italy","Italy",40.821,14.426,1281,"Complex volcano","true",3,"W",NA,NA,NA,NA,NA,NA,NA,NA,NA,NA,NA,NA,NA,NA,NA,NA,NA,NA,NA,NA
1690,NA,NA,NA,NA,"Guntur","Java","Indonesia",-7.143,107.841,2251,"Complex volcano","true",3,"",NA,1,NA,NA,NA,NA,NA,NA,NA,NA,NA,1,NA,NA,NA,NA,NA,NA,NA,NA
1692,6,4,NA,NA,"Serua","Banda Sea","Pacific Ocean",-6.312,130.017,608,"Stratovolcano","true",4,"L",NA,2,NA,NA,NA,NA,NA,NA,NA,NA,NA,2,NA,NA,NA,NA,NA,NA,NA,NA
1693,1,9,NA,1129,"Etna","Italy","Italy",37.748,14.999,3357,"Stratovolcano","true",NA,"",NA,NA,NA,NA,NA,NA,NA,NA,NA,NA,NA,NA,NA,NA,NA,NA,NA,NA,NA,NA
1693,2,13,347,NA,"Hekla","Iceland-S","Iceland",63.983,-19.666,1490,"Stratovolcano","true",4,"",NA,NA,NA,NA,NA,NA,NA,NA,NA,NA,NA,NA,NA,NA,NA,NA,NA,NA,NA,NA
1694,11,20,NA,NA,"Banda Api","Banda Sea","Pacific Ocean",-4.523,129.881,596,"Caldera","true",3,"",NA,2,NA,NA,NA,NA,NA,NA,NA,NA,NA,2,NA,NA,NA,NA,NA,NA,NA,NA
1698,5,NA,3141,NA,"Vesuvius","Italy","Italy",40.821,14.426,1281,"Complex volcano","true",3,"",NA,NA,NA,NA,NA,NA,NA,NA,NA,NA,NA,NA,NA,NA,NA,NA,NA,NA,NA,NA
1698,NA,NA,NA,NA,"Ciremai","Java","Indonesia",-6.895,108.408,3039,"Stratovolcano","true",3,"",NA,1,NA,NA,NA,NA,NA,NA,NA,NA,NA,1,NA,NA,NA,NA,NA,NA,NA,NA
1698,NA,NA,NA,NA,"Cotopaxi","Ecuador","Ecuador",-0.677,-78.436,5911,"Stratovolcano","true",3,"M",NA,2,NA,NA,NA,NA,NA,NA,NA,NA,NA,2,NA,NA,NA,NA,NA,NA,NA,NA
1706,5,5,375,NA,"Tenerife","Canary Is","Spain",28.271,-16.641,3715,"Stratovolcano","true",2,"",NA,NA,NA,NA,NA,NA,NA,3,NA,NA,NA,NA,NA,NA,NA,NA,NA,3,NA,NA
1707,5,NA,3148,NA,"Santorini","Greece","Greece",36.404,25.396,367,"Shield volcano","true",3,"",NA,NA,NA,NA,NA,NA,NA,NA,NA,NA,NA,NA,NA,NA,NA,NA,NA,NA,NA,NA
1707,12,16,NA,1178,"Fujisan","Honshu-Japan","Japan",35.361,138.728,3776,"Stratovolcano","true",4,"",NA,1,NA,NA,NA,NA,NA,1,75,1,NA,1,NA,NA,NA,NA,NA,1,75,1
1711,12,11,NA,NA,"Awu","Sangihe Is-Indonesia","Indonesia",3.689,125.447,1318,"Stratovolcano","true",3,"P",3000,4,NA,NA,NA,NA,NA,NA,NA,NA,3000,4,NA,NA,NA,NA,NA,NA,NA,NA
1712,1,15,NA,NA,"Bardarbunga","Iceland-NE","Iceland",64.633,-17.516,2000,"Stratovolcano","true",2,"",NA,NA,NA,NA,NA,NA,NA,1,NA,NA,NA,NA,NA,NA,NA,NA,NA,1,NA,NA
1714,6,30,3150,NA,"Vesuvius","Italy","Italy",40.821,14.426,1281,"Complex volcano","true",NA,"",NA,NA,NA,NA,NA,NA,NA,NA,NA,NA,NA,NA,NA,NA,NA,NA,NA,NA,NA,NA
1716,7,20,NA,NA,"Kelud","Java","Indonesia",-7.935,112.314,1730,"Stratovolcano","true",2,"M",NA,1,NA,NA,NA,NA,NA,NA,NA,NA,NA,1,NA,NA,NA,NA,NA,NA,NA,NA
1716,9,24,387,1205,"Taal","Luzon-Philippines","Philippines",14.011,120.998,311,"Stratovolcano","true",4,"",NA,1,NA,NA,NA,NA,NA,NA,NA,NA,NA,1,NA,NA,NA,NA,NA,3,NA,3
1716,10,5,NA,NA,"Bardarbunga","Iceland-NE","Iceland",64.633,-17.516,2000,"Stratovolcano","true",2,"",NA,NA,NA,NA,NA,NA,NA,1,NA,NA,NA,NA,NA,NA,NA,NA,NA,1,NA,NA
1716,11,9,NA,NA,"Kirishimayama","Kyushu-Japan","Japan",31.934,130.862,1700,"Shield volcano","true",3,"",1,1,NA,NA,31,1,NA,NA,NA,NA,1,1,NA,NA,31,1,NA,NA,NA,NA
1717,2,7,NA,NA,"Kirishimayama","Kyushu-Japan","Japan",31.934,130.862,1700,"Shield volcano","true",3,"",1,1,NA,NA,30,1,NA,NA,NA,NA,1,1,NA,NA,30,1,NA,NA,NA,NA
1717,8,4,NA,NA,"Bardarbunga","Iceland-NE","Iceland",64.633,-17.516,2000,"Stratovolcano","true",3,"",NA,NA,NA,NA,NA,NA,NA,1,NA,NA,NA,NA,NA,NA,NA,NA,NA,1,NA,NA
1717,8,27,6032,10893,"Fuego","Guatemala","Guatemala",14.473,-90.88,3763,"Stratovolcano","true",4,"S",NA,NA,NA,NA,NA,NA,NA,1,NA,NA,NA,2,NA,NA,NA,NA,NA,3,3000,4
1718,2,1,NA,NA,"Pico","Azores","Portugal",38.47,-28.4,2351,"Stratovolcano","true",2,"",2,1,NA,NA,NA,NA,NA,NA,NA,NA,2,1,NA,NA,NA,NA,NA,NA,NA,NA
1721,5,11,NA,NA,"Katla","Iceland-S","Iceland",63.633,-19.083,1490,"Subglacial volcano","true",5,"",NA,NA,NA,NA,NA,NA,NA,1,NA,NA,NA,NA,NA,NA,NA,NA,NA,1,NA,NA
1721,6,22,NA,NA,"Asamayama","Honshu-Japan","Japan",36.406,138.523,2568,"Complex volcano","true",1,"T",15,1,NA,NA,NA,NA,NA,NA,NA,NA,15,1,NA,NA,NA,NA,NA,NA,NA,NA
1726,2,1,NA,NA,"Bardarbunga","Iceland-NE","Iceland",64.633,-17.516,2000,"Stratovolcano","true",1,"",NA,NA,NA,NA,NA,NA,NA,1,NA,NA,NA,NA,NA,NA,NA,NA,NA,1,NA,NA
1727,8,3,NA,NA,"Oraefajokull","Iceland-SE","Iceland",64,-16.65,2010,"Stratovolcano","true",4,"F",3,1,NA,NA,NA,NA,NA,NA,NA,NA,3,1,NA,NA,NA,NA,NA,NA,NA,NA
1729,2,1,NA,NA,"Bardarbunga","Iceland-NE","Iceland",64.633,-17.516,2000,"Stratovolcano","true",1,"",NA,NA,NA,NA,NA,NA,NA,1,NA,NA,NA,NA,NA,NA,NA,NA,NA,1,NA,NA
1729,6,30,NA,NA,"Krafla","Iceland-NE","Iceland",65.715,-16.728,800,"Caldera","true",2,"",NA,NA,NA,NA,NA,NA,NA,1,NA,NA,NA,NA,NA,NA,NA,NA,NA,1,NA,NA
1730,9,1,NA,NA,"Lanzarote","Canary Is","Spain",29.03,-13.63,670,"Fissure vent","true",2,"",NA,1,NA,NA,NA,NA,NA,NA,NA,NA,NA,1,NA,NA,NA,NA,NA,NA,NA,NA
1730,NA,NA,NA,NA,"Raung","Java","Indonesia",-8.119,114.056,3260,"Stratovolcano","true",3,"M,T",NA,3,NA,NA,NA,NA,NA,NA,NA,NA,NA,3,NA,NA,NA,NA,NA,NA,NA,NA
1730,NA,NA,NA,NA,"Tseax River Cone","Canada","Canada",55.111,-128.899,612,"Pyroclastic cone","true",NA,"G",NA,1,NA,NA,NA,NA,NA,NA,NA,NA,NA,1,NA,NA,NA,NA,NA,NA,NA,NA
1737,5,20,NA,NA,"Vesuvius","Italy","Italy",40.821,14.426,1281,"Complex volcano","true",3,"T",2,1,NA,NA,NA,NA,NA,2,NA,NA,2,1,NA,NA,NA,NA,NA,2,NA,NA
1741,8,23,419,NA,"Oshima-Oshima","Hokkaido-Japan","Japan",41.51,139.367,732,"Stratovolcano","true",4,"W,S",NA,NA,NA,NA,NA,NA,NA,NA,NA,NA,2000,4,NA,NA,NA,NA,NA,3,871,3
1742,6,15,NA,NA,"Cotopaxi","Ecuador","Ecuador",-0.677,-78.436,5911,"Stratovolcano","true",3,"M",NA,3,NA,NA,NA,NA,NA,3,NA,NA,NA,3,NA,NA,NA,NA,NA,3,NA,NA
1742,12,9,NA,NA,"Cotopaxi","Ecuador","Ecuador",-0.677,-78.436,5911,"Stratovolcano","true",3,"M",NA,3,NA,NA,NA,NA,NA,3,NA,NA,NA,3,NA,NA,NA,NA,NA,3,NA,NA
1749,8,11,431,1304,"Taal","Luzon-Philippines","Philippines",14.011,120.998,311,"Stratovolcano","true",3,"",NA,1,NA,NA,NA,NA,NA,1,NA,NA,NA,1,NA,NA,NA,NA,NA,3,NA,3
1753,10,15,NA,NA,"Grimsvotn","Iceland-NE","Iceland",64.416,-17.316,1719,"Caldera","true",2,"",NA,NA,NA,NA,NA,NA,NA,1,NA,NA,NA,NA,NA,NA,NA,NA,NA,1,NA,NA
1754,11,28,2853,1328,"Taal","Luzon-Philippines","Philippines",14.011,120.998,311,"Stratovolcano","true",4,"W,T",NA,1,NA,NA,NA,NA,NA,4,NA,4,12,1,NA,NA,NA,NA,NA,4,NA,4
1755,10,17,NA,NA,"Katla","Iceland-S","Iceland",63.633,-19.083,1490,"Subglacial volcano","true",4,"E",2,1,NA,NA,NA,NA,NA,NA,NA,NA,2,1,NA,NA,NA,NA,NA,NA,NA,NA
1757,7,9,NA,1348,"Sao Jorge","Azores","Portugal",38.65,-28.08,1053,"Fissure vent","true",0,"S",NA,NA,NA,NA,NA,NA,NA,NA,NA,NA,1053,4,NA,NA,NA,NA,NA,3,NA,4
1760,NA,NA,NA,NA,"Kie Besi","Halmahera-Indonesia","Indonesia",0.32,127.4,1357,"Stratovolcano","true",4,"M",2000,4,NA,NA,NA,NA,NA,NA,NA,NA,2000,4,NA,NA,NA,NA,NA,NA,NA,NA
1762,NA,NA,NA,NA,"Klyuchevskoy","Kamchatka","Russia",56.056,160.642,4754,"Stratovolcano","true",2,"",NA,1,NA,NA,NA,NA,NA,NA,NA,NA,NA,1,NA,NA,NA,NA,NA,NA,NA,NA
1766,4,5,NA,NA,"Hekla","Iceland-S","Iceland",63.983,-19.666,1490,"Stratovolcano","true",4,"",NA,NA,NA,NA,NA,NA,NA,1,NA,NA,NA,NA,NA,NA,NA,NA,NA,1,NA,NA
1766,7,20,NA,NA,"Mayon","Luzon-Philippines","Philippines",13.257,123.685,2462,"Stratovolcano","true",3,"m",49,1,NA,NA,NA,NA,NA,NA,NA,NA,49,1,NA,NA,NA,NA,NA,NA,NA,NA
1768,4,4,NA,NA,"Cotopaxi","Ecuador","Ecuador",-0.677,-78.436,5911,"Stratovolcano","true",4,"M",NA,3,NA,NA,NA,NA,NA,3,NA,NA,NA,3,NA,NA,NA,NA,NA,3,NA,NA
1770,NA,NA,500,9532,"Dempo","Sumatra","Indonesia",-4.016,103.121,3142,"Stratovolcano","true",NA,"",NA,NA,NA,NA,NA,NA,NA,NA,NA,NA,NA,NA,NA,NA,NA,NA,NA,3,NA,3
1772,5,9,504,NA,"Gamalama","Halmahera-Indonesia","Indonesia",0.81,127.332,1714,"Stratovolcano","true",3,"T",35,1,NA,NA,NA,NA,NA,NA,NA,NA,35,1,NA,NA,NA,NA,NA,NA,NA,NA
1772,8,12,NA,NA,"Papandayan","Java","Indonesia",-7.32,107.73,2665,"Stratovolcano","true",3,"A",2957,4,NA,NA,NA,NA,NA,NA,NA,3,2957,4,NA,NA,NA,NA,NA,NA,NA,3
1773,2,2,NA,NA,"Gamalama","Halmahera-Indonesia","Indonesia",0.81,127.332,1714,"Stratovolcano","true",2,"I",NA,2,NA,NA,NA,NA,NA,NA,NA,NA,NA,2,NA,NA,NA,NA,NA,NA,NA,NA
1775,NA,NA,NA,NA,"Gamalama","Halmahera-Indonesia","Indonesia",0.81,127.332,1714,"Stratovolcano","true",3,"P,I",1300,4,NA,NA,NA,NA,NA,NA,NA,NA,1300,4,NA,NA,NA,NA,NA,NA,NA,NA
1775,NA,NA,NA,NA,"Lokon-Empung","Sulawesi-Indonesia","Indonesia",1.358,124.792,1580,"Stratovolcano","true",3,"",NA,1,NA,NA,NA,NA,NA,NA,NA,NA,NA,1,NA,NA,NA,NA,NA,NA,NA,NA
1778,NA,NA,NA,NA,"Raikoke","Kuril Is","Russia",48.292,153.25,551,"Stratovolcano","true",4,"T",15,1,NA,NA,NA,NA,NA,NA,NA,NA,15,1,NA,NA,NA,NA,NA,NA,NA,NA
1779,8,8,NA,NA,"Vesuvius","Italy","Italy",40.821,14.426,1281,"Complex volcano","true",3,"",NA,1,NA,NA,NA,NA,NA,NA,NA,NA,NA,1,NA,NA,NA,NA,NA,NA,NA,NA
1779,11,8,NA,NA,"Aira","Kyushu-Japan","Japan",31.577,130.659,1117,"Stratovolcano","true",4,"T,W,I",153,3,NA,NA,NA,NA,NA,NA,NA,NA,153,3,NA,NA,NA,NA,NA,NA,NA,NA
1780,2,9,NA,NA,"Aira","Kyushu-Japan","Japan",31.577,130.659,1117,"Stratovolcano","true",4,"F",NA,3,NA,NA,NA,NA,NA,NA,NA,NA,NA,3,NA,NA,NA,NA,NA,NA,NA,NA
1780,7,27,NA,NA,"Aogashima","Izu Is-Japan","Japan",32.458,139.759,423,"Stratovolcano","true",3,"",7,1,NA,NA,NA,NA,NA,NA,NA,1,7,1,NA,NA,NA,NA,NA,NA,NA,1
1780,9,9,525,NA,"Aira","Kyushu-Japan","Japan",31.577,130.659,1117,"Stratovolcano","true",4,"",NA,NA,NA,NA,NA,NA,NA,NA,NA,NA,NA,NA,NA,NA,NA,NA,NA,2,NA,NA
1780,10,31,528,NA,"Aira","Kyushu-Japan","Japan",31.577,130.659,1117,"Stratovolcano","true",NA,"",NA,NA,NA,NA,NA,NA,NA,NA,NA,NA,NA,NA,NA,NA,NA,NA,NA,NA,NA,NA
1781,4,11,529,NA,"Aira","Kyushu-Japan","Japan",31.577,130.659,1117,"Stratovolcano","true",4,"W",23,1,NA,NA,NA,NA,NA,NA,NA,NA,38,1,NA,NA,NA,NA,NA,1,NA,NA
1783,4,10,NA,NA,"Aogashima","Izu Is-Japan","Japan",32.458,139.759,423,"Stratovolcano","true",3,"T",7,1,NA,NA,NA,NA,NA,NA,61,2,7,1,NA,NA,NA,NA,NA,NA,61,2
1783,8,5,NA,NA,"Asamayama","Honshu-Japan","Japan",36.406,138.523,2568,"Complex volcano","true",4,"F,P,I",1491,4,NA,NA,NA,NA,NA,NA,NA,NA,1491,4,NA,NA,NA,NA,NA,NA,NA,NA
1784,4,NA,NA,NA,"Grimsvotn","Iceland-NE","Iceland",64.416,-17.316,1719,"Caldera","true",4,"I",NA,NA,NA,NA,NA,NA,NA,NA,NA,NA,9350,4,NA,NA,NA,NA,NA,NA,NA,NA
1784,7,NA,NA,NA,"Coropuna","Peru","Peru",-15.52,-72.65,6377,"Stratovolcano","true",NA,"",NA,NA,NA,NA,NA,NA,NA,1,NA,NA,NA,NA,NA,NA,NA,NA,NA,1,NA,NA
1784,NA,NA,NA,NA,"Hualalai","Hawaiian Is","United States",19.692,-155.87,2523,"Shield volcano","true",0,"L",NA,1,NA,NA,NA,NA,NA,NA,NA,NA,NA,1,NA,NA,NA,NA,NA,NA,NA,NA
1785,4,18,NA,NA,"Aogashima","Izu Is-Japan","Japan",32.458,139.759,423,"Stratovolcano","true",3,"",135,3,NA,NA,NA,NA,NA,NA,NA,NA,135,3,NA,NA,NA,NA,NA,NA,NA,NA
1786,NA,NA,NA,NA,"Dieng Volcanic Complex","Java","Indonesia",-7.2,109.879,2565,"Complex volcano","true",2,"A",38,1,NA,NA,NA,NA,NA,NA,NA,2,38,1,NA,NA,NA,NA,NA,NA,NA,2
1789,NA,NA,NA,NA,"Izu-Oshima","Izu Is-Japan","Japan",34.724,139.394,746,"Stratovolcano","true",2,"T",NA,1,NA,NA,NA,NA,NA,NA,NA,NA,NA,1,NA,NA,NA,NA,NA,NA,NA,NA
1790,11,NA,NA,NA,"Kilauea","Hawaiian Is","United States",19.421,-155.287,1222,"Shield volcano","true",4,"P",5405,4,NA,NA,NA,NA,NA,NA,NA,NA,5405,4,NA,NA,NA,NA,NA,NA,NA,NA
1792,5,21,568,1515,"Unzendake","Kyushu-Japan","Japan",32.761,130.299,1483,"Complex volcano","true",2,"W,A",NA,1,NA,NA,NA,NA,NA,NA,NA,NA,15000,4,NA,NA,707,3,NA,4,6200,4
1794,6,15,NA,NA,"Vesuvius","Italy","Italy",40.821,14.426,1281,"Complex volcano","true",3,"M,L,T,G",400,3,NA,NA,NA,NA,NA,3,NA,NA,400,3,NA,NA,NA,NA,NA,3,NA,NA
1797,NA,NA,577,NA,"Aira","Kyushu-Japan","Japan",31.577,130.659,1117,"Stratovolcano","true",2,"T,W",NA,NA,NA,NA,NA,NA,NA,NA,NA,NA,NA,NA,NA,NA,NA,NA,NA,NA,NA,NA
1800,10,8,NA,NA,"Guntur","Java","Indonesia",-7.143,107.841,2251,"Complex volcano","true",NA,"M",NA,3,NA,NA,NA,NA,NA,NA,NA,NA,NA,3,NA,NA,NA,NA,NA,NA,NA,NA
1800,10,30,NA,NA,"Mayon","Luzon-Philippines","Philippines",13.257,123.685,2462,"Stratovolcano","true",2,"",NA,1,NA,NA,NA,NA,NA,NA,NA,NA,NA,1,NA,NA,NA,NA,NA,NA,NA,NA
1800,NA,NA,NA,NA,"Kyejo","Africa-E","Tanzania",-9.229,33.792,2176,"Stratovolcano","true",2,"L",NA,3,NA,NA,NA,NA,NA,3,NA,NA,NA,3,NA,NA,NA,NA,NA,3,NA,NA
1800,NA,NA,NA,NA,"St. Helens","US-Washington","United States",46.2,-122.18,2549,"Stratovolcano","true",5,"I",NA,3,NA,NA,NA,NA,NA,NA,NA,NA,NA,3,NA,NA,NA,NA,NA,NA,NA,NA
1800,NA,NA,NA,NA,"Hualalai","Hawaiian Is","United States",19.692,-155.87,2523,"Shield volcano","true",0,"L",2,1,NA,NA,NA,NA,NA,NA,NA,NA,2,1,NA,NA,NA,NA,NA,NA,NA,NA
1801,8,14,NA,NA,"Chokaisan","Honshu-Japan","Japan",39.099,140.049,2236,"Stratovolcano","true",2,"T",8,1,NA,NA,NA,NA,NA,NA,NA,NA,8,1,NA,NA,NA,NA,NA,NA,NA,NA
1803,7,4,NA,NA,"Asamayama","Honshu-Japan","Japan",36.406,138.523,2568,"Complex volcano","true",2,"",NA,1,NA,NA,NA,NA,NA,NA,NA,NA,NA,1,NA,NA,NA,NA,NA,NA,NA,NA
1803,11,7,NA,NA,"Asamayama","Honshu-Japan","Japan",36.406,138.523,2568,"Complex volcano","true",2,"T",NA,1,NA,NA,NA,NA,NA,NA,NA,NA,NA,1,NA,NA,NA,NA,NA,NA,NA,NA
1804,NA,NA,NA,NA,"Shikotsu","Hokkaido-Japan","Japan",42.688,141.38,1320,"Caldera","true",3,"",NA,3,NA,NA,NA,NA,NA,NA,NA,NA,NA,3,NA,NA,NA,NA,NA,NA,NA,NA
1805,8,11,NA,NA,"Vesuvius","Italy","Italy",40.821,14.426,1281,"Complex volcano","true",2,"",4,1,NA,NA,NA,NA,NA,NA,NA,NA,4,1,NA,NA,NA,NA,NA,NA,NA,NA
1808,5,1,NA,NA,"Sao Jorge","Azores","Portugal",38.65,-28.08,1053,"Fissure vent","true",1,"L",9,1,NA,NA,NA,NA,NA,NA,NA,NA,9,1,NA,NA,NA,NA,NA,NA,NA,NA
1812,4,27,NA,NA,"Soufriere St. Vincent","W Indies","St. Vincent & the Grenadines",13.33,-61.18,1220,"Stratovolcano","true",4,"T, m",56,2,NA,NA,NA,NA,NA,1,NA,1,56,2,NA,NA,NA,NA,NA,1,NA,1
1812,8,6,NA,NA,"Awu","Sangihe Is-Indonesia","Indonesia",3.689,125.447,1318,"Stratovolcano","true",3,"P,M",953,3,NA,NA,NA,NA,NA,NA,NA,NA,953,3,NA,NA,NA,NA,NA,NA,NA,NA
1813,5,NA,3221,NA,"Vesuvius","Italy","Italy",40.821,14.426,1281,"Complex volcano","true",2,"",NA,NA,NA,NA,NA,NA,NA,NA,NA,NA,NA,NA,NA,NA,NA,NA,NA,NA,NA,NA
1814,2,1,NA,NA,"Mayon","Luzon-Philippines","Philippines",13.257,123.685,2462,"Stratovolcano","true",4,"P,M,E",1200,4,NA,NA,NA,NA,NA,3,NA,3,1200,4,NA,NA,NA,NA,NA,3,NA,3
1815,4,10,613,NA,"Tambora","Lesser Sunda Is","Indonesia",-8.25,118,2850,"Stratovolcano","true",7,"P,W,A,I",11000,4,NA,NA,NA,4,NA,4,NA,4,60000,4,NA,NA,NA,4,NA,4,NA,4
1816,7,5,NA,NA,"Asosan","Kyushu-Japan","Japan",32.885,131.085,1592,"Caldera","true",2,"T",1,1,NA,NA,NA,NA,NA,NA,NA,NA,1,1,NA,NA,NA,NA,NA,NA,NA,NA
1817,1,24,NA,NA,"Ijen","Java","Indonesia",-8.058,114.242,2769,"Stratovolcano","true",2,"M",NA,2,NA,NA,NA,NA,NA,NA,90,2,NA,2,NA,NA,NA,NA,NA,NA,90,2
1817,NA,NA,NA,NA,"Raung","Java","Indonesia",-8.119,114.056,3260,"Stratovolcano","true",4,"",NA,1,NA,NA,NA,NA,NA,NA,NA,NA,NA,1,NA,NA,NA,NA,NA,NA,NA,NA
1818,2,5,NA,NA,"Colima","Mexico","Mexico",19.514,-103.62,3850,"Stratovolcano","true",4,"",NA,1,NA,NA,NA,NA,NA,NA,NA,NA,NA,1,NA,NA,NA,NA,NA,NA,NA,NA
1819,NA,NA,623,NA,"Asuncion","Mariana Is-C Pacific","United States",19.671,145.406,857,"Stratovolcano","true",NA,"",NA,NA,NA,NA,NA,NA,NA,NA,NA,NA,NA,NA,NA,NA,NA,NA,NA,NA,NA,NA
1820,3,1,631,6650,"Westdahl","Aleutian Is","United States",54.516,-164.65,1563,"Stratovolcano","true",2,"",NA,NA,NA,NA,NA,NA,NA,NA,NA,NA,NA,NA,NA,NA,NA,NA,NA,NA,NA,NA
1820,6,11,NA,NA,"Banda Api","Banda Sea","Pacific Ocean",-4.523,129.881,596,"Caldera","true",2,"",NA,1,NA,NA,NA,NA,NA,NA,NA,NA,NA,1,NA,NA,NA,NA,NA,NA,NA,NA
1822,3,9,NA,NA,"Toya","Hokkaido-Japan","Japan",42.544,140.839,733,"Stratovolcano","true",4,"P",50,1,NA,NA,53,2,NA,NA,NA,2,50,1,NA,NA,53,2,NA,NA,NA,2
1822,10,8,NA,NA,"Galunggung","Java","Indonesia",-7.25,108.058,2168,"Stratovolcano","true",5,"P,M",4011,4,NA,NA,NA,NA,NA,3,NA,3,4011,4,NA,NA,NA,NA,NA,3,NA,3
1822,12,27,NA,NA,"Merapi","Java","Indonesia",-7.54,110.446,2910,"Stratovolcano","true",3,"",100,2,NA,NA,NA,2,NA,3,NA,3,100,2,NA,NA,NA,2,NA,3,NA,3
1823,2,NA,NA,NA,"Kilauea","Hawaiian Is","United States",19.421,-155.287,1222,"Shield volcano","true",0,"L",NA,1,NA,NA,NA,NA,NA,NA,NA,NA,NA,1,NA,NA,NA,NA,NA,NA,NA,NA
1825,3,21,654,NA,"Shishaldin","Aleutian Is","United States",54.756,-163.97,2857,"Stratovolcano","true",3,"",NA,NA,NA,NA,NA,NA,NA,NA,NA,NA,NA,NA,NA,NA,NA,NA,NA,NA,NA,NA
1825,NA,NA,NA,NA,"Balbi","Bougainville-SW Paci","Papua New Guinea",-5.916,155.001,2715,"Stratovolcano","true",NA,"P",NA,3,NA,NA,NA,NA,NA,NA,NA,NA,NA,3,NA,NA,NA,NA,NA,NA,NA,NA
1826,10,11,NA,NA,"Dieng Volcanic Complex","Java","Indonesia",-7.2,109.879,2565,"Complex volcano","true",2,"",NA,2,NA,NA,NA,NA,NA,NA,NA,NA,NA,2,NA,NA,NA,NA,NA,NA,NA,NA
1826,10,13,NA,NA,"Kelud","Java","Indonesia",-7.935,112.314,1730,"Stratovolcano","true",4,"M",NA,1,NA,NA,65,2,NA,3,NA,3,NA,1,NA,NA,65,2,NA,3,NA,3
1826,10,NA,NA,NA,"Asosan","Kyushu-Japan","Japan",32.885,131.085,1592,"Caldera","true",2,"T",NA,3,NA,NA,NA,NA,NA,NA,NA,NA,NA,3,NA,NA,NA,NA,NA,NA,NA,NA
1827,6,27,663,6651,"Avachinsky","Kamchatka","Russia",53.256,158.836,2717,"Stratovolcano","true",2,"",NA,NA,NA,NA,NA,NA,NA,NA,NA,NA,NA,NA,NA,NA,NA,NA,NA,NA,NA,NA
1827,8,9,NA,NA,"Avachinsky","Kamchatka","Russia",53.256,158.836,2717,"Stratovolcano","true",2,"",NA,NA,NA,NA,NA,NA,NA,NA,NA,NA,NA,NA,NA,NA,NA,NA,NA,NA,NA,NA
1829,NA,NA,NA,NA,"Guntur","Java","Indonesia",-7.143,107.841,2251,"Complex volcano","true",2,"",NA,3,NA,NA,NA,NA,NA,NA,NA,NA,NA,3,NA,NA,NA,NA,NA,NA,NA,NA
1832,11,1,NA,NA,"Etna","Italy","Italy",37.748,14.999,3357,"Stratovolcano","true",2,"L",NA,2,NA,NA,NA,NA,NA,NA,NA,NA,NA,2,NA,NA,NA,NA,NA,NA,NA,NA
1832,12,25,NA,NA,"Merapi","Java","Indonesia",-7.54,110.446,2910,"Stratovolcano","true",2,"",32,1,NA,NA,NA,NA,NA,NA,NA,2,32,1,NA,NA,NA,NA,NA,NA,NA,2
1833,11,24,NA,NA,"Kaba","Sumatra","Indonesia",-3.522,102.615,1940,"Stratovolcano","true",2,"M",126,3,NA,NA,NA,NA,NA,NA,NA,NA,126,3,NA,NA,NA,NA,NA,NA,NA,NA
1835,1,20,NA,NA,"Cosiguina","Nicaragua","Nicaragua",12.98,-87.57,872,"Stratovolcano","true",5,"G,I",NA,1,NA,NA,NA,NA,NA,NA,NA,NA,NA,1,NA,NA,NA,NA,NA,NA,NA,NA
1835,11,1,NA,1787,"Banda Api","Banda Sea","Pacific Ocean",-4.523,129.881,596,"Caldera","true",NA,"",NA,3,NA,NA,NA,NA,NA,2,NA,2,NA,3,NA,NA,NA,NA,NA,2,NA,2
1837,9,NA,706,6050,"Peuet Sague","Sumatra","Indonesia",4.903,96.289,2785,"Complex volcano","true",NA,"",NA,NA,NA,NA,NA,NA,NA,NA,NA,NA,NA,NA,NA,NA,NA,NA,NA,NA,NA,NA
1838,2,26,NA,NA,"Gamalama","Halmahera-Indonesia","Indonesia",0.81,127.332,1714,"Stratovolcano","true",2,"T",4,1,NA,NA,NA,NA,NA,NA,NA,NA,4,1,NA,NA,NA,NA,NA,NA,NA,NA
1839,2,12,711,NA,"Unnamed","Chile-Is","Chile",-33.62,-76.83,-642,"Submarine volcano","true",2,"",NA,NA,NA,NA,NA,NA,NA,NA,NA,NA,NA,NA,NA,NA,NA,NA,NA,NA,NA,NA
1840,2,2,718,NA,"Gamalama","Halmahera-Indonesia","Indonesia",0.81,127.332,1714,"Stratovolcano","true",3,"",NA,NA,NA,NA,NA,NA,NA,1,NA,NA,NA,NA,NA,NA,NA,NA,NA,2,500,3
1840,5,30,714,NA,"Kilauea","Hawaiian Is","United States",19.421,-155.287,1222,"Shield volcano","true",0,"",NA,NA,NA,NA,NA,NA,NA,1,NA,NA,NA,NA,NA,NA,NA,NA,NA,1,NA,NA
1840,7,2,NA,NA,"Ararat","Turkey","Turkey",39.7,44.3,5165,"Stratovolcano","true",3,"P",1900,4,NA,NA,NA,NA,NA,NA,NA,NA,1900,4,NA,NA,NA,NA,NA,NA,NA,NA
1840,NA,NA,NA,NA,"Savo","Solomon Is-SW Pacifi","Solomon Is.",-9.13,159.82,485,"Stratovolcano","true",3,"P",100,3,NA,NA,NA,NA,NA,NA,NA,NA,100,3,NA,NA,NA,NA,NA,NA,NA,NA
1840,NA,NA,NA,NA,"Tinakula","Santa Cruz Is-SW Pac","Solomon Is.",-10.386,165.804,796,"Stratovolcano","true",3,"P",NA,3,NA,NA,NA,NA,NA,NA,NA,NA,NA,3,NA,NA,NA,NA,NA,NA,NA,NA
1841,4,NA,NA,NA,"Kuchinoerabujima","Ryukyu Is","Japan",30.443,130.217,657,"Stratovolcano","true",2,"T",NA,NA,NA,NA,NA,NA,NA,2,NA,2,NA,NA,NA,NA,NA,NA,NA,2,NA,2
1843,2,8,730,NA,"Liamuiga","W Indies","St. Kitts & Nevis",17.37,-62.8,1156,"Stratovolcano","true",0,"",NA,NA,NA,NA,NA,NA,NA,NA,NA,NA,NA,NA,NA,NA,NA,NA,NA,NA,NA,NA
1843,2,17,731,NA,"Soufriere Guadeloupe","W Indies","Guadeloupe",16.044,-61.664,1467,"Stratovolcano","true",NA,"",NA,NA,NA,NA,NA,NA,NA,NA,NA,NA,NA,NA,NA,NA,NA,NA,NA,NA,NA,NA
1843,8,NA,NA,NA,"Lamongan","Java","Indonesia",-7.981,113.341,1641,"Stratovolcano","true",2,"",4,1,NA,NA,NA,NA,NA,NA,NA,NA,4,1,NA,NA,NA,NA,NA,NA,NA,NA
1843,11,25,NA,NA,"Etna","Italy","Italy",37.748,14.999,3357,"Stratovolcano","true",2,"L",59,2,NA,NA,NA,2,NA,NA,NA,NA,59,2,NA,NA,NA,2,NA,NA,NA,NA
1845,2,8,741,1865,"Soputan","Sulawesi-Indonesia","Indonesia",1.112,124.737,1785,"Stratovolcano","true",2,"",NA,NA,NA,NA,NA,NA,NA,NA,NA,NA,118,3,NA,NA,NA,NA,NA,2,NA,3
1845,2,19,NA,1867,"Ruiz, Nevado del","Colombia","Colombia",4.892,-75.324,5279,"Stratovolcano","true",3,"M",1000,3,NA,NA,NA,NA,NA,NA,NA,NA,1000,3,NA,NA,NA,NA,NA,NA,NA,NA
1845,9,2,NA,NA,"Hekla","Iceland-S","Iceland",63.983,-19.666,1490,"Stratovolcano","true",4,"",NA,NA,NA,NA,NA,NA,NA,1,NA,NA,NA,NA,NA,NA,NA,NA,NA,1,NA,NA
1846,5,27,NA,NA,"Tangkuban Parahu","Java","Indonesia",-6.77,107.6,2084,"Stratovolcano","true",2,"",NA,1,NA,NA,NA,NA,NA,NA,NA,NA,NA,1,NA,NA,NA,NA,NA,NA,NA,NA
1846,11,18,NA,NA,"Esan","Hokkaido-Japan","Japan",41.805,141.166,618,"Stratovolcano","true",1,"M",NA,3,NA,NA,NA,NA,NA,NA,NA,NA,NA,3,NA,NA,NA,NA,NA,NA,NA,NA
1847,4,9,NA,NA,"Fogo","Cape Verde Is","Cape Verde",14.95,-24.35,2829,"Stratovolcano","true",2,"S",NA,1,NA,NA,NA,NA,NA,NA,NA,NA,NA,1,NA,NA,NA,NA,NA,NA,NA,NA
1847,12,4,NA,NA,"Dieng Volcanic Complex","Java","Indonesia",-7.2,109.879,2565,"Complex volcano","true",2,"",NA,2,NA,NA,NA,NA,NA,NA,NA,NA,NA,2,NA,NA,NA,NA,NA,NA,NA,NA
1848,5,16,NA,NA,"Kelud","Java","Indonesia",-7.935,112.314,1730,"Stratovolcano","true",3,"M",22,1,NA,NA,NA,NA,NA,NA,800,3,22,1,NA,NA,NA,NA,NA,NA,800,3
1850,NA,NA,NA,NA,"Rabaul","New Britain-SW Pac","Papua New Guinea",-4.246,152.194,688,"Pyroclastic shield","true",2,"T",NA,3,NA,NA,NA,NA,NA,NA,NA,NA,NA,3,NA,NA,NA,NA,NA,NA,NA,NA
1853,6,24,NA,NA,"Niuafo'ou","Tonga-SW Pacific","Tonga",-15.6,-175.63,260,"Shield volcano","true",0,"L",25,1,NA,NA,NA,NA,NA,NA,NA,NA,25,1,NA,NA,NA,NA,NA,NA,NA,NA
1853,7,13,NA,NA,"Mayon","Luzon-Philippines","Philippines",13.257,123.685,2462,"Stratovolcano","true",3,"P",34,1,NA,NA,NA,NA,NA,NA,NA,1,34,1,NA,NA,NA,NA,NA,NA,NA,1
1853,10,29,809,NA,"Unnamed","Taiwan-E of","Taiwan",24,121.83,0,"Submarine volcano","true",2,"",NA,NA,NA,NA,NA,NA,NA,NA,NA,NA,NA,NA,NA,NA,NA,NA,NA,NA,NA,NA
1854,2,18,NA,NA,"Sheveluch","Kamchatka","Russia",56.653,161.36,3283,"Stratovolcano","true",5,"",NA,NA,NA,NA,NA,NA,NA,1,NA,NA,NA,NA,NA,NA,NA,NA,NA,1,NA,NA
1854,2,NA,NA,NA,"Asosan","Kyushu-Japan","Japan",32.885,131.085,1592,"Caldera","true",2,"",3,1,NA,NA,NA,NA,NA,NA,NA,NA,3,1,NA,NA,NA,NA,NA,NA,NA,NA
1854,6,27,821,NA,"Alaid","Kuril Is","Russia",50.861,155.565,2285,"Stratovolcano","true",3,"",NA,NA,NA,NA,NA,NA,NA,NA,NA,NA,NA,NA,NA,NA,NA,NA,NA,NA,NA,NA
1856,3,2,859,1995,"Awu","Sangihe Is-Indonesia","Indonesia",3.689,125.447,1318,"Stratovolcano","true",3,"P",2806,4,NA,NA,NA,2,NA,3,NA,3,2806,4,NA,NA,NA,2,NA,3,NA,3
1856,7,26,862,NA,"Shishaldin","Aleutian Is","United States",54.756,-163.97,2857,"Stratovolcano","true",NA,"",NA,NA,NA,NA,NA,NA,NA,NA,NA,NA,NA,NA,NA,NA,NA,NA,NA,NA,NA,NA
1856,9,25,NA,NA,"Hokkaido-Komagatake","Hokkaido-Japan","Japan",42.063,140.677,1131,"Stratovolcano","true",4,"P,T",25,1,NA,NA,NA,NA,NA,NA,NA,3,25,1,NA,NA,NA,NA,NA,NA,NA,3
1858,1,NA,NA,NA,"Mayon","Luzon-Philippines","Philippines",13.257,123.685,2462,"Stratovolcano","true",2,"P",NA,1,NA,NA,NA,NA,NA,NA,NA,NA,NA,1,NA,NA,NA,NA,NA,NA,NA,NA
1860,4,NA,NA,NA,"Semeru","Java","Indonesia",-8.108,112.922,3657,"Stratovolcano","true",2,"",NA,NA,NA,NA,NA,NA,NA,1,NA,NA,NA,NA,NA,NA,NA,NA,NA,NA,NA,1
1860,8,18,NA,NA,"Fuego","Guatemala","Guatemala",14.473,-90.88,3763,"Stratovolcano","true",2,"",NA,NA,NA,NA,NA,NA,NA,1,NA,NA,NA,NA,NA,NA,NA,NA,NA,1,NA,NA
1861,5,7,NA,2049,"Dubbi","Africa-NE","Eritrea",13.579,41.809,1625,"Stratovolcano","true",3,"P",106,3,NA,NA,NA,NA,NA,3,NA,3,106,3,NA,NA,NA,NA,NA,3,NA,3
1861,5,NA,NA,NA,"Grimsvotn","Iceland-NE","Iceland",64.416,-17.316,1719,"Caldera","true",2,"",NA,NA,NA,NA,NA,NA,NA,1,NA,NA,NA,NA,NA,NA,NA,NA,NA,1,NA,NA
1861,12,29,NA,NA,"Kie Besi","Halmahera-Indonesia","Indonesia",0.32,127.4,1357,"Stratovolcano","true",4,"P,I",326,3,NA,NA,47,1,NA,NA,NA,3,326,3,NA,NA,47,1,NA,NA,NA,3
1863,8,17,929,6150,"Yasur","Vanuatu-SW Pacific","Vanuatu",-19.532,169.447,361,"Stratovolcano","true",NA,"",NA,3,NA,NA,NA,NA,NA,NA,NA,NA,NA,3,NA,NA,NA,NA,NA,NA,NA,NA
1864,1,4,NA,NA,"Kelud","Java","Indonesia",-7.935,112.314,1730,"Stratovolcano","true",2,"M",54,2,NA,NA,NA,NA,NA,NA,NA,3,54,2,NA,NA,NA,NA,NA,NA,NA,3
1866,2,20,NA,NA,"Santorini","Greece","Greece",36.404,25.396,367,"Shield volcano","true",2,"T",1,1,NA,NA,NA,1,NA,NA,NA,NA,1,1,NA,NA,NA,1,NA,NA,NA,NA
1866,9,12,958,NA,"Ofu-Olosega","Samoa-SW Pacific","United States",-14.175,-169.618,639,"Shield volcano","true",2,"",NA,NA,NA,NA,NA,NA,NA,NA,NA,NA,NA,NA,NA,NA,NA,NA,NA,NA,NA,NA
1867,10,21,NA,NA,"Zaozan [Zaosan]","Honshu-Japan","Japan",38.144,140.44,1841,"Complex volcano","true",2,"M",3,1,NA,NA,NA,NA,NA,NA,NA,NA,3,1,NA,NA,NA,NA,NA,NA,NA,NA
1868,4,3,971,2125,"Mauna Loa","Hawaiian Is","United States",19.475,-155.608,4170,"Shield volcano","true",2,"W,M",NA,NA,NA,NA,NA,NA,NA,1,37,1,77,2,NA,NA,NA,NA,NA,2,NA,3
1868,9,5,3451,7967,"Etna","Italy","Italy",37.748,14.999,3357,"Stratovolcano","true",NA,"",NA,NA,NA,NA,NA,NA,NA,NA,NA,NA,NA,NA,NA,NA,NA,NA,NA,NA,NA,NA
1869,7,7,NA,NA,"Lewotobi","Lesser Sunda Is","Indonesia",-8.542,122.775,1703,"Stratovolcano","true",2,"",2,1,NA,NA,NA,NA,NA,NA,NA,NA,2,1,NA,NA,NA,NA,NA,NA,NA,NA
1869,8,NA,NA,NA,"Lamongan","Java","Indonesia",-7.981,113.341,1641,"Stratovolcano","true",2,"T,A",8,1,NA,NA,NA,NA,NA,NA,NA,NA,8,1,NA,NA,NA,NA,NA,NA,NA,NA
1870,8,NA,NA,NA,"Ruang","Sangihe Is-Indonesia","Indonesia",2.3,125.37,725,"Stratovolcano","true",2,"",NA,1,NA,NA,NA,NA,NA,NA,40,1,NA,1,NA,NA,NA,NA,NA,NA,40,1
1870,NA,NA,NA,NA,"Iliwerung","Lesser Sunda Is","Indonesia",-8.532,123.573,583,"Complex volcano","true",3,"",NA,1,NA,NA,NA,NA,NA,NA,NA,NA,NA,1,NA,NA,NA,NA,NA,NA,NA,NA
1870,NA,NA,NA,NA,"Ambae","Vanuatu-SW Pacific","Vanuatu",-15.389,167.835,1496,"Shield volcano","true",2,"M",100,3,NA,NA,NA,NA,NA,3,NA,3,100,3,NA,NA,NA,NA,NA,3,NA,3
1871,3,3,1022,NA,"Ruang","Sangihe Is-Indonesia","Indonesia",2.3,125.37,725,"Stratovolcano","true",2,"W",NA,NA,NA,NA,NA,NA,NA,1,NA,1,400,3,NA,NA,NA,NA,NA,2,75,2
1871,4,30,1020,2179,"Camiguin","Mindanao-Philippines","Philippines",9.203,124.673,1552,"Stratovolcano","true",2,"",NA,1,NA,NA,NA,NA,NA,3,NA,3,NA,1,NA,NA,NA,NA,NA,3,NA,3
1871,8,7,NA,NA,"Gamalama","Halmahera-Indonesia","Indonesia",0.81,127.332,1714,"Stratovolcano","true",2,"T",1,1,NA,NA,1,1,NA,NA,NA,NA,1,1,NA,NA,1,1,NA,NA,NA,NA
1871,12,8,NA,NA,"Mayon","Luzon-Philippines","Philippines",13.257,123.685,2462,"Stratovolcano","true",3,"P",3,1,NA,NA,NA,NA,NA,NA,NA,NA,3,1,NA,NA,NA,NA,NA,NA,NA,NA
1872,4,15,NA,NA,"Merapi","Java","Indonesia",-7.54,110.446,2910,"Stratovolcano","true",4,"T",30,1,NA,NA,NA,1,NA,NA,50,1,30,1,NA,NA,NA,1,NA,NA,50,1
1872,4,17,NA,NA,"Merapi","Java","Indonesia",-7.54,110.446,2910,"Stratovolcano","true",4,"P",170,3,NA,NA,NA,NA,NA,NA,NA,2,170,3,NA,NA,NA,NA,NA,NA,NA,2
1872,4,24,NA,NA,"Vesuvius","Italy","Italy",40.821,14.426,1281,"Complex volcano","true",3,"L,G",9,1,NA,NA,11,1,NA,NA,NA,NA,9,1,NA,NA,11,1,NA,NA,NA,NA
1872,11,3,NA,NA,"Merapi","Java","Indonesia",-7.54,110.446,2910,"Stratovolcano","true",4,"P,T",200,3,NA,NA,NA,NA,NA,3,NA,3,200,3,NA,NA,NA,NA,NA,3,NA,3
1872,12,NA,NA,NA,"Asosan","Kyushu-Japan","Japan",32.885,131.085,1592,"Caldera","true",3,"T",4,1,NA,NA,NA,NA,NA,NA,NA,NA,4,1,NA,NA,NA,NA,NA,NA,NA,NA
1872,NA,NA,NA,NA,"Sinarka","Kuril Is","Russia",48.873,154.182,911,"Stratovolcano","true",4,"P",NA,3,NA,NA,NA,NA,NA,NA,NA,NA,NA,3,NA,NA,NA,NA,NA,NA,NA,NA
1873,1,16,NA,NA,"Ragang","Mindanao-Philippines","Philippines",7.691,124.507,2790,"Stratovolcano","true",2,"",NA,1,NA,NA,NA,NA,NA,NA,NA,NA,NA,1,NA,NA,NA,NA,NA,NA,NA,NA
1873,NA,NA,NA,NA,"Vesuvius","Italy","Italy",40.821,14.426,1281,"Complex volcano","true",NA,"G,T",9,1,NA,NA,NA,NA,NA,NA,NA,NA,9,1,NA,NA,NA,NA,NA,NA,NA,NA
1874,7,3,NA,NA,"Miyakejima","Izu Is-Japan","Japan",34.094,139.526,775,"Stratovolcano","true",3,"T",1,1,NA,NA,NA,NA,NA,NA,45,1,1,1,NA,NA,NA,NA,NA,NA,45,1
1874,7,19,NA,NA,"Taal","Luzon-Philippines","Philippines",14.011,120.998,311,"Stratovolcano","true",2,"",NA,1,NA,NA,NA,NA,NA,NA,NA,NA,NA,1,NA,NA,NA,NA,NA,NA,NA,NA
1875,3,29,NA,NA,"Askja","Iceland-NE","Iceland",65.033,-16.783,1080,"Stratovolcano","true",5,"",NA,NA,NA,NA,NA,NA,NA,1,NA,NA,NA,NA,NA,NA,NA,NA,NA,1,NA,NA
1875,NA,NA,NA,NA,"Mayon","Luzon-Philippines","Philippines",13.257,123.685,2462,"Stratovolcano","true",NA,"m",1500,4,NA,NA,NA,NA,NA,NA,NA,NA,1500,4,NA,NA,NA,NA,NA,NA,NA,NA
1877,2,14,1068,10023,"Mauna Loa","Hawaiian Is","United States",19.475,-155.608,4170,"Shield volcano","true",0,"",NA,NA,NA,NA,NA,NA,NA,NA,NA,NA,NA,NA,NA,NA,NA,NA,NA,NA,NA,NA
1877,6,25,NA,NA,"Cotopaxi","Ecuador","Ecuador",-0.677,-78.436,5911,"Stratovolcano","true",4,"M",340,3,NA,NA,NA,NA,NA,NA,NA,NA,340,3,NA,NA,NA,NA,NA,NA,NA,NA
1878,1,10,1086,NA,"Yasur","Vanuatu-SW Pacific","Vanuatu",-19.532,169.447,361,"Stratovolcano","true",3,"",NA,NA,NA,NA,NA,NA,NA,NA,NA,NA,NA,NA,NA,NA,NA,NA,NA,1,NA,NA
1878,2,4,1095,6195,"Rabaul","New Britain-SW Pac","Papua New Guinea",-4.246,152.194,688,"Pyroclastic shield","true",3,"T",1,1,NA,NA,NA,NA,NA,NA,NA,NA,1,1,NA,NA,NA,NA,NA,NA,NA,NA
1878,2,11,1096,6625,"Yasur","Vanuatu-SW Pacific","Vanuatu",-19.532,169.447,361,"Stratovolcano","true",NA,"",NA,NA,NA,NA,NA,NA,NA,NA,NA,NA,NA,NA,NA,NA,NA,NA,NA,NA,NA,NA
1878,8,29,1109,6198,"Okmok","Aleutian Is","United States",53.43,-168.13,1073,"Shield volcano","true",2,"",NA,NA,NA,NA,NA,NA,NA,NA,NA,NA,NA,NA,NA,NA,NA,NA,NA,NA,NA,NA
1879,2,4,5480,NA,"Stromboli","Italy","Italy",38.789,15.213,924,"Stratovolcano","true",2,"",NA,NA,NA,NA,NA,NA,NA,NA,NA,NA,NA,NA,NA,NA,NA,NA,NA,NA,NA,NA
1883,3,NA,NA,NA,"Karthala","Indian O-W","Comoros",-11.75,43.38,2361,"Shield volcano","true",2,"L",NA,3,NA,NA,NA,NA,NA,3,NA,NA,NA,3,NA,NA,NA,NA,NA,3,NA,NA
1883,8,27,1142,NA,"Krakatau","Indonesia","Indonesia",-6.101,105.423,285,"Caldera","true",6,"W,P,I",2000,4,NA,NA,NA,3,NA,3,NA,3,36417,4,NA,NA,NA,3,NA,3,NA,3
1883,10,6,1143,NA,"Augustine","Alaska-SW","United States",59.363,-153.435,1218,"Lava dome","true",4,"",8,1,NA,NA,NA,NA,NA,NA,NA,NA,8,1,NA,NA,NA,NA,NA,1,NA,1
1883,10,10,1144,NA,"Krakatau","Indonesia","Indonesia",-6.101,105.423,285,"Caldera","true",NA,"",NA,NA,NA,NA,NA,NA,NA,NA,NA,NA,NA,NA,NA,NA,NA,NA,NA,NA,NA,NA
1883,12,NA,NA,NA,"Bagana","Bougainville-SW Paci","Papua New Guinea",-6.137,155.196,1855,"Lava cone","true",3,"T",NA,2,NA,NA,NA,NA,NA,NA,NA,NA,NA,2,NA,NA,NA,NA,NA,NA,NA,NA
1884,2,NA,1145,NA,"Krakatau","Indonesia","Indonesia",-6.101,105.423,285,"Caldera","true",NA,"",NA,NA,NA,NA,NA,NA,NA,NA,NA,NA,NA,NA,NA,NA,NA,NA,NA,NA,NA,NA
1885,4,18,NA,NA,"Semeru","Java","Indonesia",-8.108,112.922,3657,"Stratovolcano","true",2,"A",74,2,NA,NA,NA,NA,NA,NA,NA,NA,74,2,NA,NA,NA,NA,NA,NA,NA,NA
1885,5,25,NA,2347,"Purace","Colombia","Colombia",2.32,-76.4,4650,"Stratovolcano","true",3,"",NA,2,NA,NA,NA,NA,NA,2,NA,2,NA,2,NA,NA,NA,NA,NA,2,NA,2
1886,1,11,NA,NA,"Tungurahua","Ecuador","Ecuador",-1.467,-78.442,5023,"Stratovolcano","true",4,"P",2,1,NA,NA,NA,NA,NA,NA,NA,NA,2,1,NA,NA,NA,NA,NA,NA,NA,NA
1886,6,10,5777,NA,"Okataina","New Zealand","New Zealand",-38.157,176.507,1111,"Lava dome","true",5,"T",153,3,NA,NA,NA,NA,NA,NA,NA,NA,153,3,NA,NA,NA,NA,NA,NA,NA,NA
1886,8,31,NA,NA,"Niuafo'ou","Tonga-SW Pacific","Tonga",-15.6,-175.63,260,"Shield volcano","true",4,"",NA,1,NA,1,NA,NA,NA,NA,NA,NA,NA,1,NA,1,NA,NA,NA,NA,NA,NA
1887,3,9,NA,NA,"Mayon","Luzon-Philippines","Philippines",13.257,123.685,2462,"Stratovolcano","true",3,"T",15,1,NA,NA,NA,NA,NA,1,NA,1,15,1,NA,NA,NA,NA,NA,1,NA,1
1888,3,13,1175,NA,"Ritter Island","New Guinea-NE of","Papua New Guinea",-5.519,148.115,75,"Stratovolcano","true",2,"W",NA,NA,NA,NA,NA,NA,NA,NA,NA,NA,NA,4,NA,NA,NA,NA,NA,3,NA,3
1888,7,15,NA,NA,"Bandaisan","Honshu-Japan","Japan",37.601,140.072,1816,"Stratovolcano","true",4,"A,P",461,3,NA,NA,70,2,NA,2,NA,2,461,3,NA,NA,70,2,NA,2,NA,2
1889,9,6,1181,6309,"Banua Wuhu","Sangihe Is-Indonesia","Indonesia",3.138,125.491,-5,"Submarine volcano","true",2,"",NA,NA,NA,NA,NA,NA,NA,NA,NA,NA,NA,NA,NA,NA,NA,NA,NA,2,NA,2
1890,6,29,NA,NA,"Kie Besi","Halmahera-Indonesia","Indonesia",0.32,127.4,1357,"Stratovolcano","true",2,"",NA,NA,NA,NA,NA,NA,NA,3,NA,3,NA,NA,NA,NA,NA,NA,NA,3,NA,3
1890,NA,NA,NA,NA,"Victory","New Guinea","Papua New Guinea",-9.2,149.072,1832,"Stratovolcano","true",2,"P",NA,3,NA,NA,NA,NA,NA,NA,NA,NA,NA,3,NA,NA,NA,NA,NA,NA,NA,NA
1892,5,21,NA,NA,"Sorikmarapi","Sumatra","Indonesia",0.686,99.539,2145,"Stratovolcano","true",2,"M",180,3,NA,NA,NA,NA,NA,NA,NA,NA,180,3,NA,NA,NA,NA,NA,NA,NA,NA
1892,6,7,1197,NA,"Awu","Sangihe Is-Indonesia","Indonesia",3.689,125.447,1318,"Stratovolcano","true",3,"P,M",1532,4,NA,NA,NA,NA,NA,3,NA,3,1532,4,NA,NA,NA,NA,NA,3,NA,3
1892,8,30,5608,NA,"Tofua","Tonga-SW Pacific","Tonga",-19.75,-175.07,515,"Caldera","true",2,"",NA,NA,NA,NA,NA,NA,NA,NA,NA,NA,NA,NA,NA,NA,NA,NA,NA,NA,NA,NA
1893,1,7,NA,NA,"Calbuco","Chile-S","Chile",-41.33,-72.618,1974,"Stratovolcano","true",4,"",NA,NA,NA,NA,NA,NA,NA,1,NA,NA,NA,NA,NA,NA,NA,NA,NA,1,NA,NA
1893,6,7,NA,NA,"Azumayama","Honshu-Japan","Japan",37.735,140.244,1949,"Stratovolcano","true",2,"T",2,1,NA,NA,NA,NA,NA,NA,NA,NA,2,1,NA,NA,NA,NA,NA,NA,NA,NA
1894,10,NA,NA,NA,"Ambrym","Vanuatu-SW Pacific","Vanuatu",-16.25,168.12,1334,"Pyroclastic shield","true",3,"T,L",10,1,NA,NA,NA,NA,NA,NA,NA,NA,10,1,NA,NA,NA,NA,NA,NA,NA,NA
1895,5,22,NA,NA,"Semeru","Java","Indonesia",-8.108,112.922,3657,"Stratovolcano","true",2,"M",80,2,NA,NA,NA,NA,NA,1,NA,NA,80,2,NA,NA,NA,NA,NA,1,NA,NA
1895,6,17,NA,NA,"Karkar","New Guinea-NE of","Papua New Guinea",-4.647,145.976,1839,"Stratovolcano","true",2,"I,M",1,1,NA,NA,NA,NA,NA,NA,NA,NA,21,1,NA,NA,NA,NA,NA,NA,NA,NA
1895,10,16,NA,NA,"Kirishimayama","Kyushu-Japan","Japan",31.934,130.862,1700,"Shield volcano","true",2,"T",4,1,NA,NA,NA,NA,NA,NA,NA,NA,4,1,NA,NA,NA,NA,NA,NA,NA,NA
1895,NA,NA,NA,NA,"Dakataua","New Britain-SW Pac","Papua New Guinea",-5.046,150.1,408,"Caldera","true",2,"?",NA,1,NA,NA,NA,NA,NA,1,NA,NA,NA,1,NA,NA,NA,NA,NA,1,NA,NA
1896,3,15,NA,NA,"Kirishimayama","Kyushu-Japan","Japan",31.934,130.862,1700,"Shield volcano","true",2,"T",1,1,NA,NA,1,1,NA,NA,NA,NA,1,1,NA,NA,1,1,NA,NA,NA,NA
1897,3,26,5629,NA,"Tinakula","Santa Cruz Is-SW Pac","Solomon Is.",-10.386,165.804,796,"Stratovolcano","true",2,"W",NA,NA,NA,NA,NA,NA,NA,NA,NA,NA,NA,NA,NA,NA,NA,NA,NA,1,NA,1
1897,5,23,NA,NA,"Mayon","Luzon-Philippines","Philippines",13.257,123.685,2462,"Stratovolcano","true",3,"P,T,M",350,3,NA,NA,NA,NA,NA,NA,NA,NA,350,3,NA,NA,NA,NA,NA,NA,NA,NA
1899,11,13,NA,NA,"Dona Juana","Colombia","Colombia",1.5,-76.936,4137,"Stratovolcano","true",4,"P",55,2,NA,NA,NA,NA,NA,NA,NA,NA,55,2,NA,NA,NA,NA,NA,NA,NA,NA
1899,NA,NA,NA,NA,"Manam","New Guinea-NE of","Papua New Guinea",-4.08,145.037,1807,"Stratovolcano","true",2,"",2,1,NA,NA,NA,NA,NA,NA,NA,NA,2,1,NA,NA,NA,NA,NA,NA,NA,NA
1900,1,22,NA,NA,"Asamayama","Honshu-Japan","Japan",36.406,138.523,2568,"Complex volcano","true",2,"",25,1,NA,NA,NA,NA,NA,NA,NA,NA,25,1,NA,NA,NA,NA,NA,NA,NA,NA
1900,2,16,NA,NA,"Kirishimayama","Kyushu-Japan","Japan",31.934,130.862,1700,"Shield volcano","true",2,"",2,1,NA,NA,3,1,NA,NA,NA,NA,2,1,NA,NA,3,1,NA,NA,NA,NA
1900,7,17,NA,NA,"Adatarayama","Honshu-Japan","Japan",37.647,140.281,1728,"Stratovolcano","true",2,"T",72,2,NA,NA,10,1,NA,NA,NA,NA,72,2,NA,NA,10,1,NA,NA,NA,NA
1900,NA,NA,NA,NA,"Bora-Bericha-Tullu Moye","Africa-NE","Ethiopia",8.211,39.081,2345,"Pumice cone","true",NA,"",NA,NA,NA,NA,NA,NA,NA,1,NA,NA,NA,NA,NA,NA,NA,NA,NA,NA,NA,NA
1901,5,22,NA,NA,"Kelud","Java","Indonesia",-7.935,112.314,1730,"Stratovolcano","true",3,"",NA,2,NA,NA,NA,NA,NA,NA,NA,NA,NA,2,NA,NA,NA,NA,NA,NA,NA,NA
1901,8,9,1280,2595,"East Epi","Vanuatu-SW Pacific","Vanuatu",-16.68,168.389,833,"Stratovolcano","true",NA,"W",NA,NA,NA,NA,NA,NA,NA,NA,NA,NA,NA,1,NA,NA,NA,NA,NA,2,NA,NA
1902,5,5,2881,NA,"Pelee","W Indies","Martinique",14.809,-61.166,1372,"Stratovolcano","true",4,"W,M",23,1,NA,NA,NA,NA,NA,NA,NA,NA,23,1,NA,NA,NA,NA,NA,NA,NA,NA
1902,5,7,2873,NA,"Soufriere St. Vincent","W Indies","St. Vincent & the Grenadines",13.33,-61.18,1220,"Stratovolcano","true",4,"P",1680,4,NA,NA,NA,3,NA,1,NA,NA,1680,4,NA,NA,NA,3,NA,1,NA,NA
1902,5,8,1288,NA,"Pelee","W Indies","Martinique",14.809,-61.166,1372,"Stratovolcano","true",4,"P",28000,4,NA,NA,NA,NA,NA,NA,NA,NA,28000,4,NA,NA,NA,NA,NA,NA,NA,NA
1902,5,20,2433,NA,"Pelee","W Indies","Martinique",14.809,-61.166,1372,"Stratovolcano","true",4,"",NA,NA,NA,NA,NA,NA,NA,NA,NA,NA,NA,NA,NA,NA,NA,NA,NA,1,20,1
1902,6,6,5696,NA,"Pelee","W Indies","Martinique",14.809,-61.166,1372,"Stratovolcano","true",4,"W,P",NA,NA,NA,NA,NA,NA,NA,NA,NA,NA,NA,NA,NA,NA,NA,NA,NA,NA,NA,NA
1902,7,10,5697,NA,"Pelee","W Indies","Martinique",14.809,-61.166,1372,"Stratovolcano","true",4,"P,W",NA,NA,NA,NA,NA,NA,NA,NA,NA,NA,NA,NA,NA,NA,NA,NA,NA,NA,NA,NA
1902,8,7,NA,NA,"Izu-Torishima","Izu Is-Japan","Japan",30.484,140.303,394,"Stratovolcano","true",3,"",125,3,NA,NA,NA,NA,NA,NA,NA,NA,125,3,NA,NA,NA,NA,NA,NA,NA,NA
1902,8,30,1291,NA,"Pelee","W Indies","Martinique",14.809,-61.166,1372,"Stratovolcano","true",4,"P",1500,4,NA,NA,NA,NA,NA,NA,NA,NA,1500,4,NA,NA,NA,NA,NA,NA,NA,NA
1902,10,25,NA,NA,"Santa Maria","Guatemala","Guatemala",14.757,-91.552,3745,"Stratovolcano","true",6,"T,G",2500,4,NA,NA,NA,NA,NA,2,NA,2,10000,4,NA,NA,NA,NA,NA,2,NA,2
1902,12,NA,NA,NA,"Merapi","Java","Indonesia",-7.54,110.446,2910,"Stratovolcano","true",2,"P",16,1,NA,NA,45,1,NA,NA,NA,2,16,1,NA,NA,45,1,NA,NA,NA,2
1903,8,30,NA,NA,"Okataina","New Zealand","New Zealand",-38.157,176.507,1111,"Lava dome","true",1,"T",4,1,NA,NA,NA,NA,NA,NA,NA,NA,4,1,NA,NA,NA,NA,NA,NA,NA,NA
1904,1,30,NA,NA,"Merapi","Java","Indonesia",-7.54,110.446,2910,"Stratovolcano","true",2,"P",16,1,NA,NA,45,1,NA,NA,NA,NA,16,1,NA,NA,45,1,NA,NA,NA,NA
1904,2,25,NA,NA,"Karthala","Indian O-W","Comoros",-11.75,43.38,2361,"Shield volcano","true",2,"L",1,1,NA,NA,NA,NA,NA,1,NA,NA,1,1,NA,NA,NA,NA,NA,1,NA,NA
1905,3,10,NA,NA,"Vesuvius","Italy","Italy",40.821,14.426,1281,"Complex volcano","true",2,"T",1,1,NA,NA,1,1,NA,NA,NA,NA,1,1,NA,NA,1,1,NA,NA,NA,NA
1905,8,4,1326,NA,"Savaii","Samoa-SW Pacific","Samoa",-13.612,-172.525,1858,"Shield volcano","true",2,"",NA,NA,NA,NA,NA,NA,NA,3,NA,3,NA,NA,NA,NA,NA,NA,NA,3,NA,3
1906,4,4,3413,NA,"Vesuvius","Italy","Italy",40.821,14.426,1281,"Complex volcano","true",3,"T,L",350,3,NA,NA,300,3,NA,NA,NA,NA,350,3,NA,NA,300,3,NA,NA,NA,NA
1906,11,28,1346,NA,"Savaii","Samoa-SW Pacific","Samoa",-13.612,-172.525,1858,"Shield volcano","true",2,"W",NA,NA,NA,NA,NA,NA,NA,NA,NA,NA,NA,NA,NA,NA,NA,NA,NA,NA,NA,NA
1907,6,8,1356,NA,"Savaii","Samoa-SW Pacific","Samoa",-13.612,-172.525,1858,"Shield volcano","true",2,"W",NA,NA,NA,NA,NA,NA,NA,NA,NA,NA,NA,NA,NA,NA,NA,NA,NA,NA,NA,NA
1907,6,19,1357,NA,"Savaii","Samoa-SW Pacific","Samoa",-13.612,-172.525,1858,"Shield volcano","true",2,"W",NA,NA,NA,NA,NA,NA,NA,NA,NA,NA,NA,NA,NA,NA,NA,NA,NA,NA,NA,NA
1907,6,27,1358,NA,"Savaii","Samoa-SW Pacific","Samoa",-13.612,-172.525,1858,"Shield volcano","true",2,"W",NA,NA,NA,NA,NA,NA,NA,NA,NA,NA,NA,NA,NA,NA,NA,NA,NA,NA,NA,NA
1907,7,9,1359,NA,"Savaii","Samoa-SW Pacific","Samoa",-13.612,-172.525,1858,"Shield volcano","true",2,"W",NA,NA,NA,NA,NA,NA,NA,NA,NA,NA,NA,NA,NA,NA,NA,NA,NA,NA,NA,NA
1907,7,25,1360,NA,"Savaii","Samoa-SW Pacific","Samoa",-13.612,-172.525,1858,"Shield volcano","true",2,"W",NA,NA,NA,NA,NA,NA,NA,NA,NA,NA,NA,NA,NA,NA,NA,NA,NA,NA,NA,NA
1907,7,NA,1365,10011,"Unnamed","Tonga-SW Pacific","Tonga",-21.338,-175.65,-68,"Submarine volcano","true",0,"",NA,NA,NA,NA,NA,NA,NA,NA,NA,NA,NA,NA,NA,NA,NA,NA,NA,NA,NA,NA
1907,8,4,NA,NA,"Alayta","Africa-NE","Ethiopia",12.888,40.573,1496,"Shield volcano","true",2,"",NA,1,NA,NA,NA,NA,NA,NA,NA,NA,NA,1,NA,NA,NA,NA,NA,NA,NA,NA
1907,9,28,NA,NA,"Lewotobi","Lesser Sunda Is","Indonesia",-8.542,122.775,1703,"Stratovolcano","true",2,"",1,1,NA,NA,NA,1,NA,NA,NA,NA,1,1,NA,NA,NA,1,NA,NA,NA,NA
1907,10,6,1363,NA,"Savaii","Samoa-SW Pacific","Samoa",-13.612,-172.525,1858,"Shield volcano","true",NA,"",NA,NA,NA,NA,NA,NA,NA,3,NA,3,NA,NA,NA,NA,NA,NA,NA,3,NA,3
1909,4,28,NA,8158,"Cameroon","Africa-W","Cameroon",4.203,9.17,4095,"Stratovolcano","true",2,"",NA,NA,NA,NA,NA,NA,NA,NA,NA,NA,NA,NA,NA,NA,NA,NA,NA,NA,NA,NA
1909,8,29,NA,NA,"Semeru","Java","Indonesia",-8.108,112.922,3657,"Stratovolcano","true",2,"m",221,3,NA,NA,NA,NA,NA,1,NA,NA,221,3,NA,NA,NA,NA,NA,1,NA,NA
1910,7,25,NA,NA,"Toya","Hokkaido-Japan","Japan",42.544,140.839,733,"Stratovolcano","true",2,"M",1,1,NA,NA,NA,NA,NA,NA,NA,NA,1,1,NA,NA,NA,NA,NA,NA,NA,NA
1911,1,30,1392,8391,"Taal","Luzon-Philippines","Philippines",14.011,120.998,311,"Stratovolcano","true",3,"P,W",1335,4,NA,NA,199,3,NA,3,543,3,1335,4,NA,NA,199,3,NA,3,543,3
1911,5,8,NA,NA,"Asamayama","Honshu-Japan","Japan",36.406,138.523,2568,"Complex volcano","true",2,"T",1,1,NA,NA,2,1,NA,NA,60,2,1,1,NA,NA,2,1,NA,NA,60,2
1911,8,15,NA,NA,"Asamayama","Honshu-Japan","Japan",36.406,138.523,2568,"Complex volcano","true",2,"T",2,1,NA,NA,36,1,NA,NA,NA,NA,2,1,NA,NA,36,1,NA,NA,NA,NA
1911,11,3,1400,NA,"Piparo","Trinidad","Trinidad",10,-61,140,"Mud volcano","true",NA,"",NA,NA,NA,NA,NA,NA,NA,NA,NA,NA,NA,NA,NA,NA,NA,NA,NA,NA,NA,NA
1911,11,8,NA,NA,"Semeru","Java","Indonesia",-8.108,112.922,3657,"Stratovolcano","true",3,"",NA,NA,NA,NA,NA,NA,NA,1,NA,NA,NA,NA,NA,NA,NA,NA,NA,1,NA,NA
1912,9,6,NA,NA,"Novarupta","Alaska Peninsula","United States",58.266,-155.159,841,"Caldera","true",6,"T",2,1,NA,NA,NA,NA,NA,NA,NA,NA,2,1,NA,NA,NA,NA,NA,NA,NA,NA
1912,12,3,NA,NA,"Nyamulagira","Africa-C","Congo, DRC",-1.408,29.2,3058,"Shield volcano","true",3,"L",20,1,NA,NA,NA,NA,NA,NA,NA,NA,20,1,NA,NA,NA,NA,NA,NA,NA,NA
1913,1,20,NA,NA,"Colima","Mexico","Mexico",19.514,-103.62,3850,"Stratovolcano","true",4,"P,m",13,1,NA,NA,NA,NA,NA,NA,NA,NA,13,1,NA,NA,NA,NA,NA,NA,NA,NA
1913,3,14,1407,2973,"Awu","Sangihe Is-Indonesia","Indonesia",3.689,125.447,1318,"Stratovolcano","true",2,"",NA,NA,NA,NA,NA,NA,NA,NA,NA,NA,138,3,NA,NA,NA,2,NA,2,NA,3
1913,5,29,NA,NA,"Asamayama","Honshu-Japan","Japan",36.406,138.523,2568,"Complex volcano","true",1,"T",1,1,NA,NA,1,1,NA,NA,NA,NA,1,1,NA,NA,1,1,NA,NA,NA,NA
1913,6,23,NA,NA,"Semeru","Java","Indonesia",-8.108,112.922,3657,"Stratovolcano","true",2,"",NA,NA,NA,NA,NA,NA,NA,1,NA,NA,NA,NA,NA,NA,NA,NA,NA,1,NA,NA
1913,12,6,NA,NA,"Ambrym","Vanuatu-SW Pacific","Vanuatu",-16.25,168.12,1334,"Pyroclastic shield","true",3,"T",21,1,NA,NA,NA,NA,NA,3,NA,NA,21,1,NA,NA,NA,NA,NA,3,NA,NA
1914,1,12,1412,2994,"Aira","Kyushu-Japan","Japan",31.577,130.659,1117,"Stratovolcano","true",4,"I,S,A,T",28,1,NA,NA,NA,3,0.04,1,2148,4,63,2,NA,NA,112,3,19,3,2268,4
1914,NA,NA,NA,NA,"Witori","New Britain-SW Pac","Papua New Guinea",-5.575,150.516,724,"Caldera","true",3,"I",NA,1,NA,NA,NA,NA,NA,NA,NA,NA,NA,1,NA,NA,NA,NA,NA,NA,NA,NA
1914,NA,NA,NA,NA,"Ambae","Vanuatu-SW Pacific","Vanuatu",-15.389,167.835,1496,"Shield volcano","true",NA,"L",100,2,NA,NA,NA,NA,NA,NA,NA,NA,100,2,NA,NA,NA,NA,NA,NA,NA,NA
1915,6,19,5972,NA,"Myojinsho","Izu Is-Japan","Japan",31.888,139.918,11,"Submarine volcano","true",0,"W",NA,NA,NA,NA,NA,NA,NA,NA,NA,NA,NA,NA,NA,NA,NA,NA,NA,NA,NA,NA
1916,3,3,NA,NA,"Tungurahua","Ecuador","Ecuador",-1.467,-78.442,5023,"Stratovolcano","true",4,"",NA,NA,NA,NA,NA,NA,NA,NA,NA,NA,NA,NA,NA,NA,NA,NA,NA,NA,NA,NA
1916,7,3,3147,NA,"Stromboli","Italy","Italy",38.789,15.213,924,"Stratovolcano","true",3,"",NA,NA,NA,NA,NA,NA,NA,NA,NA,NA,NA,NA,NA,NA,NA,NA,NA,1,NA,NA
1917,1,1,NA,NA,"Lengai, Ol Doinyo","Africa-E","Tanzania",-2.764,35.914,2962,"Stratovolcano","true",3,"",NA,NA,NA,NA,NA,NA,NA,1,NA,NA,NA,NA,NA,NA,NA,NA,NA,1,NA,NA
1917,4,1,NA,NA,"Okataina","New Zealand","New Zealand",-38.157,176.507,1111,"Lava dome","true",1,"T",2,1,NA,NA,3,1,NA,NA,NA,NA,2,1,NA,NA,3,1,NA,NA,NA,NA
1917,4,NA,NA,NA,"Calbuco","Chile-S","Chile",-41.33,-72.618,1974,"Stratovolcano","true",3,"",NA,NA,NA,NA,NA,NA,NA,NA,NA,NA,NA,NA,NA,NA,NA,NA,NA,NA,NA,NA
1917,6,7,NA,6877,"San Salvador","El Salvador","El Salvador",13.734,-89.294,1893,"Stratovolcano","true",3,"S,L",325,3,NA,NA,NA,NA,NA,NA,NA,NA,325,3,NA,NA,NA,NA,NA,NA,NA,NA
1918,7,18,1454,NA,"Banua Wuhu","Sangihe Is-Indonesia","Indonesia",3.138,125.491,-5,"Submarine volcano","true",3,"",NA,NA,NA,NA,NA,NA,NA,NA,NA,NA,NA,NA,NA,NA,NA,NA,NA,NA,NA,NA
1918,10,12,1452,NA,"Katla","Iceland-S","Iceland",63.633,-19.083,1490,"Subglacial volcano","true",4,"",NA,NA,NA,NA,NA,NA,NA,1,NA,NA,NA,NA,NA,NA,NA,NA,NA,1,NA,NA
1919,2,19,NA,NA,"Popocatepetl","Mexico","Mexico",19.023,-98.622,5393,"Stratovolcano","true",1,"A",NA,2,NA,NA,NA,NA,NA,NA,NA,NA,NA,2,NA,NA,NA,NA,NA,NA,NA,NA
1919,4,3,3511,NA,"Banua Wuhu","Sangihe Is-Indonesia","Indonesia",3.138,125.491,-5,"Submarine volcano","true",3,"",NA,NA,NA,NA,NA,NA,NA,1,NA,1,NA,NA,NA,NA,NA,NA,NA,1,NA,1
1919,5,19,NA,NA,"Kelud","Java","Indonesia",-7.935,112.314,1730,"Stratovolcano","true",4,"M",5110,4,NA,NA,NA,NA,NA,NA,9000,4,5110,4,NA,NA,NA,NA,NA,NA,9000,4
1919,5,22,1476,NA,"Stromboli","Italy","Italy",38.789,15.213,924,"Stratovolcano","true",3,"T",4,1,NA,NA,NA,3,NA,1,10,1,4,1,NA,NA,NA,3,NA,1,10,1
1919,9,29,1478,NA,"Mauna Loa","Hawaiian Is","United States",19.475,-155.608,4170,"Shield volcano","true",0,"",NA,NA,NA,NA,NA,NA,NA,NA,NA,NA,NA,NA,NA,NA,NA,NA,NA,NA,NA,NA
1920,7,25,NA,NA,"Merapi","Java","Indonesia",-7.54,110.446,2910,"Stratovolcano","true",2,"P",35,1,NA,NA,NA,NA,NA,NA,NA,NA,35,1,NA,NA,NA,NA,NA,NA,NA,NA
1920,10,29,NA,NA,"Izalco","El Salvador","El Salvador",13.813,-89.633,1950,"Stratovolcano","true",3,"P",NA,1,NA,NA,NA,NA,NA,NA,NA,NA,NA,1,NA,NA,NA,NA,NA,NA,NA,NA
1923,3,2,5720,10435,"Cendres, Ile des","SE Asia","Vietnam",10.158,109.014,-20,"Submarine volcanoes","true",2,"L",NA,NA,NA,NA,NA,NA,NA,NA,NA,NA,NA,NA,NA,NA,NA,NA,NA,1,NA,NA
1923,7,1,NA,NA,"Kirishimayama","Kyushu-Japan","Japan",31.934,130.862,1700,"Shield volcano","true",2,"",1,1,NA,NA,NA,NA,NA,NA,NA,NA,1,1,NA,NA,NA,NA,NA,NA,NA,NA
1924,5,10,NA,NA,"Kilauea","Hawaiian Is","United States",19.421,-155.287,1222,"Shield volcano","true",2,"T",1,1,NA,NA,NA,NA,NA,NA,NA,NA,1,1,NA,NA,NA,NA,NA,NA,NA,NA
1924,12,18,NA,NA,"Papandayan","Java","Indonesia",-7.32,107.73,2665,"Stratovolcano","true",1,"G",1,1,NA,NA,NA,NA,NA,NA,NA,NA,1,1,NA,NA,NA,NA,NA,NA,NA,NA
1926,1,23,NA,NA,"Santorini","Greece","Greece",36.404,25.396,367,"Shield volcano","true",2,"S",48,1,NA,NA,NA,NA,NA,NA,NA,NA,48,1,NA,NA,NA,NA,NA,NA,NA,NA
1926,5,24,NA,NA,"Tokachidake","Hokkaido-Japan","Japan",43.418,142.686,2077,"Stratovolcano","true",3,"M,T",144,3,NA,NA,207,3,NA,NA,5080,4,144,3,NA,NA,207,3,NA,NA,5080,4
1926,9,8,NA,NA,"Tokachidake","Hokkaido-Japan","Japan",43.418,142.686,2077,"Stratovolcano","true",3,"",NA,NA,2,1,NA,NA,NA,NA,NA,NA,NA,NA,2,1,NA,NA,NA,NA,NA,NA
1927,9,5,NA,NA,"Esjufjoll","Iceland-SE","Iceland",64.25,-16.583,1620,"Stratovolcano","true",1,"M",1,1,NA,NA,NA,NA,NA,NA,NA,NA,1,1,NA,NA,NA,NA,NA,NA,NA,NA
1928,1,NA,NA,NA,"Mayon","Luzon-Philippines","Philippines",13.257,123.685,2462,"Stratovolcano","true",3,"P",NA,1,NA,NA,NA,NA,NA,NA,NA,NA,NA,1,NA,NA,NA,NA,NA,NA,NA,NA
1928,3,26,1593,NA,"Krakatau","Indonesia","Indonesia",-6.101,105.423,285,"Caldera","true",2,"",NA,NA,NA,NA,NA,NA,NA,NA,NA,NA,NA,NA,NA,NA,NA,NA,NA,NA,NA,NA
1928,5,13,NA,NA,"Dieng Volcanic Complex","Java","Indonesia",-7.2,109.879,2565,"Complex volcano","true",2,"T",40,1,NA,NA,NA,NA,NA,NA,NA,NA,40,1,NA,NA,NA,NA,NA,NA,NA,NA
1928,8,4,1607,NA,"Paluweh","Lesser Sunda Is","Indonesia",-8.32,121.708,875,"Stratovolcano","true",3,"W,T",98,2,NA,NA,NA,NA,NA,1,NA,NA,226,3,NA,NA,200,3,NA,2,NA,2
1928,11,8,NA,NA,"Etna","Italy","Italy",37.748,14.999,3357,"Stratovolcano","true",1,"L",5,1,NA,NA,NA,NA,NA,NA,NA,NA,5,1,NA,NA,NA,NA,NA,NA,NA,NA
1929,1,6,NA,NA,"Calbuco","Chile-S","Chile",-41.33,-72.618,1974,"Stratovolcano","true",3,"",NA,NA,NA,NA,NA,NA,NA,NA,NA,NA,NA,NA,NA,NA,NA,NA,NA,NA,NA,NA
1929,6,17,NA,NA,"Hokkaido-Komagatake","Hokkaido-Japan","Japan",42.063,140.677,1131,"Stratovolcano","true",4,"T",2,1,NA,NA,4,1,NA,NA,1915,4,2,1,NA,NA,4,1,NA,NA,1915,4
1929,8,2,NA,NA,"Etna","Italy","Italy",37.748,14.999,3357,"Stratovolcano","true",1,"T",2,1,NA,NA,NA,NA,NA,NA,NA,NA,2,1,NA,NA,NA,NA,NA,NA,NA,NA
1929,11,2,NA,NA,"Santa Maria","Guatemala","Guatemala",14.757,-91.552,3745,"Stratovolcano","true",3,"P,M",200,3,NA,NA,NA,NA,NA,NA,NA,NA,200,3,NA,NA,NA,NA,NA,NA,NA,NA
1930,3,17,1624,NA,"Krakatau","Indonesia","Indonesia",-6.101,105.423,285,"Caldera","true",2,"",NA,NA,NA,NA,NA,NA,NA,NA,NA,NA,NA,NA,NA,NA,NA,NA,NA,NA,NA,NA
1930,8,20,NA,NA,"Asamayama","Honshu-Japan","Japan",36.406,138.523,2568,"Complex volcano","true",3,"T",6,1,NA,NA,NA,NA,NA,NA,NA,NA,6,1,NA,NA,NA,NA,NA,NA,NA,NA
1930,9,11,4218,NA,"Stromboli","Italy","Italy",38.789,15.213,924,"Stratovolcano","true",3,"P,W,T",5,1,NA,NA,20,1,NA,2,NA,NA,6,1,NA,NA,20,1,NA,2,NA,NA
1930,12,18,NA,NA,"Merapi","Java","Indonesia",-7.54,110.446,2910,"Stratovolcano","true",3,"P,M",1369,4,NA,NA,NA,NA,NA,3,1109,4,1369,4,NA,NA,NA,NA,NA,3,1109,4
1931,8,20,NA,NA,"Asamayama","Honshu-Japan","Japan",36.406,138.523,2568,"Complex volcano","true",3,"",3,1,NA,NA,NA,NA,NA,NA,NA,NA,3,1,NA,NA,NA,NA,NA,NA,NA,NA
1932,1,21,NA,NA,"Fuego","Guatemala","Guatemala",14.473,-90.88,3763,"Stratovolcano","true",4,"",NA,1,NA,NA,NA,NA,NA,NA,NA,NA,NA,1,NA,NA,NA,NA,NA,NA,NA,NA
1932,10,1,NA,NA,"Kusatsu-Shiranesan","Honshu-Japan","Japan",36.618,138.528,2165,"Stratovolcano","true",3,"M",2,1,NA,NA,7,1,NA,NA,NA,NA,2,1,NA,NA,7,1,NA,NA,NA,NA
1933,1,8,1657,NA,"Kharimkotan","Kuril Is","Russia",49.12,154.508,1145,"Stratovolcano","true",5,"W",NA,NA,NA,NA,NA,NA,NA,NA,NA,NA,2,1,NA,NA,NA,NA,NA,NA,NA,NA
1933,12,24,NA,NA,"Kuchinoerabujima","Ryukyu Is","Japan",30.443,130.217,657,"Stratovolcano","true",4,"T",8,1,NA,NA,26,1,NA,NA,NA,NA,8,1,NA,NA,26,1,NA,NA,NA,NA
1933,12,25,1666,NA,"Bulusan","Luzon-Philippines","Philippines",12.769,124.056,1535,"Stratovolcano","true",2,"",NA,NA,NA,NA,NA,NA,NA,NA,NA,NA,9,1,NA,NA,NA,NA,NA,3,NA,NA
1936,7,29,NA,NA,"Asamayama","Honshu-Japan","Japan",36.406,138.523,2568,"Complex volcano","true",3,"P,T",2,1,NA,NA,NA,NA,NA,NA,NA,NA,2,1,NA,NA,NA,NA,NA,NA,NA,NA
1937,2,9,NA,NA,"Llaima","Chile-C","Chile",-38.692,-71.729,3125,"Stratovolcano","true",2,"F",3,1,NA,NA,NA,NA,NA,1,NA,NA,3,1,NA,NA,NA,NA,NA,1,NA,NA
1937,5,29,1698,10010,"Rabaul","New Britain-SW Pac","Papua New Guinea",-4.246,152.194,688,"Pyroclastic shield","true",4,"P,T,W,I",507,3,NA,NA,NA,NA,NA,1,NA,1,507,3,NA,NA,NA,NA,NA,1,NA,1
1938,1,28,3638,NA,"Nyamulagira","Africa-C","Congo, DRC",-1.408,29.2,3058,"Shield volcano","true",1,"",NA,NA,NA,NA,NA,NA,NA,1,NA,NA,NA,NA,NA,NA,NA,NA,NA,1,NA,NA
1938,6,5,NA,NA,"Mayon","Luzon-Philippines","Philippines",13.257,123.685,2462,"Stratovolcano","true",2,"",NA,1,NA,NA,NA,NA,NA,NA,NA,NA,NA,1,NA,NA,NA,NA,NA,NA,NA,NA
1938,7,16,NA,NA,"Asamayama","Honshu-Japan","Japan",36.406,138.523,2568,"Complex volcano","true",1,"T",NA,1,NA,NA,NA,NA,NA,NA,NA,NA,NA,1,NA,NA,NA,NA,NA,NA,NA,NA
1939,7,24,5694,NA,"Kick 'em Jenny","W Indies","Netherlands",12.3,-61.64,-185,"Submarine volcano","true",1,"T",NA,NA,NA,NA,NA,NA,NA,NA,NA,NA,NA,NA,NA,NA,NA,NA,NA,NA,NA,NA
1939,8,17,NA,NA,"Izu-Torishima","Izu Is-Japan","Japan",30.484,140.303,394,"Stratovolcano","true",2,"",2,1,NA,NA,NA,NA,NA,NA,NA,NA,2,1,NA,NA,NA,NA,NA,NA,NA,NA
1939,10,13,NA,NA,"Dieng Volcanic Complex","Java","Indonesia",-7.2,109.879,2565,"Complex volcano","true",1,"T",10,1,NA,NA,NA,NA,NA,1,NA,NA,10,1,NA,NA,NA,NA,NA,1,NA,NA
1940,6,20,NA,NA,"Karangetang","Sangihe Is-Indonesia","Indonesia",2.781,125.407,1797,"Stratovolcano","true",2,"",1,1,NA,NA,2,1,NA,NA,NA,NA,1,1,NA,NA,2,1,NA,NA,NA,NA
1940,7,12,NA,NA,"Miyakejima","Izu Is-Japan","Japan",34.094,139.526,775,"Stratovolcano","true",2,"L",11,1,NA,NA,20,1,NA,NA,24,1,11,1,NA,NA,20,1,NA,NA,24,1
1940,7,24,NA,NA,"Lengai, Ol Doinyo","Africa-E","Tanzania",-2.764,35.914,2962,"Stratovolcano","true",2,"",NA,NA,NA,NA,NA,NA,NA,1,NA,NA,NA,NA,NA,NA,NA,NA,NA,1,NA,NA
1941,7,13,NA,NA,"Asamayama","Honshu-Japan","Japan",36.406,138.523,2568,"Complex volcano","true",2,"T",1,1,NA,NA,1,1,NA,NA,NA,NA,1,1,NA,NA,1,1,NA,NA,NA,NA
1941,9,21,NA,NA,"Semeru","Java","Indonesia",-8.108,112.922,3657,"Stratovolcano","true",2,"",NA,NA,NA,NA,NA,NA,NA,1,NA,NA,NA,NA,NA,NA,NA,NA,NA,1,NA,NA
1943,2,20,NA,NA,"Michoacan-Guanajuato","Mexico","Mexico",19.85,-101.75,3860,"Cinder cone","true",4,"E,I",3,1,NA,NA,NA,NA,NA,NA,NA,NA,103,1,NA,NA,NA,NA,NA,NA,NA,NA
1943,4,13,NA,NA,"Azul, Cerro","Galapagos","Ecuador",-0.92,-91.408,1640,"Shield volcano","true",3,"T",1,1,NA,NA,NA,NA,NA,NA,NA,NA,1,1,NA,NA,NA,NA,NA,NA,NA,NA
1944,3,27,NA,NA,"Vesuvius","Italy","Italy",40.821,14.426,1281,"Complex volcano","true",3,"T,L,I",27,1,NA,NA,NA,NA,NA,NA,NA,NA,27,1,NA,NA,NA,NA,NA,NA,NA,NA
1944,6,10,NA,NA,"Cleveland","Aleutian Is","United States",52.825,-169.944,1730,"Stratovolcano","true",3,"T",1,1,NA,NA,NA,NA,NA,NA,NA,NA,1,1,NA,NA,NA,NA,NA,NA,NA,NA
1944,7,11,NA,NA,"Toya","Hokkaido-Japan","Japan",42.544,140.839,733,"Stratovolcano","true",NA,"P",1,1,NA,NA,NA,NA,NA,NA,NA,NA,1,1,NA,NA,NA,NA,NA,NA,NA,NA
1944,8,20,4227,NA,"Stromboli","Italy","Italy",38.789,15.213,924,"Stratovolcano","true",2,"W",NA,NA,NA,NA,NA,NA,NA,NA,NA,NA,NA,NA,NA,NA,NA,NA,NA,1,1,1
1944,8,26,NA,NA,"Toya","Hokkaido-Japan","Japan",42.544,140.839,733,"Stratovolcano","true",2,"G",1,1,NA,NA,NA,NA,NA,NA,1,1,1,1,NA,NA,NA,NA,NA,NA,1,1
1944,12,4,NA,NA,"Dieng Volcanic Complex","Java","Indonesia",-7.2,109.879,2565,"Complex volcano","true",2,"T",117,3,NA,NA,250,3,NA,NA,NA,NA,117,3,NA,NA,250,3,NA,NA,NA,NA
1944,12,28,NA,NA,"Toya","Hokkaido-Japan","Japan",42.544,140.839,733,"Stratovolcano","true",2,"T",1,1,NA,NA,NA,NA,NA,NA,NA,NA,1,1,NA,NA,NA,NA,NA,NA,NA,NA
1946,1,NA,NA,NA,"Aira","Kyushu-Japan","Japan",31.577,130.659,1117,"Stratovolcano","true",2,"",1,1,NA,NA,NA,NA,NA,NA,NA,NA,1,1,NA,NA,NA,NA,NA,NA,NA,NA
1946,2,NA,NA,NA,"Semeru","Java","Indonesia",-8.108,112.922,3657,"Stratovolcano","true",2,"F",6,1,NA,NA,NA,NA,NA,2,81,2,6,1,NA,NA,NA,NA,NA,2,81,2
1946,10,29,NA,NA,"Semeru","Java","Indonesia",-8.108,112.922,3657,"Stratovolcano","true",2,"",NA,NA,NA,NA,NA,NA,NA,1,NA,NA,NA,NA,NA,NA,NA,NA,NA,1,NA,NA
1946,11,13,1769,NA,"Sarychev Peak","Kuril Is","Russia",48.092,153.2,1496,"Stratovolcano","true",4,"",NA,NA,NA,NA,NA,NA,NA,NA,NA,NA,NA,NA,NA,NA,NA,NA,NA,NA,NA,NA
1947,1,7,NA,NA,"Mayon","Luzon-Philippines","Philippines",13.257,123.685,2462,"Stratovolcano","true",2,"",NA,1,NA,NA,NA,NA,NA,NA,NA,NA,NA,1,NA,NA,NA,NA,NA,NA,NA,NA
1947,8,14,NA,NA,"Asamayama","Honshu-Japan","Japan",36.406,138.523,2568,"Complex volcano","true",2,"",11,1,NA,NA,NA,NA,NA,NA,NA,NA,11,1,NA,NA,NA,NA,NA,NA,NA,NA
1947,11,2,NA,NA,"Hekla","Iceland-S","Iceland",63.983,-19.666,1490,"Stratovolcano","true",4,"L",1,1,NA,NA,NA,NA,NA,NA,NA,NA,1,1,NA,NA,NA,NA,NA,NA,NA,NA
1948,4,7,NA,NA,"Iliwerung","Lesser Sunda Is","Indonesia",-8.532,123.573,583,"Complex volcano","true",2,"",NA,NA,NA,NA,NA,NA,NA,2,NA,NA,NA,NA,NA,NA,NA,NA,NA,2,NA,NA
1949,1,1,NA,NA,"Villarrica","Chile-C","Chile",-39.42,-71.93,2847,"Stratovolcano","true",3,"M",54,2,NA,NA,NA,NA,NA,2,NA,NA,54,2,NA,NA,NA,NA,NA,2,NA,NA
1949,5,26,NA,NA,"Purace","Colombia","Colombia",2.32,-76.4,4650,"Stratovolcano","true",2,"T",17,1,NA,NA,NA,NA,NA,NA,NA,NA,17,1,NA,NA,NA,NA,NA,NA,NA,NA
1949,6,NA,NA,NA,"Camiguin","Mindanao-Philippines","Philippines",9.203,124.673,1552,"Stratovolcano","true",3,"P",2,1,NA,NA,NA,NA,NA,NA,NA,NA,2,1,NA,NA,NA,NA,NA,NA,NA,NA
1950,8,28,NA,NA,"Semeru","Java","Indonesia",-8.108,112.922,3657,"Stratovolcano","true",1,"P",6,1,NA,NA,NA,NA,NA,NA,NA,NA,6,1,NA,NA,NA,NA,NA,NA,NA,NA
1950,9,15,NA,NA,"Camiguin","Mindanao-Philippines","Philippines",9.203,124.673,1552,"Stratovolcano","true",3,"P",68,2,NA,NA,NA,NA,NA,NA,NA,NA,68,2,NA,NA,NA,NA,NA,NA,NA,NA
1950,9,23,NA,NA,"Asamayama","Honshu-Japan","Japan",36.406,138.523,2568,"Complex volcano","true",2,"T",1,1,NA,NA,1,1,NA,NA,NA,1,1,1,NA,NA,1,1,NA,NA,NA,1
1951,1,21,NA,NA,"Lamington","New Guinea","Papua New Guinea",-8.95,148.15,1680,"Stratovolcano","true",4,"P",2942,4,NA,NA,NA,2,NA,NA,NA,NA,2942,4,NA,NA,NA,2,NA,NA,NA,NA
1951,8,3,3383,3974,"Cosiguina","Nicaragua","Nicaragua",12.98,-87.57,872,"Stratovolcano","true",NA,"",NA,NA,NA,NA,NA,NA,NA,NA,NA,NA,NA,NA,NA,NA,NA,NA,NA,3,NA,2
1951,8,31,NA,NA,"Kelud","Java","Indonesia",-7.935,112.314,1730,"Stratovolcano","true",4,"",7,1,NA,NA,NA,NA,NA,NA,NA,NA,7,1,NA,NA,NA,NA,NA,NA,NA,NA
1951,12,4,NA,NA,"Camiguin","Mindanao-Philippines","Philippines",9.203,124.673,1552,"Stratovolcano","true",3,"P",500,3,1500,4,NA,NA,NA,NA,NA,NA,500,3,1500,4,NA,NA,NA,NA,NA,NA
1951,NA,NA,1816,NA,"Kavachi","Solomon Is-SW Pacifi","Solomon Is.",-8.991,157.979,-20,"Submarine volcano","true",2,"",NA,NA,NA,NA,NA,NA,NA,NA,NA,NA,NA,NA,NA,NA,NA,NA,NA,NA,NA,NA
1952,9,16,1824,NA,"Myojinsho","Izu Is-Japan","Japan",31.888,139.918,11,"Submarine volcano","true",2,"",NA,NA,NA,NA,NA,NA,NA,NA,NA,NA,NA,NA,NA,NA,NA,NA,NA,NA,NA,NA
1952,9,17,5928,NA,"Myojinsho","Izu Is-Japan","Japan",31.888,139.918,11,"Submarine volcano","true",2,"",NA,NA,NA,NA,NA,NA,NA,NA,NA,NA,NA,NA,NA,NA,NA,NA,NA,NA,NA,NA
1952,9,23,1825,NA,"Myojinsho","Izu Is-Japan","Japan",31.888,139.918,11,"Submarine volcano","true",2,"",NA,NA,NA,NA,NA,NA,NA,NA,NA,NA,NA,NA,NA,NA,NA,NA,NA,NA,NA,NA
1952,9,24,1826,NA,"Myojinsho","Izu Is-Japan","Japan",31.888,139.918,11,"Submarine volcano","true",2,"P",31,1,NA,NA,NA,NA,NA,1,NA,NA,31,1,NA,NA,NA,NA,NA,1,NA,NA
1952,9,26,1827,NA,"Myojinsho","Izu Is-Japan","Japan",31.888,139.918,11,"Submarine volcano","true",2,"",NA,NA,NA,NA,NA,NA,NA,NA,NA,NA,NA,NA,NA,NA,NA,NA,NA,NA,NA,NA
1952,NA,NA,NA,NA,"Ambalatungan Group","Luzon-Philippines","Philippines",17.32,121.1,2329,"Compound volcano","true",1,"",12,1,NA,NA,NA,NA,NA,NA,NA,NA,12,1,NA,NA,NA,NA,NA,NA,NA,NA
1953,3,11,1833,NA,"Myojinsho","Izu Is-Japan","Japan",31.888,139.918,11,"Submarine volcano","true",2,"",NA,NA,NA,NA,NA,NA,NA,NA,NA,NA,NA,NA,NA,NA,NA,NA,NA,NA,NA,NA
1953,3,25,5566,NA,"Myojinsho","Izu Is-Japan","Japan",31.888,139.918,11,"Submarine volcano","true",2,"",NA,NA,NA,NA,NA,NA,NA,NA,NA,NA,NA,NA,NA,NA,NA,NA,NA,NA,NA,NA
1953,4,27,NA,NA,"Asosan","Kyushu-Japan","Japan",32.885,131.085,1592,"Caldera","true",2,"T",6,1,NA,NA,NA,NA,NA,NA,NA,NA,6,1,NA,NA,NA,NA,NA,NA,NA,NA
1953,6,27,1838,NA,"St. Andrew Strait","Admiralty Is-SW Paci","Papua New Guinea",-2.38,147.35,270,"Complex volcano","true",0,"",NA,NA,NA,NA,NA,NA,NA,NA,NA,NA,NA,NA,NA,NA,NA,NA,NA,1,NA,NA
1953,6,NA,NA,NA,"Sirung","Lesser Sunda Is","Indonesia",-8.497,124.131,1347,"Complex volcano","true",0,"",5,1,NA,NA,1,1,NA,NA,NA,NA,5,1,NA,NA,1,1,NA,NA,NA,NA
1953,10,5,NA,NA,"Izu-Oshima","Izu Is-Japan","Japan",34.724,139.394,746,"Stratovolcano","true",1,"",1,1,NA,NA,NA,NA,NA,NA,NA,NA,1,1,NA,NA,NA,NA,NA,NA,NA,NA
1954,1,18,NA,NA,"Merapi","Java","Indonesia",-7.54,110.446,2910,"Stratovolcano","true",2,"P",64,2,NA,NA,57,2,NA,2,144,3,64,2,NA,NA,57,2,NA,2,144,3
1954,2,NA,3395,NA,"Stromboli","Italy","Italy",38.789,15.213,924,"Stratovolcano","true",NA,"W",NA,NA,NA,NA,NA,NA,NA,NA,NA,NA,NA,NA,NA,NA,NA,NA,NA,1,NA,NA
1954,8,3,NA,NA,"Bam","New Guinea-NE of","Papua New Guinea",-3.613,144.818,685,"Stratovolcano","true",2,"I",NA,NA,NA,NA,NA,2,NA,NA,NA,NA,25,1,NA,NA,NA,2,NA,NA,NA,NA
1954,NA,NA,NA,NA,"Camiguin","Mindanao-Philippines","Philippines",9.203,124.673,1552,"Stratovolcano","true",NA,"m",2,1,NA,NA,NA,NA,NA,NA,NA,NA,2,1,NA,NA,NA,NA,NA,NA,NA,NA
1955,7,26,NA,NA,"Carran-Los Venados","Chile-C","Chile",-40.35,-72.07,1114,"Pyroclastic cone","true",4,"G",2,1,NA,NA,NA,NA,NA,NA,NA,NA,2,1,NA,NA,NA,NA,NA,NA,NA,NA
1955,10,13,NA,NA,"Aira","Kyushu-Japan","Japan",31.577,130.659,1117,"Stratovolcano","true",3,"",NA,1,NA,NA,NA,NA,NA,NA,NA,NA,NA,1,NA,NA,NA,NA,NA,NA,NA,NA
1956,3,30,1856,NA,"Bezymianny","Kamchatka","Russia",55.972,160.595,2882,"Stratovolcano","true",5,"",NA,NA,NA,NA,NA,NA,NA,NA,NA,NA,NA,NA,NA,NA,NA,NA,NA,NA,NA,NA
1957,3,11,NA,4116,"Vsevidof","Aleutian Is","United States",53.13,-168.693,2149,"Stratovolcano","true",2,"",NA,NA,NA,NA,NA,NA,NA,NA,NA,NA,NA,NA,NA,NA,NA,NA,NA,NA,NA,NA
1957,7,NA,NA,NA,"Unzendake","Kyushu-Japan","Japan",32.761,130.299,1483,"Complex volcano","true",NA,"m",13,1,NA,NA,NA,NA,NA,NA,NA,NA,13,1,NA,NA,NA,NA,NA,NA,NA,NA
1957,10,13,NA,NA,"Izu-Oshima","Izu Is-Japan","Japan",34.724,139.394,746,"Stratovolcano","true",2,"T",1,1,NA,NA,53,2,NA,NA,NA,NA,1,1,NA,NA,53,2,NA,NA,NA,NA
1957,10,NA,NA,NA,"Asosan","Kyushu-Japan","Japan",32.885,131.085,1592,"Caldera","true",2,"T",12,1,NA,NA,NA,NA,NA,NA,NA,NA,12,1,NA,NA,NA,NA,NA,NA,NA,NA
1958,7,12,NA,NA,"Mahawu","Sulawesi-Indonesia","Indonesia",1.352,124.865,1299,"Stratovolcano","true",2,"M",1,1,NA,NA,10,1,NA,NA,NA,NA,1,1,NA,NA,10,1,NA,NA,NA,NA
1958,10,7,1882,NA,"Kuwae","Vanuatu-SW Pacific","Vanuatu",-16.83,168.523,-2,"Caldera","true",2,"",NA,NA,NA,NA,NA,NA,NA,NA,NA,NA,NA,NA,NA,NA,NA,NA,NA,NA,NA,NA
1960,5,25,1902,4227,"Puyehue-Cordon Caulle","Chile-C","Chile",-40.59,-72.117,2236,"Stratovolcano","true",3,"",NA,NA,NA,NA,NA,NA,NA,NA,NA,NA,NA,NA,NA,NA,NA,NA,NA,NA,NA,NA
1961,1,25,NA,NA,"Calbuco","Chile-S","Chile",-41.33,-72.618,1974,"Stratovolcano","true",3,"",NA,NA,NA,NA,NA,NA,NA,1,NA,NA,NA,NA,NA,NA,NA,NA,NA,NA,NA,NA
1961,5,8,NA,NA,"Merapi","Java","Indonesia",-7.54,110.446,2910,"Stratovolcano","true",3,"P",6,1,NA,NA,6,1,NA,2,NA,3,6,1,NA,NA,6,1,NA,2,NA,3
1961,8,18,NA,NA,"Asamayama","Honshu-Japan","Japan",36.406,138.523,2568,"Complex volcano","true",2,"T",1,1,NA,NA,NA,NA,NA,NA,NA,NA,1,1,NA,NA,NA,NA,NA,NA,NA,NA
1962,6,29,NA,NA,"Tokachidake","Hokkaido-Japan","Japan",43.418,142.686,2077,"Stratovolcano","true",3,"T",5,1,NA,NA,11,1,NA,NA,NA,NA,5,1,NA,NA,11,1,NA,NA,NA,NA
1962,12,31,NA,NA,"Gamalama","Halmahera-Indonesia","Indonesia",0.81,127.332,1714,"Stratovolcano","true",2,"",5,1,NA,NA,5,1,NA,NA,NA,NA,5,1,NA,NA,5,1,NA,NA,NA,NA
1963,3,17,NA,NA,"Irazu","Costa Rica","Costa Rica",9.979,-83.852,3436,"Stratovolcano","true",3,"T",15,1,NA,NA,NA,NA,NA,NA,NA,NA,15,1,NA,NA,NA,NA,NA,NA,NA,NA
1963,3,18,1942,NA,"Agung","Lesser Sunda Is","Indonesia",-8.343,115.508,2997,"Stratovolcano","true",5,"P,T,M,A",1028,4,NA,3,624,3,NA,NA,NA,NA,1028,4,NA,3,624,3,NA,NA,NA,NA
1963,5,5,NA,NA,"Semeru","Java","Indonesia",-8.108,112.922,3657,"Stratovolcano","true",2,"T",1,1,NA,NA,NA,NA,NA,NA,NA,NA,1,1,NA,NA,NA,NA,NA,NA,NA,NA
1963,5,16,NA,4292,"Agung","Lesser Sunda Is","Indonesia",-8.343,115.508,2997,"Stratovolcano","true",3,"",120,2,NA,NA,NA,NA,NA,NA,NA,NA,120,2,NA,NA,NA,NA,NA,NA,NA,NA
1963,5,21,NA,NA,"Villarrica","Chile-C","Chile",-39.42,-71.93,2847,"Stratovolcano","true",2,"M",NA,1,NA,NA,NA,NA,NA,NA,NA,NA,NA,1,NA,NA,NA,NA,NA,NA,NA,NA
1963,9,5,NA,NA,"Batur","Lesser Sunda Is","Indonesia",-8.24,115.378,1711,"Caldera","true",2,"",2,1,NA,NA,NA,NA,NA,NA,NA,1,2,1,NA,NA,NA,NA,NA,NA,NA,1
1963,9,28,NA,NA,"Fuego","Guatemala","Guatemala",14.473,-90.88,3763,"Stratovolcano","true",3,"M",7,1,NA,NA,NA,NA,NA,NA,NA,NA,7,1,NA,NA,NA,NA,NA,NA,NA,NA
1963,12,10,NA,NA,"Irazu","Costa Rica","Costa Rica",9.979,-83.852,3436,"Stratovolcano","true",3,"M,T",40,1,NA,NA,NA,1,NA,2,400,3,40,1,NA,NA,NA,1,NA,2,400,3
1964,1,1,NA,NA,"Paluweh","Lesser Sunda Is","Indonesia",-8.32,121.708,875,"Stratovolcano","true",2,"",1,1,NA,NA,3,1,NA,NA,NA,NA,1,1,NA,NA,3,1,NA,NA,NA,NA
1964,3,3,NA,NA,"Villarrica","Chile-C","Chile",-39.42,-71.93,2847,"Stratovolcano","true",2,"M",25,1,NA,NA,NA,NA,NA,NA,NA,NA,25,1,NA,NA,NA,NA,NA,NA,NA,NA
1964,12,13,NA,NA,"Dieng Volcanic Complex","Java","Indonesia",-7.2,109.879,2565,"Complex volcano","true",1,"",114,3,NA,NA,NA,NA,NA,NA,NA,NA,114,3,NA,NA,NA,NA,NA,NA,NA,NA
1965,9,28,1977,NA,"Taal","Luzon-Philippines","Philippines",14.011,120.998,311,"Stratovolcano","true",4,"P,W",355,3,NA,NA,NA,NA,NA,1,NA,1,355,3,NA,NA,NA,NA,NA,1,NA,1
1965,10,24,5695,NA,"Kick 'em Jenny","W Indies","Netherlands",12.3,-61.64,-185,"Submarine volcano","true",0,"",NA,NA,NA,NA,NA,NA,NA,NA,NA,NA,NA,NA,NA,NA,NA,NA,NA,NA,NA,NA
1966,1,13,5478,NA,"Tinakula","Santa Cruz Is-SW Pac","Solomon Is.",-10.386,165.804,796,"Stratovolcano","true",3,"",NA,NA,NA,NA,NA,NA,NA,NA,NA,NA,NA,NA,NA,NA,NA,NA,NA,NA,NA,NA
1966,4,26,NA,NA,"Kelud","Java","Indonesia",-7.935,112.314,1730,"Stratovolcano","true",4,"M,m,P",215,3,78,2,86,2,NA,NA,NA,NA,215,3,78,2,86,2,NA,NA,NA,NA
1966,8,12,NA,NA,"Awu","Sangihe Is-Indonesia","Indonesia",3.689,125.447,1318,"Stratovolcano","true",4,"P,M,I",39,1,NA,NA,1000,3,NA,NA,NA,2,39,1,NA,NA,1000,3,NA,NA,NA,2
1966,8,14,NA,NA,"Lengai, Ol Doinyo","Africa-E","Tanzania",-2.764,35.914,2962,"Stratovolcano","true",4,"",NA,NA,NA,NA,NA,NA,NA,1,NA,NA,NA,NA,NA,NA,NA,NA,NA,1,NA,NA
1966,11,6,NA,NA,"Rincon de la Vieja","Costa Rica","Costa Rica",10.83,-85.324,1916,"Complex volcano","true",3,"P,T,G",NA,NA,NA,NA,NA,NA,NA,1,NA,NA,NA,NA,NA,NA,NA,NA,NA,1,NA,NA
1967,7,8,NA,NA,"Lengai, Ol Doinyo","Africa-E","Tanzania",-2.764,35.914,2962,"Stratovolcano","true",3,"",NA,NA,NA,NA,NA,NA,NA,1,NA,NA,NA,NA,NA,NA,NA,NA,NA,1,NA,NA
1967,8,31,NA,NA,"Semeru","Java","Indonesia",-8.108,112.922,3657,"Stratovolcano","true",3,"M",3,1,NA,NA,NA,NA,NA,1,NA,NA,3,1,NA,NA,NA,NA,NA,1,NA,NA
1967,12,4,1992,NA,"Deception Island","Antarctica","Antarctica",-62.957,-60.637,602,"Caldera","true",3,"",NA,NA,NA,NA,NA,NA,NA,NA,NA,NA,NA,NA,NA,NA,NA,NA,NA,NA,NA,NA
1968,4,21,NA,NA,"Mayon","Luzon-Philippines","Philippines",13.257,123.685,2462,"Stratovolcano","true",3,"M,P",6,1,NA,NA,NA,NA,NA,NA,NA,NA,6,1,NA,NA,NA,NA,NA,NA,NA,NA
1968,7,29,NA,NA,"Arenal","Costa Rica","Costa Rica",10.463,-84.703,1670,"Stratovolcano","true",3,"P,T",80,2,NA,NA,NA,NA,NA,1,NA,NA,80,2,NA,NA,NA,NA,NA,1,NA,NA
1969,1,7,NA,NA,"Merapi","Java","Indonesia",-7.54,110.446,2910,"Stratovolcano","true",2,"P",3,1,NA,NA,NA,NA,NA,NA,NA,NA,3,1,NA,NA,NA,NA,NA,NA,NA,NA
1969,1,28,NA,NA,"Iya","Lesser Sunda Is","Indonesia",-8.891,121.641,618,"Stratovolcano","true",3,"T,m",2,1,NA,NA,10,1,NA,NA,287,3,2,1,NA,NA,10,1,NA,NA,287,3
1969,3,21,2872,NA,"Didicas","Luzon-N of","Philippines",19.077,122.202,228,"Compound volcano","true",2,"W",NA,NA,NA,NA,NA,NA,NA,NA,NA,NA,3,1,NA,NA,NA,NA,NA,NA,NA,NA
1970,5,5,NA,NA,"Hekla","Iceland-S","Iceland",63.983,-19.666,1490,"Stratovolcano","true",3,"",NA,NA,NA,NA,NA,NA,NA,1,NA,NA,NA,NA,NA,NA,NA,NA,NA,1,NA,NA
1971,8,12,NA,NA,"Hudson, Cerro","Chile-S","Chile",-45.9,-72.97,1905,"Stratovolcano","true",3,"M",5,1,NA,NA,NA,NA,NA,NA,NA,NA,3,1,NA,NA,NA,NA,NA,NA,NA,NA
1971,9,6,2043,NA,"Tinakula","Santa Cruz Is-SW Pac","Solomon Is.",-10.386,165.804,796,"Stratovolcano","true",2,"",NA,NA,NA,NA,NA,NA,NA,NA,NA,NA,NA,NA,NA,NA,NA,NA,NA,NA,NA,NA
1971,9,14,NA,NA,"Fuego","Guatemala","Guatemala",14.473,-90.88,3763,"Stratovolcano","true",3,"M,T",10,1,NA,NA,NA,NA,NA,NA,NA,NA,10,1,NA,NA,NA,NA,NA,NA,NA,NA
1971,10,28,NA,NA,"La Palma","Canary Is","Spain",28.57,-17.83,2426,"Stratovolcano","true",2,"",NA,1,NA,NA,NA,NA,NA,1,NA,NA,NA,1,NA,NA,NA,NA,NA,1,NA,NA
1971,10,29,NA,NA,"Villarrica","Chile-C","Chile",-39.42,-71.93,2847,"Stratovolcano","true",2,"M",15,1,NA,NA,NA,NA,NA,NA,NA,NA,15,1,NA,NA,NA,NA,NA,NA,NA,NA
1972,8,NA,NA,NA,"Fournaise, Piton de la","Indian O-W","Reunion",-21.244,55.708,2632,"Shield volcano","true",2,"I",3,1,NA,NA,NA,NA,NA,NA,NA,NA,3,1,NA,NA,NA,NA,NA,NA,NA,NA
1972,10,9,2054,NA,"Ritter Island","New Guinea-NE of","Papua New Guinea",-5.519,148.115,75,"Stratovolcano","true",1,"",NA,NA,NA,NA,NA,NA,NA,NA,NA,NA,NA,NA,NA,NA,NA,NA,NA,NA,NA,NA
1973,1,27,NA,NA,"Vestmannaeyjar","Iceland-S","Iceland",63.416,-20.266,283,"Submarine volcano","true",3,"G",1,1,NA,NA,NA,NA,NA,NA,300,3,1,1,NA,NA,NA,NA,NA,NA,300,3
1973,1,NA,NA,NA,"Paluweh","Lesser Sunda Is","Indonesia",-8.32,121.708,875,"Stratovolcano","true",3,"",NA,NA,NA,NA,NA,NA,NA,1,NA,1,NA,NA,NA,NA,NA,NA,NA,1,NA,1
1973,4,5,NA,NA,"Hudson, Cerro","Chile-S","Chile",-45.9,-72.97,1905,"Stratovolcano","true",NA,"M",2,1,NA,NA,NA,NA,NA,1,NA,1,2,1,NA,NA,NA,NA,NA,1,NA,1
1973,12,NA,5761,NA,"Iliwerung","Lesser Sunda Is","Indonesia",-8.532,123.573,583,"Complex volcano","true",2,"W",NA,NA,NA,NA,NA,NA,NA,NA,NA,NA,2,1,NA,NA,NA,NA,NA,NA,NA,NA
1974,2,11,NA,NA,"Karangetang","Sangihe Is-Indonesia","Indonesia",2.781,125.407,1797,"Stratovolcano","true",3,"A",4,1,NA,NA,NA,NA,NA,NA,NA,NA,4,1,NA,NA,NA,NA,NA,NA,NA,NA
1974,6,17,NA,NA,"Aira","Kyushu-Japan","Japan",31.577,130.659,1117,"Stratovolcano","true",3,"M",3,1,NA,NA,NA,NA,NA,NA,NA,NA,3,1,NA,NA,NA,NA,NA,NA,NA,NA
1974,7,28,NA,NA,"Niigata-Yakeyama","Honshu-Japan","Japan",36.921,138.036,2400,"Lava dome","true",2,"T",3,1,NA,NA,NA,NA,NA,NA,NA,NA,3,1,NA,NA,NA,NA,NA,NA,NA,NA
1974,8,9,NA,NA,"Aira","Kyushu-Japan","Japan",31.577,130.659,1117,"Stratovolcano","true",3,"M",5,1,NA,NA,NA,NA,NA,NA,NA,NA,5,1,NA,NA,NA,NA,NA,NA,NA,NA
1974,10,10,NA,NA,"Fuego","Guatemala","Guatemala",14.473,-90.88,3763,"Stratovolcano","true",4,"T,M",NA,1,NA,NA,NA,NA,NA,2,NA,3,NA,1,NA,NA,NA,NA,NA,2,NA,3
1974,10,17,2069,NA,"Ritter Island","New Guinea-NE of","Papua New Guinea",-5.519,148.115,75,"Stratovolcano","true",1,"",NA,NA,NA,NA,NA,NA,NA,NA,NA,NA,NA,NA,NA,NA,NA,NA,NA,NA,NA,NA
1974,10,22,NA,NA,"Merapi","Java","Indonesia",-7.54,110.446,2910,"Stratovolcano","true",2,"M",9,1,NA,NA,NA,NA,NA,NA,6,1,9,1,NA,NA,NA,NA,NA,NA,6,1
1975,1,NA,NA,NA,"Marapi","Sumatra","Indonesia",-0.38,100.474,2885,"Complex volcano","true",2,"M",80,2,NA,NA,NA,NA,NA,3,NA,3,80,2,NA,NA,NA,NA,NA,3,NA,3
1975,6,17,NA,NA,"Arenal","Costa Rica","Costa Rica",10.463,-84.703,1670,"Stratovolcano","true",3,"",2,1,NA,NA,NA,1,NA,NA,NA,NA,2,1,NA,NA,NA,1,NA,NA,NA,NA
1975,11,29,2080,4704,"Kilauea","Hawaiian Is","United States",19.421,-155.287,1222,"Shield volcano","true",0,"W",NA,NA,NA,NA,NA,NA,NA,NA,NA,NA,2,1,NA,NA,NA,1,4,2,NA,NA
1976,8,12,NA,NA,"Sangay","Ecuador","Ecuador",-2.005,-78.341,5286,"Stratovolcano","true",3,"T",2,1,NA,NA,4,1,NA,NA,NA,NA,2,1,NA,NA,4,1,NA,NA,NA,NA
1976,8,31,NA,NA,"Semeru","Java","Indonesia",-8.108,112.922,3657,"Stratovolcano","true",2,"M",119,3,NA,NA,NA,NA,NA,NA,NA,NA,119,3,NA,NA,NA,NA,NA,NA,NA,NA
1976,9,15,NA,NA,"Karangetang","Sangihe Is-Indonesia","Indonesia",2.781,125.407,1797,"Stratovolcano","true",2,"P,L",1,1,NA,NA,1,1,NA,NA,24,1,1,1,NA,NA,1,1,NA,NA,24,1
1976,11,25,NA,NA,"Merapi","Java","Indonesia",-7.54,110.446,2910,"Stratovolcano","true",2,"M",29,1,NA,NA,NA,NA,NA,NA,306,3,29,1,NA,NA,NA,NA,NA,NA,306,3
1977,1,10,NA,NA,"Nyiragongo","Africa-C","Congo, DRC",-1.52,29.25,3470,"Stratovolcano","true",1,"L",NA,2,NA,NA,NA,NA,NA,3,NA,NA,NA,2,NA,NA,NA,NA,NA,3,NA,NA
1977,4,5,NA,NA,"Karthala","Indian O-W","Comoros",-11.75,43.38,2361,"Shield volcano","true",1,"L",1,1,NA,NA,NA,NA,NA,1,293,3,1,1,NA,NA,NA,NA,NA,1,293,3
1977,4,27,NA,NA,"Krafla","Iceland-NE","Iceland",65.715,-16.728,800,"Caldera","true",1,"",NA,NA,NA,NA,NA,NA,NA,1,NA,NA,NA,NA,NA,NA,NA,NA,NA,1,NA,NA
1977,8,2,NA,NA,"Klyuchevskoy","Kamchatka","Russia",56.056,160.642,4754,"Stratovolcano","true",3,"T",1,1,NA,NA,NA,NA,NA,NA,NA,NA,1,1,NA,NA,NA,NA,NA,NA,NA,NA
1977,8,7,NA,NA,"Toya","Hokkaido-Japan","Japan",42.544,140.839,733,"Stratovolcano","true",3,"I",3,1,NA,NA,NA,NA,NA,NA,NA,NA,3,1,NA,NA,NA,NA,NA,NA,NA,NA
1978,7,29,NA,NA,"Bulusan","Luzon-Philippines","Philippines",12.769,124.056,1535,"Stratovolcano","true",2,"",NA,NA,NA,NA,NA,NA,NA,1,NA,NA,NA,NA,NA,NA,NA,NA,NA,1,NA,NA
1978,9,2,NA,NA,"Santa Maria","Guatemala","Guatemala",14.757,-91.552,3745,"Stratovolcano","true",3,"M",1,1,NA,NA,NA,NA,NA,NA,NA,NA,1,1,NA,NA,NA,NA,NA,NA,NA,NA
1978,9,19,NA,NA,"Semeru","Java","Indonesia",-8.108,112.922,3657,"Stratovolcano","true",3,"M",12,1,NA,NA,NA,NA,NA,NA,NA,NA,12,1,NA,NA,NA,NA,NA,NA,NA,NA
1978,10,24,NA,NA,"Toya","Hokkaido-Japan","Japan",42.544,140.839,733,"Stratovolcano","true",3,"m",3,1,NA,NA,2,1,NA,NA,NA,NA,3,1,NA,NA,2,1,NA,NA,NA,NA
1979,2,20,NA,NA,"Dieng Volcanic Complex","Java","Indonesia",-7.2,109.879,2565,"Complex volcano","true",1,"G",149,3,NA,NA,NA,NA,NA,NA,NA,NA,149,3,NA,NA,NA,NA,NA,NA,NA,NA
1979,3,8,NA,NA,"Karkar","New Guinea-NE of","Papua New Guinea",-4.647,145.976,1839,"Stratovolcano","true",2,"P",2,1,NA,NA,NA,NA,NA,NA,NA,NA,2,1,NA,NA,NA,NA,NA,NA,NA,NA
1979,4,13,NA,NA,"Soufriere St. Vincent","W Indies","St. Vincent & the Grenadines",13.33,-61.18,1220,"Stratovolcano","true",3,"T,P",2,1,NA,NA,NA,NA,NA,NA,NA,NA,2,1,NA,NA,NA,NA,NA,NA,NA,NA
1979,4,30,NA,NA,"Marapi","Sumatra","Indonesia",-0.38,100.474,2885,"Complex volcano","true",2,"M",80,2,NA,NA,NA,NA,NA,NA,NA,NA,80,2,NA,NA,NA,NA,NA,NA,NA,NA
1979,9,6,NA,NA,"Asosan","Kyushu-Japan","Japan",32.885,131.085,1592,"Caldera","true",2,"T",3,1,NA,NA,11,1,NA,NA,NA,NA,3,1,NA,NA,11,1,NA,NA,NA,NA
1979,9,12,NA,NA,"Etna","Italy","Italy",37.748,14.999,3357,"Stratovolcano","true",3,"T",9,1,NA,NA,23,1,NA,NA,NA,NA,9,1,NA,NA,23,1,NA,NA,NA,NA
1980,5,18,3018,4876,"St. Helens","US-Washington","United States",46.2,-122.18,2549,"Stratovolcano","true",5,"P,M,T",57,2,NA,NA,NA,NA,2000,4,NA,NA,61,2,NA,NA,NA,NA,2000,4,NA,NA
1980,8,17,NA,NA,"Hekla","Iceland-S","Iceland",63.983,-19.666,1490,"Stratovolcano","true",3,"",NA,NA,NA,NA,NA,NA,NA,1,NA,NA,NA,NA,NA,NA,NA,NA,NA,1,NA,NA
1981,3,17,NA,NA,"Etna","Italy","Italy",37.748,14.999,3357,"Stratovolcano","true",2,"",NA,NA,NA,NA,NA,NA,10,3,NA,NA,NA,NA,NA,NA,NA,NA,NA,NA,NA,NA
1981,3,29,NA,NA,"Semeru","Java","Indonesia",-8.108,112.922,3657,"Stratovolcano","true",3,"P",1,1,NA,NA,NA,NA,NA,NA,NA,NA,1,1,NA,NA,NA,NA,NA,NA,NA,NA
1981,4,27,NA,NA,"Alaid","Kuril Is","Russia",50.861,155.565,2285,"Stratovolcano","true",2,"",NA,NA,NA,NA,NA,NA,NA,1,NA,NA,NA,NA,NA,NA,NA,NA,NA,1,NA,NA
1981,5,14,NA,NA,"Semeru","Java","Indonesia",-8.108,112.922,3657,"Stratovolcano","true",3,"m",372,3,120,3,152,3,NA,NA,NA,NA,372,3,120,3,152,3,NA,NA,NA,NA
1981,9,5,NA,NA,"Paluweh","Lesser Sunda Is","Indonesia",-8.32,121.708,875,"Stratovolcano","true",2,"P",NA,NA,NA,NA,NA,NA,NA,1,NA,1,NA,NA,NA,NA,NA,NA,NA,1,NA,1
1981,10,20,5759,NA,"Krakatau","Indonesia","Indonesia",-6.101,105.423,285,"Caldera","true",1,"A,T,W",NA,NA,NA,NA,NA,NA,NA,NA,NA,NA,NA,NA,NA,NA,NA,NA,NA,NA,NA,NA
1981,NA,NA,NA,NA,"Vilyuchinsky","Kamchatka","Russia",52.7,158.28,2173,"Stratovolcano","true",NA,"A",NA,1,NA,NA,NA,NA,NA,NA,NA,NA,NA,1,NA,NA,NA,NA,NA,NA,NA,NA
1982,3,29,NA,7221,"Chichon, El","Mexico","Mexico",17.36,-93.23,1150,"Tuff cone","true",5,"P,T,M,S",1879,4,1755,4,NA,NA,3.3,2,NA,NA,1879,4,1755,4,NA,NA,3.3,2,NA,NA
1982,4,4,NA,NA,"Chichon, El","Mexico","Mexico",17.36,-93.23,1150,"Tuff cone","true",5,"P",33,1,NA,NA,NA,NA,NA,NA,NA,NA,33,1,NA,NA,NA,NA,NA,NA,NA,NA
1982,5,17,NA,NA,"Galunggung","Java","Indonesia",-7.25,108.058,2168,"Stratovolcano","true",4,"I,T",68,2,NA,NA,NA,NA,15,3,NA,NA,68,2,NA,NA,NA,NA,15,3,NA,NA
1982,5,27,NA,NA,"Chichon, El","Mexico","Mexico",17.36,-93.23,1150,"Tuff cone","true",5,"m",1,1,NA,NA,NA,NA,NA,NA,NA,NA,1,1,NA,NA,NA,NA,NA,NA,NA,NA
1983,3,8,NA,NA,"Klyuchevskoy","Kamchatka","Russia",56.056,160.642,4754,"Stratovolcano","true",2,"T",1,1,NA,NA,NA,NA,NA,NA,NA,NA,1,1,NA,NA,NA,NA,NA,NA,NA,NA
1983,7,23,NA,NA,"Colo","Sulawesi-Indonesia","Indonesia",-0.162,121.601,404,"Stratovolcano","true",4,"",NA,NA,NA,NA,NA,NA,NA,2,NA,3,NA,NA,NA,NA,NA,NA,NA,2,NA,3
1983,8,17,4702,NA,"Iliwerung","Lesser Sunda Is","Indonesia",-8.532,123.573,583,"Complex volcano","true",1,"W",NA,NA,NA,NA,NA,NA,NA,NA,NA,NA,NA,NA,NA,NA,NA,NA,NA,NA,NA,NA
1983,10,3,NA,4990,"Miyakejima","Izu Is-Japan","Japan",34.094,139.526,775,"Stratovolcano","true",3,"L,T",NA,NA,NA,NA,NA,NA,NA,1,400,3,NA,NA,NA,NA,NA,NA,NA,2,400,3
1984,9,9,NA,NA,"Mayon","Luzon-Philippines","Philippines",13.257,123.685,2462,"Stratovolcano","true",3,"M",1,1,NA,NA,NA,NA,NA,NA,NA,NA,1,1,NA,NA,NA,NA,NA,NA,NA,NA
1984,10,16,NA,NA,"Etna","Italy","Italy",37.748,14.999,3357,"Stratovolcano","true",3,"S",1,1,NA,NA,NA,NA,NA,NA,NA,NA,1,1,NA,NA,NA,NA,NA,NA,NA,NA
1985,5,10,NA,NA,"Semeru","Java","Indonesia",-8.108,112.922,3657,"Stratovolcano","true",3,"A",70,2,NA,NA,NA,NA,NA,NA,NA,NA,70,2,NA,NA,NA,NA,NA,NA,NA,NA
1985,11,13,NA,NA,"Ruiz, Nevado del","Colombia","Colombia",4.892,-75.324,5279,"Stratovolcano","true",3,"M",23080,4,NA,NA,10000,4,NA,NA,NA,NA,23080,4,NA,NA,10000,4,NA,NA,NA,NA
1985,12,19,NA,NA,"Etna","Italy","Italy",37.748,14.999,3357,"Stratovolcano","true",1,"S",1,1,NA,NA,NA,NA,NA,NA,NA,NA,1,1,NA,NA,NA,NA,NA,NA,NA,NA
1986,7,24,NA,NA,"Stromboli","Italy","Italy",38.789,15.213,924,"Stratovolcano","true",2,"T",1,1,NA,NA,NA,NA,NA,NA,NA,NA,1,1,NA,NA,NA,NA,NA,NA,NA,NA
1986,8,21,5808,NA,"Oku Volcanic Field","Africa-W","Cameroon",6.25,10.5,3011,"Maar","true",3,"G",1700,4,NA,NA,300,3,NA,NA,NA,NA,1700,4,NA,NA,300,3,NA,NA,NA,NA
1986,11,15,NA,NA,"Izu-Oshima","Izu Is-Japan","Japan",34.724,139.394,746,"Stratovolcano","true",3,"I",1,1,NA,NA,NA,NA,NA,NA,NA,NA,1,1,NA,NA,NA,NA,NA,NA,NA,NA
1986,12,31,NA,NA,"Merapi","Java","Indonesia",-7.54,110.446,2910,"Stratovolcano","true",2,"M",1,1,NA,NA,NA,NA,NA,NA,NA,NA,1,1,NA,NA,NA,NA,NA,NA,NA,NA
1987,1,25,NA,NA,"Pacaya","Guatemala","Guatemala",14.382,-90.601,2569,"Complex volcano","true",3,"",NA,NA,NA,NA,15,1,NA,1,63,2,NA,NA,NA,NA,15,1,NA,1,63,2
1987,4,17,NA,NA,"Etna","Italy","Italy",37.748,14.999,3357,"Stratovolcano","true",2,"T",2,1,NA,NA,7,1,NA,NA,NA,NA,2,1,NA,NA,7,1,NA,NA,NA,NA
1987,12,1,NA,5150,"Sirung","Lesser Sunda Is","Indonesia",-8.497,124.131,1347,"Complex volcano","true",NA,"",NA,NA,NA,NA,NA,NA,NA,NA,NA,NA,125,3,NA,NA,NA,3,5,3,237,3
1988,5,9,NA,NA,"Banda Api","Banda Sea","Pacific Ocean",-4.523,129.881,596,"Caldera","true",3,"T,L",4,1,NA,NA,NA,NA,NA,NA,NA,NA,4,1,NA,NA,NA,NA,NA,NA,NA,NA
1988,7,6,NA,NA,"Arenal","Costa Rica","Costa Rica",10.463,-84.703,1670,"Stratovolcano","true",3,"T",1,1,NA,NA,NA,NA,NA,NA,NA,NA,1,1,NA,NA,NA,NA,NA,NA,NA,NA
1988,7,30,NA,NA,"Semeru","Java","Indonesia",-8.108,112.922,3657,"Stratovolcano","true",3,"T",1,1,NA,NA,NA,NA,NA,NA,NA,NA,1,1,NA,NA,NA,NA,NA,NA,NA,NA
1988,12,25,NA,NA,"Lonquimay","Chile-C","Chile",-38.379,-71.586,2832,"Stratovolcano","true",3,"T",1,1,NA,NA,NA,NA,NA,NA,NA,NA,1,1,NA,NA,NA,NA,NA,NA,NA,NA
1990,2,2,NA,NA,"Sheveluch","Kamchatka","Russia",56.653,161.36,3283,"Stratovolcano","true",3,"",NA,NA,NA,NA,NA,NA,NA,1,NA,NA,NA,NA,NA,NA,NA,NA,NA,1,NA,NA
1990,2,10,NA,NA,"Kelud","Java","Indonesia",-7.935,112.314,1730,"Stratovolcano","true",4,"T,P",35,1,NA,NA,NA,NA,NA,NA,NA,NA,35,1,NA,NA,NA,NA,NA,NA,NA,NA
1990,3,26,NA,NA,"Asosan","Kyushu-Japan","Japan",32.885,131.085,1592,"Caldera","true",2,"G",1,1,NA,NA,NA,NA,NA,NA,NA,NA,1,1,NA,NA,NA,NA,NA,NA,NA,NA
1990,4,18,NA,NA,"Asosan","Kyushu-Japan","Japan",32.885,131.085,1592,"Caldera","true",2,"G",1,1,NA,NA,NA,NA,NA,NA,NA,NA,1,1,NA,NA,NA,NA,NA,NA,NA,NA
1990,5,29,NA,NA,"Coropuna","Peru","Peru",-15.52,-72.65,6377,"Stratovolcano","true",3,"",NA,NA,NA,NA,NA,NA,NA,1,NA,NA,NA,NA,NA,NA,NA,NA,NA,1,NA,NA
1990,7,19,NA,NA,"Santa Maria","Guatemala","Guatemala",14.757,-91.552,3745,"Stratovolcano","true",3,"T",4,1,NA,NA,NA,NA,NA,NA,NA,NA,4,1,NA,NA,NA,NA,NA,NA,NA,NA
1990,10,19,NA,NA,"Asosan","Kyushu-Japan","Japan",32.885,131.085,1592,"Caldera","true",2,"G",1,1,NA,NA,NA,NA,NA,NA,NA,NA,1,1,NA,NA,NA,NA,NA,NA,NA,NA
1991,6,3,NA,NA,"Unzendake","Kyushu-Japan","Japan",32.761,130.299,1483,"Complex volcano","true",1,"P",43,1,NA,NA,NA,NA,NA,NA,NA,NA,43,1,NA,NA,NA,NA,NA,NA,NA,NA
1991,6,15,NA,5292,"Pinatubo","Luzon-Philippines","Philippines",15.13,120.35,1486,"Stratovolcano","true",6,"P,m,I",350,3,NA,NA,4,1,NA,3,NA,NA,800,3,NA,NA,4,1,NA,3,NA,NA
1991,7,3,NA,NA,"Karthala","Indian O-W","Comoros",-11.75,43.38,2361,"Shield volcano","true",2,"",NA,NA,NA,NA,NA,NA,NA,1,NA,NA,NA,NA,NA,NA,NA,NA,NA,1,NA,NA
1991,8,8,NA,NA,"Hudson, Cerro","Chile-S","Chile",-45.9,-72.97,1905,"Stratovolcano","true",5,"",NA,NA,NA,NA,NA,NA,NA,1,NA,NA,NA,NA,NA,NA,NA,NA,NA,1,NA,NA
1991,10,24,NA,NA,"Lokon-Empung","Sulawesi-Indonesia","Indonesia",1.358,124.792,1580,"Stratovolcano","true",1,"T,P",1,1,NA,NA,NA,NA,NA,NA,NA,NA,1,1,NA,NA,NA,NA,NA,NA,NA,NA
1991,12,14,NA,NA,"Etna","Italy","Italy",37.748,14.999,3357,"Stratovolcano","true",2,"",NA,NA,NA,NA,NA,NA,2.5,2,NA,NA,NA,NA,NA,NA,NA,NA,2.5,2,NA,NA
1992,1,21,NA,NA,"Karangetang","Sangihe Is-Indonesia","Indonesia",2.781,125.407,1797,"Stratovolcano","true",2,"M",2,1,NA,NA,NA,NA,NA,NA,NA,NA,2,1,NA,NA,NA,NA,NA,NA,NA,NA
1992,4,10,NA,NA,"Negro, Cerro","Nicaragua","Nicaragua",12.506,-86.702,728,"Cinder cone","true",3,"T,I",11,1,NA,NA,50,1,3,2,NA,1,11,1,NA,NA,50,1,3,2,NA,1
1992,5,11,NA,NA,"Karangetang","Sangihe Is-Indonesia","Indonesia",2.781,125.407,1797,"Stratovolcano","true",1,"P",6,1,NA,NA,1,1,NA,NA,NA,NA,6,1,NA,NA,1,1,NA,NA,NA,NA
1992,7,5,NA,NA,"Marapi","Sumatra","Indonesia",-0.38,100.474,2885,"Complex volcano","true",2,"T",1,1,NA,NA,5,1,NA,NA,NA,NA,1,1,NA,NA,5,1,NA,NA,NA,NA
1992,7,12,NA,NA,"Pinatubo","Luzon-Philippines","Philippines",15.13,120.35,1486,"Stratovolcano","true",1,"m",6,1,NA,NA,NA,NA,NA,NA,NA,NA,6,1,NA,NA,NA,NA,NA,NA,NA,NA
1992,9,17,NA,NA,"Spurr","Alaska-SW","United States",61.299,-152.251,3374,"Stratovolcano","true",4,"I",1,1,NA,NA,NA,NA,2,2,NA,NA,1,1,NA,NA,NA,NA,2,2,NA,NA
1992,NA,NA,NA,NA,"Semeru","Java","Indonesia",-8.108,112.922,3657,"Stratovolcano","true",3,"T",3,1,NA,NA,NA,NA,NA,NA,NA,NA,3,1,NA,NA,NA,NA,NA,NA,NA,NA
1993,1,14,NA,NA,"Galeras","Colombia","Colombia",1.22,-77.37,4276,"Complex volcano","true",2,"T",9,1,NA,NA,NA,NA,NA,NA,NA,NA,9,1,NA,NA,NA,NA,NA,NA,NA,NA
1993,2,2,NA,NA,"Mayon","Luzon-Philippines","Philippines",13.257,123.685,2462,"Stratovolcano","true",2,"P",75,2,NA,NA,NA,NA,NA,NA,NA,NA,75,2,NA,NA,NA,NA,NA,NA,NA,NA
1993,3,12,NA,NA,"Guagua Pichincha","Ecuador","Ecuador",-0.171,-78.598,4784,"Stratovolcano","true",1,"T",2,1,NA,NA,NA,NA,NA,NA,NA,NA,2,1,NA,NA,NA,NA,NA,NA,NA,NA
1993,4,19,NA,NA,"Kilauea","Hawaiian Is","United States",19.421,-155.287,1222,"Shield volcano","true",NA,"A",1,1,NA,NA,22,1,NA,NA,NA,NA,1,1,NA,NA,22,1,NA,NA,NA,NA
1993,6,13,NA,NA,"Krakatau","Indonesia","Indonesia",-6.101,105.423,285,"Caldera","true",1,"T",1,1,NA,NA,5,1,NA,NA,NA,NA,1,1,NA,NA,5,1,NA,NA,NA,NA
1993,6,23,NA,NA,"Unzendake","Kyushu-Japan","Japan",32.761,130.299,1483,"Complex volcano","true",1,"P",1,1,NA,NA,NA,NA,NA,NA,NA,1,1,1,NA,NA,NA,NA,NA,NA,NA,1
1993,6,26,NA,NA,"Pinatubo","Luzon-Philippines","Philippines",15.13,120.35,1486,"Stratovolcano","true",1,"m",4,1,NA,NA,NA,NA,NA,NA,NA,NA,4,1,NA,NA,NA,NA,NA,NA,NA,NA
1993,10,4,NA,NA,"Pinatubo","Luzon-Philippines","Philippines",15.13,120.35,1486,"Stratovolcano","true",NA,"m",14,1,NA,NA,NA,NA,NA,NA,NA,NA,14,1,NA,NA,NA,NA,NA,NA,NA,NA
1994,1,15,NA,NA,"Yasur","Vanuatu-SW Pacific","Vanuatu",-19.532,169.447,361,"Stratovolcano","true",3,"T",1,1,NA,NA,NA,NA,NA,NA,NA,NA,1,1,NA,NA,NA,NA,NA,NA,NA,NA
1994,2,3,NA,NA,"Semeru","Java","Indonesia",-8.108,112.922,3657,"Stratovolcano","true",3,"P",6,1,NA,NA,NA,NA,NA,NA,NA,NA,6,1,NA,NA,NA,NA,NA,NA,NA,NA
1994,5,29,NA,NA,"Asosan","Kyushu-Japan","Japan",32.885,131.085,1592,"Caldera","true",1,"G",1,1,NA,NA,NA,NA,NA,NA,NA,NA,1,1,NA,NA,NA,NA,NA,NA,NA,NA
1994,6,6,NA,5387,"Huila, Nevado del","Colombia","Colombia",2.93,-76.03,5364,"Stratovolcano","true",NA,"m",NA,NA,NA,NA,NA,NA,NA,NA,NA,NA,650,3,NA,NA,NA,NA,2.4,2,200,3
1994,7,8,5926,NA,"Kilauea","Hawaiian Is","United States",19.421,-155.287,1222,"Shield volcano","true",3,"W",NA,NA,NA,NA,NA,NA,NA,NA,NA,NA,NA,NA,NA,NA,NA,NA,NA,NA,NA,NA
1994,9,19,2229,NA,"Rabaul","New Britain-SW Pac","Papua New Guinea",-4.246,152.194,688,"Pyroclastic shield","true",3,"T,W,E",4,1,NA,NA,NA,NA,86,4,NA,NA,5,1,NA,NA,NA,NA,86,4,NA,1
1994,11,3,NA,NA,"Rinjani","Lesser Sunda Is","Indonesia",-8.42,116.47,3726,"Stratovolcano","true",3,"m",31,1,NA,NA,NA,NA,NA,NA,NA,NA,31,1,NA,NA,NA,NA,NA,NA,NA,NA
1994,11,22,NA,NA,"Merapi","Java","Indonesia",-7.54,110.446,2910,"Stratovolcano","true",3,"P",66,2,NA,NA,100,2,NA,NA,NA,NA,66,2,NA,NA,100,2,NA,NA,NA,NA
1995,2,4,NA,NA,"Yasur","Vanuatu-SW Pacific","Vanuatu",-19.532,169.447,361,"Stratovolcano","true",3,"T",2,1,NA,NA,NA,NA,NA,NA,NA,NA,2,1,NA,NA,NA,NA,NA,NA,NA,NA
1995,2,11,NA,NA,"Yakedake","Honshu-Japan","Japan",36.227,137.587,2455,"Stratovolcano","true",1,"T",4,1,NA,NA,NA,NA,NA,NA,NA,NA,4,1,NA,NA,NA,NA,NA,NA,NA,NA
1995,4,2,NA,NA,"Fogo","Cape Verde Is","Cape Verde",14.95,-24.35,2829,"Stratovolcano","true",2,"",NA,NA,NA,NA,20,1,NA,1,10,1,NA,NA,NA,NA,20,1,NA,1,10,1
1995,4,7,NA,NA,"Pacaya","Guatemala","Guatemala",14.382,-90.601,2569,"Complex volcano","true",3,"M",1,1,NA,NA,NA,NA,NA,1,1,1,1,1,NA,NA,NA,NA,NA,1,1,1
1996,1,2,2392,NA,"Karymsky","Kamchatka","Russia",54.049,159.443,1513,"Stratovolcano","true",2,"",NA,NA,NA,NA,NA,NA,NA,NA,NA,NA,NA,NA,NA,NA,NA,NA,NA,NA,NA,NA
1996,4,30,NA,NA,"Popocatepetl","Mexico","Mexico",19.023,-98.622,5393,"Stratovolcano","true",3,"",5,1,NA,NA,NA,NA,NA,1,NA,NA,5,1,NA,NA,NA,NA,NA,1,NA,NA
1996,8,10,NA,NA,"Kanlaon","Philippines-C","Philippines",10.41,123.13,2422,"Stratovolcano","true",2,"T",3,1,NA,NA,18,1,NA,NA,NA,NA,3,1,NA,NA,18,1,NA,NA,NA,NA
1996,9,30,NA,NA,"Grimsvotn","Iceland-NE","Iceland",64.416,-17.316,1719,"Caldera","true",3,"",NA,NA,NA,NA,NA,NA,NA,1,NA,NA,NA,NA,NA,NA,NA,NA,NA,1,NA,NA
1996,12,3,NA,NA,"Manam","New Guinea-NE of","Papua New Guinea",-4.08,145.037,1807,"Stratovolcano","true",3,"P",13,1,NA,NA,29,1,NA,NA,NA,NA,13,1,NA,NA,29,1,NA,NA,NA,NA
1997,1,14,NA,NA,"Merapi","Java","Indonesia",-7.54,110.446,2910,"Stratovolcano","true",2,"",6,1,NA,NA,NA,1,NA,NA,NA,NA,6,1,NA,NA,NA,1,NA,NA,NA,NA
1997,4,17,NA,NA,"Karangetang","Sangihe Is-Indonesia","Indonesia",2.781,125.407,1797,"Stratovolcano","true",1,"P",3,1,NA,NA,NA,NA,NA,NA,NA,NA,3,1,NA,NA,NA,NA,NA,NA,NA,NA
1997,6,25,NA,NA,"Soufriere Hills","W Indies","Montserrat",16.72,-62.18,915,"Stratovolcano","true",3,"P",22,1,1,NA,NA,NA,NA,NA,NA,NA,22,1,NA,NA,NA,NA,NA,NA,NA,NA
1997,8,1,NA,NA,"Soufriere Hills","W Indies","Montserrat",16.72,-62.18,915,"Stratovolcano","true",3,"",2,1,NA,NA,NA,NA,NA,NA,NA,NA,2,1,NA,NA,NA,NA,NA,NA,NA,NA
1997,9,2,NA,NA,"Semeru","Java","Indonesia",-8.108,112.922,3657,"Stratovolcano","true",3,"T",2,1,NA,NA,NA,NA,NA,NA,NA,NA,2,1,NA,NA,NA,NA,NA,NA,NA,NA
1997,12,26,2279,NA,"Soufriere Hills","W Indies","Montserrat",16.72,-62.18,915,"Stratovolcano","true",NA,"",NA,NA,NA,NA,NA,NA,NA,NA,NA,NA,NA,NA,NA,NA,NA,NA,NA,NA,NA,NA
1998,4,28,NA,NA,"Kilauea","Hawaiian Is","United States",19.421,-155.287,1222,"Shield volcano","true",NA,"L",1,1,NA,NA,NA,NA,NA,NA,NA,NA,NA,NA,NA,NA,NA,NA,NA,NA,NA,NA
1999,1,20,2880,NA,"Soufriere Hills","W Indies","Montserrat",16.72,-62.18,915,"Stratovolcano","true",3,"",NA,NA,NA,NA,NA,NA,NA,NA,NA,NA,NA,NA,NA,NA,NA,NA,NA,NA,NA,NA
1999,5,21,NA,NA,"Fuego","Guatemala","Guatemala",14.473,-90.88,3763,"Stratovolcano","true",2,"",NA,NA,NA,NA,NA,NA,NA,NA,NA,NA,NA,NA,NA,NA,NA,NA,NA,NA,NA,NA
1999,8,15,NA,NA,"Sheveluch","Kamchatka","Russia",56.653,161.36,3283,"Stratovolcano","true",4,"",NA,NA,NA,NA,NA,NA,NA,1,NA,NA,NA,NA,NA,NA,NA,NA,NA,NA,NA,NA
1999,10,5,NA,NA,"Guagua Pichincha","Ecuador","Ecuador",-0.171,-78.598,4784,"Stratovolcano","true",3,"T",2,1,NA,NA,NA,NA,NA,NA,NA,NA,2,1,NA,NA,NA,NA,NA,NA,NA,NA
1999,10,16,NA,NA,"Tungurahua","Ecuador","Ecuador",-1.467,-78.442,5023,"Stratovolcano","true",3,"T",1,1,NA,NA,4,1,NA,NA,NA,NA,1,1,NA,NA,4,1,NA,NA,NA,NA
2000,6,27,2340,5568,"Miyakejima","Izu Is-Japan","Japan",34.094,139.526,775,"Stratovolcano","true",2,"",NA,NA,NA,NA,NA,NA,NA,1,NA,NA,1,1,NA,NA,NA,3,NA,1,NA,NA
2000,7,27,NA,NA,"Semeru","Java","Indonesia",-8.108,112.922,3657,"Stratovolcano","true",3,"T",2,1,NA,NA,NA,NA,NA,NA,NA,NA,2,1,NA,NA,NA,NA,NA,NA,NA,NA
2000,8,23,NA,NA,"Arenal","Costa Rica","Costa Rica",10.463,-84.703,1670,"Stratovolcano","true",3,"P",2,1,NA,NA,1,1,NA,NA,NA,NA,2,1,NA,NA,1,1,NA,NA,NA,NA
2000,11,3,NA,NA,"Kilauea","Hawaiian Is","United States",19.421,-155.287,1222,"Shield volcano","true",NA,"G",2,1,NA,NA,NA,NA,NA,NA,NA,NA,2,1,NA,NA,NA,NA,NA,NA,NA,NA
2000,11,NA,NA,NA,"Merapi","Java","Indonesia",-7.54,110.446,2910,"Stratovolcano","true",2,"A",1,1,NA,NA,NA,NA,NA,NA,NA,NA,1,1,NA,NA,NA,NA,NA,NA,NA,NA
2001,5,14,NA,NA,"Etna","Italy","Italy",37.748,14.999,3357,"Stratovolcano","true",3,"",1,1,NA,NA,NA,NA,NA,1,NA,NA,1,1,NA,NA,NA,NA,NA,1,NA,NA
2001,7,26,NA,NA,"Etna","Italy","Italy",37.748,14.999,3357,"Stratovolcano","true",2,"",NA,NA,NA,NA,NA,NA,NA,1,NA,1,NA,NA,NA,NA,NA,NA,NA,1,NA,1
2001,8,5,NA,NA,"Merapi","Java","Indonesia",-7.54,110.446,2910,"Stratovolcano","true",2,"P",2,1,NA,NA,NA,NA,NA,NA,NA,NA,2,1,NA,NA,NA,NA,NA,NA,NA,NA
2001,10,20,NA,NA,"Stromboli","Italy","Italy",38.789,15.213,924,"Stratovolcano","true",2,"T",1,1,NA,NA,NA,NA,NA,NA,NA,NA,1,1,NA,NA,NA,NA,NA,NA,NA,NA
2002,1,3,NA,NA,"Karangetang","Sangihe Is-Indonesia","Indonesia",2.781,125.407,1797,"Stratovolcano","true",3,"M",NA,NA,NA,NA,NA,NA,NA,1,NA,1,NA,NA,NA,NA,NA,NA,NA,1,NA,1
2002,1,17,NA,NA,"Nyiragongo","Africa-C","Congo, DRC",-1.52,29.25,3470,"Stratovolcano","true",1,"L",100,2,NA,NA,400,3,NA,3,NA,3,100,2,NA,NA,NA,3,NA,3,NA,3
2002,8,28,NA,5659,"Etna","Italy","Italy",37.748,14.999,3357,"Stratovolcano","true",3,"",NA,NA,NA,NA,32,1,NA,2,NA,2,NA,NA,NA,NA,32,1,NA,2,NA,2
2002,11,3,NA,NA,"Reventador","Ecuador","Ecuador",-0.077,-77.656,3562,"Stratovolcano","true",4,"I",NA,1,NA,NA,NA,1,NA,1,NA,1,NA,1,NA,NA,NA,1,NA,1,NA,1
2002,12,30,2923,NA,"Stromboli","Italy","Italy",38.789,15.213,924,"Stratovolcano","true",NA,"",NA,NA,NA,NA,NA,1,NA,1,NA,1,NA,NA,NA,NA,NA,1,NA,1,NA,1
2002,NA,NA,NA,NA,"Semeru","Java","Indonesia",-8.108,112.922,3657,"Stratovolcano","true",3,"T",3,1,NA,NA,NA,NA,NA,NA,NA,NA,3,1,NA,NA,NA,NA,NA,NA,NA,NA
2003,7,12,2694,NA,"Soufriere Hills","W Indies","Montserrat",16.72,-62.18,915,"Stratovolcano","true",3,"",NA,NA,NA,NA,NA,NA,NA,NA,NA,NA,NA,NA,NA,NA,NA,NA,NA,NA,NA,NA
2004,1,29,NA,NA,"Egon","Lesser Sunda Is","Indonesia",-8.676,122.455,1661,"Stratovolcano","true",1,"T",1,1,NA,NA,NA,NA,NA,NA,NA,NA,1,1,NA,NA,NA,NA,NA,NA,NA,NA
2004,6,8,NA,NA,"Tengger Caldera","Java","Indonesia",-7.942,112.95,2329,"Stratovolcano","true",2,"T",2,1,NA,NA,5,1,NA,NA,NA,NA,NA,NA,NA,NA,NA,NA,NA,NA,NA,NA
2004,10,24,NA,NA,"Manam","New Guinea-NE of","Papua New Guinea",-4.08,145.037,1807,"Stratovolcano","true",4,"T",5,1,NA,NA,NA,NA,NA,NA,NA,NA,5,1,NA,NA,NA,NA,NA,NA,NA,NA
2005,1,27,NA,NA,"Manam","New Guinea-NE of","Papua New Guinea",-4.08,145.037,1807,"Stratovolcano","true",4,"T",1,1,NA,NA,14,1,NA,NA,NA,NA,1,1,NA,NA,14,1,NA,NA,NA,NA
2005,10,1,NA,NA,"Santa Ana","El Salvador","El Salvador",13.853,-89.63,2381,"Stratovolcano","true",3,"A",2,1,NA,NA,NA,1,NA,NA,NA,NA,2,1,NA,NA,NA,1,NA,NA,NA,NA
2005,11,25,NA,NA,"Karthala","Indian O-W","Comoros",-11.75,43.38,2361,"Shield volcano","true",3,"T",1,1,NA,NA,NA,NA,NA,1,NA,NA,1,1,NA,NA,NA,NA,NA,1,NA,NA
2006,3,17,NA,NA,"Raoul Island","Kermadec Is","New Zealand",-29.27,-177.92,516,"Stratovolcano","true",1,"T",1,1,NA,NA,NA,NA,NA,NA,NA,NA,1,1,NA,NA,NA,NA,NA,NA,NA,NA
2006,5,20,2877,NA,"Soufriere Hills","W Indies","Montserrat",16.72,-62.18,915,"Stratovolcano","true",2,"P",NA,NA,NA,NA,NA,NA,NA,NA,NA,NA,NA,NA,NA,NA,NA,NA,NA,NA,NA,NA
2006,6,7,NA,NA,"Bulusan","Luzon-Philippines","Philippines",12.769,124.056,1535,"Stratovolcano","true",2,"",1,1,NA,NA,NA,NA,NA,NA,NA,NA,1,1,NA,NA,NA,NA,NA,NA,NA,NA
2006,6,14,NA,NA,"Merapi","Java","Indonesia",-7.54,110.446,2910,"Stratovolcano","true",1,"P",2,1,NA,NA,NA,NA,NA,NA,NA,NA,2,1,NA,NA,NA,NA,NA,NA,NA,NA
2006,7,18,NA,NA,"Tungurahua","Ecuador","Ecuador",-1.467,-78.442,5023,"Stratovolcano","true",3,"",1,1,NA,NA,NA,NA,NA,NA,NA,NA,1,1,NA,NA,NA,NA,NA,NA,NA,NA
2006,8,17,NA,NA,"Tungurahua","Ecuador","Ecuador",-1.467,-78.442,5023,"Stratovolcano","true",3,"T",5,1,NA,2,13,1,NA,3,NA,3,6,1,NA,2,NA,2,NA,3,NA,3
2006,11,30,NA,NA,"Mayon","Luzon-Philippines","Philippines",13.257,123.685,2462,"Stratovolcano","true",1,"m",1266,4,NA,NA,NA,NA,NA,1,NA,NA,1266,4,NA,NA,NA,NA,NA,1,NA,NA
2007,3,NA,NA,NA,"Manam","New Guinea-NE of","Papua New Guinea",-4.08,145.037,1807,"Stratovolcano","true",4,"M",4,1,NA,NA,1,1,NA,NA,NA,NA,4,1,NA,NA,1,1,NA,NA,NA,NA
2007,4,18,NA,NA,"Huila, Nevado del","Colombia","Colombia",2.93,-76.03,5364,"Stratovolcano","true",NA,"",NA,NA,NA,NA,NA,NA,NA,2,NA,1,NA,NA,NA,NA,NA,NA,NA,2,NA,1
2007,5,19,5758,NA,"Ritter Island","New Guinea-NE of","Papua New Guinea",-5.519,148.115,75,"Stratovolcano","true",1,"A,W",NA,NA,NA,NA,NA,NA,NA,1,NA,1,NA,NA,NA,NA,NA,NA,NA,1,NA,1
2007,9,30,NA,NA,"Tair, Jebel at","Red Sea","Yemen",15.55,41.83,244,"Stratovolcano","true",3,"",7,1,NA,NA,1,1,NA,NA,NA,NA,7,1,NA,NA,1,1,NA,NA,NA,NA
2008,5,2,NA,NA,"Chaiten","Chile-S","Chile",-42.835,-72.651,1122,"Caldera","true",NA,"",1,1,NA,NA,NA,NA,NA,NA,NA,NA,1,1,NA,NA,NA,NA,NA,NA,NA,NA
2008,8,8,3587,NA,"Kasatochi","Aleutian Is","United States",52.177,-175.508,314,"Stratovolcano","true",3,"",NA,NA,NA,NA,NA,NA,NA,NA,NA,NA,NA,NA,NA,NA,NA,NA,NA,NA,NA,NA
2008,8,22,NA,NA,"Tungurahua","Ecuador","Ecuador",-1.467,-78.442,5023,"Stratovolcano","true",3,"M",2,1,NA,NA,2,1,NA,1,2,1,2,1,NA,NA,2,1,NA,1,2,1
2008,11,20,NA,NA,"Huila, Nevado del","Colombia","Colombia",2.93,-76.03,5364,"Stratovolcano","true",NA,"",10,1,NA,1,NA,1,NA,NA,NA,NA,10,1,NA,1,NA,1,NA,NA,NA,NA
2009,3,23,NA,NA,"Redoubt","Alaska-SW","United States",60.485,-152.742,3108,"Stratovolcano","true",NA,"",NA,NA,NA,NA,NA,NA,NA,1,NA,NA,NA,NA,NA,NA,NA,NA,NA,1,NA,NA
2009,11,30,NA,NA,"Kilauea","Hawaiian Is","United States",19.421,-155.287,1222,"Shield volcano","true",NA,"",NA,NA,NA,NA,NA,NA,NA,2,NA,NA,NA,NA,NA,NA,NA,NA,NA,2,NA,NA
2010,1,NA,NA,NA,"Tungurahua","Ecuador","Ecuador",-1.467,-78.442,5023,"Stratovolcano","true",3,"",NA,NA,NA,NA,NA,NA,NA,1,NA,NA,NA,NA,NA,NA,NA,NA,NA,1,NA,NA
2010,3,31,NA,NA,"Eyjafjallajokull","Iceland-S","Iceland",63.633,-19.633,1651,"Stratovolcano","true",2,"",2,1,NA,NA,NA,NA,NA,NA,NA,NA,2,1,NA,NA,NA,NA,NA,NA,NA,NA
2010,5,27,NA,NA,"Pacaya","Guatemala","Guatemala",14.382,-90.601,2569,"Complex volcano","true",1,"T",1,1,3,1,NA,NA,NA,1,3,1,1,1,3,1,NA,NA,NA,1,3,1
2010,5,29,4822,9172,"Zealandia Bank","Mariana Is-C Pacific","United States",16.88,145.85,0,"Stratovolcano","true",NA,"",NA,NA,NA,NA,NA,NA,NA,NA,NA,NA,NA,NA,NA,NA,NA,NA,NA,NA,NA,NA
2010,8,6,NA,NA,"Karangetang","Sangihe Is-Indonesia","Indonesia",2.781,125.407,1797,"Stratovolcano","true",3,"",4,1,NA,NA,5,1,NA,NA,NA,1,4,1,NA,NA,5,1,NA,NA,NA,1
2010,8,30,NA,NA,"Sinabung","Sumatra","Indonesia",3.17,98.392,2460,"Stratovolcano","true",NA,"",2,1,NA,NA,NA,NA,NA,NA,NA,NA,2,1,NA,NA,NA,NA,NA,NA,NA,NA
2010,10,26,NA,NA,"Merapi","Java","Indonesia",-7.54,110.446,2910,"Stratovolcano","true",NA,"",367,3,NA,NA,277,3,600,4,NA,3,367,3,NA,NA,277,3,600,4,NA,3
2010,11,NA,NA,NA,"Tungurahua","Ecuador","Ecuador",-1.467,-78.442,5023,"Stratovolcano","true",3,"",NA,NA,NA,NA,NA,NA,NA,1,NA,NA,NA,NA,NA,NA,NA,NA,NA,1,NA,NA
2010,12,28,NA,NA,"Tengger Caldera","Java","Indonesia",-7.942,112.95,2329,"Stratovolcano","true",NA,"",NA,NA,NA,NA,NA,NA,NA,1,NA,NA,NA,NA,NA,NA,NA,NA,NA,NA,NA,NA
2011,1,3,NA,NA,"Merapi","Java","Indonesia",-7.54,110.446,2910,"Stratovolcano","true",NA,"M",1,1,NA,NA,1,1,NA,1,NA,NA,1,1,NA,NA,1,1,NA,1,NA,NA
2011,1,28,NA,NA,"Kirishimayama","Kyushu-Japan","Japan",31.934,130.862,1700,"Shield volcano","true",NA,"",NA,NA,NA,NA,NA,1,NA,1,NA,NA,NA,NA,NA,NA,NA,1,NA,1,NA,NA
2011,2,23,NA,NA,"Bulusan","Luzon-Philippines","Philippines",12.769,124.056,1535,"Stratovolcano","true",2,"",1,1,NA,NA,NA,NA,NA,NA,NA,NA,1,1,NA,NA,NA,NA,NA,NA,NA,NA
2011,3,18,NA,NA,"Karangetang","Sangihe Is-Indonesia","Indonesia",2.781,125.407,1797,"Stratovolcano","true",NA,"",NA,NA,NA,NA,NA,NA,NA,1,NA,NA,NA,NA,NA,NA,NA,NA,NA,1,NA,NA
2011,4,NA,NA,NA,"Tungurahua","Ecuador","Ecuador",-1.467,-78.442,5023,"Stratovolcano","true",4,"",NA,NA,NA,NA,NA,NA,NA,1,NA,NA,NA,NA,NA,NA,NA,NA,NA,1,NA,NA
2011,6,4,NA,NA,"Puyehue-Cordon Caulle","Chile-C","Chile",-40.59,-72.117,2236,"Stratovolcano","true",4,"",NA,NA,NA,NA,NA,NA,NA,2,NA,NA,NA,NA,NA,NA,NA,NA,NA,2,NA,NA
2011,6,22,NA,NA,"Nabro","Africa-NE","Eritrea",13.37,41.7,2218,"Stratovolcano","true",4,"",31,1,NA,NA,NA,3,NA,1,NA,NA,31,1,NA,NA,NA,3,NA,1,NA,NA
2011,7,9,NA,NA,"Katla","Iceland-S","Iceland",63.633,-19.083,1490,"Subglacial volcano","true",NA,"",NA,NA,NA,NA,NA,NA,NA,1,NA,NA,NA,NA,NA,NA,NA,NA,NA,1,NA,NA
2011,7,17,NA,NA,"Lokon-Empung","Sulawesi-Indonesia","Indonesia",1.358,124.792,1580,"Stratovolcano","true",NA,"",1,1,NA,NA,NA,NA,NA,NA,NA,NA,1,1,NA,NA,NA,NA,NA,NA,NA,NA
2011,12,27,NA,NA,"Gamalama","Halmahera-Indonesia","Indonesia",0.81,127.332,1714,"Stratovolcano","true",3,"m",4,1,NA,NA,NA,1,NA,NA,NA,NA,4,1,NA,NA,NA,1,NA,NA,NA,NA
2012,2,10,NA,NA,"Kilauea","Hawaiian Is","United States",19.421,-155.287,1222,"Shield volcano","true",NA,"",NA,NA,NA,NA,NA,NA,NA,2,NA,NA,NA,NA,NA,NA,NA,NA,NA,2,NA,NA
2012,3,2,NA,NA,"Kilauea","Hawaiian Is","United States",19.421,-155.287,1222,"Shield volcano","true",NA,"L",NA,NA,NA,NA,NA,NA,NA,1,1,1,NA,NA,NA,NA,NA,NA,NA,NA,NA,NA
2012,12,12,NA,NA,"Tolbachik","Kamchatka","Russia",55.832,160.326,3611,"Shield volcano","true",NA,"",NA,NA,NA,NA,NA,NA,NA,1,NA,NA,NA,NA,NA,NA,NA,NA,NA,1,NA,NA
2013,2,12,NA,NA,"Merapi","Java","Indonesia",-7.54,110.446,2910,"Stratovolcano","true",NA,"M",1,1,NA,NA,1,1,NA,1,NA,NA,1,1,NA,NA,1,1,NA,1,NA,NA
2013,2,NA,NA,NA,"Paluweh","Lesser Sunda Is","Indonesia",-8.32,121.708,875,"Stratovolcano","true",NA,"",NA,NA,NA,NA,NA,NA,NA,1,NA,1,NA,NA,NA,NA,NA,NA,NA,1,NA,1
2013,5,7,NA,NA,"Mayon","Luzon-Philippines","Philippines",13.257,123.685,2462,"Stratovolcano","true",NA,"",5,1,NA,NA,8,1,NA,NA,NA,NA,5,1,NA,NA,8,1,NA,NA,NA,NA
2013,8,10,NA,NA,"Paluweh","Lesser Sunda Is","Indonesia",-8.32,121.708,875,"Stratovolcano","true",3,"",5,1,NA,NA,NA,NA,NA,NA,NA,NA,5,1,NA,NA,NA,NA,NA,NA,NA,NA
2013,9,1,NA,NA,"Ubinas","Peru","Peru",-16.345,-70.897,5608,"Stratovolcano","true",NA,"",NA,NA,NA,NA,NA,NA,NA,1,NA,NA,NA,NA,NA,NA,NA,NA,NA,1,NA,NA
2013,9,4,NA,NA,"Aira","Kyushu-Japan","Japan",31.577,130.659,1117,"Stratovolcano","true",NA,"",NA,NA,NA,NA,NA,NA,NA,1,NA,NA,NA,NA,NA,NA,NA,NA,NA,1,NA,NA
2013,9,15,NA,NA,"Sinabung","Sumatra","Indonesia",3.17,98.392,2460,"Stratovolcano","true",2,"",NA,NA,NA,NA,NA,NA,NA,2,NA,NA,NA,NA,NA,NA,NA,NA,NA,2,NA,NA
2014,2,1,NA,NA,"Sinabung","Sumatra","Indonesia",3.17,98.392,2460,"Stratovolcano","true",NA,"",17,1,NA,NA,3,1,NA,1,NA,2,17,1,NA,NA,3,1,NA,1,NA,2
2014,2,13,NA,NA,"Kelud","Java","Indonesia",-7.935,112.314,1730,"Stratovolcano","true",NA,"",7,1,NA,NA,NA,NA,NA,3,4098,4,7,1,NA,NA,NA,NA,NA,3,4098,4
2014,9,27,NA,NA,"Ontakesan","Honshu-Japan","Japan",35.893,137.48,3067,"Complex volcano","true",3,"",55,2,NA,NA,70,2,NA,NA,NA,NA,55,2,NA,NA,70,2,NA,NA,NA,NA
2014,11,10,NA,NA,"Kilauea","Hawaiian Is","United States",19.421,-155.287,1222,"Shield volcano","true",NA,"",NA,NA,NA,NA,NA,NA,14.5,3,1,1,NA,NA,NA,NA,NA,NA,14.5,3,1,1
2014,11,23,NA,NA,"Fogo","Cape Verde Is","Cape Verde",14.95,-24.35,2829,"Stratovolcano","true",NA,"L",NA,NA,NA,NA,NA,NA,NA,2,230,3,NA,NA,NA,NA,NA,NA,NA,2,230,3
2014,12,18,NA,NA,"Gamalama","Halmahera-Indonesia","Indonesia",0.81,127.332,1714,"Stratovolcano","true",NA,"",1,1,NA,NA,4,1,NA,NA,NA,NA,1,1,NA,NA,4,1,NA,NA,NA,NA
2015,2,20,NA,NA,"Sinabung","Sumatra","Indonesia",3.17,98.392,2460,"Stratovolcano","true",NA,"",NA,NA,NA,NA,NA,NA,NA,1,NA,1,NA,NA,NA,NA,NA,NA,NA,1,NA,1
2015,4,22,NA,NA,"Calbuco","Chile-S","Chile",-41.33,-72.618,1974,"Stratovolcano","true",NA,"",NA,NA,NA,NA,NA,NA,NA,2,NA,2,NA,NA,NA,NA,NA,NA,NA,2,NA,2
2015,5,7,NA,NA,"Karangetang","Sangihe Is-Indonesia","Indonesia",2.781,125.407,1797,"Stratovolcano","true",NA,"",NA,NA,NA,NA,NA,NA,NA,1,NA,1,NA,NA,NA,NA,NA,NA,NA,1,NA,1
2015,7,31,NA,NA,"Manam","New Guinea-NE of","Papua New Guinea",-4.08,145.037,1807,"Stratovolcano","true",2,"",NA,NA,NA,NA,2,1,NA,1,NA,NA,NA,NA,NA,NA,2,1,NA,1,NA,NA
2015,10,16,NA,NA,"Sinabung","Sumatra","Indonesia",3.17,98.392,2460,"Stratovolcano","true",NA,"M",1,1,NA,NA,NA,NA,NA,1,NA,NA,1,1,NA,NA,NA,NA,NA,1,NA,NA
2016,5,9,NA,NA,"Sinabung","Sumatra","Indonesia",3.17,98.392,2460,"Stratovolcano","true",NA,"",1,1,NA,NA,4,1,NA,1,3,1,1,1,NA,NA,4,1,NA,1,NA,NA
2016,5,21,NA,NA,"Sinabung","Sumatra","Indonesia",3.17,98.392,2460,"Stratovolcano","true",NA,"",7,1,NA,NA,3,1,100,4,NA,NA,7,1,NA,NA,3,1,100,4,NA,NA
2016,6,9,NA,NA,"Yellowstone","US-Wyoming","United States",44.43,-110.67,2805,"Caldera","true",NA,"",1,1,NA,NA,NA,NA,NA,NA,NA,NA,1,1,NA,NA,NA,NA,NA,NA,NA,NA
2016,9,27,NA,NA,"Rinjani","Lesser Sunda Is","Indonesia",-8.42,116.47,3726,"Stratovolcano","true",NA,"",NA,NA,44,1,NA,NA,NA,NA,NA,NA,NA,NA,44,1,NA,NA,NA,NA,NA,NA
2016,10,8,NA,NA,"Asosan","Kyushu-Japan","Japan",32.885,131.085,1592,"Caldera","true",NA,"T",NA,NA,NA,NA,NA,NA,NA,1,NA,NA,NA,NA,NA,NA,NA,NA,NA,1,NA,NA
2017,3,15,NA,NA,"Etna","Italy","Italy",37.748,14.999,3357,"Stratovolcano","true",NA,"P",NA,NA,NA,NA,10,1,NA,NA,NA,NA,NA,NA,NA,NA,10,1,NA,NA,NA,NA
2017,4,13,NA,NA,"Sinabung","Sumatra","Indonesia",3.17,98.392,2460,"Stratovolcano","true",2,"P",NA,NA,NA,NA,NA,NA,NA,1,NA,2,NA,NA,NA,NA,NA,NA,NA,1,NA,2
2017,6,6,NA,NA,"Fuego","Guatemala","Guatemala",14.473,-90.88,3763,"Stratovolcano","true",2,"P",NA,NA,NA,NA,NA,NA,NA,2,NA,NA,NA,NA,NA,NA,NA,NA,NA,2,NA,NA
2017,7,1,NA,NA,"Dieng Volcanic Complex","Java","Indonesia",-7.2,109.879,2565,"Complex volcano","true",NA,"",8,1,NA,NA,11,1,NA,NA,NA,NA,8,1,NA,NA,11,1,NA,NA,NA,NA
2017,9,12,NA,NA,"Campi Flegrei","Italy","Italy",40.827,14.139,458,"Caldera","true",NA,"",3,1,NA,NA,NA,NA,NA,NA,NA,NA,3,1,NA,NA,NA,NA,NA,NA,NA,NA
2017,9,23,NA,NA,"Ambae","Vanuatu-SW Pacific","Vanuatu",-15.389,167.835,1496,"Shield volcano","true",NA,"T",NA,NA,NA,NA,NA,NA,NA,1,NA,NA,NA,NA,NA,NA,NA,NA,NA,1,NA,NA
2017,12,27,NA,NA,"Sinabung","Sumatra","Indonesia",3.17,98.392,2460,"Stratovolcano","true",NA,"T",NA,NA,NA,NA,NA,NA,NA,2,NA,NA,NA,NA,NA,NA,NA,NA,NA,2,NA,NA
2018,1,5,NA,NA,"Kadovar","New Guinea-NE of","Papua New Guinea",-3.608,144.588,365,"Stratovolcano","true",2,"T",NA,NA,NA,NA,NA,NA,NA,1,NA,NA,NA,NA,NA,NA,NA,NA,NA,1,NA,NA
2018,1,13,NA,NA,"Mayon","Luzon-Philippines","Philippines",13.257,123.685,2462,"Stratovolcano","true",2,"T,P",NA,NA,NA,NA,1972,4,3.564,2,NA,NA,NA,NA,NA,NA,1972,4,3.564,2,NA,NA
2018,1,23,NA,NA,"Kusatsu-Shiranesan","Honshu-Japan","Japan",36.618,138.528,2165,"Stratovolcano","true",1,"T",1,1,NA,NA,11,1,NA,1,NA,NA,1,1,NA,NA,11,1,NA,1,NA,NA
2018,2,1,NA,NA,"Kilauea","Hawaiian Is","United States",19.421,-155.287,1222,"Shield volcano","true",1,"G",1,1,NA,NA,3,1,NA,NA,NA,NA,1,1,NA,NA,3,1,NA,NA,NA,NA
2018,2,9,5676,NA,"Kadovar","New Guinea-NE of","Papua New Guinea",-3.608,144.588,365,"Stratovolcano","true",2,"W",NA,NA,NA,NA,NA,NA,NA,NA,NA,NA,NA,NA,NA,NA,NA,NA,NA,NA,NA,NA
2018,3,30,NA,NA,"Ambae","Vanuatu-SW Pacific","Vanuatu",-15.389,167.835,1496,"Shield volcano","true",3,"T,G,M",4,1,NA,NA,NA,NA,NA,2,NA,1,4,1,NA,NA,NA,NA,NA,2,NA,1
2018,4,28,5678,10332,"Kilauea","Hawaiian Is","United States",19.421,-155.287,1222,"Shield volcano","true",1,"L",NA,NA,NA,NA,1,1,370,4,716,3,NA,NA,NA,NA,1,1,370,4,716,3
2018,6,3,NA,NA,"Fuego","Guatemala","Guatemala",14.473,-90.88,3763,"Stratovolcano","true",2,"P",201,3,229,3,27,1,120,4,186,3,201,3,229,3,27,1,120,4,186,3
2018,7,16,NA,NA,"Kilauea","Hawaiian Is","United States",19.421,-155.287,1222,"Shield volcano","true",NA,"T",NA,NA,NA,NA,23,1,1,1,NA,NA,NA,NA,NA,NA,23,1,1,1,NA,NA
2018,8,25,NA,NA,"Manam","New Guinea-NE of","Papua New Guinea",-4.08,145.037,1807,"Stratovolcano","true",4,"L,T",NA,NA,NA,NA,NA,NA,NA,3,164,3,NA,NA,NA,NA,NA,NA,NA,3,164,3
2018,12,15,NA,10382,"Ambrym","Vanuatu-SW Pacific","Vanuatu",-16.25,168.12,1334,"Pyroclastic shield","true",2,"S,T,G",NA,NA,NA,NA,NA,NA,NA,2,NA,1,NA,NA,NA,NA,NA,NA,NA,2,NA,1
2018,12,22,5699,NA,"Krakatau","Indonesia","Indonesia",-6.101,105.423,285,"Caldera","true",3,"W",NA,NA,NA,NA,NA,NA,NA,NA,NA,NA,437,3,10,1,31943,4,250,4,2844,4
2018,12,26,NA,10383,"Etna","Italy","Italy",37.748,14.999,3357,"Stratovolcano","true",2,"S",NA,NA,NA,NA,NA,NA,NA,NA,NA,NA,NA,NA,NA,NA,28,1,115,4,15,1
2019,1,7,NA,NA,"Manam","New Guinea-NE of","Papua New Guinea",-4.08,145.037,1807,"Stratovolcano","true",4,"T",NA,NA,NA,NA,NA,NA,NA,1,NA,NA,NA,NA,NA,NA,NA,NA,NA,1,NA,NA
2019,5,7,NA,NA,"Sinabung","Sumatra","Indonesia",3.17,98.392,2460,"Stratovolcano","true",4,"T",NA,NA,NA,NA,NA,NA,NA,2,NA,NA,NA,NA,NA,NA,NA,NA,NA,2,NA,NA
2019,6,26,NA,NA,"Ulawun","New Britain-SW Pac","Papua New Guinea",-5.05,151.33,2334,"Stratovolcano","true",4,"P,T",NA,NA,NA,NA,2,1,14,3,NA,NA,NA,NA,NA,NA,2,1,14,3,NA,NA
2019,6,28,NA,NA,"Manam","New Guinea-NE of","Papua New Guinea",-4.08,145.037,1807,"Stratovolcano","true",4,"A,P,T",NA,NA,NA,NA,NA,NA,NA,2,NA,NA,NA,NA,NA,NA,NA,NA,NA,2,NA,NA
2019,7,3,5913,NA,"Stromboli","Italy","Italy",38.789,15.213,924,"Stratovolcano","true",2,"P,T,W",1,1,NA,NA,1,1,NA,NA,NA,NA,1,1,NA,NA,1,1,NA,NA,NA,NA
2019,8,28,5716,NA,"Stromboli","Italy","Italy",38.789,15.213,924,"Stratovolcano","true",2,"W",NA,NA,NA,NA,NA,NA,NA,NA,NA,NA,NA,NA,NA,NA,NA,NA,NA,NA,NA,NA
2019,12,9,NA,NA,"Whakaari/White Island","New Zealand","New Zealand",-37.52,177.18,294,"Stratovolcano","true",2,"T",22,1,NA,NA,25,1,NA,NA,NA,NA,22,1,NA,NA,25,1,NA,NA,NA,NA
2020,1,12,NA,NA,"Taal","Luzon-Philippines","Philippines",14.011,120.998,311,"Stratovolcano","true",4,"T",39,1,NA,NA,NA,NA,67,4,4573,4,39,1,NA,NA,NA,NA,67,4,4573,4
2020,5,29,5748,10501,"Ijen","Java","Indonesia",-8.058,114.242,2769,"Stratovolcano","true",NA,"G,W, S",1,1,NA,NA,NA,NA,NA,NA,NA,NA,1,1,NA,NA,NA,NA,NA,NA,NA,NA
2021,3,5,NA,NA,"Sangay","Ecuador","Ecuador",-2.005,-78.341,5286,"Stratovolcano","true",2,"T",NA,NA,NA,NA,NA,NA,NA,2,NA,NA,NA,NA,NA,NA,NA,NA,NA,2,NA,NA
2021,3,NA,NA,NA,"Pacaya","Guatemala","Guatemala",14.382,-90.601,2569,"Complex volcano","true",1,"L,T",NA,NA,NA,NA,NA,NA,NA,1,NA,NA,NA,NA,NA,NA,NA,NA,NA,1,NA,NA
2021,4,9,5905,NA,"Soufriere St. Vincent","W Indies","St. Vincent & the Grenadines",13.33,-61.18,1220,"Stratovolcano","true",4,"T,W",NA,NA,NA,NA,NA,NA,325,4,NA,NA,NA,NA,NA,NA,NA,NA,325,4,NA,NA
2021,5,19,5912,NA,"Stromboli","Italy","Italy",38.789,15.213,924,"Stratovolcano","true",2,"W",NA,NA,NA,NA,NA,NA,NA,NA,NA,NA,NA,NA,NA,NA,NA,NA,NA,NA,NA,NA
2021,5,22,NA,10545,"Nyiragongo","Africa-C","Congo, DRC",-1.52,29.25,3470,"Stratovolcano","true",2,"L,I,S",32,1,NA,NA,NA,NA,NA,3,5000,4,32,1,NA,NA,NA,NA,NA,3,5000,4
2021,9,19,NA,NA,"La Palma","Canary Is","Spain",28.57,-17.83,2426,"Stratovolcano","true",3,"L",1,1,NA,NA,NA,NA,924,4,1345,4,1,1,NA,NA,NA,NA,924,4,1345,4
2021,12,4,NA,NA,"Semeru","Java","Indonesia",-8.108,112.922,3657,"Stratovolcano","true",4,"T",51,1,9,1,169,3,20,3,2970,4,45,1,9,1,169,3,20,3,2970,4
2022,1,15,5824,NA,"Hunga Tonga-Hunga Ha'apai","Tonga-SW Pacific","Tonga",-20.553,-175.384,114,"Submarine volcano","true",5,"W",NA,NA,NA,NA,NA,NA,16.72,3,NA,NA,6,1,NA,NA,20,1,135.368,4,284,3
2022,6,22,NA,NA,"Popocatepetl","Mexico","Mexico",19.023,-98.622,5393,"Stratovolcano","true",2,"P",1,1,NA,NA,NA,NA,NA,NA,NA,NA,1,1,NA,NA,NA,NA,NA,NA,NA,NA
2022,10,9,5865,NA,"Stromboli","Italy","Italy",38.789,15.213,924,"Stratovolcano","true",2,"P,W",NA,NA,NA,NA,NA,NA,NA,NA,NA,NA,NA,NA,NA,NA,NA,NA,NA,NA,NA,NA
2022,12,4,5868,NA,"Stromboli","Italy","Italy",38.789,15.213,924,"Stratovolcano","true",2,"P,W",NA,NA,NA,NA,NA,NA,NA,NA,NA,NA,NA,NA,NA,NA,NA,NA,NA,NA,NA,NA
2022,12,4,NA,NA,"Semeru","Java","Indonesia",-8.108,112.922,3657,"Stratovolcano","true",4,"T,M",NA,NA,NA,NA,NA,NA,NA,1,NA,NA,NA,NA,NA,NA,NA,NA,NA,1,NA,NA
2023,1,31,5906,NA,"East Epi","Vanuatu-SW Pacific","Vanuatu",-16.68,168.389,833,"Stratovolcano","true",NA,"W",NA,NA,NA,NA,NA,NA,NA,NA,NA,NA,NA,NA,NA,NA,NA,NA,NA,NA,NA,NA
2023,7,7,NA,NA,"Bagana","Bougainville-SW Paci","Papua New Guinea",-6.137,155.196,1855,"Lava cone","true",2,"T,G",NA,NA,NA,NA,NA,NA,NA,1,NA,1,NA,NA,NA,NA,NA,NA,NA,1,NA,1
2023,10,8,5891,10709,"Sofugan","Izu Is-Japan","Japan",29.794,140.342,99,"Submarine volcano","true",NA,"S,W",NA,NA,NA,NA,NA,NA,NA,NA,NA,NA,NA,NA,NA,NA,NA,NA,NA,NA,NA,NA
2023,12,3,NA,NA,"Marapi","Sumatra","Indonesia",-0.38,100.474,2885,"Complex volcano","true",NA,"P,T",23,1,0,NA,12,1,NA,NA,NA,NA,23,1,0,NA,12,1,NA,NA,NA,NA
2023,12,18,NA,NA,"Reykjanes","Iceland-SW","Iceland",63.817,-22.717,140,"Crater rows","true",NA,"S,L",1,1,NA,NA,NA,NA,NA,2,3,1,1,1,NA,NA,NA,NA,NA,2,3,1
2024,4,16,NA,NA,"Ruang","Sangihe Is-Indonesia","Indonesia",2.3,125.37,725,"Stratovolcano","true",NA,"",NA,NA,NA,NA,NA,NA,15.5,3,3200,4,NA,NA,NA,NA,NA,NA,15.5,3,3200,4
2024,5,11,NA,NA,"Marapi","Sumatra","Indonesia",-0.38,100.474,2885,"Complex volcano","true",2,"M",67,2,20,1,33,1,NA,3,521,3,67,2,20,1,33,1,NA,3,521,3
2024,6,3,NA,NA,"Kanlaon","Philippines-C","Philippines",10.41,123.13,2422,"Stratovolcano","true",3,"M,G,T",NA,NA,NA,NA,NA,NA,2.5,2,2680,4,NA,NA,NA,NA,NA,NA,2.5,2,2680,4
2024,7,4,6084,NA,"Stromboli","Italy","Italy",38.789,15.213,924,"Stratovolcano","true",2,"",NA,NA,NA,NA,NA,NA,NA,NA,NA,NA,NA,NA,NA,NA,NA,NA,NA,NA,NA,NA
2024,8,17,5923,10744,"Sheveluch","Kamchatka","Russia",56.653,161.36,3283,"Stratovolcano","true",4,"",NA,NA,NA,NA,NA,NA,NA,NA,NA,NA,NA,NA,NA,NA,NA,NA,NA,NA,NA,NA
2024,11,3,NA,NA,"Lewotobi","Lesser Sunda Is","Indonesia",-8.542,122.775,1703,"Stratovolcano","true",NA,"T,P,L",9,1,NA,NA,64,NA,NA,NA,23,1,9,1,NA,NA,64,2,NA,NA,23,1
2024,12,9,NA,NA,"Kanlaon","Philippines-C","Philippines",10.41,123.13,2422,"Stratovolcano","true",2,"T,P",NA,0,NA,NA,NA,NA,2.2,2,1,1,NA,0,NA,NA,NA,NA,2.2,2,1,1
2025,3,20,NA,NA,"Lewotobi","Lesser Sunda Is","Indonesia",-8.542,122.775,1703,"Stratovolcano","true",NA,"T,P",1,1,NA,NA,1,1,NA,NA,NA,NA,1,1,NA,NA,1,1,NA,NA,NA,NA
2025,7,29,6044,10923,"Klyuchevskoy","Kamchatka","Russia",56.056,160.642,4754,"Stratovolcano","true",NA,"",NA,NA,NA,NA,NA,NA,NA,NA,NA,NA,NA,NA,NA,NA,NA,NA,NA,NA,NA,NA
2025,11,23,NA,NA,"Hayli Gubbi","Africa-NE","Ethiopia",13.51,40.722,493,"Shield volcano","true",NA,"T",NA,0,NA,NA,NA,NA,NA,1,NA,NA,NA,0,NA,NA,NA,NA,NA,1,NA,NA
