"Volcano.Number","Volcano.Name","Eruption.Number","Eruption.Category","Area.of.Activity","VEI","VEI.Modifier","Start.Year.Modifier","Start.Year","Start.Year.Uncertainty","Start.Month","Start.Day.Modifier","Start.Day","Start.Day.Uncertainty","Evidence.Method..dating.","End.Year.Modifier","End.Year","End.Year.Uncertainty","End.Month","End.Day.Modifier","End.Day","End.Day.Uncertainty","Country"
241020,"Auckland Volcanic Field",14419,"Confirmed Eruption","Rangitoto","NULL","NULL","NULL",1397,"7","NULL","NULL","NULL","NULL","Isotopic: 14C (calibrated)","NULL","NULL","NULL","NULL","NULL","NULL","NULL","New Zealand"
241020,"Auckland Volcanic Field",22418,"Confirmed Eruption","Rangitoto","NULL","NULL","NULL",1446,"5","NULL","NULL","NULL","NULL","Isotopic: 14C (calibrated)","NULL","NULL","NULL","NULL","NULL","NULL","NULL","New Zealand"
241021,"Tuhua/Mayor Island",14417,"Confirmed Eruption","SE caldera rim","NULL","NULL","NULL",-6050,"75","0","NULL","0","NULL","Isotopic: 14C (uncalibrated)","NULL","NULL","NULL","NULL","NULL","NULL","NULL","New Zealand"
241021,"Tuhua/Mayor Island",14418,"Confirmed Eruption","South end of caldera, Taratimi Bay","5","NULL","NULL",-5055,"155","NULL","NULL","NULL","NULL","Isotopic: 14C (calibrated)","NULL","NULL","NULL","NULL","NULL","NULL","NULL","New Zealand"
241030,"Taranaki",14438,"Confirmed Eruption","NULL","NULL","NULL","NULL",-420,"30","0","NULL","0","NULL","Isotopic: 14C (uncalibrated)","NULL","NULL","NULL","NULL","NULL","NULL","NULL","New Zealand"
241030,"Taranaki",14441,"Confirmed Eruption","NULL","NULL","NULL","NULL",100,"40","0","NULL","0","NULL","Isotopic: 14C (uncalibrated)","NULL","NULL","NULL","NULL","NULL","NULL","NULL","New Zealand"
241030,"Taranaki",14432,"Confirmed Eruption","NULL","5","NULL","NULL",-1700,"100","0","NULL","0","NULL","Isotopic: 14C (uncalibrated)","NULL","NULL","NULL","NULL","NULL","NULL","NULL","New Zealand"
241030,"Taranaki",14448,"Confirmed Eruption","NULL","NULL","NULL","NULL",1070,"40","0","NULL","0","NULL","Isotopic: 14C (uncalibrated)","NULL","NULL","NULL","NULL","NULL","NULL","NULL","New Zealand"
241030,"Taranaki",14443,"Confirmed Eruption","NULL","NULL","NULL","NULL",390,"40","0","NULL","0","NULL","Isotopic: 14C (uncalibrated)","NULL","NULL","NULL","NULL","NULL","NULL","NULL","New Zealand"
241030,"Taranaki",13347,"Confirmed Eruption","NULL","NULL","NULL","?",1755,"NULL","0","NULL","0","NULL","Sidereal: Dendrochronology","NULL","NULL","NULL","NULL","NULL","NULL","NULL","New Zealand"
241030,"Taranaki",14435,"Confirmed Eruption","NULL","NULL","NULL","NULL",-1190,"40","0","NULL","0","NULL","Isotopic: 14C (uncalibrated)","NULL","NULL","NULL","NULL","NULL","NULL","NULL","New Zealand"
241030,"Taranaki",14450,"Confirmed Eruption","NULL","NULL","NULL","NULL",1340,"40","0","NULL","0","NULL","Isotopic: 14C (uncalibrated)","NULL","NULL","NULL","NULL","NULL","NULL","NULL","New Zealand"
241030,"Taranaki",14446,"Confirmed Eruption","NULL","NULL","NULL","NULL",820,"30","0","NULL","0","NULL","Isotopic: 14C (uncalibrated)","NULL","NULL","NULL","NULL","NULL","NULL","NULL","New Zealand"
241030,"Taranaki",13348,"Confirmed Eruption","NULL","NULL","NULL","?",1800,"NULL","0","NULL","0","NULL","Correlation: Tephrochronology","NULL","NULL","NULL","NULL","NULL","NULL","NULL","New Zealand"
241030,"Taranaki",14457,"Confirmed Eruption","NULL","NULL","NULL","NULL",1590,"40","0","NULL","0","NULL","Isotopic: 14C (uncalibrated)","NULL","NULL","NULL","NULL","NULL","NULL","NULL","New Zealand"
241030,"Taranaki",14440,"Confirmed Eruption","NULL","NULL","NULL","NULL",-40,"75","0","NULL","0","NULL","Isotopic: 14C (uncalibrated)","NULL","NULL","NULL","NULL","NULL","NULL","NULL","New Zealand"
241030,"Taranaki",14429,"Confirmed Eruption","NULL","NULL","NULL","NULL",-2450,"300","0","NULL","0","NULL","Correlation: Tephrochronology","NULL","NULL","NULL","NULL","NULL","NULL","NULL","New Zealand"
241030,"Taranaki",14444,"Confirmed Eruption","NULL","NULL","NULL","NULL",520,"150","0","NULL","0","NULL","Isotopic: 14C (uncalibrated)","NULL","NULL","NULL","NULL","NULL","NULL","NULL","New Zealand"
241030,"Taranaki",14436,"Confirmed Eruption","Fanthams Peak","NULL","NULL","NULL",-1130,"200","0","NULL","0","NULL","Correlation: Tephrochronology","NULL","NULL","NULL","NULL","NULL","NULL","NULL","New Zealand"
241030,"Taranaki",14449,"Confirmed Eruption","NULL","NULL","NULL","NULL",1300,"50","0","NULL","0","NULL","Isotopic: 14C (uncalibrated)","NULL","NULL","NULL","NULL","NULL","NULL","NULL","New Zealand"
241030,"Taranaki",14318,"Confirmed Eruption","NULL","NULL","NULL","NULL",1700,"50","0","NULL","0","NULL","Isotopic: 14C (uncalibrated)","NULL","NULL","NULL","NULL","NULL","NULL","NULL","New Zealand"
241030,"Taranaki",14427,"Confirmed Eruption","NULL","NULL","NULL","NULL",-2850,"300","0","NULL","0","NULL","Correlation: Tephrochronology","NULL","NULL","NULL","NULL","NULL","NULL","NULL","New Zealand"
241030,"Taranaki",14430,"Confirmed Eruption","NULL","NULL","NULL","NULL",-2400,"40","0","NULL","0","NULL","Isotopic: 14C (uncalibrated)","NULL","NULL","NULL","NULL","NULL","NULL","NULL","New Zealand"
241030,"Taranaki",14431,"Confirmed Eruption","NULL","NULL","NULL","?",-2150,"NULL","0","NULL","0","NULL","Correlation: Tephrochronology","NULL","NULL","NULL","NULL","NULL","NULL","NULL","New Zealand"
241030,"Taranaki",14447,"Confirmed Eruption","NULL","NULL","NULL","NULL",970,"30","0","NULL","0","NULL","Isotopic: 14C (uncalibrated)","NULL","NULL","NULL","NULL","NULL","NULL","NULL","New Zealand"
241030,"Taranaki",14453,"Confirmed Eruption","NULL","NULL","NULL","NULL",1500,"30","0","NULL","0","NULL","Isotopic: 14C (uncalibrated)","NULL","NULL","NULL","NULL","NULL","NULL","NULL","New Zealand"
241030,"Taranaki",14458,"Confirmed Eruption","NULL","4","NULL","?",1655,"NULL","0","NULL","0","NULL","Sidereal: Dendrochronology","NULL","NULL","NULL","NULL","NULL","NULL","NULL","New Zealand"
241030,"Taranaki",14420,"Confirmed Eruption","NULL","NULL","NULL","?",-7650,"NULL","0","NULL","0","NULL","Isotopic: 14C (uncalibrated)","NULL","NULL","NULL","NULL","NULL","NULL","NULL","New Zealand"
241030,"Taranaki",14421,"Confirmed Eruption","NULL","NULL","NULL","?",-7330,"NULL","0","NULL","0","NULL","Correlation: Tephrochronology","NULL","NULL","NULL","NULL","NULL","NULL","NULL","New Zealand"
241030,"Taranaki",14434,"Confirmed Eruption","Southern Beehive","NULL","NULL","?",-1250,"NULL","0","NULL","0","NULL","Correlation: Tephrochronology","NULL","NULL","NULL","NULL","NULL","NULL","NULL","New Zealand"
241030,"Taranaki",14439,"Confirmed Eruption","NULL","NULL","NULL","NULL",-150,"30","0","NULL","0","NULL","Isotopic: 14C (uncalibrated)","NULL","NULL","NULL","NULL","NULL","NULL","NULL","New Zealand"
241030,"Taranaki",14445,"Confirmed Eruption","NULL","NULL","NULL","?",550,"NULL","0","NULL","0","NULL","Correlation: Tephrochronology","NULL","NULL","NULL","NULL","NULL","NULL","NULL","New Zealand"
241030,"Taranaki",14428,"Confirmed Eruption","NULL","NULL","NULL","?",-2700,"NULL","0","NULL","0","NULL","Correlation: Tephrochronology","NULL","NULL","NULL","NULL","NULL","NULL","NULL","New Zealand"
241030,"Taranaki",14422,"Confirmed Eruption","NULL","NULL","NULL","NULL",-7270,"50","0","NULL","0","NULL","Isotopic: 14C (uncalibrated)","NULL","NULL","NULL","NULL","NULL","NULL","NULL","New Zealand"
241030,"Taranaki",14425,"Confirmed Eruption","NULL","NULL","NULL","NULL",-5120,"50","0","NULL","0","NULL","Isotopic: 14C (uncalibrated)","NULL","NULL","NULL","NULL","NULL","NULL","NULL","New Zealand"
241030,"Taranaki",14426,"Confirmed Eruption","NULL","NULL","NULL","?",-3250,"NULL","0","NULL","0","NULL","Correlation: Tephrochronology","NULL","NULL","NULL","NULL","NULL","NULL","NULL","New Zealand"
241030,"Taranaki",14456,"Confirmed Eruption","NULL","NULL","NULL","NULL",1570,"40","0","NULL","0","NULL","Isotopic: 14C (uncalibrated)","NULL","NULL","NULL","NULL","NULL","NULL","NULL","New Zealand"
241030,"Taranaki",14424,"Confirmed Eruption","NULL","NULL","NULL","?",-6050,"NULL","0","NULL","0","NULL","Correlation: Tephrochronology","NULL","NULL","NULL","NULL","NULL","NULL","NULL","New Zealand"
241030,"Taranaki",14452,"Confirmed Eruption","NULL","NULL","NULL","NULL",1480,"50","0","NULL","0","NULL","Isotopic: 14C (uncalibrated)","NULL","NULL","NULL","NULL","NULL","NULL","NULL","New Zealand"
241030,"Taranaki",14423,"Confirmed Eruption","NULL","NULL","NULL","NULL",-7000,"100","0","NULL","0","NULL","Isotopic: 14C (uncalibrated)","NULL","NULL","NULL","NULL","NULL","NULL","NULL","New Zealand"
241030,"Taranaki",14451,"Confirmed Eruption","NULL","NULL","NULL","NULL",1400,"50","0","NULL","0","NULL","Isotopic: 14C (uncalibrated)","NULL","NULL","NULL","NULL","NULL","NULL","NULL","New Zealand"
241030,"Taranaki",14442,"Confirmed Eruption","NULL","3","?","?",150,"NULL","0","NULL","0","NULL","Correlation: Tephrochronology","NULL","NULL","NULL","NULL","NULL","NULL","NULL","New Zealand"
241030,"Taranaki",14437,"Confirmed Eruption","NULL","NULL","NULL","NULL",-590,"500","0","NULL","0","NULL","Correlation: Tephrochronology","NULL","NULL","NULL","NULL","NULL","NULL","NULL","New Zealand"
241030,"Taranaki",14433,"Confirmed Eruption","NULL","NULL","NULL","NULL",-1560,"40","0","NULL","0","NULL","Isotopic: 14C (uncalibrated)","NULL","NULL","NULL","NULL","NULL","NULL","NULL","New Zealand"
241030,"Taranaki",14454,"Confirmed Eruption","NULL","NULL","NULL","NULL",1550,"40","0","NULL","0","NULL","Isotopic: 14C (uncalibrated)","NULL","NULL","NULL","NULL","NULL","NULL","NULL","New Zealand"
241030,"Taranaki",14455,"Confirmed Eruption","NULL","NULL","NULL","NULL",1560,"40","0","NULL","0","NULL","Isotopic: 14C (uncalibrated)","NULL","NULL","NULL","NULL","NULL","NULL","NULL","New Zealand"
241040,"Whakaari/White Island",14476,"Confirmed Eruption","NULL","2","NULL","NULL",1957,"NULL","12","NULL","11","NULL","Observations: Reported","NULL","NULL","NULL","NULL","NULL","NULL","NULL","New Zealand"
241040,"Whakaari/White Island",14485,"Confirmed Eruption","South of Rudolf (1971 crater)","2","NULL","NULL",1971,"NULL","7","NULL","19","NULL","Observations: Reported","NULL","1971","NULL","7","NULL","20","NULL","New Zealand"
241040,"Whakaari/White Island",14490,"Confirmed Eruption","Congress and numerous other craters","3","NULL","NULL",1986,"NULL","2","?","1","NULL","Observations: Reported","NULL","1994","NULL","7","NULL","28","NULL","New Zealand"
241040,"Whakaari/White Island",14487,"Confirmed Eruption","Christmas, Gibrus, and 1978 craters","3","NULL","NULL",1976,"NULL","12","NULL","18","NULL","Observations: Reported","NULL","1982","NULL","1","NULL","29","NULL","New Zealand"
241040,"Whakaari/White Island",14483,"Confirmed Eruption","Rudolf vent","2","NULL","NULL",1970,"NULL","6","NULL","30","30","Observations: Reported","NULL","NULL","NULL","NULL","NULL","NULL","NULL","New Zealand"
241040,"Whakaari/White Island",14461,"Confirmed Eruption","NULL","2","NULL","NULL",1836,"2","0","NULL","0","NULL","Observations: Reported","NULL","NULL","NULL","NULL","NULL","NULL","NULL","New Zealand"
241040,"Whakaari/White Island",14470,"Confirmed Eruption","NW end of crater (Lot's Wife vent)","2","NULL","NULL",1922,"NULL","0","NULL","0","NULL","Observations: Reported","NULL","NULL","NULL","NULL","NULL","NULL","NULL","New Zealand"
241040,"Whakaari/White Island",14479,"Confirmed Eruption","Big John Crater","3","NULL","NULL",1962,"NULL","12","NULL","15","NULL","Observations: Reported","NULL","NULL","NULL","NULL","NULL","NULL","NULL","New Zealand"
241040,"Whakaari/White Island",13356,"Confirmed Eruption","Noisy Nellie Crater","2","NULL","NULL",1947,"NULL","1","<","0","NULL","Observations: Reported","NULL","NULL","NULL","NULL","NULL","NULL","NULL","New Zealand"
241040,"Whakaari/White Island",14495,"Confirmed Eruption","MH vent","2","NULL","NULL",2001,"NULL","2","NULL","19","NULL","Observations: Reported","NULL","2001","NULL","2","?","19","NULL","New Zealand"
241040,"Whakaari/White Island",14484,"Confirmed Eruption","Noisy Nellie Crater","2","NULL","NULL",1971,"NULL","4","NULL","9","3","Observations: Reported","NULL","NULL","NULL","NULL","NULL","NULL","NULL","New Zealand"
241040,"Whakaari/White Island",22621,"Confirmed Eruption","NULL","NULL","NULL","NULL",2025,"NULL","8","NULL","28","NULL","Observations: Reported","NULL","2025","NULL","8","NULL","28","NULL","New Zealand"
241040,"Whakaari/White Island",14478,"Confirmed Eruption","Noisy Nellie Crater","2","NULL","NULL",1959,"NULL","12","NULL","14","NULL","Observations: Reported","NULL","1959","NULL","12","NULL","20","NULL","New Zealand"
241040,"Whakaari/White Island",14475,"Confirmed Eruption","NULL","2","NULL","NULL",1955,"NULL","1","NULL","16","15","Observations: Reported","NULL","NULL","NULL","NULL","NULL","NULL","NULL","New Zealand"
241040,"Whakaari/White Island",14460,"Confirmed Eruption","NULL","2","NULL","NULL",1826,"NULL","12","NULL","1","NULL","Observations: Reported","NULL","NULL","NULL","NULL","NULL","NULL","NULL","New Zealand"
241040,"Whakaari/White Island",22121,"Confirmed Eruption","1978/90 Crater Complex","1","NULL","NULL",2016,"NULL","4","NULL","27","NULL","Observations: Reported","NULL","2016","NULL","4","NULL","27","NULL","New Zealand"
241040,"Whakaari/White Island",14491,"Confirmed Eruption","Wade Crater","1","NULL","NULL",1995,"NULL","6","?","28","NULL","Observations: Reported","NULL","1995","NULL","6","?","29","NULL","New Zealand"
241040,"Whakaari/White Island",14466,"Confirmed Eruption","NULL","2","NULL","NULL",1886,"NULL","9","NULL","16","NULL","Observations: Reported","NULL","1886","NULL","12","?","0","NULL","New Zealand"
241040,"Whakaari/White Island",14489,"Confirmed Eruption","North margin of 1978 crater complex","2","NULL","NULL",1983,"NULL","12","NULL","26","5","Observations: Reported","NULL","1984","NULL","2","NULL","12","5","New Zealand"
241040,"Whakaari/White Island",14468,"Confirmed Eruption","NULL","2","NULL","NULL",1909,"NULL","5","NULL","13","NULL","Observations: Reported","NULL","NULL","NULL","NULL","NULL","NULL","NULL","New Zealand"
241040,"Whakaari/White Island",14464,"Confirmed Eruption","West end of crater","2","NULL","NULL",1885,"NULL","10","NULL","0","NULL","Observations: Reported","NULL","NULL","NULL","NULL","NULL","NULL","NULL","New Zealand"
241040,"Whakaari/White Island",14494,"Confirmed Eruption","MH vent","3","?","NULL",2000,"NULL","3","NULL","7","NULL","Observations: Reported","NULL","2000","NULL","9","NULL","5","4","New Zealand"
241040,"Whakaari/White Island",14492,"Confirmed Eruption","NULL","1","NULL","NULL",1998,"NULL","3","NULL","28","NULL","Observations: Reported","NULL","1998","NULL","3","NULL","29","NULL","New Zealand"
241040,"Whakaari/White Island",14493,"Confirmed Eruption","NW corner of 1978/90 crater complex","2","NULL","NULL",1998,"NULL","8","NULL","22","NULL","Observations: Reported","NULL","1999","NULL","8","NULL","16","15","New Zealand"
241040,"Whakaari/White Island",14481,"Confirmed Eruption","Rudolf vent (back wall of 1933 crater)","3","NULL","NULL",1968,"NULL","1","NULL","27","NULL","Observations: Reported","NULL","1969","NULL","2","NULL","16","15","New Zealand"
241040,"Whakaari/White Island",14486,"Confirmed Eruption","SE of Donald Mound,","2","NULL","NULL",1974,"NULL","9","NULL","8","10","Observations: Reported","NULL","NULL","NULL","NULL","NULL","NULL","NULL","New Zealand"
241040,"Whakaari/White Island",22651,"Confirmed Eruption","NULL","NULL","NULL","NULL",2026,"NULL","3","NULL","10","NULL","Observations: Reported","NULL","2026","NULL","3","NULL","24","NULL","New Zealand"
241040,"Whakaari/White Island",14480,"Confirmed Eruption","Gilliver Crater","3","NULL","NULL",1966,"NULL","11","NULL","13","NULL","Observations: Reported","NULL","1967","NULL","3","NULL","16","15","New Zealand"
241040,"Whakaari/White Island",14482,"Confirmed Eruption","Rudolf vent","2","NULL","NULL",1969,"NULL","8","NULL","16","15","Observations: Reported","NULL","1969","NULL","9","NULL","16","15","New Zealand"
241040,"Whakaari/White Island",20839,"Confirmed Eruption","1978/90 Crater Complex","2","NULL","NULL",2012,"NULL","8","NULL","7","NULL","Observations: Reported","NULL","2013","NULL","10","NULL","11","NULL","New Zealand"
241040,"Whakaari/White Island",22147,"Confirmed Eruption","2012 lava dome","1","NULL","NULL",2016,"NULL","9","NULL","13","NULL","Observations: Reported","NULL","2016","NULL","9","NULL","14","NULL","New Zealand"
241040,"Whakaari/White Island",14471,"Confirmed Eruption","North end of crater (Schuberts Fairy?)","2","NULL","NULL",1924,"NULL","0","NULL","0","NULL","Observations: Reported","NULL","NULL","NULL","NULL","NULL","NULL","NULL","New Zealand"
241040,"Whakaari/White Island",22338,"Confirmed Eruption","1978/90 Crater Complex","2","NULL","NULL",2019,"NULL","12","NULL","9","NULL","Observations: Reported","NULL","2019","NULL","12","NULL","9","NULL","New Zealand"
241040,"Whakaari/White Island",14473,"Confirmed Eruption","Between Big Donald and Lot's Wife","1","NULL","NULL",1928,"NULL","9","NULL","1","NULL","Observations: Reported","NULL","1928","NULL","9","NULL","3","1","New Zealand"
241040,"Whakaari/White Island",14477,"Confirmed Eruption","Noisy Nellie and 1933 craters","1","NULL","NULL",1958,"NULL","12","NULL","16","15","Observations: Reported","NULL","NULL","NULL","NULL","NULL","NULL","NULL","New Zealand"
241040,"Whakaari/White Island",14474,"Confirmed Eruption","NULL","2","NULL","NULL",1930,"NULL","3","NULL","16","NULL","Observations: Reported","NULL","NULL","NULL","NULL","NULL","NULL","NULL","New Zealand"
241040,"Whakaari/White Island",22573,"Confirmed Eruption","NULL","1","NULL","NULL",2024,"NULL","5","NULL","24","NULL","Observations: Reported","NULL","2025","NULL","5","NULL","13","NULL","New Zealand"
241040,"Whakaari/White Island",14472,"Confirmed Eruption","Little Donald vent","2","NULL","NULL",1926,"NULL","2","NULL","3","NULL","Observations: Reported","NULL","NULL","NULL","NULL","NULL","NULL","NULL","New Zealand"
241040,"Whakaari/White Island",14387,"Confirmed Eruption","Foot of crater ridge (1933 crater)","3","NULL","NULL",1933,"NULL","4","NULL","2","NULL","Observations: Reported","NULL","NULL","NULL","NULL","NULL","NULL","NULL","New Zealand"
241050,"Okataina",14518,"Confirmed Eruption","Waimangu (Echo Crater)","1","NULL","NULL",1915,"NULL","11","NULL","5","NULL","Observations: Reported","NULL","1915","NULL","11","NULL","9","NULL","New Zealand"
241050,"Okataina",14516,"Confirmed Eruption","Waimangu (NW of Fairy Crater)","1","NULL","NULL",1914,"NULL","1","NULL","28","NULL","Observations: Reported","NULL","1914","NULL","2","NULL","0","NULL","New Zealand"
241050,"Okataina",14519,"Confirmed Eruption","Waimangu (Echo Crater)","1","NULL","NULL",1917,"NULL","3","NULL","24","NULL","Observations: Reported","NULL","1917","NULL","4","NULL","4","NULL","New Zealand"
241050,"Okataina",14507,"Confirmed Eruption","Waimangu (Echo Crater)","1","?","NULL",1896,"NULL","0","NULL","0","NULL","Observations: Reported","NULL","NULL","NULL","NULL","NULL","NULL","NULL","New Zealand"
241050,"Okataina",14523,"Confirmed Eruption","Rotomahana","1","NULL","NULL",1951,"NULL","6","NULL","16","15","Observations: Reported","NULL","NULL","NULL","NULL","NULL","NULL","NULL","New Zealand"
241050,"Okataina",14501,"Confirmed Eruption","Haroharo (Rotokawau to Rotoatua)","4","+","?",-1750,"NULL","0","NULL","0","NULL","Isotopic: 14C (calibrated)","NULL","NULL","NULL","NULL","NULL","NULL","NULL","New Zealand"
241050,"Okataina",14509,"Confirmed Eruption","Waimangu (Echo Crater)","1","NULL","NULL",1905,"NULL","2","NULL","18","NULL","Observations: Reported","NULL","1905","NULL","2","NULL","23","NULL","New Zealand"
241050,"Okataina",14514,"Confirmed Eruption","Waimangu (Echo Crater)","1","NULL","NULL",1912,"NULL","4","NULL","0","NULL","Observations: Reported","NULL","NULL","NULL","NULL","NULL","NULL","NULL","New Zealand"
241050,"Okataina",14522,"Confirmed Eruption","Rotomahana","1","NULL","NULL",1926,"NULL","11","NULL","17","NULL","Observations: Reported","NULL","1926","NULL","11","NULL","18","NULL","New Zealand"
241050,"Okataina",14520,"Confirmed Eruption","Waimangu (Echo Crater)","1","NULL","NULL",1918,"NULL","0","NULL","0","NULL","Observations: Reported","NULL","1920","NULL","0","NULL","0","NULL","New Zealand"
241050,"Okataina",14506,"Confirmed Eruption","Tarawera (Wahanga-Waimangu fissure)","5","NULL","NULL",1886,"NULL","6","NULL","10","NULL","Observations: Reported","NULL","1886","NULL","8","NULL","0","NULL","New Zealand"
241050,"Okataina",14496,"Confirmed Eruption","West Rerewhakaaitu fissures","NULL","NULL","?",-8050,"NULL","0","NULL","0","NULL","Correlation: Tephrochronology","NULL","NULL","NULL","NULL","NULL","NULL","NULL","New Zealand"
241050,"Okataina",14512,"Confirmed Eruption","Waimangu (Echo Crater)","1","NULL","NULL",1908,"NULL","10","NULL","1","NULL","Observations: Reported","NULL","1908","NULL","10","NULL","1","NULL","New Zealand"
241050,"Okataina",14517,"Confirmed Eruption","Waimangu (Echo Crater & NW of Fairy Crater)","1","NULL","NULL",1915,"NULL","2","NULL","4","NULL","Observations: Reported","NULL","1915","NULL","4","NULL","13","NULL","New Zealand"
241050,"Okataina",14526,"Confirmed Eruption","Waimangu (Raupo Pond crater)","1","NULL","NULL",1981,"NULL","5","NULL","16","15","Observations: Reported","NULL","1981","NULL","5","NULL","16","15","New Zealand"
241050,"Okataina",14498,"Confirmed Eruption","Haroharo (Te Horoa & other domes)","5","NULL","NULL",-6060,"50","0","NULL","0","NULL","Isotopic: 14C (calibrated)","NULL","NULL","NULL","NULL","NULL","NULL","NULL","New Zealand"
241050,"Okataina",14499,"Confirmed Eruption","Mt. Edgecumbe","0","NULL","?",-5550,"NULL","0","NULL","0","NULL","Correlation: Tephrochronology","NULL","NULL","NULL","NULL","NULL","NULL","NULL","New Zealand"
241050,"Okataina",14508,"Confirmed Eruption","Waimangu Geyser","1","NULL","NULL",1900,"NULL","1","NULL","0","NULL","Observations: Reported","NULL","1904","NULL","11","NULL","1","NULL","New Zealand"
241050,"Okataina",14513,"Confirmed Eruption","Waimangu (Echo Crater)","1","NULL","NULL",1910,"NULL","7","NULL","24","NULL","Observations: Reported","NULL","1910","NULL","7","NULL","25","NULL","New Zealand"
241050,"Okataina",14497,"Confirmed Eruption","Rotoma caldera, Tuahu, Kawerau","5","NULL","NULL",-7560,"18","0","NULL","0","NULL","Isotopic: 14C (calibrated)","NULL","NULL","NULL","NULL","NULL","NULL","NULL","New Zealand"
241050,"Okataina",14511,"Confirmed Eruption","Waimangu (NW of Fairy Crater)","1","NULL","NULL",1906,"NULL","2","NULL","21","NULL","Observations: Reported","NULL","1906","NULL","2","NULL","21","NULL","New Zealand"
241050,"Okataina",14510,"Confirmed Eruption","Waimangu (Echo Crater)","1","NULL","NULL",1905,"NULL","6","NULL","17","NULL","Observations: Reported","NULL","1905","NULL","6","NULL","17","NULL","New Zealand"
241050,"Okataina",14505,"Confirmed Eruption","Tarawera (Kaharoa eruption)","5","NULL","NULL",1310,"12","0","NULL","0","NULL","Isotopic: 14C (calibrated)","?","1315","NULL","0","NULL","0","NULL","New Zealand"
241050,"Okataina",14502,"Confirmed Eruption","Mt. Edgecumbe","NULL","NULL","NULL",-1330,"75","0","NULL","0","NULL","Isotopic: 14C (calibrated)","NULL","NULL","NULL","NULL","NULL","NULL","NULL","New Zealand"
241050,"Okataina",14525,"Confirmed Eruption","Waimangu (Raupo Pond, Inferno Crater)","1","NULL","NULL",1978,"NULL","2","NULL","23","NULL","Observations: Reported","NULL","1978","NULL","2","NULL","23","NULL","New Zealand"
241050,"Okataina",14500,"Confirmed Eruption","Haroharo (Makatiti and other domes)","5","NULL","NULL",-3580,"50","0","NULL","0","NULL","Isotopic: 14C (calibrated)","NULL","NULL","NULL","NULL","NULL","NULL","NULL","New Zealand"
241050,"Okataina",14524,"Confirmed Eruption","Waimangu (Echo Crater)","1","NULL","NULL",1973,"NULL","2","NULL","22","NULL","Observations: Reported","NULL","1973","NULL","2","NULL","22","NULL","New Zealand"
241050,"Okataina",14521,"Confirmed Eruption","Waimangu (Echo Crater)","1","NULL","NULL",1924,"NULL","0","NULL","0","NULL","Observations: Reported","NULL","NULL","NULL","NULL","NULL","NULL","NULL","New Zealand"
241050,"Okataina",14504,"Confirmed Eruption","Te Kopia thermal area","NULL","NULL","?",180,"NULL","0","NULL","0","NULL","Correlation: Tephrochronology","NULL","NULL","NULL","NULL","NULL","NULL","NULL","New Zealand"
241050,"Okataina",14515,"Confirmed Eruption","Waimangu (Echo Crater)","1","NULL","NULL",1913,"NULL","1","NULL","27","NULL","Observations: Reported","NULL","1913","NULL","1","NULL","27","NULL","New Zealand"
241050,"Okataina",14503,"Confirmed Eruption","Mt. Edgecumbe","0","NULL","?",-300,"NULL","0","NULL","0","NULL","Correlation: Tephrochronology","NULL","NULL","NULL","NULL","NULL","NULL","NULL","New Zealand"
241070,"Taupo",14533,"Confirmed Eruption","Central, E-central L. Taupo (Opepe)","5","NULL","NULL",-8130,"200","0","NULL","0","NULL","Isotopic: 14C (calibrated)","NULL","NULL","NULL","NULL","NULL","NULL","NULL","New Zealand"
241070,"Taupo",14539,"Confirmed Eruption","4 km NW of Te Kohaiakahu Point","4","NULL","NULL",-3170,"200","0","NULL","0","NULL","Isotopic: 14C (calibrated)","NULL","NULL","NULL","NULL","NULL","NULL","NULL","New Zealand"
241070,"Taupo",14532,"Confirmed Eruption","Acacia Bay lava dome","4","NULL","?",-9210,"NULL","0","NULL","0","NULL","Correlation: Tephrochronology","NULL","NULL","NULL","NULL","NULL","NULL","NULL","New Zealand"
241070,"Taupo",14538,"Confirmed Eruption","NULL","3","NULL","?",-3420,"NULL","0","NULL","0","NULL","Isotopic: 14C (calibrated)","NULL","NULL","NULL","NULL","NULL","NULL","NULL","New Zealand"
241070,"Taupo",14549,"Confirmed Eruption","5 km NE of Motutaiko Island","4","NULL","?",-1050,"NULL","0","NULL","0","NULL","Isotopic: 14C (calibrated)","NULL","NULL","NULL","NULL","NULL","NULL","NULL","New Zealand"
241070,"Taupo",14535,"Confirmed Eruption","East-central Lake Taupo","4","NULL","?",-4700,"NULL","0","NULL","0","NULL","Isotopic: 14C (calibrated)","NULL","NULL","NULL","NULL","NULL","NULL","NULL","New Zealand"
241070,"Taupo",14554,"Confirmed Eruption","East Lake Taupo (Horomatangi Reefs)","0","NULL","?",260,"NULL","0","NULL","0","NULL","Correlation: Tephrochronology","NULL","NULL","NULL","NULL","NULL","NULL","NULL","New Zealand"
241070,"Taupo",14534,"Confirmed Eruption","SE Lake Taupo (Motutaiko Island) (Unit F)","3","NULL","?",-5100,"NULL","0","NULL","0","NULL","Isotopic: 14C (calibrated)","NULL","NULL","NULL","NULL","NULL","NULL","NULL","New Zealand"
241070,"Taupo",14547,"Confirmed Eruption","Horomatangi Reefs?","6","NULL","NULL",-1460,"40","0","NULL","0","NULL","Isotopic: 14C (calibrated)","NULL","NULL","NULL","NULL","NULL","NULL","NULL","New Zealand"
241070,"Taupo",14545,"Confirmed Eruption","3 km NW of Te Kohaiakahu Point","4","NULL","?",-2600,"NULL","0","NULL","0","NULL","Isotopic: 14C (calibrated)","NULL","NULL","NULL","NULL","NULL","NULL","NULL","New Zealand"
241070,"Taupo",14542,"Confirmed Eruption","5 km NW of Te Kohaiakahu Point","4","NULL","?",-2900,"NULL","0","NULL","0","NULL","Isotopic: 14C (calibrated)","NULL","NULL","NULL","NULL","NULL","NULL","NULL","New Zealand"
241070,"Taupo",14530,"Confirmed Eruption","East-central Lake Taupo (Karapiti)","5","NULL","NULL",-9460,"200","0","NULL","0","NULL","Isotopic: 14C (calibrated)","NULL","NULL","NULL","NULL","NULL","NULL","NULL","New Zealand"
241070,"Taupo",14553,"Confirmed Eruption","Horomatangi Reefs area","6","?","NULL",233,"13","3","NULL","15","20","Isotopic: 14C (calibrated)","NULL","NULL","NULL","NULL","NULL","NULL","NULL","New Zealand"
241070,"Taupo",14546,"Confirmed Eruption","3 km SW of Motutaiko Island","3","NULL","?",-2500,"NULL","0","NULL","0","NULL","Isotopic: 14C (calibrated)","NULL","NULL","NULL","NULL","NULL","NULL","NULL","New Zealand"
241070,"Taupo",14552,"Confirmed Eruption","4 km NW of Te Kohaiakahu Point","4","+","?",-200,"NULL","0","NULL","0","NULL","Isotopic: 14C (calibrated)","NULL","NULL","NULL","NULL","NULL","NULL","NULL","New Zealand"
241070,"Taupo",14531,"Confirmed Eruption","4 km W of Te Kohaiakahu Point","5","NULL","NULL",-9240,"75","0","NULL","0","NULL","Isotopic: 14C (calibrated)","NULL","NULL","NULL","NULL","NULL","NULL","NULL","New Zealand"
241070,"Taupo",14537,"Confirmed Eruption","NULL","3","NULL","?",-4000,"NULL","0","NULL","0","NULL","Isotopic: 14C (calibrated)","NULL","NULL","NULL","NULL","NULL","NULL","NULL","New Zealand"
241070,"Taupo",14536,"Confirmed Eruption","4 km WNW of Kohaiakahu Point","4","NULL","?",-4100,"NULL","0","NULL","0","NULL","Isotopic: 14C (calibrated)","NULL","NULL","NULL","NULL","NULL","NULL","NULL","New Zealand"
241070,"Taupo",14548,"Confirmed Eruption","4 km W of Te Kohaiakahu Point","3","NULL","?",-1250,"NULL","0","NULL","0","NULL","Isotopic: 14C (calibrated)","NULL","NULL","NULL","NULL","NULL","NULL","NULL","New Zealand"
241070,"Taupo",14550,"Confirmed Eruption","4 km NW of Te Kohaiakahu Point","4","+","NULL",-1010,"200","0","NULL","0","NULL","Isotopic: 14C (calibrated)","NULL","NULL","NULL","NULL","NULL","NULL","NULL","New Zealand"
241070,"Taupo",14551,"Confirmed Eruption","Ouaha Hills","2","NULL","?",-800,"NULL","0","NULL","0","NULL","Correlation: Tephrochronology","NULL","NULL","NULL","NULL","NULL","NULL","NULL","New Zealand"
241070,"Taupo",14541,"Confirmed Eruption","5 km NW of Te Kohaiakahu Point","4","NULL","?",-3070,"NULL","0","NULL","0","NULL","Isotopic: 14C (calibrated)","NULL","NULL","NULL","NULL","NULL","NULL","NULL","New Zealand"
241070,"Taupo",14544,"Confirmed Eruption","NULL","3","NULL","?",-2800,"NULL","0","NULL","0","NULL","Correlation: Tephrochronology","NULL","NULL","NULL","NULL","NULL","NULL","NULL","New Zealand"
241070,"Taupo",14540,"Confirmed Eruption","2 km W of Te Kohaiakahu Point","3","NULL","?",-3120,"NULL","0","NULL","0","NULL","Correlation: Tephrochronology","NULL","NULL","NULL","NULL","NULL","NULL","NULL","New Zealand"
241070,"Taupo",14543,"Confirmed Eruption","2 km S of Te Tuhi Point","3","NULL","?",-2850,"NULL","0","NULL","0","NULL","Isotopic: 14C (calibrated)","NULL","NULL","NULL","NULL","NULL","NULL","NULL","New Zealand"
241080,"Tongariro",14574,"Confirmed Eruption","Ngauruhoe and Red Crater","2","NULL","NULL",1926,"NULL","4","NULL","16","NULL","Observations: Reported","NULL","1926","NULL","6","NULL","0","NULL","New Zealand"
241080,"Tongariro",13433,"Confirmed Eruption","NE flank (Upper Te Mari Crater)","2","NULL","NULL",1869,"NULL","0","NULL","0","NULL","Observations: Reported","NULL","NULL","NULL","NULL","NULL","NULL","NULL","New Zealand"
241080,"Tongariro",13562,"Confirmed Eruption","Ngauruhoe","2","NULL","NULL",1892,"NULL","11","NULL","0","NULL","Observations: Reported","NULL","1892","NULL","12","NULL","0","NULL","New Zealand"
241080,"Tongariro",14580,"Confirmed Eruption","Ngauruhoe","2","NULL","NULL",1934,"NULL","6","NULL","0","NULL","Observations: Reported","NULL","NULL","NULL","NULL","NULL","NULL","NULL","New Zealand"
241080,"Tongariro",14562,"Confirmed Eruption","Ngauruhoe","2","NULL","NULL",1841,"NULL","0","NULL","0","NULL","Observations: Reported","NULL","NULL","NULL","NULL","NULL","NULL","NULL","New Zealand"
241080,"Tongariro",13556,"Confirmed Eruption","Ngauruhoe","2","NULL","NULL",1881,"NULL","7","NULL","6","NULL","Observations: Reported","NULL","NULL","NULL","NULL","NULL","NULL","NULL","New Zealand"
241080,"Tongariro",13561,"Confirmed Eruption","Ngauruhoe","2","NULL","NULL",1892,"NULL","2","NULL","0","NULL","Observations: Reported","NULL","1892","NULL","3","NULL","0","NULL","New Zealand"
241080,"Tongariro",14586,"Confirmed Eruption","Ngauruhoe","2","NULL","NULL",1948,"NULL","9","NULL","0","NULL","Observations: Reported","NULL","NULL","NULL","NULL","NULL","NULL","NULL","New Zealand"
241080,"Tongariro",14572,"Confirmed Eruption","Ngauruhoe","2","NULL","NULL",1924,"NULL","5","NULL","22","NULL","Observations: Reported","NULL","NULL","NULL","NULL","NULL","NULL","NULL","New Zealand"
241080,"Tongariro",14569,"Confirmed Eruption","Ngauruhoe","2","NULL","NULL",1914,"NULL","9","NULL","0","NULL","Observations: Reported","NULL","1914","NULL","10","NULL","0","NULL","New Zealand"
241080,"Tongariro",14589,"Confirmed Eruption","Ngauruhoe","2","NULL","NULL",1951,"NULL","5","NULL","16","15","Observations: Reported","NULL","NULL","NULL","NULL","NULL","NULL","NULL","New Zealand"
241080,"Tongariro",14599,"Confirmed Eruption","Ngauruhoe","2","NULL","NULL",1968,"NULL","8","NULL","18","NULL","Observations: Reported","NULL","NULL","NULL","NULL","NULL","NULL","NULL","New Zealand"
241080,"Tongariro",14573,"Confirmed Eruption","Ngauruhoe","2","NULL","NULL",1924,"NULL","10","NULL","0","NULL","Observations: Reported","NULL","1924","NULL","11","NULL","0","NULL","New Zealand"
241080,"Tongariro",14598,"Confirmed Eruption","Ngauruhoe","2","NULL","NULL",1962,"NULL","5","NULL","24","NULL","Observations: Reported","NULL","NULL","NULL","NULL","NULL","NULL","NULL","New Zealand"
241080,"Tongariro",14583,"Confirmed Eruption","Ngauruhoe","2","NULL","NULL",1939,"NULL","8","NULL","0","NULL","Observations: Reported","NULL","NULL","NULL","NULL","NULL","NULL","NULL","New Zealand"
241080,"Tongariro",14605,"Confirmed Eruption","Ngauruhoe","1","NULL","NULL",1977,"NULL","7","NULL","4","NULL","Observations: Reported","NULL","1977","NULL","7","NULL","4","NULL","New Zealand"
241080,"Tongariro",13547,"Confirmed Eruption","Ngauruhoe","2","NULL","NULL",1844,"NULL","10","NULL","0","NULL","Observations: Reported","NULL","1845","NULL","1","NULL","0","NULL","New Zealand"
241080,"Tongariro",14579,"Confirmed Eruption","Ngauruhoe","2","NULL","NULL",1931,"NULL","2","NULL","0","NULL","Observations: Reported","NULL","1931","NULL","5","NULL","0","NULL","New Zealand"
241080,"Tongariro",13558,"Confirmed Eruption","SSE flank (Red Crater)","1","NULL","NULL",1885,"1","0","NULL","0","NULL","Observations: Reported","NULL","1887","NULL","0","NULL","0","NULL","New Zealand"
241080,"Tongariro",20826,"Confirmed Eruption","Upper Te Maari Craters","2","NULL","NULL",2012,"NULL","8","NULL","6","NULL","Observations: Reported","NULL","2012","NULL","8","NULL","7","NULL","New Zealand"
241080,"Tongariro",14558,"Confirmed Eruption","Tama Lakes to Te Mari","5","NULL","?",-9350,"NULL","0","NULL","0","NULL","Correlation: Tephrochronology","NULL","NULL","NULL","NULL","NULL","NULL","NULL","New Zealand"
241080,"Tongariro",14581,"Confirmed Eruption","Ngauruhoe","2","NULL","NULL",1934,"NULL","12","NULL","0","NULL","Observations: Reported","NULL","1935","NULL","2","NULL","0","NULL","New Zealand"
241080,"Tongariro",20827,"Confirmed Eruption","Upper Te Maari Craters","2","NULL","NULL",2012,"NULL","11","NULL","21","NULL","Observations: Reported","NULL","2012","NULL","11","NULL","21","NULL","New Zealand"
241080,"Tongariro",13550,"Confirmed Eruption","SSE flank (Red Crater)","1","?","NULL",1859,"NULL","4","NULL","21","NULL","Observations: Reported","NULL","NULL","NULL","NULL","NULL","NULL","NULL","New Zealand"
241080,"Tongariro",14578,"Confirmed Eruption","Ngauruhoe","2","NULL","NULL",1928,"NULL","7","NULL","0","NULL","Observations: Reported","NULL","NULL","NULL","NULL","NULL","NULL","NULL","New Zealand"
241080,"Tongariro",13559,"Confirmed Eruption","NE flank (upper Te Mari Crater)","2","NULL","NULL",1886,"NULL","6","NULL","0","NULL","Observations: Reported","NULL","NULL","NULL","NULL","NULL","NULL","NULL","New Zealand"
241080,"Tongariro",14585,"Confirmed Eruption","Ngauruhoe","2","NULL","NULL",1948,"NULL","4","NULL","30","NULL","Observations: Reported","NULL","1948","NULL","5","NULL","0","NULL","New Zealand"
241080,"Tongariro",13568,"Confirmed Eruption","Ngauruhoe","2","NULL","NULL",1905,"NULL","0","NULL","0","NULL","Observations: Reported","NULL","NULL","NULL","NULL","NULL","NULL","NULL","New Zealand"
241080,"Tongariro",14592,"Confirmed Eruption","Ngauruhoe (south sub-crater)","2","NULL","NULL",1952,"NULL","11","NULL","29","NULL","Observations: Reported","NULL","1953","NULL","7","NULL","16","15","New Zealand"
241080,"Tongariro",14595,"Confirmed Eruption","Ngauruhoe (south sub-crater)","2","NULL","NULL",1956,"NULL","1","NULL","11","NULL","Observations: Reported","NULL","1956","NULL","2","NULL","11","NULL","New Zealand"
241080,"Tongariro",13569,"Confirmed Eruption","Ngauruhoe","2","NULL","NULL",1906,"NULL","3","NULL","0","NULL","Observations: Reported","NULL","NULL","NULL","NULL","NULL","NULL","NULL","New Zealand"
241080,"Tongariro",14603,"Confirmed Eruption","Ngauruhoe","3","NULL","NULL",1975,"NULL","2","NULL","12","NULL","Observations: Reported","NULL","1975","NULL","2","NULL","23","NULL","New Zealand"
241080,"Tongariro",14571,"Confirmed Eruption","Ngauruhoe","2","NULL","NULL",1924,"NULL","1","NULL","9","NULL","Observations: Reported","NULL","1924","NULL","1","NULL","30","NULL","New Zealand"
241080,"Tongariro",14565,"Confirmed Eruption","Ngauruhoe","2","NULL","NULL",1910,"NULL","1","NULL","0","NULL","Observations: Reported","NULL","NULL","NULL","NULL","NULL","NULL","NULL","New Zealand"
241080,"Tongariro",13565,"Confirmed Eruption","Ngauruhoe","2","NULL","NULL",1897,"NULL","0","NULL","0","NULL","Observations: Reported","NULL","NULL","NULL","NULL","NULL","NULL","NULL","New Zealand"
241080,"Tongariro",13553,"Confirmed Eruption","Ngauruhoe (NW sub-crater)","2","NULL","NULL",1870,"NULL","4","NULL","0","NULL","Observations: Reported","NULL","1870","NULL","8","NULL","0","NULL","New Zealand"
241080,"Tongariro",14563,"Confirmed Eruption","Ngauruhoe","2","NULL","NULL",1907,"NULL","11","NULL","0","NULL","Observations: Reported","NULL","NULL","NULL","NULL","NULL","NULL","NULL","New Zealand"
241080,"Tongariro",13551,"Confirmed Eruption","Ngauruhoe","2","NULL","NULL",1862,"NULL","1","NULL","0","NULL","Observations: Reported","NULL","NULL","NULL","NULL","NULL","NULL","NULL","New Zealand"
241080,"Tongariro",14596,"Confirmed Eruption","Ngauruhoe","2","NULL","NULL",1958,"NULL","11","NULL","5","NULL","Observations: Reported","NULL","1958","NULL","11","?","18","NULL","New Zealand"
241080,"Tongariro",14561,"Confirmed Eruption","Ngauruhoe","1","?","NULL",1839,"NULL","2","NULL","0","NULL","Observations: Reported","NULL","1839","NULL","3","NULL","0","NULL","New Zealand"
241080,"Tongariro",14556,"Confirmed Eruption","Saddle Cone to Half Cone","5","NULL","?",-9650,"NULL","0","NULL","0","NULL","Correlation: Tephrochronology","NULL","NULL","NULL","NULL","NULL","NULL","NULL","New Zealand"
241080,"Tongariro",14411,"Confirmed Eruption","Ngauruhoe","2","NULL","NULL",1925,"NULL","11","NULL","0","NULL","Observations: Reported","NULL","1925","NULL","12","NULL","0","NULL","New Zealand"
241080,"Tongariro",13567,"Confirmed Eruption","Ngauruhoe","2","NULL","NULL",1904,"NULL","11","NULL","22","NULL","Observations: Reported","NULL","NULL","NULL","NULL","NULL","NULL","NULL","New Zealand"
241080,"Tongariro",13549,"Confirmed Eruption","Ngauruhoe","2","NULL","NULL",1857,"NULL","2","NULL","0","NULL","Observations: Reported","NULL","1857","NULL","3","NULL","0","NULL","New Zealand"
241080,"Tongariro",13563,"Confirmed Eruption","NE flank (upper Te Mari Crater)","2","NULL","NULL",1892,"NULL","11","NULL","30","NULL","Observations: Reported","NULL","NULL","NULL","NULL","NULL","NULL","NULL","New Zealand"
241080,"Tongariro",13552,"Confirmed Eruption","Ngauruhoe","2","NULL","NULL",1863,"NULL","0","NULL","0","NULL","Observations: Reported","NULL","1864","NULL","4","NULL","0","NULL","New Zealand"
241080,"Tongariro",14601,"Confirmed Eruption","Ngauruhoe","2","NULL","NULL",1972,"NULL","3","NULL","19","NULL","Observations: Reported","NULL","1972","NULL","6","NULL","6","NULL","New Zealand"
241080,"Tongariro",14568,"Confirmed Eruption","Ngauruhoe","2","NULL","NULL",1913,"NULL","5","NULL","0","NULL","Observations: Reported","NULL","NULL","NULL","NULL","NULL","NULL","NULL","New Zealand"
241080,"Tongariro",13555,"Confirmed Eruption","Ngauruhoe (NW sub-crater)","2","NULL","NULL",1878,"NULL","9","NULL","1","120","Observations: Reported","NULL","NULL","NULL","NULL","NULL","NULL","NULL","New Zealand"
241080,"Tongariro",14564,"Confirmed Eruption","Ngauruhoe","2","NULL","NULL",1909,"NULL","3","NULL","0","NULL","Observations: Reported","NULL","1909","NULL","7","NULL","0","NULL","New Zealand"
241080,"Tongariro",14555,"Confirmed Eruption","NULL","NULL","NULL","?",-9850,"NULL","0","NULL","0","NULL","Isotopic: 14C (calibrated)","NULL","NULL","NULL","NULL","NULL","NULL","NULL","New Zealand"
241080,"Tongariro",14560,"Confirmed Eruption","Upper Te Mari Craters","NULL","NULL","NULL",1500,"50","0","NULL","0","NULL","Correlation: Tephrochronology","NULL","NULL","NULL","NULL","NULL","NULL","NULL","New Zealand"
241080,"Tongariro",14575,"Confirmed Eruption","Ngauruhoe","2","NULL","NULL",1926,"NULL","12","NULL","21","NULL","Observations: Reported","NULL","1926","NULL","12","?","30","NULL","New Zealand"
241080,"Tongariro",14588,"Confirmed Eruption","Ngauruhoe","2","NULL","NULL",1950,"NULL","6","NULL","16","NULL","Observations: Reported","NULL","NULL","NULL","NULL","NULL","NULL","NULL","New Zealand"
241080,"Tongariro",14557,"Confirmed Eruption","Saddle cone area to Half Cone","5","NULL","?",-9450,"NULL","0","NULL","0","NULL","Isotopic: 14C (calibrated)","NULL","NULL","NULL","NULL","NULL","NULL","NULL","New Zealand"
241080,"Tongariro",13564,"Confirmed Eruption","NE flank (upper Te Mari Crater)","2","NULL","NULL",1896,"NULL","11","NULL","0","NULL","Observations: Reported","NULL","1896","NULL","12","NULL","26","5","New Zealand"
241080,"Tongariro",14597,"Confirmed Eruption","Ngauruhoe","2","NULL","NULL",1959,"NULL","6","NULL","1","NULL","Observations: Reported","NULL","NULL","NULL","NULL","NULL","NULL","NULL","New Zealand"
241080,"Tongariro",14602,"Confirmed Eruption","Ngauruhoe","3","NULL","NULL",1972,"NULL","11","NULL","22","NULL","Observations: Reported","NULL","1974","NULL","8","NULL","19","NULL","New Zealand"
241080,"Tongariro",14594,"Confirmed Eruption","Ngauruhoe (south sub-crater)","3","NULL","NULL",1954,"NULL","5","NULL","13","NULL","Observations: Reported","NULL","1955","NULL","6","NULL","25","NULL","New Zealand"
241080,"Tongariro",14600,"Confirmed Eruption","Ngauruhoe","2","NULL","NULL",1969,"NULL","1","NULL","21","NULL","Observations: Reported","NULL","NULL","NULL","NULL","NULL","NULL","NULL","New Zealand"
241080,"Tongariro",14570,"Confirmed Eruption","Ngauruhoe","2","NULL","NULL",1917,"NULL","10","NULL","0","NULL","Observations: Reported","NULL","1917","NULL","11","NULL","0","NULL","New Zealand"
241080,"Tongariro",13570,"Confirmed Eruption","Ngauruhoe (south sub-crater)","2","NULL","NULL",1907,"NULL","2","NULL","0","NULL","Observations: Reported","NULL","1907","NULL","5","NULL","0","NULL","New Zealand"
241080,"Tongariro",14567,"Confirmed Eruption","Ngauruhoe","2","NULL","NULL",1913,"NULL","1","NULL","0","NULL","Observations: Reported","NULL","NULL","NULL","NULL","NULL","NULL","NULL","New Zealand"
241080,"Tongariro",14604,"Confirmed Eruption","Ngauruhoe","1","NULL","NULL",1976,"NULL","8","NULL","23","NULL","Observations: Reported","NULL","1976","NULL","8","NULL","28","NULL","New Zealand"
241080,"Tongariro",14593,"Confirmed Eruption","Ngauruhoe (south sub-crater)","0","NULL","NULL",1953,"NULL","12","<","28","NULL","Observations: Reported","NULL","NULL","NULL","NULL","NULL","NULL","NULL","New Zealand"
241080,"Tongariro",14582,"Confirmed Eruption","Ngauruhoe","2","NULL","NULL",1937,"NULL","1","NULL","0","NULL","Observations: Reported","NULL","NULL","NULL","NULL","NULL","NULL","NULL","New Zealand"
241080,"Tongariro",14559,"Confirmed Eruption","Ngauruhoe and Red Crater","5","NULL","NULL",-550,"200","0","NULL","0","NULL","Isotopic: 14C (uncalibrated)","NULL","NULL","NULL","NULL","NULL","NULL","NULL","New Zealand"
241080,"Tongariro",14566,"Confirmed Eruption","Ngauruhoe","2","NULL","NULL",1910,"NULL","10","NULL","0","NULL","Observations: Reported","NULL","1911","NULL","1","NULL","0","NULL","New Zealand"
241080,"Tongariro",13432,"Confirmed Eruption","Ngauruhoe","2","NULL","NULL",1864,"NULL","12","NULL","0","NULL","Observations: Reported","NULL","1865","NULL","1","NULL","0","NULL","New Zealand"
241080,"Tongariro",13548,"Confirmed Eruption","SSE flank (Red Crater)","2","NULL","NULL",1855,"NULL","0","NULL","0","NULL","Observations: Reported","NULL","NULL","NULL","NULL","NULL","NULL","NULL","New Zealand"
241080,"Tongariro",13557,"Confirmed Eruption","Ngauruhoe (south sub-crater)","2","NULL","NULL",1883,"NULL","4","NULL","25","5","Observations: Reported","NULL","NULL","NULL","NULL","NULL","NULL","NULL","New Zealand"
241080,"Tongariro",13434,"Confirmed Eruption","Ngauruhoe","2","NULL","NULL",1869,"NULL","8","NULL","0","NULL","Observations: Reported","NULL","NULL","NULL","NULL","NULL","NULL","NULL","New Zealand"
241080,"Tongariro",14587,"Confirmed Eruption","Ngauruhoe (south sub-crater)","2","NULL","NULL",1949,"NULL","2","NULL","9","NULL","Observations: Reported","NULL","1949","NULL","3","NULL","3","NULL","New Zealand"
241080,"Tongariro",14584,"Confirmed Eruption","Ngauruhoe","2","NULL","NULL",1940,"NULL","9","NULL","0","NULL","Observations: Reported","NULL","1940","NULL","10","NULL","0","NULL","New Zealand"
241080,"Tongariro",13566,"Confirmed Eruption","Ngauruhoe","2","NULL","NULL",1898,"NULL","1","NULL","0","NULL","Observations: Reported","NULL","NULL","NULL","NULL","NULL","NULL","NULL","New Zealand"
241080,"Tongariro",14577,"Confirmed Eruption","Ngauruhoe","2","NULL","NULL",1928,"NULL","3","NULL","3","NULL","Observations: Reported","NULL","NULL","NULL","NULL","NULL","NULL","NULL","New Zealand"
241100,"Ruapehu",14635,"Confirmed Eruption","NULL","2","NULL","NULL",1968,"NULL","4","NULL","6","NULL","Observations: Reported","NULL","1968","NULL","6","NULL","10","NULL","New Zealand"
241100,"Ruapehu",14629,"Confirmed Eruption","NULL","1","NULL","NULL",1951,"NULL","3","NULL","19","NULL","Observations: Reported","NULL","NULL","NULL","NULL","NULL","NULL","NULL","New Zealand"
241100,"Ruapehu",14615,"Confirmed Eruption","NULL","2","NULL","NULL",1903,"NULL","0","NULL","0","NULL","Observations: Reported","NULL","NULL","NULL","NULL","NULL","NULL","NULL","New Zealand"
241100,"Ruapehu",14612,"Confirmed Eruption","NULL","2","NULL","NULL",1861,"NULL","5","NULL","16","NULL","Observations: Reported","NULL","NULL","NULL","NULL","NULL","NULL","NULL","New Zealand"
241100,"Ruapehu",14614,"Confirmed Eruption","NULL","2","NULL","NULL",1895,"NULL","3","NULL","10","NULL","Observations: Reported","NULL","1895","NULL","3",">","14","NULL","New Zealand"
241100,"Ruapehu",14649,"Confirmed Eruption","NULL","1","NULL","NULL",1981,"NULL","10","?","25","NULL","Observations: Reported","NULL","1982","NULL","4","NULL","12","3","New Zealand"
241100,"Ruapehu",14616,"Confirmed Eruption","NULL","2","NULL","NULL",1906,"NULL","3","NULL","15","NULL","Observations: Reported","NULL","NULL","NULL","NULL","NULL","NULL","NULL","New Zealand"
241100,"Ruapehu",14668,"Confirmed Eruption","NULL","1","NULL","NULL",2006,"NULL","10","NULL","4","NULL","Observations: Reported","NULL","2006","NULL","10","NULL","4","NULL","New Zealand"
241100,"Ruapehu",14611,"Confirmed Eruption","NULL","3","NULL","NULL",1210,"150","0","NULL","0","NULL","Isotopic: 14C (uncalibrated)","NULL","NULL","NULL","NULL","NULL","NULL","NULL","New Zealand"
241100,"Ruapehu",14607,"Confirmed Eruption","NULL","NULL","NULL","?",-9650,"NULL","0","NULL","0","NULL","Correlation: Tephrochronology","NULL","NULL","NULL","NULL","NULL","NULL","NULL","New Zealand"
241100,"Ruapehu",14638,"Confirmed Eruption","NULL","2","NULL","NULL",1971,"NULL","4","NULL","3","NULL","Observations: Reported","NULL","1971","NULL","11","NULL","1","NULL","New Zealand"
241100,"Ruapehu",14648,"Confirmed Eruption","NULL","1","NULL","NULL",1980,"NULL","10","NULL","18","NULL","Observations: Reported","NULL","1980","NULL","11","NULL","3","NULL","New Zealand"
241100,"Ruapehu",14620,"Confirmed Eruption","NULL","2","NULL","NULL",1936,"NULL","5","?","9","NULL","Observations: Reported","NULL","1936","NULL","5","NULL","13","NULL","New Zealand"
241100,"Ruapehu",14643,"Confirmed Eruption","NULL","1","NULL","NULL",1976,"NULL","3","NULL","6","NULL","Observations: Reported","NULL","1976","NULL","3","NULL","6","NULL","New Zealand"
241100,"Ruapehu",14610,"Confirmed Eruption","NE flank (Whakapapa)","NULL","NULL","NULL",-5550,"2500","0","NULL","0","NULL","Correlation: Tephrochronology","NULL","NULL","NULL","NULL","NULL","NULL","NULL","New Zealand"
241100,"Ruapehu",14631,"Confirmed Eruption","NULL","1","NULL","NULL",1956,"NULL","11","NULL","18","NULL","Observations: Reported","NULL","1956","NULL","11","NULL","18","NULL","New Zealand"
241100,"Ruapehu",14666,"Confirmed Eruption","NULL","3","NULL","NULL",1996,"NULL","6","NULL","16","NULL","Observations: Reported","NULL","1996","NULL","9","NULL","1","NULL","New Zealand"
241100,"Ruapehu",14639,"Confirmed Eruption","NULL","1","NULL","NULL",1972,"NULL","10","NULL","22","NULL","Observations: Reported","NULL","1973","NULL","1","NULL","10","NULL","New Zealand"
241100,"Ruapehu",14627,"Confirmed Eruption","NULL","1","NULL","NULL",1948,"NULL","5","NULL","1","NULL","Observations: Reported","NULL","NULL","NULL","NULL","NULL","NULL","NULL","New Zealand"
241100,"Ruapehu",14609,"Confirmed Eruption","North flank (Whakapapanui Gorge area)","NULL","NULL","NULL",-7590,"100","0","NULL","0","NULL","Isotopic: 14C (uncalibrated)","NULL","NULL","NULL","NULL","NULL","NULL","NULL","New Zealand"
241100,"Ruapehu",14662,"Confirmed Eruption","NULL","1","NULL","NULL",1992,"NULL","2","NULL","8","NULL","Observations: Reported","NULL","1992","NULL","3","NULL","6","NULL","New Zealand"
241100,"Ruapehu",14632,"Confirmed Eruption","NULL","1","NULL","NULL",1959,"NULL","5","NULL","21","NULL","Observations: Reported","NULL","1959","NULL","8","NULL","31","NULL","New Zealand"
241100,"Ruapehu",14669,"Confirmed Eruption","NULL","1","NULL","NULL",2007,"NULL","9","NULL","25","NULL","Observations: Reported","NULL","2007","NULL","9","NULL","25","NULL","New Zealand"
241100,"Ruapehu",14655,"Confirmed Eruption","NULL","1","NULL","NULL",1987,"NULL","8","NULL","24","NULL","Observations: Reported","NULL","1987","NULL","8","NULL","30","NULL","New Zealand"
241100,"Ruapehu",14652,"Confirmed Eruption","NULL","1","NULL","NULL",1985,"NULL","5","<","21","NULL","Observations: Reported","NULL","1985","NULL","6","?","9","NULL","New Zealand"
241100,"Ruapehu",14624,"Confirmed Eruption","NULL","3","NULL","NULL",1945,"NULL","3","NULL","8","NULL","Observations: Reported","NULL","1945","NULL","12","NULL","0","NULL","New Zealand"
241100,"Ruapehu",14622,"Confirmed Eruption","NULL","2","NULL","NULL",1942,"NULL","8","NULL","10","NULL","Observations: Reported","NULL","NULL","NULL","NULL","NULL","NULL","NULL","New Zealand"
241100,"Ruapehu",14634,"Confirmed Eruption","NULL","1","NULL","NULL",1967,"NULL","7","NULL","22","NULL","Observations: Reported","NULL","1967","NULL","10","?","4","NULL","New Zealand"
241100,"Ruapehu",14647,"Confirmed Eruption","NULL","1","NULL","NULL",1980,"NULL","1","?","15","NULL","Observations: Reported","NULL","1980","NULL","3","?","27","NULL","New Zealand"
241100,"Ruapehu",14651,"Confirmed Eruption","NULL","1","NULL","NULL",1984,"NULL","10","?","25","NULL","Observations: Reported","NULL","1984","NULL","12","NULL","16","15","New Zealand"
241100,"Ruapehu",14617,"Confirmed Eruption","NULL","2","NULL","NULL",1925,"NULL","1","NULL","22","NULL","Observations: Reported","NULL","NULL","NULL","NULL","NULL","NULL","NULL","New Zealand"
241100,"Ruapehu",14659,"Confirmed Eruption","NULL","1","NULL","NULL",1990,"NULL","1","NULL","7","NULL","Observations: Reported","NULL","1990","NULL","1","NULL","26","NULL","New Zealand"
241100,"Ruapehu",14661,"Confirmed Eruption","NULL","1","NULL","NULL",1991,"NULL","7","?","5","NULL","Observations: Reported","NULL","1991","NULL","7","?","14","NULL","New Zealand"
241100,"Ruapehu",14657,"Confirmed Eruption","NULL","1","NULL","NULL",1988,"NULL","12","NULL","8","NULL","Observations: Reported","NULL","1989","NULL","3","?","5","NULL","New Zealand"
241100,"Ruapehu",14625,"Confirmed Eruption","NULL","2","NULL","NULL",1946,"NULL","4","NULL","0","NULL","Observations: Reported","NULL","1946","NULL","6","NULL","0","NULL","New Zealand"
241100,"Ruapehu",14656,"Confirmed Eruption","NULL","1","NULL","NULL",1988,"NULL","3","NULL","20","NULL","Observations: Reported","NULL","1988","NULL","5","NULL","25","3","New Zealand"
241100,"Ruapehu",14630,"Confirmed Eruption","NULL","1","NULL","NULL",1952,"NULL","7","NULL","16","15","Observations: Reported","NULL","NULL","NULL","NULL","NULL","NULL","NULL","New Zealand"
241100,"Ruapehu",14644,"Confirmed Eruption","NULL","1","NULL","NULL",1976,"NULL","9","<","12","NULL","Observations: Reported","NULL","1976","NULL","11","?","22","NULL","New Zealand"
241100,"Ruapehu",14642,"Confirmed Eruption","NULL","1","NULL","NULL",1975,"NULL","10","<","17","NULL","Observations: Reported","NULL","1975","NULL","10","<","17","NULL","New Zealand"
241100,"Ruapehu",14626,"Confirmed Eruption","NULL","1","NULL","NULL",1946,"NULL","11","NULL","21","NULL","Observations: Reported","NULL","1947","NULL","5","NULL","31","NULL","New Zealand"
241100,"Ruapehu",14618,"Confirmed Eruption","NULL","2","NULL","NULL",1934,"NULL","8","NULL","11","NULL","Observations: Reported","NULL","NULL","NULL","NULL","NULL","NULL","NULL","New Zealand"
241100,"Ruapehu",14653,"Confirmed Eruption","NULL","1","NULL","NULL",1985,"NULL","11","NULL","15","NULL","Observations: Reported","NULL","1985","NULL","11","NULL","15","NULL","New Zealand"
241100,"Ruapehu",14641,"Confirmed Eruption","NULL","2","NULL","NULL",1975,"NULL","4","NULL","24","NULL","Observations: Reported","NULL","1975","NULL","4","NULL","27","NULL","New Zealand"
241100,"Ruapehu",14621,"Confirmed Eruption","NULL","2","NULL","NULL",1940,"NULL","4","NULL","0","NULL","Observations: Reported","NULL","NULL","NULL","NULL","NULL","NULL","NULL","New Zealand"
241100,"Ruapehu",14658,"Confirmed Eruption","NULL","1","NULL","NULL",1989,"NULL","7","NULL","1","NULL","Observations: Reported","NULL","1989","NULL","9","?","20","NULL","New Zealand"
241100,"Ruapehu",14628,"Confirmed Eruption","NULL","1","NULL","NULL",1950,"NULL","6","NULL","26","NULL","Observations: Reported","NULL","1950","NULL","6","NULL","26","NULL","New Zealand"
241100,"Ruapehu",14645,"Confirmed Eruption","NULL","2","NULL","NULL",1977,"NULL","7","NULL","16","NULL","Observations: Reported","NULL","1979","NULL","1","NULL","17","NULL","New Zealand"
241100,"Ruapehu",14664,"Confirmed Eruption","NULL","3","NULL","NULL",1995,"NULL","1","?","11","NULL","Observations: Reported","NULL","1995","NULL","11","NULL","9","NULL","New Zealand"
241100,"Ruapehu",14591,"Confirmed Eruption","NULL","2","NULL","NULL",1921,"NULL","10","NULL","0","NULL","Observations: Reported","NULL","NULL","NULL","NULL","NULL","NULL","NULL","New Zealand"
241100,"Ruapehu",14608,"Confirmed Eruption","Upper north flank (Pinnacle Ridge)","4","NULL","<",-7840,"NULL","0","NULL","0","NULL","Isotopic: 14C (uncalibrated)","NULL","NULL","NULL","NULL","NULL","NULL","NULL","New Zealand"
241100,"Ruapehu",14640,"Confirmed Eruption","NULL","1","NULL","NULL",1973,"NULL","10","NULL","31","NULL","Observations: Reported","NULL","1974","NULL","10","NULL","25","NULL","New Zealand"
241100,"Ruapehu",14613,"Confirmed Eruption","NULL","2","NULL","NULL",1889,"NULL","5","NULL","1","NULL","Observations: Reported","NULL","NULL","NULL","NULL","NULL","NULL","NULL","New Zealand"
241100,"Ruapehu",14637,"Confirmed Eruption","NULL","1","NULL","NULL",1970,"NULL","9","NULL","16","NULL","Observations: Reported","NULL","1970","NULL","9","NULL","17","NULL","New Zealand"
241100,"Ruapehu",14654,"Confirmed Eruption","NULL","1","NULL","NULL",1986,"NULL","2","NULL","8","NULL","Observations: Reported","NULL","1986","NULL","2","?","9","NULL","New Zealand"
241100,"Ruapehu",14650,"Confirmed Eruption","NULL","1","NULL","NULL",1984,"NULL","4","NULL","2","NULL","Observations: Reported","NULL","NULL","NULL","NULL","NULL","NULL","NULL","New Zealand"
241100,"Ruapehu",14590,"Confirmed Eruption","NULL","2","NULL","NULL",1918,"NULL","6","NULL","29","NULL","Observations: Reported","NULL","NULL","NULL","NULL","NULL","NULL","NULL","New Zealand"
241100,"Ruapehu",14606,"Confirmed Eruption","NULL","NULL","NULL","?",-9850,"NULL","0","NULL","0","NULL","Isotopic: 14C (calibrated)","NULL","NULL","NULL","NULL","NULL","NULL","NULL","New Zealand"
241100,"Ruapehu",14636,"Confirmed Eruption","NULL","2","NULL","NULL",1969,"NULL","6","NULL","22","NULL","Observations: Reported","NULL","1969","NULL","6","NULL","23","NULL","New Zealand"
241100,"Ruapehu",14619,"Confirmed Eruption","NULL","2","NULL","NULL",1934,"NULL","12","NULL","0","NULL","Observations: Reported","NULL","1935","NULL","2","NULL","0","NULL","New Zealand"
241100,"Ruapehu",14623,"Confirmed Eruption","NULL","2","NULL","NULL",1944,"NULL","10","NULL","0","NULL","Observations: Reported","NULL","NULL","NULL","NULL","NULL","NULL","NULL","New Zealand"
241100,"Ruapehu",14646,"Confirmed Eruption","NULL","1","NULL","NULL",1979,"NULL","6","NULL","30","NULL","Observations: Reported","NULL","1979","NULL","7","NULL","15","NULL","New Zealand"
241100,"Ruapehu",14660,"Confirmed Eruption","NULL","0","NULL","NULL",1990,"NULL","6","NULL","17","NULL","Observations: Reported","NULL","1990","NULL","9","<","8","NULL","New Zealand"
241100,"Ruapehu",14633,"Confirmed Eruption","NULL","1","NULL","NULL",1966,"NULL","4","NULL","4","NULL","Observations: Reported","NULL","1966","NULL","9","NULL","27","NULL","New Zealand"
241100,"Ruapehu",14667,"Confirmed Eruption","NULL","1","NULL","NULL",1997,"NULL","10","NULL","9","NULL","Observations: Reported","NULL","1997","NULL","10","NULL","18","NULL","New Zealand"
241130,"Rumble III",14671,"Confirmed Eruption","NULL","0","NULL","NULL",1958,"NULL","7","NULL","9","NULL","Observations: Hydrophonic","NULL","1962","NULL","7","NULL","2","182","New Zealand"
241130,"Rumble III",14672,"Confirmed Eruption","NULL","0","NULL","NULL",1963,"NULL","1","NULL","16","15","Observations: Hydrophonic","NULL","1966","NULL","12",">","16","15","New Zealand"
241130,"Rumble III",14674,"Confirmed Eruption","NULL","0","NULL","NULL",1973,"NULL","10","NULL","15","NULL","Observations: Hydrophonic","NULL","1973","NULL","10","NULL","17","NULL","New Zealand"
241130,"Rumble III",14675,"Confirmed Eruption","NULL","0","NULL","NULL",1986,"NULL","6","NULL","15","NULL","Observations: Hydrophonic","NULL","1986","NULL","8","?","5","NULL","New Zealand"
241130,"Rumble III",14673,"Confirmed Eruption","NULL","0","NULL","NULL",1970,"NULL","7","NULL","2","182","Observations: Hydrophonic","NULL","NULL","NULL","NULL","NULL","NULL","NULL","New Zealand"
241130,"Rumble III",14676,"Confirmed Eruption","NULL","0","NULL","NULL",2008,"1","7","NULL","2","182","Observations: Reported","NULL","NULL","NULL","NULL","NULL","NULL","NULL","New Zealand"
241140,"Healy",14677,"Confirmed Eruption","Healy caldera","NULL","NULL","NULL",1360,"75","0","NULL","0","NULL","Isotopic: 14C (calibrated)","NULL","NULL","NULL","NULL","NULL","NULL","NULL","New Zealand"
242005,"Havre Seamount",20748,"Confirmed Eruption","New cone at edge of summit caldera","1","NULL","NULL",2012,"NULL","7","NULL","17","NULL","Observations: Reported","NULL","2012","NULL","7","NULL","19","NULL","New Zealand"
242021,"Macauley",14681,"Confirmed Eruption","NULL","6","?","NULL",-4360,"200","0","NULL","0","NULL","Isotopic: 14C (uncalibrated)","NULL","NULL","NULL","NULL","NULL","NULL","NULL","New Zealand"
242030,"Raoul Island",14687,"Confirmed Eruption","Denham caldera?","3","?","?",-50,"NULL","0","NULL","0","NULL","Correlation: Tephrochronology","NULL","NULL","NULL","NULL","NULL","NULL","NULL","New Zealand"
242030,"Raoul Island",14699,"Confirmed Eruption","NNE flank (7.5 km from Raoul Island)","0","NULL","NULL",1886,"NULL","3","NULL","0","NULL","Observations: Reported","NULL","NULL","NULL","NULL","NULL","NULL","NULL","New Zealand"
242030,"Raoul Island",14694,"Confirmed Eruption","Rangitahua Crater","4","NULL","NULL",1630,"50","0","NULL","0","NULL","Isotopic: 14C (uncalibrated)","NULL","NULL","NULL","NULL","NULL","NULL","NULL","New Zealand"
242030,"Raoul Island",14695,"Confirmed Eruption","Denham Bay?, Tui Lake Crater","4","NULL","NULL",1720,"50","0","NULL","0","NULL","Isotopic: 14C (uncalibrated)","NULL","NULL","NULL","NULL","NULL","NULL","NULL","New Zealand"
242030,"Raoul Island",14692,"Confirmed Eruption","Expedition Crater","4","NULL","?",850,"NULL","0","NULL","0","NULL","Correlation: Tephrochronology","NULL","NULL","NULL","NULL","NULL","NULL","NULL","New Zealand"
242030,"Raoul Island",14702,"Confirmed Eruption","Green Lake crater","1","?","NULL",2006,"NULL","3","NULL","17","NULL","Observations: Reported","NULL","2006","NULL","3","NULL","17","NULL","New Zealand"
242030,"Raoul Island",14689,"Confirmed Eruption","S part Raoul Caldera","4","NULL","?",400,"NULL","0","NULL","0","NULL","Correlation: Tephrochronology","NULL","NULL","NULL","NULL","NULL","NULL","NULL","New Zealand"
242030,"Raoul Island",14696,"Confirmed Eruption","Denham caldera and Smith Crater","3","NULL","NULL",1814,"NULL","3","NULL","9","NULL","Observations: Reported","NULL","NULL","NULL","NULL","NULL","NULL","NULL","New Zealand"
242030,"Raoul Island",14693,"Confirmed Eruption","NE of Raoul Island (Meyer Islands)","NULL","NULL","?",1450,"NULL","0","NULL","0","NULL","Correlation: Tephrochronology","NULL","NULL","NULL","NULL","NULL","NULL","NULL","New Zealand"
242030,"Raoul Island",14700,"Confirmed Eruption","West side of Green Lake, Denham caldera","2","NULL","NULL",1964,"NULL","11","NULL","19","NULL","Observations: Reported","NULL","1965","NULL","4","?","25","NULL","New Zealand"
242030,"Raoul Island",14686,"Confirmed Eruption","Denham caldera","6","NULL","NULL",-250,"75","0","NULL","0","NULL","Isotopic: 14C (uncalibrated)","NULL","NULL","NULL","NULL","NULL","NULL","NULL","New Zealand"
242030,"Raoul Island",14690,"Confirmed Eruption","Green Lake Pumice Crater","4","NULL","?",550,"NULL","0","NULL","0","NULL","Isotopic: 14C (uncalibrated)","NULL","NULL","NULL","NULL","NULL","NULL","NULL","New Zealand"
242030,"Raoul Island",14697,"Confirmed Eruption","Denham caldera, Green Lake","3","NULL","NULL",1870,"NULL","6","NULL","20","4","Observations: Reported","NULL","1870","NULL","10","NULL","3","NULL","New Zealand"
242030,"Raoul Island",14691,"Confirmed Eruption","Pukekohu Crater","3","NULL","?",700,"NULL","0","NULL","0","NULL","Correlation: Tephrochronology","NULL","NULL","NULL","NULL","NULL","NULL","NULL","New Zealand"
242030,"Raoul Island",14688,"Confirmed Eruption","N flank Moumoukai volcano","4","NULL","?",100,"NULL","0","NULL","0","NULL","Correlation: Tephrochronology","NULL","NULL","NULL","NULL","NULL","NULL","NULL","New Zealand"
242030,"Raoul Island",14685,"Confirmed Eruption","SW part of Raoul caldera","4","NULL","NULL",-1200,"150","0","NULL","0","NULL","Isotopic: 14C (uncalibrated)","NULL","NULL","NULL","NULL","NULL","NULL","NULL","New Zealand"
242030,"Raoul Island",14684,"Confirmed Eruption","SE Raoul caldera","4","NULL","NULL",-2000,"100","0","NULL","0","NULL","Isotopic: 14C (uncalibrated)","NULL","NULL","NULL","NULL","NULL","NULL","NULL","New Zealand"
242050,"Monowai",14705,"Confirmed Eruption","NULL","0","NULL","NULL",1977,"NULL","10","NULL","17","NULL","Observations: Reported","NULL","1977","NULL","10","?","27","NULL","New Zealand"
242050,"Monowai",14712,"Confirmed Eruption","NULL","0","NULL","NULL",1990,"NULL","5","NULL","30","NULL","Observations: Hydrophonic","NULL","1991","NULL","3","NULL","25","NULL","New Zealand"
242050,"Monowai",14719,"Confirmed Eruption","NULL","0","NULL","NULL",2002,"NULL","11","NULL","1","NULL","Observations: Hydrophonic","NULL","2002","NULL","11","NULL","24","NULL","New Zealand"
242050,"Monowai",14709,"Confirmed Eruption","NULL","0","NULL","NULL",1982,"NULL","5","NULL","16","15","Observations: Hydrophonic","NULL","1982","NULL","5","NULL","16","15","New Zealand"
242050,"Monowai",22464,"Confirmed Eruption","Summit Crater","0","NULL","NULL",2011,"NULL","5","NULL","17","NULL","Observations: Hydrophonic","NULL","2011","NULL","5","NULL","22","NULL","New Zealand"
242050,"Monowai",14720,"Confirmed Eruption","NULL","0","NULL","NULL",2003,"NULL","4","NULL","10","NULL","Observations: Hydrophonic","NULL","2004","NULL","9","NULL","16","15","New Zealand"
242050,"Monowai",14717,"Confirmed Eruption","NULL","0","NULL","NULL",1999,"NULL","6","NULL","6","NULL","Observations: Hydrophonic","NULL","1999","NULL","6","NULL","11","NULL","New Zealand"
242050,"Monowai",14708,"Confirmed Eruption","NULL","0","NULL","NULL",1980,"NULL","1","NULL","16","15","Observations: Hydrophonic","NULL","1980","NULL","1","NULL","16","15","New Zealand"
242050,"Monowai",14715,"Confirmed Eruption","NULL","0","NULL","NULL",1997,"NULL","4","NULL","18","NULL","Observations: Hydrophonic","NULL","1997","NULL","4","NULL","21","NULL","New Zealand"
242050,"Monowai",14721,"Confirmed Eruption","NULL","0","NULL","NULL",2005,"NULL","3","NULL","2","NULL","Observations: Hydrophonic","NULL","2006","NULL","6","NULL","27","NULL","New Zealand"
242050,"Monowai",20799,"Confirmed Eruption","Submarine","0","NULL","NULL",2012,"NULL","8","NULL","3","NULL","Observations: Hydrophonic","NULL","2012","NULL","8","NULL","19","NULL","New Zealand"
242050,"Monowai",14713,"Confirmed Eruption","NULL","0","NULL","NULL",1995,"NULL","11","NULL","27","NULL","Observations: Hydrophonic","NULL","1995","NULL","11","NULL","30","NULL","New Zealand"
242050,"Monowai",22197,"Confirmed Eruption","NULL","0","NULL","NULL",2009,"NULL","5","NULL","4","3","Observations: Hydrophonic","NULL","2009","NULL","12","NULL","16","4","New Zealand"
242050,"Monowai",14704,"Confirmed Eruption","NULL","0","NULL","NULL",1977,"NULL","4","NULL","16","15","Observations: Hydrophonic","NULL","1977","NULL","4","NULL","16","15","New Zealand"
242050,"Monowai",14723,"Confirmed Eruption","NULL","0","NULL","NULL",2008,"NULL","2","?","8","NULL","Observations: Hydrophonic","NULL","2008","NULL","2","?","8","NULL","New Zealand"
242050,"Monowai",14722,"Confirmed Eruption","NULL","0","NULL","NULL",2006,"NULL","12","NULL","12","NULL","Observations: Hydrophonic","NULL","2007","NULL","11","NULL","4","3","New Zealand"
242050,"Monowai",14718,"Confirmed Eruption","NULL","0","NULL","NULL",2002,"NULL","5","NULL","24","NULL","Observations: Hydrophonic","NULL","2002","NULL","5","NULL","24","NULL","New Zealand"
242050,"Monowai",22466,"Confirmed Eruption","Submarine","0","NULL","NULL",2014,"NULL","10","NULL","16","NULL","Observations: Hydrophonic","NULL","2014","NULL","11","NULL","5","NULL","New Zealand"
242050,"Monowai",22465,"Confirmed Eruption","Summit","1","NULL","NULL",2014,"NULL","1","NULL","1","NULL","Observations: Hydrophonic","NULL","2014","NULL","1","NULL","1","NULL","New Zealand"
242050,"Monowai",14710,"Confirmed Eruption","NULL","0","NULL","NULL",1986,"NULL","6","NULL","16","15","Observations: Hydrophonic","NULL","1986","NULL","6","NULL","16","15","New Zealand"
242050,"Monowai",14711,"Confirmed Eruption","NULL","0","NULL","NULL",1988,"NULL","9","NULL","8","NULL","Observations: Hydrophonic","NULL","1988","NULL","9","NULL","8","NULL","New Zealand"
242050,"Monowai",14706,"Confirmed Eruption","NULL","0","NULL","NULL",1978,"NULL","2","NULL","16","15","Observations: Hydrophonic","NULL","1978","NULL","7","NULL","16","15","New Zealand"
242050,"Monowai",14714,"Confirmed Eruption","NULL","0","NULL","NULL",1996,"NULL","9","NULL","20","NULL","Observations: Hydrophonic","NULL","1996","NULL","9","NULL","22","NULL","New Zealand"
242050,"Monowai",14716,"Confirmed Eruption","NULL","0","NULL","NULL",1997,"NULL","12","NULL","15","NULL","Observations: Hydrophonic","NULL","1998","NULL","2","?","4","NULL","New Zealand"
242050,"Monowai",14707,"Confirmed Eruption","NULL","1","NULL","NULL",1979,"NULL","2","?","16","15","Observations: Hydrophonic","NULL","1979","NULL","4","?","19","NULL","New Zealand"
250010,"St. Andrew Strait",14857,"Confirmed Eruption","Tuluman","2","NULL","NULL",1883,"NULL","3","NULL","28","NULL","Observations: Reported","NULL","NULL","NULL","NULL","NULL","NULL","NULL","Papua New Guinea"
250010,"St. Andrew Strait",14858,"Confirmed Eruption","Tuluman","2","NULL","NULL",1953,"NULL","6","NULL","27","NULL","Observations: Reported","NULL","1957","NULL","1","NULL","28","NULL","Papua New Guinea"
250010,"St. Andrew Strait",14854,"Confirmed Eruption","Lou Island (Bedal volcano)","NULL","NULL","NULL",-240,"100","0","NULL","0","NULL","Isotopic: 14C (uncalibrated)","NULL","NULL","NULL","NULL","NULL","NULL","NULL","Papua New Guinea"
250010,"St. Andrew Strait",14856,"Confirmed Eruption","Lou Island (Bedal volcano)","NULL","NULL","?",350,"NULL","0","NULL","0","NULL","Isotopic: 14C (uncalibrated)","NULL","NULL","NULL","NULL","NULL","NULL","NULL","Papua New Guinea"
250030,"Central Bismarck Sea",14860,"Confirmed Eruption","NULL","0","NULL","NULL",1972,"NULL","1","NULL","8","NULL","Observations: Hydrophonic","NULL","1972","NULL","1","NULL","12","NULL","Papua New Guinea"
251002,"Kadovar",22246,"Confirmed Eruption","Summit and SE flank","2","NULL","NULL",2018,"NULL","1","NULL","5","NULL","Observations: Reported","NULL","2023","NULL","5","NULL","14","NULL","Papua New Guinea"
251010,"Bam",14886,"Confirmed Eruption","NULL","2","NULL","NULL",1954,"NULL","8","NULL","3","NULL","Observations: Reported","NULL","1957","NULL","1","NULL","2","NULL","Papua New Guinea"
251010,"Bam",14891,"Confirmed Eruption","NULL","2","NULL","NULL",1960,"NULL","4","NULL","28","NULL","Observations: Reported","NULL","1960","NULL","7","NULL","6","NULL","Papua New Guinea"
251010,"Bam",14877,"Confirmed Eruption","NULL","2","NULL","NULL",1909,"NULL","4","NULL","19","NULL","Observations: Reported","NULL","1909","NULL","9","NULL","13","NULL","Papua New Guinea"
251010,"Bam",14887,"Confirmed Eruption","NULL","1","NULL","NULL",1957,"NULL","10","NULL","26","NULL","Observations: Reported","NULL","1957","NULL","10","NULL","26","NULL","Papua New Guinea"
251010,"Bam",14883,"Confirmed Eruption","NULL","2","NULL","NULL",1944,"NULL","0","NULL","0","NULL","Observations: Reported","NULL","NULL","NULL","NULL","NULL","NULL","NULL","Papua New Guinea"
251010,"Bam",14879,"Confirmed Eruption","NULL","NULL","NULL","NULL",1918,"NULL","9","NULL","18","NULL","Observations: Reported","NULL","NULL","NULL","NULL","NULL","NULL","NULL","Papua New Guinea"
251010,"Bam",14867,"Confirmed Eruption","NULL","3","NULL","NULL",1872,"4","0","NULL","0","NULL","Observations: Reported","NULL","NULL","NULL","NULL","NULL","NULL","NULL","Papua New Guinea"
251010,"Bam",14889,"Confirmed Eruption","NULL","2","NULL","NULL",1958,"NULL","9","NULL","5","NULL","Observations: Reported","NULL","1958","NULL","9","NULL","10","NULL","Papua New Guinea"
251010,"Bam",14880,"Confirmed Eruption","NULL","2","NULL","NULL",1924,"NULL","0","NULL","0","NULL","Observations: Reported","NULL","NULL","NULL","NULL","NULL","NULL","NULL","Papua New Guinea"
251010,"Bam",14890,"Confirmed Eruption","NULL","2","NULL","NULL",1959,"NULL","4","NULL","2","NULL","Observations: Reported","NULL","1959","NULL","10","NULL","31","NULL","Papua New Guinea"
251010,"Bam",14878,"Confirmed Eruption","NULL","NULL","NULL","NULL",1913,"NULL","0","NULL","0","NULL","Observations: Reported","NULL","NULL","NULL","NULL","NULL","NULL","NULL","Papua New Guinea"
251010,"Bam",14868,"Confirmed Eruption","NULL","2","NULL","NULL",1874,"NULL","5","NULL","20","NULL","Observations: Reported","NULL","NULL","NULL","NULL","NULL","NULL","NULL","Papua New Guinea"
251010,"Bam",14869,"Confirmed Eruption","NULL","3","NULL","NULL",1877,"NULL","11","NULL","13","NULL","Observations: Reported","NULL","NULL","NULL","NULL","NULL","NULL","NULL","Papua New Guinea"
251010,"Bam",14875,"Confirmed Eruption","NULL","2","NULL","NULL",1907,"NULL","11","NULL","0","NULL","Observations: Reported","NULL","NULL","NULL","NULL","NULL","NULL","NULL","Papua New Guinea"
251010,"Bam",14876,"Confirmed Eruption","NULL","2","NULL","NULL",1908,"NULL","7","NULL","12","NULL","Observations: Reported","NULL","NULL","NULL","NULL","NULL","NULL","NULL","Papua New Guinea"
251010,"Bam",14885,"Confirmed Eruption","NULL","2","NULL","NULL",1947,"NULL","3","NULL","13","75","Observations: Reported","NULL","NULL","NULL","NULL","NULL","NULL","NULL","Papua New Guinea"
251010,"Bam",14888,"Confirmed Eruption","NULL","2","NULL","NULL",1958,"NULL","3","NULL","11","10","Observations: Reported","NULL","1958","NULL","4","?","19","NULL","Papua New Guinea"
251020,"Manam",14920,"Confirmed Eruption","South Crater","2","NULL","NULL",1959,"NULL","6","NULL","16","15","Observations: Reported","NULL","1959","NULL","7","NULL","16","15","Papua New Guinea"
251020,"Manam",14919,"Confirmed Eruption","South Crater, Main Crater","3","NULL","NULL",1956,"NULL","12","NULL","8","NULL","Observations: Reported","NULL","1958","NULL","8","NULL","16","15","Papua New Guinea"
251020,"Manam",14921,"Confirmed Eruption","Main Crater, South Crater","2","NULL","NULL",1959,"NULL","12","NULL","16","15","Observations: Reported","NULL","1960","NULL","12",">","16","15","Papua New Guinea"
251020,"Manam",14917,"Confirmed Eruption","NULL","2","NULL","NULL",1953,"NULL","4","NULL","16","15","Observations: Reported","NULL","1953","NULL","8","NULL","16","15","Papua New Guinea"
251020,"Manam",14923,"Confirmed Eruption","South Crater","2","NULL","NULL",1962,"NULL","4","NULL","16","15","Observations: Reported","NULL","NULL","NULL","NULL","NULL","NULL","NULL","Papua New Guinea"
251020,"Manam",14928,"Confirmed Eruption","South Crater","2","NULL","NULL",2000,"NULL","6","NULL","3","NULL","Observations: Reported","NULL","2000","NULL","6","NULL","4","NULL","Papua New Guinea"
251020,"Manam",20956,"Confirmed Eruption","Southern and Main craters","4","NULL","NULL",2014,"NULL","6","NULL","29","NULL","Observations: Reported","NULL","2017","NULL","9","NULL","2","NULL","Papua New Guinea"
251020,"Manam",14927,"Confirmed Eruption","South Crater, Main Crater","3","NULL","NULL",1974,"NULL","3","?","4","NULL","Observations: Reported","NULL","1999","NULL","11","?","9","NULL","Papua New Guinea"
251020,"Manam",14925,"Confirmed Eruption","South Crater","2","NULL","NULL",1963,"NULL","11","NULL","26","NULL","Observations: Reported","NULL","1964","NULL","4","NULL","16","15","Papua New Guinea"
251020,"Manam",14909,"Confirmed Eruption","NULL","3","?","NULL",1922,"NULL","0","NULL","0","NULL","Observations: Reported","NULL","NULL","NULL","NULL","NULL","NULL","NULL","Papua New Guinea"
251020,"Manam",14933,"Confirmed Eruption","Main Crater","1","NULL","NULL",2003,"NULL","10","NULL","26","5","Observations: Reported","NULL","2004","NULL","3","NULL","28","NULL","Papua New Guinea"
251020,"Manam",14902,"Confirmed Eruption","NULL","NULL","NULL","NULL",1904,"NULL","4","NULL","30","30","Observations: Reported","NULL","NULL","NULL","NULL","NULL","NULL","NULL","Papua New Guinea"
251020,"Manam",14934,"Confirmed Eruption","South Crater, Main Crater","4","?","NULL",2004,"NULL","10","NULL","24","NULL","Observations: Reported","NULL","2009","NULL","12","?","12","NULL","Papua New Guinea"
251020,"Manam",14935,"Confirmed Eruption","South Crater, Main Crater","3","NULL","NULL",2010,"NULL","8","?","10","NULL","Observations: Reported","NULL","2013","NULL","12",">","15","NULL","Papua New Guinea"
251020,"Manam",14903,"Confirmed Eruption","NULL","3","?","NULL",1904,"NULL","10","NULL","26","NULL","Observations: Reported","NULL","1904","NULL","10","NULL","27","NULL","Papua New Guinea"
251020,"Manam",14932,"Confirmed Eruption","Main Crater","1","NULL","NULL",2003,"NULL","5","NULL","17","NULL","Observations: Reported","NULL","2003","NULL","5","NULL","23","NULL","Papua New Guinea"
251020,"Manam",14898,"Confirmed Eruption","NULL","NULL","NULL","NULL",1885,"NULL","5","NULL","0","NULL","Observations: Reported","NULL","NULL","NULL","NULL","NULL","NULL","NULL","Papua New Guinea"
251020,"Manam",14906,"Confirmed Eruption","NULL","2","NULL","NULL",1917,"NULL","0","NULL","0","NULL","Observations: Reported","NULL","NULL","NULL","NULL","NULL","NULL","NULL","Papua New Guinea"
251020,"Manam",14907,"Confirmed Eruption","South Crater, Main Crater","4","NULL","NULL",1919,"NULL","8","NULL","11","NULL","Observations: Reported","NULL","NULL","NULL","NULL","NULL","NULL","NULL","Papua New Guinea"
251020,"Manam",14900,"Confirmed Eruption","Main Crater, South Crater","2","?","NULL",1899,"1","0","NULL","0","NULL","Observations: Reported","NULL","NULL","NULL","NULL","NULL","NULL","NULL","Papua New Guinea"
251020,"Manam",14914,"Confirmed Eruption","NULL","2","NULL","NULL",1932,"NULL","0","NULL","0","NULL","Observations: Reported","NULL","1934","NULL","0","NULL","0","NULL","Papua New Guinea"
251020,"Manam",14930,"Confirmed Eruption","South Crater","3","?","NULL",2002,"NULL","1","NULL","13","NULL","Observations: Reported","NULL","2002","NULL","5","NULL","21","NULL","Papua New Guinea"
251020,"Manam",14912,"Confirmed Eruption","NULL","2","?","NULL",1925,"NULL","0","NULL","0","NULL","Observations: Reported","NULL","NULL","NULL","NULL","NULL","NULL","NULL","Papua New Guinea"
251020,"Manam",14893,"Confirmed Eruption","NULL","2","NULL","NULL",1643,"NULL","4","NULL","21","NULL","Observations: Reported","NULL","NULL","NULL","NULL","NULL","NULL","NULL","Papua New Guinea"
251020,"Manam",14918,"Confirmed Eruption","NULL","2","NULL","NULL",1954,"NULL","5","NULL","16","15","Observations: Reported","NULL","1954","NULL","6","NULL","16","15","Papua New Guinea"
251020,"Manam",14908,"Confirmed Eruption","NULL","2","NULL","NULL",1920,"NULL","12","?","5","NULL","Observations: Reported","NULL","1921","NULL","3","NULL","0","NULL","Papua New Guinea"
251020,"Manam",14931,"Confirmed Eruption","NULL","2","NULL","NULL",2002,"NULL","10","NULL","31","NULL","Observations: Reported","NULL","NULL","NULL","NULL","NULL","NULL","NULL","Papua New Guinea"
251020,"Manam",14915,"Confirmed Eruption","Main Crater, South Crater","3","NULL","NULL",1936,"NULL","9","NULL","0","NULL","Observations: Reported","NULL","1939","NULL","0","NULL","0","NULL","Papua New Guinea"
251020,"Manam",14892,"Confirmed Eruption","NULL","2","?","NULL",1616,"NULL","7","NULL","6","NULL","Observations: Reported","NULL","NULL","NULL","NULL","NULL","NULL","NULL","Papua New Guinea"
251020,"Manam",14916,"Confirmed Eruption","South Crater","3","NULL","NULL",1946,"NULL","12","NULL","1","30","Observations: Reported","NULL","1947","NULL","9","NULL","0","NULL","Papua New Guinea"
251020,"Manam",14929,"Confirmed Eruption","NULL","2","NULL","NULL",2001,"NULL","6","NULL","14","NULL","Observations: Reported","NULL","2001","NULL","6","?","25","NULL","Papua New Guinea"
251020,"Manam",14894,"Confirmed Eruption","South Crater","NULL","NULL","NULL",1700,"NULL","4","NULL","2","NULL","Observations: Reported","NULL","NULL","NULL","NULL","NULL","NULL","NULL","Papua New Guinea"
251020,"Manam",14926,"Confirmed Eruption","South Crater","2","NULL","NULL",1965,"NULL","7","NULL","2","182","Observations: Reported","NULL","1966","NULL","1",">","25","NULL","Papua New Guinea"
251020,"Manam",22578,"Confirmed Eruption","Southern and Main Craters","4","NULL","NULL",2018,"NULL","6","NULL","10","NULL","Observations: Reported",">","2026","NULL","3","NULL","16","NULL","Papua New Guinea"
251020,"Manam",14895,"Confirmed Eruption","NULL","2","NULL","NULL",1830,"NULL","0","NULL","0","NULL","Observations: Reported","NULL","NULL","NULL","NULL","NULL","NULL","NULL","Papua New Guinea"
251020,"Manam",14913,"Confirmed Eruption","NULL","2","NULL","NULL",1926,"NULL","3","NULL","0","NULL","Observations: Reported","NULL","1928","NULL","3","NULL","1","30","Papua New Guinea"
251020,"Manam",14899,"Confirmed Eruption","NULL","2","NULL","NULL",1887,"NULL","6","NULL","0","NULL","Observations: Reported","NULL","1895","NULL","0","NULL","0","NULL","Papua New Guinea"
251020,"Manam",14924,"Confirmed Eruption","South Crater","2","NULL","NULL",1963,"NULL","2","NULL","15","14","Observations: Reported","NULL","1963","NULL","5",">","8","NULL","Papua New Guinea"
251020,"Manam",14922,"Confirmed Eruption","South Crater","2","NULL","NULL",1961,"NULL","7","NULL","16","15","Observations: Reported","NULL","1961","NULL","9","NULL","16","15","Papua New Guinea"
251020,"Manam",14896,"Confirmed Eruption","South Crater","2","NULL","NULL",1877,"NULL","10","NULL","29","NULL","Observations: Reported","NULL","1877","NULL","11",">","13","NULL","Papua New Guinea"
251020,"Manam",14905,"Confirmed Eruption","NULL","2","NULL","NULL",1909,"NULL","0","NULL","0","NULL","Observations: Reported","?","1914","NULL","0","NULL","0","NULL","Papua New Guinea"
251030,"Karkar",14944,"Confirmed Eruption","NULL","2","NULL","NULL",1895,"NULL","6","NULL","17","NULL","Observations: Reported","NULL","1895","NULL","8","NULL","0","NULL","Papua New Guinea"
251030,"Karkar",14941,"Confirmed Eruption","NULL","3","^","NULL",1643,"NULL","4","NULL","20","NULL","Observations: Reported","NULL","NULL","NULL","NULL","NULL","NULL","NULL","Papua New Guinea"
251030,"Karkar",14946,"Confirmed Eruption","Bagiai","2","NULL","NULL",1974,"NULL","2","NULL","14","NULL","Observations: Reported","NULL","1974","NULL","8","NULL","8","NULL","Papua New Guinea"
251030,"Karkar",14947,"Confirmed Eruption","Bagiai","2","NULL","NULL",1974,"NULL","12","?","30","NULL","Observations: Reported","NULL","1975","NULL","6","NULL","26","NULL","Papua New Guinea"
251030,"Karkar",14943,"Confirmed Eruption","NULL","2","?","NULL",1885,"NULL","0","NULL","0","NULL","Observations: Reported","NULL","NULL","NULL","NULL","NULL","NULL","NULL","Papua New Guinea"
251030,"Karkar",14936,"Confirmed Eruption","NULL","4","C","NULL",-7140,"150","0","NULL","0","NULL","Isotopic: 14C (uncalibrated)","NULL","NULL","NULL","NULL","NULL","NULL","NULL","Papua New Guinea"
251030,"Karkar",14940,"Confirmed Eruption","South flank (Patilo Cone)","NULL","NULL","NULL",1070,"200","0","NULL","0","NULL","Isotopic: 14C (uncalibrated)","NULL","NULL","NULL","NULL","NULL","NULL","NULL","Papua New Guinea"
251030,"Karkar",14938,"Confirmed Eruption","NULL","4","C","NULL",520,"100","0","NULL","0","NULL","Isotopic: 14C (uncalibrated)","NULL","NULL","NULL","NULL","NULL","NULL","NULL","Papua New Guinea"
251030,"Karkar",14939,"Confirmed Eruption","NULL","4","P","?",730,"NULL","0","NULL","0","NULL","Isotopic: 14C (uncalibrated)","NULL","NULL","NULL","NULL","NULL","NULL","NULL","Papua New Guinea"
251030,"Karkar",14937,"Confirmed Eruption","NULL","NULL","NULL","NULL",-870,"75","0","NULL","0","NULL","Isotopic: 14C (uncalibrated)","NULL","NULL","NULL","NULL","NULL","NULL","NULL","Papua New Guinea"
251030,"Karkar",14948,"Confirmed Eruption","SE foot of Bagiai","2","NULL","NULL",1979,"NULL","1","?","12","NULL","Observations: Reported","NULL","1979","NULL","8","NULL","9","NULL","Papua New Guinea"
251050,"Long Island",14962,"Confirmed Eruption","Motmot","2","NULL","NULL",1968,"NULL","3","NULL","16","NULL","Observations: Reported","NULL","1968","NULL","6","NULL","12","NULL","Papua New Guinea"
251050,"Long Island",14960,"Confirmed Eruption","Motmot","3","NULL","NULL",1955,"NULL","6","NULL","5","NULL","Observations: Reported","NULL","1955","NULL","6","NULL","13","NULL","Papua New Guinea"
251050,"Long Island",14959,"Confirmed Eruption","Motmot","3","NULL","NULL",1953,"NULL","5","NULL","8","NULL","Observations: Reported","NULL","1954","NULL","1","NULL","7","NULL","Papua New Guinea"
251050,"Long Island",14957,"Confirmed Eruption","Lake Wisdom","NULL","NULL","NULL",1938,"NULL","0","NULL","0","NULL","Observations: Reported","NULL","NULL","NULL","NULL","NULL","NULL","NULL","Papua New Guinea"
251050,"Long Island",14956,"Confirmed Eruption","Lake Wisdom","NULL","NULL","NULL",1933,"NULL","0","NULL","0","NULL","Observations: Reported","NULL","NULL","NULL","NULL","NULL","NULL","NULL","Papua New Guinea"
251050,"Long Island",14965,"Confirmed Eruption","E-W fissure NNE of Motmot Island","1","NULL","NULL",1993,"NULL","11","?","3","NULL","Observations: Reported","NULL","1993","NULL","11","NULL","25","5","Papua New Guinea"
251050,"Long Island",14954,"Confirmed Eruption","NULL","6","NULL","NULL",-2040,"110","NULL","NULL","NULL","NULL","Isotopic: 14C (uncalibrated)","NULL","NULL","NULL","NULL","NULL","NULL","NULL","Papua New Guinea"
251050,"Long Island",14955,"Confirmed Eruption","NULL","6","NULL","NULL",1660,"20","0","NULL","0","NULL","Isotopic: 14C (uncalibrated)","NULL","NULL","NULL","NULL","NULL","NULL","NULL","Papua New Guinea"
251050,"Long Island",14964,"Confirmed Eruption","Motmot","1","NULL","NULL",1976,"NULL","1","NULL","2","120","Observations: Reported","NULL","NULL","NULL","NULL","NULL","NULL","NULL","Papua New Guinea"
251050,"Long Island",14958,"Confirmed Eruption","Motmot","NULL","NULL","NULL",1943,"NULL","0","NULL","0","NULL","Observations: Reported","NULL","NULL","NULL","NULL","NULL","NULL","NULL","Papua New Guinea"
251050,"Long Island",14963,"Confirmed Eruption","Motmot","2","NULL","NULL",1973,"NULL","4","NULL","16","15","Observations: Reported","NULL","1974","NULL","2","NULL","28","NULL","Papua New Guinea"
251070,"Ritter Island",14967,"Confirmed Eruption","NULL","2","NULL","NULL",1793,"NULL","6","NULL","29","NULL","Observations: Reported","NULL","NULL","NULL","NULL","NULL","NULL","NULL","Papua New Guinea"
251070,"Ritter Island",14974,"Confirmed Eruption","600-900 m W of Ritter Island","1","NULL","NULL",1974,"NULL","10","NULL","17","NULL","Observations: Reported","NULL","1974","NULL","10","NULL","17","NULL","Papua New Guinea"
251070,"Ritter Island",14971,"Confirmed Eruption","Volcano Uncertain: Probably Ritter or Langila","2","NULL","NULL",1887,"NULL","2","NULL","2","NULL","NULL","NULL","1887","NULL","2","NULL","5","NULL","Papua New Guinea"
251070,"Ritter Island",14966,"Confirmed Eruption","NULL","3","^","NULL",1700,"NULL","4","<","3","NULL","Observations: Reported","NULL","1700","NULL","4",">","6","NULL","Papua New Guinea"
251070,"Ritter Island",14976,"Confirmed Eruption","NULL","1","?","NULL",2006,"NULL","10","NULL","17","NULL","Observations: Reported","NULL","2006","NULL","10","?","17","NULL","Papua New Guinea"
251070,"Ritter Island",14972,"Confirmed Eruption","NULL","2","?","NULL",1888,"NULL","3","NULL","13","NULL","Observations: Reported","NULL","1888","NULL","3","NULL","13","NULL","Papua New Guinea"
251070,"Ritter Island",14977,"Confirmed Eruption","NULL","1","?","NULL",2007,"NULL","5","NULL","19","NULL","Observations: Reported","NULL","2007","NULL","5","?","21","NULL","Papua New Guinea"
251070,"Ritter Island",14973,"Confirmed Eruption","West of Ritter Island","1","NULL","NULL",1972,"NULL","10","NULL","9","NULL","Observations: Reported","NULL","1972","NULL","10","NULL","9","NULL","Papua New Guinea"
252010,"Langila",14989,"Confirmed Eruption","Crater 2","2","NULL","NULL",1958,"NULL","4","NULL","21","NULL","Observations: Reported","NULL","1958","NULL","6","NULL","4","4","Papua New Guinea"
252010,"Langila",14997,"Confirmed Eruption","Crater 3, Crater 2","3","NULL","NULL",1973,"NULL","2","NULL","24","4","Observations: Reported","NULL","2000","NULL","10",">","16","15","Papua New Guinea"
252010,"Langila",14990,"Confirmed Eruption","Crater 3, Crater 2","2","NULL","NULL",1960,"NULL","12","NULL","19","NULL","Observations: Reported","NULL","1961","NULL","9","NULL","25","5","Papua New Guinea"
252010,"Langila",14993,"Confirmed Eruption","Crater 2, Crater 3","2","NULL","NULL",1967,"NULL","1","NULL","19","NULL","Observations: Reported","NULL","1968","NULL","6","NULL","16","15","Papua New Guinea"
252010,"Langila",14988,"Confirmed Eruption","Crater 2","2","NULL","NULL",1956,"NULL","3","NULL","25","NULL","Observations: Reported","NULL","1956","NULL","3","NULL","31","NULL","Papua New Guinea"
252010,"Langila",14995,"Confirmed Eruption","Crater 2","2","NULL","NULL",1970,"NULL","5","NULL","20","NULL","Observations: Reported","NULL","1970","NULL","9","NULL","22","NULL","Papua New Guinea"
252010,"Langila",15002,"Confirmed Eruption","NULL","2","NULL","NULL",2006,"NULL","8","NULL","9","NULL","Observations: Reported","NULL","2008","NULL","7","?","6","NULL","Papua New Guinea"
252010,"Langila",15003,"Confirmed Eruption","Crater 2","2","NULL","NULL",2009,"NULL","9","<","16","15","Observations: Reported","NULL","2010","NULL","2","?","16","15","Papua New Guinea"
252010,"Langila",14998,"Confirmed Eruption","Crater 2","2","NULL","NULL",2002,"NULL","5","?","25","NULL","Observations: Reported","NULL","2003","NULL","4","?","9","NULL","Papua New Guinea"
252010,"Langila",14981,"Confirmed Eruption","NULL","0","NULL","NULL",1890,"NULL","0","NULL","0","NULL","Observations: Reported","NULL","NULL","NULL","NULL","NULL","NULL","NULL","Papua New Guinea"
252010,"Langila",14994,"Confirmed Eruption","Crater 2 or 3","2","NULL","NULL",1969,"NULL","9","NULL","29","NULL","Observations: Reported","NULL","1969","NULL","9","NULL","29","NULL","Papua New Guinea"
252010,"Langila",14986,"Confirmed Eruption","Crater 2","2","NULL","NULL",1955,"NULL","2","NULL","15","NULL","Observations: Reported","NULL","1955","NULL","2","NULL","17","NULL","Papua New Guinea"
252010,"Langila",14992,"Confirmed Eruption","Crater 2, Crater 3","2","NULL","NULL",1964,"NULL","12","NULL","4","4","Observations: Reported","NULL","1966","NULL","9","NULL","23","3","Papua New Guinea"
252010,"Langila",14979,"Confirmed Eruption","Crater 2","2","NULL","NULL",1878,"NULL","0","NULL","0","NULL","Observations: Reported","NULL","NULL","NULL","NULL","NULL","NULL","NULL","Papua New Guinea"
252010,"Langila",15000,"Confirmed Eruption","NULL","2","?","NULL",2004,"NULL","11","?","24","NULL","Observations: Reported","NULL","2004","NULL","12","?","25","NULL","Papua New Guinea"
252010,"Langila",14996,"Confirmed Eruption","Crater 2","2","NULL","NULL",1971,"NULL","1","NULL","26","5","Observations: Reported","NULL","1972","NULL","7","NULL","5","4","Papua New Guinea"
252010,"Langila",22123,"Confirmed Eruption","Crater 2","2","NULL","NULL",2015,"NULL","10","?","22","NULL","Observations: Reported",">","2026","NULL","3","NULL","16","NULL","Papua New Guinea"
252010,"Langila",15001,"Confirmed Eruption","NULL","2","NULL","NULL",2005,"NULL","4","?","19","NULL","Observations: Reported","NULL","2006","NULL","3","?","31","NULL","Papua New Guinea"
252010,"Langila",14982,"Confirmed Eruption","North Crater (crater 1)","2","NULL","NULL",1900,"NULL","0","NULL","0","NULL","Observations: Reported","NULL","NULL","NULL","NULL","NULL","NULL","NULL","Papua New Guinea"
252010,"Langila",14980,"Confirmed Eruption","NULL","2","NULL","NULL",1884,"NULL","0","NULL","0","NULL","Observations: Reported","NULL","NULL","NULL","NULL","NULL","NULL","NULL","Papua New Guinea"
252010,"Langila",20788,"Confirmed Eruption","Summit craters","1","NULL","NULL",2012,"NULL","12","NULL","1","NULL","Observations: Reported","NULL","2012","NULL","12","NULL","5","NULL","Papua New Guinea"
252010,"Langila",14983,"Confirmed Eruption","NE Crater (crater 2)","2","NULL","NULL",1907,"NULL","0","NULL","0","NULL","Observations: Reported","NULL","NULL","NULL","NULL","NULL","NULL","NULL","Papua New Guinea"
252010,"Langila",14985,"Confirmed Eruption","Crater 2","3","NULL","NULL",1954,"NULL","5","NULL","18","NULL","Observations: Reported","NULL","1954","NULL","11","NULL","13","NULL","Papua New Guinea"
252010,"Langila",14987,"Confirmed Eruption","Crater 2","2","NULL","NULL",1955,"NULL","6","NULL","1","NULL","Observations: Reported","NULL","1955","NULL","6","NULL","16","NULL","Papua New Guinea"
252010,"Langila",14991,"Confirmed Eruption","Crater 2, Crater 3","2","NULL","NULL",1962,"NULL","3","NULL","16","15","Observations: Reported","NULL","1963","NULL","8","NULL","11","NULL","Papua New Guinea"
252010,"Langila",14999,"Confirmed Eruption","NULL","2","?","NULL",2004,"NULL","1","?","20","NULL","Observations: Reported","NULL","2004","NULL","1","?","27","NULL","Papua New Guinea"
252040,"Dakataua",15004,"Confirmed Eruption","NULL","6","?","NULL",653,"18","NULL","NULL","NULL","NULL","Isotopic: 14C (uncalibrated)","NULL","NULL","NULL","NULL","NULL","NULL","NULL","Papua New Guinea"
252040,"Dakataua",20981,"Confirmed Eruption","NULL","NULL","NULL","NULL",800,"60","NULL","NULL","NULL","NULL","Isotopic: 14C (uncalibrated)","NULL","NULL","NULL","NULL","NULL","NULL","NULL","Papua New Guinea"
252040,"Dakataua",15005,"Confirmed Eruption","Makalia","2","NULL","NULL",1895,"5","0","NULL","0","NULL","Correlation: Anthropology","NULL","NULL","NULL","NULL","NULL","NULL","NULL","Papua New Guinea"
252070,"Krummel-Garbuna-Welcker",15008,"Confirmed Eruption","NULL","1","NULL","NULL",2008,"NULL","3","NULL","11","NULL","Observations: Reported","NULL","2008","NULL","3","NULL","13","NULL","Papua New Guinea"
252070,"Krummel-Garbuna-Welcker",15007,"Confirmed Eruption","Central part of Garbuna complex","2","NULL","NULL",2005,"NULL","10","NULL","16","NULL","Observations: Reported","NULL","2005","NULL","11",">","17","NULL","Papua New Guinea"
252070,"Krummel-Garbuna-Welcker",15006,"Confirmed Eruption","Garbuna and Welcker","2","?","?",150,"NULL","0","NULL","0","NULL","Isotopic: 14C (uncalibrated)","NULL","NULL","NULL","NULL","NULL","NULL","NULL","Papua New Guinea"
252070,"Krummel-Garbuna-Welcker",15009,"Confirmed Eruption","NULL","2","NULL","NULL",2008,"NULL","7","NULL","13","NULL","Observations: Reported","NULL","2008","NULL","10","NULL","4","NULL","Papua New Guinea"
252080,"Witori",15020,"Confirmed Eruption","NULL","4","P","?",1550,"NULL","0","NULL","0","NULL","Correlation: Tephrochronology","NULL","NULL","NULL","NULL","NULL","NULL","NULL","Papua New Guinea"
252080,"Witori",15025,"Confirmed Eruption","Pago","0","NULL","NULL",1920,"2","0","NULL","0","NULL","Observations: Reported","NULL","NULL","NULL","NULL","NULL","NULL","NULL","Papua New Guinea"
252080,"Witori",15027,"Confirmed Eruption","Pago (summit and NW flank)","3","NULL","NULL",2002,"NULL","8","NULL","3","NULL","Observations: Reported","NULL","2003","NULL","3","NULL","26","25","Papua New Guinea"
252080,"Witori",15018,"Confirmed Eruption","NULL","NULL","NULL","NULL",1050,"100","0","NULL","0","NULL","Correlation: Tephrochronology","NULL","NULL","NULL","NULL","NULL","NULL","NULL","Papua New Guinea"
252080,"Witori",15013,"Confirmed Eruption","NULL","NULL","NULL","NULL",-640,"300","NULL","NULL","NULL","NULL","Isotopic: 14C (uncalibrated)","NULL","NULL","NULL","NULL","NULL","NULL","NULL","Papua New Guinea"
252080,"Witori",15017,"Confirmed Eruption","NULL","NULL","NULL","?",950,"NULL","0","NULL","0","NULL","Correlation: Tephrochronology","NULL","NULL","NULL","NULL","NULL","NULL","NULL","Papua New Guinea"
252080,"Witori",15015,"Confirmed Eruption","NULL","5","NULL","NULL",690,"90","NULL","NULL","NULL","NULL","Isotopic: 14C (calibrated)","NULL","NULL","NULL","NULL","NULL","NULL","NULL","Papua New Guinea"
252080,"Witori",15010,"Confirmed Eruption","Witori","NULL","NULL","NULL",-7510,"150","0","NULL","0","NULL","Isotopic: 14C (uncalibrated)","NULL","NULL","NULL","NULL","NULL","NULL","NULL","Papua New Guinea"
252080,"Witori",15022,"Confirmed Eruption","NULL","4","P","?",1800,"NULL","0","NULL","0","NULL","Correlation: Tephrochronology","NULL","NULL","NULL","NULL","NULL","NULL","NULL","Papua New Guinea"
252080,"Witori",15019,"Confirmed Eruption","NULL","NULL","NULL","?",1450,"NULL","0","NULL","0","NULL","Correlation: Tephrochronology","NULL","NULL","NULL","NULL","NULL","NULL","NULL","Papua New Guinea"
252080,"Witori",20805,"Confirmed Eruption","Pago","2","NULL","NULL",2012,"NULL","5","NULL","3","NULL","Observations: Reported","NULL","2012","NULL","7","NULL","11","NULL","Papua New Guinea"
252080,"Witori",15011,"Confirmed Eruption","NULL","6","?","NULL",-4000,"210","NULL","NULL","NULL","NULL","Isotopic: 14C (calibrated)","NULL","NULL","NULL","NULL","NULL","NULL","NULL","Papua New Guinea"
252080,"Witori",15014,"Confirmed Eruption","NULL","5","NULL","NULL",310,"100","0","NULL","0","NULL","Isotopic: 14C (calibrated)","NULL","NULL","NULL","NULL","NULL","NULL","NULL","Papua New Guinea"
252080,"Witori",15026,"Confirmed Eruption","Pago","2","NULL","NULL",1933,"NULL","7","?","0","NULL","Observations: Reported","NULL","1933","NULL","8","?","0","NULL","Papua New Guinea"
252080,"Witori",15024,"Confirmed Eruption","Pago","3","NULL","NULL",1911,"NULL","0","NULL","0","NULL","Observations: Reported","NULL","1918","NULL","5","?","0","NULL","Papua New Guinea"
252080,"Witori",15021,"Confirmed Eruption","NULL","NULL","NULL","NULL",1730,"25","0","NULL","0","NULL","Correlation: Tephrochronology","NULL","NULL","NULL","NULL","NULL","NULL","NULL","Papua New Guinea"
252080,"Witori",15012,"Confirmed Eruption","NULL","6","NULL","NULL",-1370,"160","NULL","NULL","NULL","NULL","Isotopic: 14C (calibrated)","NULL","NULL","NULL","NULL","NULL","NULL","NULL","Papua New Guinea"
252080,"Witori",15029,"Confirmed Eruption","Pago","1","?","NULL",2007,"NULL","8","NULL","28","NULL","Observations: Reported","NULL","2007","NULL","8","NULL","28","NULL","Papua New Guinea"
252080,"Witori",15016,"Confirmed Eruption","NULL","6","NULL","NULL",710,"75","0","NULL","0","NULL","Isotopic: 14C (uncalibrated)","NULL","NULL","NULL","NULL","NULL","NULL","NULL","Papua New Guinea"
252100,"Hargy",15030,"Confirmed Eruption","Galloseulo","NULL","NULL","?",-5050,"NULL","0","NULL","0","NULL","Isotopic: 14C (uncalibrated)","NULL","NULL","NULL","NULL","NULL","NULL","NULL","Papua New Guinea"
252100,"Hargy",15031,"Confirmed Eruption","Galloseulo","NULL","NULL","?",950,"NULL","0","NULL","0","NULL","Isotopic: 14C (uncalibrated)","NULL","NULL","NULL","NULL","NULL","NULL","NULL","Papua New Guinea"
252110,"Bamus",15035,"Confirmed Eruption","NULL","3","?","NULL",1886,"8","0","NULL","0","NULL","Observations: Reported","NULL","NULL","NULL","NULL","NULL","NULL","NULL","Papua New Guinea"
252110,"Bamus",15033,"Confirmed Eruption","NULL","NULL","NULL","NULL",-270,"50","0","NULL","0","NULL","Isotopic: 14C (uncalibrated)","NULL","NULL","NULL","NULL","NULL","NULL","NULL","Papua New Guinea"
252110,"Bamus",15034,"Confirmed Eruption","NULL","NULL","NULL","NULL",1650,"50","0","NULL","0","NULL","Isotopic: 14C (uncalibrated)","NULL","NULL","NULL","NULL","NULL","NULL","NULL","Papua New Guinea"
252110,"Bamus",15032,"Confirmed Eruption","NULL","NULL","NULL","NULL",-350,"75","0","NULL","0","NULL","Isotopic: 14C (uncalibrated)","NULL","NULL","NULL","NULL","NULL","NULL","NULL","Papua New Guinea"
252120,"Ulawun",15049,"Confirmed Eruption","NULL","2","NULL","NULL",1963,"NULL","3","NULL","17","NULL","Observations: Reported","NULL","1963","NULL","5","?","2","NULL","Papua New Guinea"
252120,"Ulawun",15055,"Confirmed Eruption","NULL","1","NULL","NULL",1983,"NULL","11","NULL","6","NULL","Observations: Reported","NULL","1984","NULL","3","NULL","13","NULL","Papua New Guinea"
252120,"Ulawun",15036,"Confirmed Eruption","NULL","2","NULL","NULL",1700,"NULL","3","NULL","11","NULL","Observations: Reported","NULL","NULL","NULL","NULL","NULL","NULL","NULL","Papua New Guinea"
252120,"Ulawun",15040,"Confirmed Eruption","NULL","3","NULL","NULL",1915,"NULL","4","NULL","0","NULL","Observations: Reported","NULL","NULL","NULL","NULL","NULL","NULL","NULL","Papua New Guinea"
252120,"Ulawun",15053,"Confirmed Eruption","Summit, lower east flank","3","NULL","NULL",1978,"NULL","5","NULL","7","NULL","Observations: Reported","NULL","1978","NULL","5","NULL","14","NULL","Papua New Guinea"
252120,"Ulawun",15074,"Confirmed Eruption","NULL","2","NULL","NULL",2006,"NULL","3","NULL","1","NULL","Observations: Reported","NULL","2007","NULL","1","NULL","18","NULL","Papua New Guinea"
252120,"Ulawun",15051,"Confirmed Eruption","NULL","3","NULL","NULL",1970,"NULL","1","NULL","15","NULL","Observations: Reported","NULL","1970","NULL","2","NULL","11","NULL","Papua New Guinea"
252120,"Ulawun",15057,"Confirmed Eruption","NULL","1","NULL","NULL",1984,"NULL","12","NULL","30","NULL","Observations: Reported","NULL","1985","NULL","1","NULL","27","NULL","Papua New Guinea"
252120,"Ulawun",15054,"Confirmed Eruption","NULL","3","NULL","NULL",1980,"NULL","10","NULL","6","NULL","Observations: Reported","NULL","1980","NULL","10","NULL","7","NULL","Papua New Guinea"
252120,"Ulawun",15072,"Confirmed Eruption","NULL","2","NULL","NULL",2004,"NULL","4","NULL","12","NULL","Observations: Reported","NULL","2004","NULL","4","NULL","14","NULL","Papua New Guinea"
252120,"Ulawun",15065,"Confirmed Eruption","NULL","2","NULL","NULL",2001,"NULL","8","NULL","28","NULL","Observations: Reported","NULL","2001","NULL","8","NULL","28","NULL","Papua New Guinea"
252120,"Ulawun",22535,"Confirmed Eruption","NULL","3","NULL","NULL",2023,"NULL","7","NULL","18","NULL","Observations: Reported","NULL","2023","NULL","12","NULL","31","NULL","Papua New Guinea"
252120,"Ulawun",15063,"Confirmed Eruption","NULL","4","NULL","NULL",2000,"NULL","9","NULL","28","NULL","Observations: Reported","NULL","2000","NULL","11","NULL","1","NULL","Papua New Guinea"
252120,"Ulawun",22319,"Confirmed Eruption","NULL","4","NULL","NULL",2019,"NULL","6","NULL","26","NULL","Observations: Reported","NULL","2019","NULL","10","NULL","5","NULL","Papua New Guinea"
252120,"Ulawun",15045,"Confirmed Eruption","NULL","2","NULL","NULL",1941,"NULL","1","NULL","26","NULL","Observations: Reported","NULL","1941","NULL","1","NULL","26","NULL","Papua New Guinea"
252120,"Ulawun",15041,"Confirmed Eruption","NULL","2","NULL","NULL",1918,"NULL","7","?","21","NULL","Observations: Reported","NULL","NULL","NULL","NULL","NULL","NULL","NULL","Papua New Guinea"
252120,"Ulawun",15056,"Confirmed Eruption","NULL","1","NULL","NULL",1984,"NULL","8","NULL","23","NULL","Observations: Reported","NULL","1984","NULL","9","NULL","11","NULL","Papua New Guinea"
252120,"Ulawun",22606,"Confirmed Eruption","NULL","NULL","NULL","NULL",2025,"NULL","3","NULL","27","NULL","Observations: Reported","NULL","2025","NULL","4","NULL","7","NULL","Papua New Guinea"
252120,"Ulawun",15061,"Confirmed Eruption","NULL","1","NULL","NULL",1994,"NULL","4","?","19","NULL","Observations: Reported","NULL","1994","NULL","6","NULL","16","15","Papua New Guinea"
252120,"Ulawun",20833,"Confirmed Eruption","Summit crater","1","NULL","NULL",2012,"NULL","5","NULL","7","NULL","Observations: Reported","NULL","2012","NULL","5","NULL","31","NULL","Papua New Guinea"
252120,"Ulawun",15064,"Confirmed Eruption","Summit and NNE flank","3","NULL","NULL",2001,"NULL","1","?","16","NULL","Observations: Reported","NULL","2001","NULL","5","NULL","3","NULL","Papua New Guinea"
252120,"Ulawun",15043,"Confirmed Eruption","NULL","2","NULL","NULL",1927,"NULL","7","NULL","0","NULL","Observations: Reported","NULL","1927","NULL","9",">","17","NULL","Papua New Guinea"
252120,"Ulawun",22453,"Confirmed Eruption","NULL","2","NULL","NULL",2022,"NULL","6","NULL","2","NULL","Observations: Reported","NULL","2022","NULL","6","NULL","2","NULL","Papua New Guinea"
252120,"Ulawun",22171,"Confirmed Eruption","Summit crater","1","NULL","NULL",2016,"NULL","10","NULL","11","NULL","Observations: Reported","NULL","2016","NULL","11","NULL","18","NULL","Papua New Guinea"
252120,"Ulawun",22508,"Confirmed Eruption","NULL","1","NULL","NULL",2023,"NULL","3","NULL","28","NULL","Observations: Reported","NULL","2023","NULL","3","NULL","28","NULL","Papua New Guinea"
252120,"Ulawun",20834,"Confirmed Eruption","Summit crater","1","NULL","NULL",2012,"NULL","11","NULL","6","NULL","Observations: Reported","NULL","2012","NULL","12","NULL","11","NULL","Papua New Guinea"
252120,"Ulawun",15047,"Confirmed Eruption","NULL","2","NULL","NULL",1958,"NULL","2","NULL","1","60","Observations: Reported","NULL","NULL","NULL","NULL","NULL","NULL","NULL","Papua New Guinea"
252120,"Ulawun",15048,"Confirmed Eruption","NULL","2","NULL","NULL",1960,"NULL","7","NULL","29","3","Observations: Reported","NULL","1962","NULL","11","NULL","16","15","Papua New Guinea"
252120,"Ulawun",20835,"Confirmed Eruption","Summit crater","1","NULL","NULL",2013,"NULL","7","NULL","8","NULL","Observations: Reported","NULL","2013","NULL","12","NULL","21","NULL","Papua New Guinea"
252120,"Ulawun",15059,"Confirmed Eruption","NULL","2","NULL","NULL",1989,"NULL","1","NULL","1","NULL","Observations: Reported","NULL","1989","NULL","12","?","16","15","Papua New Guinea"
252120,"Ulawun",15050,"Confirmed Eruption","NULL","2","NULL","NULL",1967,"NULL","1","NULL","22","NULL","Observations: Reported","NULL","1967","NULL","12","NULL","28","NULL","Papua New Guinea"
252120,"Ulawun",15042,"Confirmed Eruption","NULL","2","NULL","NULL",1919,"NULL","5","?","28","NULL","Observations: Reported","NULL","NULL","NULL","NULL","NULL","NULL","NULL","Papua New Guinea"
252120,"Ulawun",22285,"Confirmed Eruption","Summit crater","1","NULL","NULL",2018,"NULL","6","NULL","8","NULL","Observations: Reported","NULL","2018","NULL","6","NULL","8","NULL","Papua New Guinea"
252120,"Ulawun",15066,"Confirmed Eruption","NULL","2","NULL","NULL",2002,"NULL","8","?","22","NULL","Observations: Reported","NULL","2002","NULL","11","NULL","3","NULL","Papua New Guinea"
252120,"Ulawun",15073,"Confirmed Eruption","NULL","2","NULL","NULL",2005,"NULL","3","?","27","NULL","Observations: Reported","NULL","2005","NULL","8","?","9","NULL","Papua New Guinea"
252120,"Ulawun",22286,"Confirmed Eruption","Summit crater","2","NULL","NULL",2018,"NULL","9","NULL","21","NULL","Observations: Reported","NULL","2018","NULL","10","<","12","NULL","Papua New Guinea"
252120,"Ulawun",15077,"Confirmed Eruption","Summit crater","2","?","NULL",2010,"NULL","5","NULL","26","4","Observations: Reported","NULL","2011","NULL","5","NULL","27","NULL","Papua New Guinea"
252120,"Ulawun",15062,"Confirmed Eruption","NULL","1","NULL","NULL",1999,"NULL","10","NULL","20","NULL","Observations: Reported","NULL","1999","NULL","10","NULL","20","NULL","Papua New Guinea"
252120,"Ulawun",22225,"Confirmed Eruption","Summit crater","1","NULL","NULL",2017,"NULL","6","NULL","11","NULL","Observations: Reported","NULL","2017","NULL","11","NULL","3","NULL","Papua New Guinea"
252120,"Ulawun",15075,"Confirmed Eruption","NULL","2","NULL","NULL",2007,"NULL","5","NULL","1","NULL","Observations: Reported","NULL","2007","NULL","5","NULL","1","NULL","Papua New Guinea"
252120,"Ulawun",15058,"Confirmed Eruption","NULL","3","NULL","NULL",1985,"NULL","11","NULL","17","NULL","Observations: Reported","NULL","1985","NULL","11","NULL","22","NULL","Papua New Guinea"
252120,"Ulawun",15038,"Confirmed Eruption","NULL","3","NULL","NULL",1898,"NULL","0","NULL","0","NULL","Observations: Reported","NULL","NULL","NULL","NULL","NULL","NULL","NULL","Papua New Guinea"
252120,"Ulawun",15060,"Confirmed Eruption","NULL","2","NULL","NULL",1993,"NULL","1","NULL","12","NULL","Observations: Reported","NULL","1993","NULL","1","?","31","NULL","Papua New Guinea"
252120,"Ulawun",22414,"Confirmed Eruption","NULL","2","NULL","NULL",2021,"NULL","7","NULL","9","NULL","Observations: Reported","NULL","2021","NULL","11","NULL","29","NULL","Papua New Guinea"
252120,"Ulawun",15071,"Confirmed Eruption","NULL","2","NULL","NULL",2003,"NULL","4","?","14","NULL","Observations: Reported","NULL","2003","NULL","10","NULL","10","NULL","Papua New Guinea"
252120,"Ulawun",15037,"Confirmed Eruption","NULL","2","NULL","NULL",1878,"NULL","0","NULL","0","NULL","Observations: Reported","NULL","NULL","NULL","NULL","NULL","NULL","NULL","Papua New Guinea"
252120,"Ulawun",15052,"Confirmed Eruption","NULL","2","NULL","NULL",1973,"NULL","10","NULL","4","NULL","Observations: Reported","NULL","1973","NULL","10","NULL","19","NULL","Papua New Guinea"
252130,"Lolobau",15080,"Confirmed Eruption","Hulu","4","NULL","NULL",1100,"30","0","NULL","0","NULL","Isotopic: 14C (uncalibrated)","NULL","NULL","NULL","NULL","NULL","NULL","NULL","Papua New Guinea"
252130,"Lolobau",15083,"Confirmed Eruption","East flank (Sili)","4","NULL","NULL",1911,"NULL","0","NULL","0","NULL","Observations: Reported","NULL","1912","NULL","0","NULL","0","NULL","Papua New Guinea"
252130,"Lolobau",15081,"Confirmed Eruption","East flank (Sili, Malo), Hulu ?","4","P","NULL",1904,"NULL","8","NULL","9","NULL","Observations: Reported","NULL","1905","NULL","10",">","18","NULL","Papua New Guinea"
252140,"Rabaul",15084,"Confirmed Eruption","NULL","6","NULL","NULL",683,"2","NULL","NULL","NULL","NULL","Isotopic: 14C (calibrated)","NULL","NULL","NULL","NULL","NULL","NULL","NULL","Papua New Guinea"
252140,"Rabaul",15091,"Confirmed Eruption","Tavurvur","1","NULL","NULL",1940,"NULL","2","NULL","4","4","Observations: Reported","NULL","1940","NULL","5","NULL","18","NULL","Papua New Guinea"
252140,"Rabaul",15098,"Confirmed Eruption","Tavurvur","2","NULL","NULL",2002,"NULL","10","?","6","NULL","Observations: Reported","NULL","2004","NULL","2","NULL","17","NULL","Papua New Guinea"
252140,"Rabaul",15085,"Confirmed Eruption","NE caldera rim (Rabalanakia)","NULL","NULL","NULL",1450,"150","0","NULL","0","NULL","Correlation: Tephrochronology","NULL","NULL","NULL","NULL","NULL","NULL","NULL","Papua New Guinea"
252140,"Rabaul",15089,"Confirmed Eruption","Vulcan Island and Tavurvur","3","NULL","NULL",1878,"NULL","1","?","30","NULL","Observations: Reported","NULL","1878","NULL","2","NULL","26","2","Papua New Guinea"
252140,"Rabaul",15096,"Confirmed Eruption","Tavurvur and Vulcan","4","?","NULL",1994,"NULL","9","NULL","19","NULL","Observations: Reported","NULL","1995","NULL","4","NULL","16","NULL","Papua New Guinea"
252140,"Rabaul",20811,"Confirmed Eruption","Tavurvur","2","NULL","NULL",2013,"NULL","1","NULL","19","NULL","Observations: Reported","NULL","2014","NULL","3","NULL","11","NULL","Papua New Guinea"
252140,"Rabaul",15088,"Confirmed Eruption","Sulfur Creek","2","NULL","?",1850,"NULL","0","NULL","0","NULL","Observations: Reported","NULL","NULL","NULL","NULL","NULL","NULL","NULL","Papua New Guinea"
252140,"Rabaul",15090,"Confirmed Eruption","Vulcan and Tavurvur","4","?","NULL",1937,"NULL","5","NULL","29","NULL","Observations: Reported","NULL","1937","NULL","6","NULL","2","NULL","Papua New Guinea"
252140,"Rabaul",15092,"Confirmed Eruption","Tavurvur","2","NULL","NULL",1941,"NULL","6","NULL","6","NULL","Observations: Reported","NULL","1942","NULL","3","NULL","31","30","Papua New Guinea"
252140,"Rabaul",15097,"Confirmed Eruption","Tavurvur","2","NULL","NULL",1995,"NULL","11","NULL","28","NULL","Observations: Reported","NULL","2001","NULL","9","NULL","5","4","Papua New Guinea"
252140,"Rabaul",20957,"Confirmed Eruption","Tavurvur","3","NULL","NULL",2014,"NULL","7","NULL","7","NULL","Observations: Reported","NULL","2014","NULL","9","NULL","18","NULL","Papua New Guinea"
252140,"Rabaul",20810,"Confirmed Eruption","Tavurvur","2","NULL","NULL",2011,"NULL","3","NULL","29","NULL","Observations: Reported","NULL","2011","NULL","8","NULL","12","NULL","Papua New Guinea"
252140,"Rabaul",15086,"Confirmed Eruption","Tavurvur ?","2","NULL","NULL",1767,"NULL","9","NULL","10","NULL","Observations: Reported","NULL","NULL","NULL","NULL","NULL","NULL","NULL","Papua New Guinea"
252140,"Rabaul",15099,"Confirmed Eruption","Tavurvur","2","NULL","NULL",2005,"NULL","1","NULL","25","NULL","Observations: Reported","NULL","2006","NULL","2","NULL","17","NULL","Papua New Guinea"
252140,"Rabaul",15087,"Confirmed Eruption","Tavurvur","2","?","NULL",1791,"NULL","5","NULL","22","NULL","Observations: Reported","NULL","NULL","NULL","NULL","NULL","NULL","NULL","Papua New Guinea"
252140,"Rabaul",15100,"Confirmed Eruption","Tavurvur","4","?","NULL",2006,"NULL","8","NULL","11","NULL","Observations: Reported","NULL","2010","NULL","1","NULL","31","NULL","Papua New Guinea"
252140,"Rabaul",15101,"Confirmed Eruption","Tavurvur","1","?","NULL",2010,"NULL","7","NULL","23","NULL","Observations: Reported","NULL","2010","NULL","7","NULL","25","NULL","Papua New Guinea"
252140,"Rabaul",15093,"Confirmed Eruption","Tavurvur","2","NULL","NULL",1943,"NULL","11","NULL","24","NULL","Observations: Reported","NULL","1943","NULL","12",">","23","NULL","Papua New Guinea"
252150,"Tavui",15102,"Confirmed Eruption","NULL","5","NULL","NULL",-4946,"40","NULL","NULL","NULL","NULL","Isotopic: 14C (calibrated)","NULL","NULL","NULL","NULL","NULL","NULL","NULL","Papua New Guinea"
253010,"Lamington",15103,"Confirmed Eruption","NULL","NULL","NULL","NULL",-5980,"300","0","NULL","0","NULL","Isotopic: 14C (uncalibrated)","NULL","NULL","NULL","NULL","NULL","NULL","NULL","Papua New Guinea"
253010,"Lamington",15105,"Confirmed Eruption","NULL","4","NULL","NULL",1951,"NULL","1","NULL","17","NULL","Observations: Reported","NULL","1956","NULL","7","NULL","2","182","Papua New Guinea"
253010,"Lamington",15104,"Confirmed Eruption","NULL","NULL","NULL","NULL",-4850,"300","0","NULL","0","NULL","Isotopic: 14C (uncalibrated)","NULL","NULL","NULL","NULL","NULL","NULL","NULL","Papua New Guinea"
253030,"Victory",15107,"Confirmed Eruption","NULL","2","NULL","?",1890,"NULL","0","NULL","0","NULL","Observations: Reported","NULL","1935","5","0","NULL","0","NULL","Papua New Guinea"
253040,"Sessagara Hills",15108,"Confirmed Eruption","NULL","3","NULL","NULL",1943,"NULL","9","NULL","18","NULL","Observations: Reported","NULL","1944","NULL","8","NULL","31","NULL","Papua New Guinea"
253060,"Dawson Strait Group",15109,"Confirmed Eruption","Oiau","NULL","NULL","?",1350,"NULL","0","NULL","0","NULL","Chem/Bio: Hydration Rind","NULL","NULL","NULL","NULL","NULL","NULL","NULL","Papua New Guinea"
255011,"Billy Mitchell",15111,"Confirmed Eruption","NULL","5","+","NULL",1032,"23","NULL","NULL","NULL","NULL","Isotopic: 14C (uncalibrated)","NULL","NULL","NULL","NULL","NULL","NULL","NULL","Papua New Guinea"
255011,"Billy Mitchell",15112,"Confirmed Eruption","NULL","6","NULL","NULL",1580,"19","NULL","NULL","NULL","NULL","Isotopic: 14C (uncalibrated)","NULL","NULL","NULL","NULL","NULL","NULL","NULL","Papua New Guinea"
255020,"Bagana",15138,"Confirmed Eruption","NULL","2","NULL","NULL",1972,"NULL","7","NULL","2","182","Observations: Reported","NULL","1995","NULL","7",">","2","182","Papua New Guinea"
255020,"Bagana",15132,"Confirmed Eruption","NULL","2","NULL","NULL",1961,"NULL","7","NULL","26","NULL","Observations: Reported","NULL","NULL","NULL","NULL","NULL","NULL","NULL","Papua New Guinea"
255020,"Bagana",15119,"Confirmed Eruption","NULL","NULL","NULL","NULL",1899,"NULL","0","NULL","0","NULL","Observations: Reported","NULL","NULL","NULL","NULL","NULL","NULL","NULL","Papua New Guinea"
255020,"Bagana",15139,"Confirmed Eruption","NULL","2","NULL","<",2000,"NULL","2","NULL","28","NULL","Observations: Reported",">","2026","NULL","3","NULL","17","NULL","Papua New Guinea"
255020,"Bagana",15137,"Confirmed Eruption","NULL","2","NULL","NULL",1970,"NULL","5","NULL","21","15","Observations: Reported","NULL","1971","NULL","8",">","16","15","Papua New Guinea"
255020,"Bagana",15118,"Confirmed Eruption","NULL","2","NULL","NULL",1897,"NULL","5","?","16","NULL","Observations: Reported","NULL","NULL","NULL","NULL","NULL","NULL","NULL","Papua New Guinea"
255020,"Bagana",15126,"Confirmed Eruption","NULL","2","NULL","NULL",1945,"NULL","0","NULL","0","NULL","Observations: Reported","NULL","1947","NULL","0","NULL","0","NULL","Papua New Guinea"
255020,"Bagana",15120,"Confirmed Eruption","NULL","2","?","NULL",1908,"NULL","7","NULL","15","NULL","Observations: Reported","NULL","NULL","NULL","NULL","NULL","NULL","NULL","Papua New Guinea"
255020,"Bagana",15129,"Confirmed Eruption","NULL","3","NULL","NULL",1953,"NULL","6","NULL","16","15","Observations: Reported","NULL","1953","NULL","9","NULL","16","15","Papua New Guinea"
255020,"Bagana",15134,"Confirmed Eruption","NULL","2","NULL","NULL",1964,"NULL","4","NULL","24","NULL","Observations: Reported","NULL","1965","NULL","7","NULL","2","182","Papua New Guinea"
255020,"Bagana",15127,"Confirmed Eruption","NULL","3","NULL","NULL",1948,"NULL","12","NULL","1","30","Observations: Reported","NULL","1951","NULL","12","NULL","1","30","Papua New Guinea"
255020,"Bagana",15122,"Confirmed Eruption","NULL","3","NULL","NULL",1937,"NULL","9","NULL","7","NULL","Observations: Reported","NULL","NULL","NULL","NULL","NULL","NULL","NULL","Papua New Guinea"
255020,"Bagana",15128,"Confirmed Eruption","NULL","4","NULL","NULL",1952,"NULL","2","NULL","29","NULL","Observations: Reported","NULL","1952","NULL","10","NULL","16","15","Papua New Guinea"
255020,"Bagana",15123,"Confirmed Eruption","NULL","3","NULL","NULL",1938,"NULL","5","NULL","15","NULL","Observations: Reported","NULL","NULL","NULL","NULL","NULL","NULL","NULL","Papua New Guinea"
255020,"Bagana",15124,"Confirmed Eruption","NULL","2","NULL","NULL",1939,"NULL","1","?","30","NULL","Observations: Reported","NULL","NULL","NULL","NULL","NULL","NULL","NULL","Papua New Guinea"
255020,"Bagana",15136,"Confirmed Eruption","NULL","2","NULL","NULL",1968,"NULL","8","NULL","16","15","Observations: Reported","NULL","1968","NULL","8","NULL","16","15","Papua New Guinea"
255020,"Bagana",15117,"Confirmed Eruption","NULL","2","NULL","NULL",1894,"NULL","0","NULL","0","NULL","Observations: Reported","NULL","1895","NULL","0","NULL","0","NULL","Papua New Guinea"
255020,"Bagana",15114,"Confirmed Eruption","NULL","1","NULL","NULL",1842,"NULL","3","NULL","15","NULL","Observations: Reported","NULL","NULL","NULL","NULL","NULL","NULL","NULL","Papua New Guinea"
255020,"Bagana",15135,"Confirmed Eruption","NULL","3","NULL","NULL",1966,"NULL","3","NULL","20","NULL","Observations: Reported","NULL","1967","NULL","11","NULL","30","NULL","Papua New Guinea"
255020,"Bagana",15125,"Confirmed Eruption","NULL","1","NULL","NULL",1943,"NULL","4","<","7","NULL","Observations: Reported","NULL","NULL","NULL","NULL","NULL","NULL","NULL","Papua New Guinea"
255020,"Bagana",15116,"Confirmed Eruption","NULL","3","NULL","NULL",1883,"NULL","12","NULL","31","30","Observations: Reported","NULL","NULL","NULL","NULL","NULL","NULL","NULL","Papua New Guinea"
255020,"Bagana",15133,"Confirmed Eruption","NULL","2","NULL","NULL",1962,"NULL","2","NULL","15","NULL","Observations: Reported","NULL","1963","NULL","7","NULL","2","182","Papua New Guinea"
255020,"Bagana",15131,"Confirmed Eruption","NULL","2","NULL","?",1959,"NULL","7","NULL","2","182","Observations: Reported","NULL","1960","NULL","5","NULL","16","15","Papua New Guinea"
255020,"Bagana",15130,"Confirmed Eruption","NULL","2","NULL","NULL",1956,"NULL","7","NULL","2","182","Observations: Reported","NULL","NULL","NULL","NULL","NULL","NULL","NULL","Papua New Guinea"
255020,"Bagana",15115,"Confirmed Eruption","NULL","2","NULL","NULL",1865,"3","0","NULL","0","NULL","Observations: Reported","NULL","1883","NULL","0","NULL","0","NULL","Papua New Guinea"
255030,"Loloru",15143,"Confirmed Eruption","NULL","NULL","NULL","?",-2150,"NULL","0","NULL","0","NULL","Isotopic: 14C (uncalibrated)","NULL","NULL","NULL","NULL","NULL","NULL","NULL","Papua New Guinea"
255030,"Loloru",15140,"Confirmed Eruption","NULL","NULL","NULL","?",-6950,"NULL","0","NULL","0","NULL","Isotopic: 14C (uncalibrated)","NULL","NULL","NULL","NULL","NULL","NULL","NULL","Papua New Guinea"
255030,"Loloru",15145,"Confirmed Eruption","NULL","NULL","NULL","?",-1050,"NULL","0","NULL","0","NULL","Isotopic: 14C (uncalibrated)","NULL","NULL","NULL","NULL","NULL","NULL","NULL","Papua New Guinea"
255030,"Loloru",15141,"Confirmed Eruption","NULL","NULL","NULL","?",-4150,"NULL","0","NULL","0","NULL","Isotopic: 14C (uncalibrated)","NULL","NULL","NULL","NULL","NULL","NULL","NULL","Papua New Guinea"
255030,"Loloru",15142,"Confirmed Eruption","NULL","NULL","NULL","?",-3150,"NULL","0","NULL","0","NULL","Isotopic: 14C (uncalibrated)","NULL","NULL","NULL","NULL","NULL","NULL","NULL","Papua New Guinea"
255030,"Loloru",15144,"Confirmed Eruption","NULL","NULL","NULL","NULL",-1260,"300","0","NULL","0","NULL","Isotopic: 14C (uncalibrated)","NULL","NULL","NULL","NULL","NULL","NULL","NULL","Papua New Guinea"
261030,"Peuet Sague",15375,"Confirmed Eruption","NULL","2","NULL","NULL",1986,"NULL","7","NULL","2","182","Observations: Reported","NULL","NULL","NULL","NULL","NULL","NULL","NULL","Indonesia"
261030,"Peuet Sague",15393,"Confirmed Eruption","NULL","1","NULL","NULL",1998,"NULL","4","NULL","19","NULL","Observations: Reported","NULL","1998","NULL","4","?","26","NULL","Indonesia"
261030,"Peuet Sague",15391,"Confirmed Eruption","NULL","2","NULL","NULL",1918,"NULL","0","NULL","0","NULL","Observations: Reported","NULL","1921","NULL","0","NULL","0","NULL","Indonesia"
261030,"Peuet Sague",15394,"Confirmed Eruption","NULL","1","NULL","NULL",1999,"NULL","3","?","9","NULL","Observations: Reported","NULL","1999","NULL","4","NULL","30","3","Indonesia"
261030,"Peuet Sague",15376,"Confirmed Eruption","NULL","2","NULL","NULL",1991,"NULL","7","NULL","2","182","Observations: Reported","NULL","NULL","NULL","NULL","NULL","NULL","NULL","Indonesia"
261030,"Peuet Sague",15395,"Confirmed Eruption","NULL","2","NULL","NULL",2000,"NULL","12","NULL","25","NULL","Observations: Reported","NULL","2000","NULL","12",">","26","NULL","Indonesia"
261030,"Peuet Sague",15392,"Confirmed Eruption","NULL","2","NULL","NULL",1979,"NULL","7","NULL","2","182","Observations: Reported","NULL","NULL","NULL","NULL","NULL","NULL","NULL","Indonesia"
261050,"Telong, Bur ni",15399,"Confirmed Eruption","NULL","2","NULL","NULL",1919,"NULL","12","NULL","0","NULL","Observations: Reported","NULL","NULL","NULL","NULL","NULL","NULL","NULL","Indonesia"
261050,"Telong, Bur ni",15396,"Confirmed Eruption","NULL","2","NULL","NULL",1837,"NULL","9","NULL","25","5","Observations: Reported","NULL","NULL","NULL","NULL","NULL","NULL","NULL","Indonesia"
261050,"Telong, Bur ni",15401,"Confirmed Eruption","NULL","NULL","NULL","NULL",1937,"NULL","0","NULL","0","NULL","Observations: Reported","NULL","NULL","NULL","NULL","NULL","NULL","NULL","Indonesia"
261050,"Telong, Bur ni",15397,"Confirmed Eruption","NULL","2","NULL","NULL",1839,"NULL","1","NULL","12","NULL","Observations: Reported","NULL","1839","NULL","1","NULL","13","NULL","Indonesia"
261050,"Telong, Bur ni",15398,"Confirmed Eruption","NULL","2","NULL","NULL",1856,"NULL","4","NULL","14","NULL","Observations: Reported","NULL","NULL","NULL","NULL","NULL","NULL","NULL","Indonesia"
261070,"Singkut",15402,"Confirmed Eruption","NULL","NULL","NULL","NULL",1881,"NULL","0","NULL","0","NULL","Observations: Reported","NULL","NULL","NULL","NULL","NULL","NULL","NULL","Indonesia"
261080,"Sinabung",22365,"Confirmed Eruption","NULL","3","NULL","NULL",2020,"NULL","8","NULL","8","NULL","Observations: Reported","NULL","2021","NULL","9","NULL","23","NULL","Indonesia"
261080,"Sinabung",22316,"Confirmed Eruption","Summit crater","4","NULL","NULL",2019,"NULL","5","<","7","NULL","Observations: Reported","NULL","2019","NULL","6","NULL","9","NULL","Indonesia"
261080,"Sinabung",15404,"Confirmed Eruption","Summit crater","3","NULL","NULL",2010,"NULL","8","NULL","27","NULL","Observations: Reported","NULL","2010","NULL","9","NULL","17","NULL","Indonesia"
261080,"Sinabung",20818,"Confirmed Eruption","Summit crater and SE flank","4","NULL","NULL",2013,"NULL","9","NULL","15","NULL","Observations: Reported","NULL","2018","NULL","6","NULL","22","NULL","Indonesia"
261080,"Sinabung",22270,"Confirmed Eruption","SE flank","NULL","NULL","NULL",810,"70","NULL","NULL","NULL","NULL","Isotopic: 14C (calibrated)","NULL","NULL","NULL","NULL","NULL","NULL","NULL","Indonesia"
261120,"Sorikmarapi",15411,"Confirmed Eruption","East flank (Sibanggor Julu)","2","NULL","NULL",1893,"NULL","1","NULL","4","NULL","Observations: Reported","NULL","1893","NULL","1","NULL","4","NULL","Indonesia"
261120,"Sorikmarapi",15410,"Confirmed Eruption","Summit and east flank (Jurang Siunik)","2","NULL","NULL",1892,"NULL","5","NULL","21","NULL","Observations: Reported","NULL","NULL","NULL","NULL","NULL","NULL","NULL","Indonesia"
261120,"Sorikmarapi",15408,"Confirmed Eruption","NULL","2","NULL","NULL",1879,"NULL","0","NULL","0","NULL","Observations: Reported","NULL","NULL","NULL","NULL","NULL","NULL","NULL","Indonesia"
261120,"Sorikmarapi",15412,"Confirmed Eruption","NULL","2","NULL","NULL",1917,"NULL","5","NULL","20","NULL","Observations: Reported","NULL","1917","NULL","5","NULL","20","NULL","Indonesia"
261120,"Sorikmarapi",15406,"Confirmed Eruption","NULL","2","NULL","?",1829,"NULL","0","NULL","0","NULL","Observations: Reported","NULL","NULL","NULL","NULL","NULL","NULL","NULL","Indonesia"
261120,"Sorikmarapi",15414,"Confirmed Eruption","NULL","1","NULL","NULL",1986,"NULL","7","NULL","5","NULL","Observations: Reported","NULL","1986","NULL","7","NULL","14","NULL","Indonesia"
261120,"Sorikmarapi",15413,"Confirmed Eruption","NULL","2","NULL","NULL",1970,"NULL","7","NULL","2","182","Observations: Reported","NULL","NULL","NULL","NULL","NULL","NULL","NULL","Indonesia"
261140,"Marapi",15468,"Confirmed Eruption","Verbeek Crater, B and C Craters","2","NULL","NULL",1975,"NULL","1","NULL","16","15","Observations: Reported","NULL","1979","NULL","9","NULL","11","NULL","Indonesia"
261140,"Marapi",15476,"Confirmed Eruption","NULL","2","NULL","NULL",1999,"NULL","4","<","16","15","Observations: Reported","NULL","1999","NULL","9",">","16","15","Indonesia"
261140,"Marapi",15454,"Confirmed Eruption","NULL","2","?","NULL",1930,"NULL","4","<","9","NULL","Observations: Reported","NULL","1930","NULL","12","NULL","7","NULL","Indonesia"
261140,"Marapi",15426,"Confirmed Eruption","NULL","2","?","NULL",1861,"NULL","4","NULL","0","NULL","Observations: Reported","NULL","NULL","NULL","NULL","NULL","NULL","NULL","Indonesia"
261140,"Marapi",15434,"Confirmed Eruption","NULL","1","NULL","NULL",1883,"NULL","12","NULL","0","NULL","Observations: Reported","NULL","1883","NULL","12","NULL","0","NULL","Indonesia"
261140,"Marapi",15428,"Confirmed Eruption","NULL","2","?","NULL",1871,"NULL","4","NULL","24","NULL","Observations: Reported","NULL","NULL","NULL","NULL","NULL","NULL","NULL","Indonesia"
261140,"Marapi",15425,"Confirmed Eruption","NULL","2","NULL","NULL",1855,"NULL","10","NULL","2","NULL","Observations: Reported","NULL","1856","NULL","1","NULL","0","NULL","Indonesia"
261140,"Marapi",15464,"Confirmed Eruption","Crater C, Bungsu Crater","1","NULL","NULL",1967,"NULL","4","NULL","16","15","Observations: Reported","NULL","1967","NULL","7","NULL","16","15","Indonesia"
261140,"Marapi",15455,"Confirmed Eruption","NULL","2","?","NULL",1932,"NULL","0","NULL","0","NULL","Observations: Reported","NULL","NULL","NULL","NULL","NULL","NULL","NULL","Indonesia"
261140,"Marapi",15441,"Confirmed Eruption","NULL","2","?","NULL",1907,"NULL","12","NULL","17","NULL","Observations: Reported","NULL","1908","NULL","9","NULL","0","NULL","Indonesia"
261140,"Marapi",15419,"Confirmed Eruption","NULL","2","NULL","NULL",1822,"NULL","7","NULL","23","NULL","Observations: Reported","NULL","1822","NULL","7","NULL","31","NULL","Indonesia"
261140,"Marapi",15438,"Confirmed Eruption","NULL","2","?","NULL",1889,"NULL","3","NULL","27","NULL","Observations: Reported","NULL","1889","NULL","4","?","17","NULL","Indonesia"
261140,"Marapi",15470,"Confirmed Eruption","NULL","1","NULL","NULL",1982,"NULL","3","<","10","NULL","Observations: Reported","NULL","1982","NULL","5","NULL","16","15","Indonesia"
261140,"Marapi",15448,"Confirmed Eruption","NULL","2","?","NULL",1918,"NULL","3","NULL","8","NULL","Observations: Reported","NULL","1918","NULL","3","NULL","10","NULL","Indonesia"
261140,"Marapi",15474,"Confirmed Eruption","Kepundan Tuo, Kepundan B","1","NULL","NULL",1984,"NULL","11","NULL","15","NULL","Observations: Reported","NULL","1984","NULL","11","NULL","15","NULL","Indonesia"
261140,"Marapi",15456,"Confirmed Eruption","Kepundan Kuniang, Kepundan Jinggo","NULL","NULL","NULL",1943,"5","0","NULL","0","NULL","Observations: Reported","NULL","NULL","NULL","NULL","NULL","NULL","NULL","Indonesia"
261140,"Marapi",15452,"Confirmed Eruption","Kepundan Bongsu","2","NULL","NULL",1927,"NULL","2","NULL","5","NULL","Observations: Reported","NULL","1927","NULL","8","NULL","3","NULL","Indonesia"
261140,"Marapi",15458,"Confirmed Eruption","NULL","2","NULL","NULL",1949,"NULL","10","NULL","15","5","Observations: Reported","NULL","1949","NULL","10","NULL","22","5","Indonesia"
261140,"Marapi",15427,"Confirmed Eruption","NULL","2","?","NULL",1863,"NULL","5","NULL","23","NULL","Observations: Reported","NULL","NULL","NULL","NULL","NULL","NULL","NULL","Indonesia"
261140,"Marapi",15446,"Confirmed Eruption","NULL","1","NULL","NULL",1916,"NULL","5","NULL","5","NULL","Observations: Reported","NULL","1916","NULL","7","NULL","7","NULL","Indonesia"
261140,"Marapi",15463,"Confirmed Eruption","B and C Craters, Kebun Bungo","1","NULL","NULL",1966,"NULL","3","NULL","16","15","Observations: Reported","NULL","1966","NULL","6","NULL","16","15","Indonesia"
261140,"Marapi",15469,"Confirmed Eruption","NULL","1","NULL","NULL",1980,"NULL","3","NULL","29","NULL","Observations: Reported","NULL","NULL","NULL","NULL","NULL","NULL","NULL","Indonesia"
261140,"Marapi",15462,"Confirmed Eruption","NULL","1","NULL","NULL",1958,"NULL","10","NULL","17","NULL","Observations: Reported","NULL","1958","NULL","10","NULL","25","NULL","Indonesia"
261140,"Marapi",15447,"Confirmed Eruption","NULL","2","?","NULL",1917,"NULL","6","NULL","16","NULL","Observations: Reported","NULL","1917","NULL","9","NULL","16","NULL","Indonesia"
261140,"Marapi",15433,"Confirmed Eruption","NULL","1","NULL","NULL",1883,"NULL","6","NULL","25","NULL","Observations: Reported","NULL","1883","NULL","8","NULL","27","NULL","Indonesia"
261140,"Marapi",15429,"Confirmed Eruption","NULL","2","?","NULL",1871,"NULL","9","NULL","24","NULL","Observations: Reported","NULL","NULL","NULL","NULL","NULL","NULL","NULL","Indonesia"
261140,"Marapi",15478,"Confirmed Eruption","Verbeek Crater","2","NULL","NULL",2001,"NULL","4","NULL","13","NULL","Observations: Reported","NULL","2001","NULL","6","NULL","5","NULL","Indonesia"
261140,"Marapi",15421,"Confirmed Eruption","NULL","2","?","NULL",1845,"NULL","11","NULL","16","NULL","Observations: Reported","NULL","1845","NULL","11","NULL","18","NULL","Indonesia"
261140,"Marapi",22262,"Confirmed Eruption","Verbeek Crater","2","NULL","NULL",2018,"NULL","4","NULL","27","NULL","Observations: Reported","NULL","2018","NULL","5","NULL","2","NULL","Indonesia"
261140,"Marapi",15442,"Confirmed Eruption","NULL","2","?","NULL",1910,"NULL","0","NULL","0","NULL","Observations: Reported","NULL","NULL","NULL","NULL","NULL","NULL","NULL","Indonesia"
261140,"Marapi",15459,"Confirmed Eruption","Kepundan Bongsu, Kuniang, Jinggo","2","NULL","NULL",1950,"NULL","9","NULL","27","NULL","Observations: Reported","NULL","1952","NULL","6","NULL","14","NULL","Indonesia"
261140,"Marapi",20796,"Confirmed Eruption","Verbeek Crater (?)","1","NULL","NULL",2012,"NULL","3","NULL","1","3","Observations: Reported","NULL","2012","NULL","5","NULL","18","NULL","Indonesia"
261140,"Marapi",15451,"Confirmed Eruption","NULL","0","NULL","NULL",1925,"NULL","4","?","0","NULL","Observations: Reported","NULL","NULL","NULL","NULL","NULL","NULL","NULL","Indonesia"
261140,"Marapi",15453,"Confirmed Eruption","Kepundan Bongsu","2","NULL","NULL",1929,"NULL","6","NULL","22","NULL","Observations: Reported","NULL","1929","NULL","6","NULL","22","NULL","Indonesia"
261140,"Marapi",15475,"Confirmed Eruption","Verbeek Crater","2","NULL","NULL",1987,"NULL","1","NULL","15","NULL","Observations: Reported","NULL","1994","NULL","8",">","12","NULL","Indonesia"
261140,"Marapi",15418,"Confirmed Eruption","NULL","2","NULL","NULL",1807,"NULL","0","NULL","0","NULL","Observations: Reported","NULL","NULL","NULL","NULL","NULL","NULL","NULL","Indonesia"
261140,"Marapi",15445,"Confirmed Eruption","NULL","2","?","NULL",1914,"NULL","7","NULL","1","NULL","Observations: Reported","NULL","NULL","NULL","NULL","NULL","NULL","NULL","Indonesia"
261140,"Marapi",15461,"Confirmed Eruption","NULL","1","NULL","NULL",1958,"NULL","6","NULL","23","NULL","Observations: Reported","NULL","1958","NULL","6","?","23","NULL","Indonesia"
261140,"Marapi",20795,"Confirmed Eruption","Summit Crater","1","NULL","NULL",2011,"NULL","8","NULL","3","NULL","Observations: Reported","NULL","2011","NULL","10","NULL","12","NULL","Indonesia"
261140,"Marapi",15467,"Confirmed Eruption","Verbeek Crater","2","NULL","NULL",1973,"NULL","7","NULL","24","NULL","Observations: Reported","NULL","1973","NULL","7","NULL","24","NULL","Indonesia"
261140,"Marapi",15471,"Confirmed Eruption","NULL","1","NULL","NULL",1982,"NULL","12","NULL","16","15","Observations: Reported","NULL","1982","NULL","12","NULL","16","15","Indonesia"
261140,"Marapi",15431,"Confirmed Eruption","NULL","2","?","NULL",1876,"NULL","8","NULL","0","NULL","Observations: Reported","NULL","1877","NULL","6","NULL","0","NULL","Indonesia"
261140,"Marapi",15460,"Confirmed Eruption","Kepundan Bongsu, B and C Craters","2","?","NULL",1954,"NULL","8","NULL","16","15","Observations: Reported","NULL","1957","NULL","12",">","16","15","Indonesia"
261140,"Marapi",15450,"Confirmed Eruption","NULL","2","?","NULL",1919,"NULL","2","NULL","28","NULL","Observations: Reported","NULL","1919","NULL","3","NULL","1","NULL","Indonesia"
261140,"Marapi",15472,"Confirmed Eruption","Kepundan Tuo and Kepundan Verbeek","1","NULL","NULL",1983,"NULL","7","NULL","2","182","Observations: Reported","NULL","NULL","NULL","NULL","NULL","NULL","NULL","Indonesia"
261140,"Marapi",22502,"Confirmed Eruption","NULL","1","NULL","NULL",2023,"NULL","1","NULL","7","NULL","Observations: Reported","NULL","2023","NULL","3","NULL","17","NULL","Indonesia"
261140,"Marapi",15435,"Confirmed Eruption","NULL","2","?","NULL",1885,"NULL","11","NULL","12","NULL","Observations: Reported","NULL","NULL","NULL","NULL","NULL","NULL","NULL","Indonesia"
261140,"Marapi",15439,"Confirmed Eruption","NULL","1","NULL","NULL",1904,"NULL","4","NULL","18","NULL","Observations: Reported","NULL","1904","NULL","4","NULL","18","NULL","Indonesia"
261140,"Marapi",15405,"Confirmed Eruption","NULL","2","?","NULL",1915,"NULL","12","NULL","0","NULL","Observations: Reported","NULL","NULL","NULL","NULL","NULL","NULL","NULL","Indonesia"
261140,"Marapi",15466,"Confirmed Eruption","Bungo, Bongsu, Tuo, B and C Craters","2","NULL","NULL",1970,"NULL","7","NULL","26","5","Observations: Reported","NULL","1971","NULL","8","NULL","20","NULL","Indonesia"
261140,"Marapi",15443,"Confirmed Eruption","NULL","2","?","NULL",1911,"NULL","11","NULL","2","NULL","Observations: Reported","NULL","NULL","NULL","NULL","NULL","NULL","NULL","Indonesia"
261140,"Marapi",15422,"Confirmed Eruption","NULL","2","NULL","NULL",1854,"NULL","8",">","29","NULL","Observations: Reported","NULL","NULL","NULL","NULL","NULL","NULL","NULL","Indonesia"
261140,"Marapi",15417,"Confirmed Eruption","NULL","2","NULL","NULL",1770,"NULL","0","NULL","0","NULL","Observations: Reported","NULL","NULL","NULL","NULL","NULL","NULL","NULL","Indonesia"
261140,"Marapi",20797,"Confirmed Eruption","Summit crater area","1","NULL","NULL",2012,"NULL","9","NULL","26","NULL","Observations: Reported","NULL","2012","NULL","9","NULL","26","NULL","Indonesia"
261140,"Marapi",22550,"Confirmed Eruption","NULL","2","NULL","NULL",2023,"NULL","12","NULL","3","NULL","Observations: Reported",">","2026","NULL","3","NULL","24","NULL","Indonesia"
261140,"Marapi",15477,"Confirmed Eruption","NULL","2","NULL","NULL",2000,"NULL","3","NULL","11","NULL","Observations: Reported","NULL","2000","NULL","4",">","3","NULL","Indonesia"
261140,"Marapi",22226,"Confirmed Eruption","Verbeek Crater","1","NULL","NULL",2017,"NULL","6","NULL","4","NULL","Observations: Reported","NULL","2017","NULL","6","NULL","4","NULL","Indonesia"
261140,"Marapi",15430,"Confirmed Eruption","NULL","2","?","NULL",1876,"NULL","4","NULL","4","NULL","Observations: Reported","NULL","NULL","NULL","NULL","NULL","NULL","NULL","Indonesia"
261140,"Marapi",20931,"Confirmed Eruption","Verbeek Crater","1","NULL","NULL",2014,"NULL","2","NULL","3","2","Observations: Reported","NULL","2014","NULL","2","NULL","26","NULL","Indonesia"
261140,"Marapi",22111,"Confirmed Eruption","Verbeek Crater","1","NULL","NULL",2015,"NULL","11","NULL","14","NULL","Observations: Reported","NULL","2015","NULL","11","NULL","14","NULL","Indonesia"
261140,"Marapi",15479,"Confirmed Eruption","NULL","2","NULL","NULL",2004,"NULL","8","NULL","5","NULL","Observations: Reported","NULL","2004","NULL","8","?","5","NULL","Indonesia"
261140,"Marapi",15437,"Confirmed Eruption","NULL","2","?","NULL",1888,"NULL","2","NULL","19","NULL","Observations: Reported","NULL","1888","NULL","3","NULL","19","NULL","Indonesia"
261140,"Marapi",15449,"Confirmed Eruption","NULL","2","?","NULL",1918,"NULL","8","NULL","15","5","Observations: Reported","NULL","1918","NULL","8","NULL","15","5","Indonesia"
261140,"Marapi",15420,"Confirmed Eruption","NULL","2","?","NULL",1833,"NULL","0","NULL","0","NULL","Observations: Reported","NULL","1834","NULL","0","NULL","0","NULL","Indonesia"
261140,"Marapi",15440,"Confirmed Eruption","NULL","2","?","NULL",1905,"NULL","11","NULL","1","NULL","Observations: Reported","NULL","NULL","NULL","NULL","NULL","NULL","NULL","Indonesia"
261140,"Marapi",15457,"Confirmed Eruption","Kepundan Bongsu","2","NULL","NULL",1949,"NULL","4","NULL","29","NULL","Observations: Reported","NULL","1949","NULL","4","NULL","30","NULL","Indonesia"
261140,"Marapi",15436,"Confirmed Eruption","NULL","2","NULL","NULL",1886,"NULL","3","NULL","31","NULL","Observations: Reported","NULL","1886","NULL","5","NULL","3","NULL","Indonesia"
261140,"Marapi",15444,"Confirmed Eruption","NULL","2","?","NULL",1913,"NULL","6","NULL","23","NULL","Observations: Reported","NULL","1913","NULL","7","NULL","31","NULL","Indonesia"
261150,"Tandikat-Singgalang",15483,"Confirmed Eruption","Tandikat","1","NULL","NULL",1924,"NULL","4","NULL","0","NULL","Observations: Reported","NULL","1924","NULL","4","?","0","NULL","Indonesia"
261150,"Tandikat-Singgalang",15482,"Confirmed Eruption","Tandikat","1","NULL","NULL",1914,"NULL","5","NULL","31","NULL","Observations: Reported","NULL","NULL","NULL","NULL","NULL","NULL","NULL","Indonesia"
261150,"Tandikat-Singgalang",15480,"Confirmed Eruption","Tandikat summit crater and upper NE flank","1","NULL","NULL",1889,"NULL","2","NULL","19","NULL","Observations: Reported","NULL","1889","NULL","12","NULL","4","NULL","Indonesia"
261160,"Talang",15491,"Confirmed Eruption","NE flank","1","NULL","NULL",1968,"NULL","1","NULL","14","NULL","Observations: Reported","NULL","1968","NULL","1","?","14","NULL","Indonesia"
261160,"Talang",15490,"Confirmed Eruption","NE flank (200 m below summit)","1","NULL","NULL",1967,"NULL","10","NULL","10","NULL","Observations: Reported","NULL","1967","NULL","10","NULL","10","NULL","Indonesia"
261160,"Talang",15498,"Confirmed Eruption","Main crater","2","NULL","NULL",2007,"NULL","3","NULL","19","NULL","Observations: Reported","NULL","2007","NULL","6","NULL","22","3","Indonesia"
261160,"Talang",15492,"Confirmed Eruption","NE flank","2","NULL","NULL",1968,"NULL","9","NULL","16","15","Observations: Reported","NULL","1968","NULL","10","NULL","16","15","Indonesia"
261160,"Talang",15496,"Confirmed Eruption","North & south flanks","2","NULL","NULL",2005,"NULL","4","?","12","NULL","Observations: Reported","NULL","2005","NULL","7","?","18","NULL","Indonesia"
261160,"Talang",15485,"Confirmed Eruption","NE flank (some reports list 1842 date)","2","NULL","NULL",1843,"NULL","10","NULL","21","NULL","Observations: Reported","NULL","NULL","NULL","NULL","NULL","NULL","NULL","Indonesia"
261160,"Talang",15499,"Confirmed Eruption","NULL","2","NULL","NULL",2007,"NULL","11","NULL","27","NULL","Observations: Reported","NULL","2007","NULL","12","?","16","15","Indonesia"
261160,"Talang",15488,"Confirmed Eruption","NE flank","2","NULL","?",1876,"NULL","0","NULL","0","NULL","Observations: Reported","NULL","NULL","NULL","NULL","NULL","NULL","NULL","Indonesia"
261160,"Talang",15486,"Confirmed Eruption","NE flank","2","NULL","NULL",1845,"NULL","4","NULL","22","NULL","Observations: Reported","NULL","NULL","NULL","NULL","NULL","NULL","NULL","Indonesia"
261160,"Talang",15494,"Confirmed Eruption","Kepundan Panjang & Kabuo, Gabuo Atas","1","NULL","NULL",2001,"NULL","9","NULL","25","NULL","Observations: Reported","NULL","2001","NULL","11","NULL","15","3","Indonesia"
261160,"Talang",15497,"Confirmed Eruption","NULL","1","NULL","NULL",2006,"NULL","9","NULL","10","NULL","Observations: Reported","NULL","2006","NULL","9","NULL","10","NULL","Indonesia"
261160,"Talang",15484,"Confirmed Eruption","NE flank","2","NULL","NULL",1833,"NULL","10","NULL","0","NULL","Observations: Reported","NULL","NULL","NULL","NULL","NULL","NULL","NULL","Indonesia"
261160,"Talang",15489,"Confirmed Eruption","NULL","2","NULL","NULL",1963,"NULL","7","NULL","2","182","Observations: Reported","NULL","NULL","NULL","NULL","NULL","NULL","NULL","Indonesia"
261170,"Kerinci",15508,"Confirmed Eruption","NULL","2","NULL","NULL",1936,"NULL","4","NULL","29","NULL","Observations: Reported","NULL","1936","NULL","4","NULL","29","NULL","Indonesia"
261170,"Kerinci",15525,"Confirmed Eruption","NULL","2","NULL","NULL",1998,"NULL","7","NULL","4","NULL","Observations: Reported","NULL","1998","NULL","7","NULL","4","NULL","Indonesia"
261170,"Kerinci",15514,"Confirmed Eruption","NULL","2","NULL","NULL",1963,"NULL","7","NULL","16","15","Observations: Reported","NULL","NULL","NULL","NULL","NULL","NULL","NULL","Indonesia"
261170,"Kerinci",15511,"Confirmed Eruption","NULL","2","NULL","NULL",1938,"NULL","1","NULL","19","NULL","Observations: Reported","NULL","1938","NULL","3","NULL","18","NULL","Indonesia"
261170,"Kerinci",22216,"Confirmed Eruption","Summit crater","2","NULL","NULL",2013,"NULL","6","NULL","2","NULL","Observations: Reported","NULL","2013","NULL","6","NULL","2","NULL","Indonesia"
261170,"Kerinci",15521,"Confirmed Eruption","NULL","2","NULL","NULL",1990,"NULL","12","NULL","31","365","Observations: Reported","NULL","NULL","NULL","NULL","NULL","NULL","NULL","Indonesia"
261170,"Kerinci",22172,"Confirmed Eruption","Summit crater","1","NULL","NULL",2016,"NULL","11","NULL","15","NULL","Observations: Reported","NULL","2016","NULL","11","NULL","21","NULL","Indonesia"
261170,"Kerinci",22274,"Confirmed Eruption","Summit crater","1","NULL","NULL",2018,"NULL","4","NULL","21","NULL","Observations: Reported","NULL","2021","NULL","6","NULL","13","NULL","Indonesia"
261170,"Kerinci",15519,"Confirmed Eruption","NULL","2","NULL","NULL",1969,"NULL","7","NULL","2","182","Observations: Reported","NULL","1970","NULL","7","NULL","2","182","Indonesia"
261170,"Kerinci",15526,"Confirmed Eruption","NULL","2","?","NULL",1998,"NULL","11","NULL","3","NULL","Observations: Reported","NULL","NULL","NULL","NULL","NULL","NULL","NULL","Indonesia"
261170,"Kerinci",15500,"Confirmed Eruption","NULL","2","NULL","NULL",1838,"NULL","0","NULL","0","NULL","Observations: Reported","NULL","NULL","NULL","NULL","NULL","NULL","NULL","Indonesia"
261170,"Kerinci",15532,"Confirmed Eruption","NULL","1","NULL","NULL",2008,"NULL","3","NULL","24","NULL","Observations: Reported","NULL","NULL","NULL","NULL","NULL","NULL","NULL","Indonesia"
261170,"Kerinci",15531,"Confirmed Eruption","NULL","1","NULL","NULL",2007,"NULL","9","NULL","9","NULL","Observations: Reported","NULL","2007","NULL","9","NULL","9","NULL","Indonesia"
261170,"Kerinci",15512,"Confirmed Eruption","NULL","2","NULL","NULL",1952,"NULL","1","NULL","16","15","Observations: Reported","NULL","1952","NULL","6","NULL","16","15","Indonesia"
261170,"Kerinci",22479,"Confirmed Eruption","NULL","2","NULL","NULL",2022,"NULL","10","NULL","15","NULL","Observations: Reported","NULL","2023","NULL","2","NULL","27","NULL","Indonesia"
261170,"Kerinci",15513,"Confirmed Eruption","NULL","2","NULL","NULL",1960,"NULL","7","NULL","16","15","Observations: Reported","NULL","NULL","NULL","NULL","NULL","NULL","NULL","Indonesia"
261170,"Kerinci",15527,"Confirmed Eruption","NULL","2","NULL","NULL",1999,"NULL","3","<","16","15","Observations: Reported","NULL","1999","NULL","9",">","16","15","Indonesia"
261170,"Kerinci",15533,"Confirmed Eruption","NULL","1","NULL","NULL",2009,"NULL","4","?","1","NULL","Observations: Reported","NULL","2009","NULL","6","?","19","NULL","Indonesia"
261170,"Kerinci",15503,"Confirmed Eruption","NULL","2","NULL","NULL",1878,"NULL","12","NULL","11","NULL","Observations: Reported","NULL","NULL","NULL","NULL","NULL","NULL","NULL","Indonesia"
261170,"Kerinci",15517,"Confirmed Eruption","NULL","2","NULL","NULL",1967,"NULL","11","NULL","2","NULL","Observations: Reported","NULL","NULL","NULL","NULL","NULL","NULL","NULL","Indonesia"
261170,"Kerinci",15515,"Confirmed Eruption","NULL","2","NULL","NULL",1964,"NULL","7","NULL","8","NULL","Observations: Reported","NULL","1964","NULL","7","?","8","NULL","Indonesia"
261170,"Kerinci",15506,"Confirmed Eruption","NULL","2","NULL","NULL",1921,"NULL","5","NULL","0","NULL","Observations: Reported","NULL","1921","NULL","6","NULL","0","NULL","Indonesia"
261170,"Kerinci",15516,"Confirmed Eruption","NULL","2","NULL","NULL",1966,"NULL","6","NULL","9","NULL","Observations: Reported","NULL","1966","NULL","6",">","30","NULL","Indonesia"
261170,"Kerinci",15502,"Confirmed Eruption","NULL","2","?","?",1874,"NULL","0","NULL","0","NULL","Observations: Reported","NULL","NULL","NULL","NULL","NULL","NULL","NULL","Indonesia"
261170,"Kerinci",15522,"Confirmed Eruption","NULL","1","NULL","NULL",1996,"NULL","8","NULL","16","15","Observations: Reported","NULL","1996","NULL","10","?","16","15","Indonesia"
261170,"Kerinci",22217,"Confirmed Eruption","Summit crater","1","NULL","NULL",2011,"NULL","12","NULL","15","NULL","Observations: Reported","NULL","2011","NULL","12","NULL","15","NULL","Indonesia"
261170,"Kerinci",22568,"Confirmed Eruption","NULL","2","NULL","NULL",2024,"NULL","5","NULL","28","NULL","Observations: Satellite (visual)","NULL","2024","NULL","5","NULL","28","NULL","Indonesia"
261170,"Kerinci",15529,"Confirmed Eruption","NULL","2","NULL","NULL",2004,"NULL","6","?","22","NULL","Observations: Reported","NULL","2004","NULL","10","?","24","NULL","Indonesia"
261170,"Kerinci",15504,"Confirmed Eruption","NULL","2","?","NULL",1887,"NULL","3","NULL","23","NULL","Observations: Reported","NULL","1887","NULL","3","NULL","30","NULL","Indonesia"
261170,"Kerinci",15528,"Confirmed Eruption","NULL","2","NULL","NULL",2001,"NULL","5","NULL","12","NULL","Observations: Reported","NULL","2002","NULL","8","?","27","NULL","Indonesia"
261170,"Kerinci",15510,"Confirmed Eruption","NULL","2","NULL","NULL",1937,"NULL","9","NULL","8","NULL","Observations: Reported","NULL","NULL","NULL","NULL","NULL","NULL","NULL","Indonesia"
261170,"Kerinci",15501,"Confirmed Eruption","NULL","2","NULL","NULL",1842,"NULL","0","NULL","0","NULL","Observations: Reported","NULL","NULL","NULL","NULL","NULL","NULL","NULL","Indonesia"
261170,"Kerinci",15505,"Confirmed Eruption","NULL","2","NULL","NULL",1908,"NULL","10","NULL","0","NULL","Observations: Reported","NULL","1909","NULL","0","NULL","0","NULL","Indonesia"
261170,"Kerinci",15507,"Confirmed Eruption","NULL","1","NULL","NULL",1923,"NULL","9","NULL","0","NULL","Observations: Reported","NULL","1923","NULL","9","NULL","0","NULL","Indonesia"
261170,"Kerinci",15518,"Confirmed Eruption","NULL","2","NULL","NULL",1968,"NULL","2","NULL","3","NULL","Observations: Reported","NULL","1968","NULL","3","NULL","18","NULL","Indonesia"
261170,"Kerinci",22125,"Confirmed Eruption","Summit crater","2","NULL","NULL",2016,"NULL","3","NULL","31","NULL","Observations: Reported","NULL","2016","NULL","6","NULL","9","NULL","Indonesia"
261170,"Kerinci",22273,"Confirmed Eruption","Summit crater","1","NULL","NULL",2017,"NULL","8","NULL","13","NULL","Observations: Reported","NULL","2017","NULL","8","NULL","13","NULL","Indonesia"
261170,"Kerinci",15509,"Confirmed Eruption","NULL","2","NULL","NULL",1936,"NULL","8","NULL","30","NULL","Observations: Reported","NULL","1936","NULL","8","NULL","30","NULL","Indonesia"
261180,"Sumbing",15534,"Confirmed Eruption","NULL","2","NULL","NULL",1909,"NULL","6","NULL","3","NULL","Observations: Reported","NULL","1909","NULL","7","NULL","0","NULL","Indonesia"
261180,"Sumbing",15534,"Confirmed Eruption","NULL","2","NULL","NULL",1909,"NULL","6","NULL","3","NULL","Observations: Reported","NULL","1909","NULL","7","NULL","0","NULL","Indonesia"
261180,"Sumbing",15535,"Confirmed Eruption","NULL","2","NULL","NULL",1921,"NULL","5","NULL","23","NULL","Observations: Reported","NULL","1921","NULL","6","NULL","3","NULL","Indonesia"
261180,"Sumbing",15535,"Confirmed Eruption","NULL","2","NULL","NULL",1921,"NULL","5","NULL","23","NULL","Observations: Reported","NULL","1921","NULL","6","NULL","3","NULL","Indonesia"
261220,"Kaba",15546,"Confirmed Eruption","NULL","2","NULL","NULL",1952,"NULL","4","NULL","1","NULL","Observations: Reported","NULL","1952","NULL","4","NULL","28","NULL","Indonesia"
261220,"Kaba",15547,"Confirmed Eruption","NULL","2","NULL","NULL",1956,"NULL","3","NULL","22","NULL","Observations: Reported","NULL","1956","NULL","3","NULL","28","NULL","Indonesia"
261220,"Kaba",15544,"Confirmed Eruption","Kaba Baru, Kaba Lama","2","NULL","NULL",1939,"NULL","11","NULL","19","NULL","Observations: Reported","NULL","1941","NULL","3","NULL","14","NULL","Indonesia"
261220,"Kaba",15541,"Confirmed Eruption","Kaba Volgelsang and Kaba Baru","2","NULL","NULL",1873,"NULL","0","NULL","0","NULL","Observations: Reported","NULL","1892","NULL","11","NULL","1","30","Indonesia"
261220,"Kaba",15548,"Confirmed Eruption","NULL","1","NULL","NULL",2000,"NULL","8","?","22","NULL","Observations: Reported","NULL","2000","NULL","8","?","27","NULL","Indonesia"
261220,"Kaba",15539,"Confirmed Eruption","NULL","2","NULL","NULL",1853,"NULL","11","NULL","0","NULL","Observations: Reported","NULL","NULL","NULL","NULL","NULL","NULL","NULL","Indonesia"
261220,"Kaba",15537,"Confirmed Eruption","NULL","2","NULL","NULL",1834,"NULL","11","NULL","0","NULL","Observations: Reported","NULL","NULL","NULL","NULL","NULL","NULL","NULL","Indonesia"
261220,"Kaba",15540,"Confirmed Eruption","Kaba Baru ? and Kaba Vogelsang","2","NULL","NULL",1868,"NULL","10","NULL","0","NULL","Observations: Reported","NULL","1869","NULL","0","NULL","0","NULL","Indonesia"
261220,"Kaba",15542,"Confirmed Eruption","Kaba Baru","2","NULL","NULL",1907,"NULL","0","NULL","0","NULL","Observations: Reported","NULL","NULL","NULL","NULL","NULL","NULL","NULL","Indonesia"
261220,"Kaba",15545,"Confirmed Eruption","Kaba Vogelsang","1","NULL","NULL",1950,"NULL","3","NULL","16","15","Observations: Reported","NULL","1951","NULL","4","NULL","16","15","Indonesia"
261220,"Kaba",15536,"Confirmed Eruption","NULL","2","NULL","NULL",1833,"NULL","11","NULL","24","NULL","Observations: Reported","NULL","1833","NULL","11","NULL","25","NULL","Indonesia"
261230,"Dempo",15554,"Confirmed Eruption","NULL","2","NULL","NULL",1881,"NULL","2","NULL","16","NULL","Observations: Reported","NULL","NULL","NULL","NULL","NULL","NULL","NULL","Indonesia"
261230,"Dempo",15557,"Confirmed Eruption","NULL","2","NULL","NULL",1895,"NULL","7","NULL","2","NULL","Observations: Reported","NULL","1895","NULL","9","NULL","30","NULL","Indonesia"
261230,"Dempo",22569,"Confirmed Eruption","NULL","1","NULL","NULL",2024,"NULL","5","NULL","27","NULL","Observations: Reported","NULL","2024","NULL","5","NULL","31","NULL","Indonesia"
261230,"Dempo",15560,"Confirmed Eruption","NULL","0","NULL","NULL",1905,"NULL","0","NULL","0","NULL","Observations: Reported","NULL","NULL","NULL","NULL","NULL","NULL","NULL","Indonesia"
261230,"Dempo",15575,"Confirmed Eruption","NULL","1","?","NULL",2009,"NULL","1","NULL","1","NULL","Observations: Reported","NULL","2009","NULL","1","NULL","1","NULL","Indonesia"
261230,"Dempo",22623,"Confirmed Eruption","NULL","NULL","NULL","NULL",2025,"NULL","8","NULL","7","NULL","Observations: Reported","NULL","2025","NULL","8","NULL","29","NULL","Indonesia"
261230,"Dempo",15566,"Confirmed Eruption","NULL","2","NULL","NULL",1936,"NULL","11","NULL","26","NULL","Observations: Reported","NULL","1936","NULL","11","NULL","27","NULL","Indonesia"
261230,"Dempo",15569,"Confirmed Eruption","NULL","2","NULL","NULL",1940,"NULL","7","NULL","0","NULL","Observations: Reported","NULL","NULL","NULL","NULL","NULL","NULL","NULL","Indonesia"
261230,"Dempo",15572,"Confirmed Eruption","NULL","2","NULL","NULL",1974,"NULL","2","NULL","26","NULL","Observations: Reported","NULL","1974","NULL","10","NULL","20","NULL","Indonesia"
261230,"Dempo",22592,"Confirmed Eruption","NULL","1","NULL","NULL",2024,"NULL","11","NULL","23","NULL","Observations: Reported","NULL","2025","NULL","2","NULL","2","NULL","Indonesia"
261230,"Dempo",15564,"Confirmed Eruption","NULL","2","NULL","NULL",1926,"NULL","4","NULL","22","NULL","Observations: Reported","NULL","1926","NULL","4","NULL","24","NULL","Indonesia"
261230,"Dempo",15555,"Confirmed Eruption","NULL","2","NULL","NULL",1881,"NULL","12","NULL","0","NULL","Observations: Reported","NULL","1881","NULL","12","NULL","0","NULL","Indonesia"
261230,"Dempo",15561,"Confirmed Eruption","NULL","2","NULL","NULL",1908,"NULL","2","NULL","16","NULL","Observations: Reported","NULL","1908","NULL","2","NULL","17","NULL","Indonesia"
261230,"Dempo",15553,"Confirmed Eruption","NULL","2","NULL","NULL",1880,"NULL","5","NULL","0","NULL","Observations: Reported","NULL","NULL","NULL","NULL","NULL","NULL","NULL","Indonesia"
261230,"Dempo",15574,"Confirmed Eruption","NULL","1","NULL","NULL",2006,"NULL","9","NULL","25","NULL","Observations: Reported","NULL","2006","NULL","9","NULL","25","NULL","Indonesia"
261230,"Dempo",15552,"Confirmed Eruption","NULL","2","NULL","NULL",1879,"NULL","5","NULL","18","NULL","Observations: Reported","NULL","NULL","NULL","NULL","NULL","NULL","NULL","Indonesia"
261230,"Dempo",15567,"Confirmed Eruption","NULL","2","NULL","NULL",1939,"NULL","7","NULL","18","NULL","Observations: Reported","NULL","1939","NULL","7","NULL","30","NULL","Indonesia"
261230,"Dempo",15573,"Confirmed Eruption","NULL","1","NULL","NULL",1994,"NULL","10","NULL","16","15","Observations: Reported","NULL","1994","NULL","10","NULL","16","15","Indonesia"
261230,"Dempo",15556,"Confirmed Eruption","NULL","2","NULL","NULL",1884,"NULL","6","NULL","0","NULL","Observations: Reported","NULL","1884","NULL","7","NULL","0","NULL","Indonesia"
261230,"Dempo",15559,"Confirmed Eruption","NULL","2","NULL","NULL",1900,"NULL","10","NULL","26","NULL","Observations: Reported","NULL","1900","NULL","10","NULL","27","NULL","Indonesia"
261230,"Dempo",15570,"Confirmed Eruption","NULL","2","NULL","NULL",1964,"NULL","2","NULL","14","NULL","Observations: Reported","NULL","1964","NULL","2","NULL","14","NULL","Indonesia"
261230,"Dempo",15550,"Confirmed Eruption","NULL","2","NULL","?",1839,"NULL","0","NULL","0","NULL","Observations: Reported","NULL","NULL","NULL","NULL","NULL","NULL","NULL","Indonesia"
261230,"Dempo",15568,"Confirmed Eruption","NULL","2","NULL","NULL",1939,"NULL","12","NULL","19","NULL","Observations: Reported","NULL","1940","NULL","2","NULL","21","NULL","Indonesia"
261230,"Dempo",15551,"Confirmed Eruption","NULL","2","NULL","NULL",1853,"NULL","1","NULL","1","NULL","Observations: Reported","NULL","NULL","NULL","NULL","NULL","NULL","NULL","Indonesia"
261230,"Dempo",15549,"Confirmed Eruption","NULL","2","NULL","NULL",1817,"NULL","12","NULL","31","365","Observations: Reported","NULL","NULL","NULL","NULL","NULL","NULL","NULL","Indonesia"
261230,"Dempo",15571,"Confirmed Eruption","NULL","2","NULL","NULL",1973,"NULL","1","NULL","24","NULL","Observations: Reported","NULL","1973","NULL","1","NULL","25","NULL","Indonesia"
261230,"Dempo",15562,"Confirmed Eruption","NULL","1","NULL","NULL",1921,"NULL","4","NULL","0","NULL","Observations: Reported","NULL","1921","NULL","4","NULL","0","NULL","Indonesia"
261230,"Dempo",15563,"Confirmed Eruption","NULL","1","NULL","NULL",1923,"NULL","5","?","19","NULL","Observations: Reported","NULL","1923","NULL","5","?","19","NULL","Indonesia"
261230,"Dempo",15558,"Confirmed Eruption","NULL","2","NULL","NULL",1900,"NULL","6","NULL","4","NULL","Observations: Reported","NULL","1900","NULL","6","NULL","4","NULL","Indonesia"
261230,"Dempo",22446,"Confirmed Eruption","NULL","1","NULL","NULL",2022,"NULL","5","NULL","31","NULL","Observations: Reported","NULL","2022","NULL","5","NULL","31","NULL","Indonesia"
261230,"Dempo",15565,"Confirmed Eruption","NULL","2","NULL","NULL",1934,"NULL","1","NULL","24","NULL","Observations: Reported","NULL","1934","NULL","4","NULL","25","NULL","Indonesia"
261230,"Dempo",22248,"Confirmed Eruption","Summit crater","1","NULL","NULL",2017,"NULL","11","NULL","9","NULL","Observations: Reported","NULL","2017","NULL","11","NULL","9","NULL","Indonesia"
261230,"Dempo",22536,"Confirmed Eruption","NULL","2","NULL","NULL",2023,"NULL","7","NULL","25","NULL","Observations: Reported","NULL","2023","NULL","8","NULL","21","NULL","Indonesia"
261270,"Suoh",22570,"Confirmed Eruption","Nirwana Crater","1","NULL","NULL",2024,"NULL","5","NULL","24","NULL","Observations: Reported","NULL","2024","NULL","5","NULL","24","NULL","Indonesia"
261270,"Suoh",15579,"Confirmed Eruption","Pematang Bata","4","NULL","NULL",1933,"NULL","7","NULL","10","NULL","Observations: Reported","NULL","1933","NULL","8","NULL","5","NULL","Indonesia"
262000,"Krakatau",15599,"Confirmed Eruption","Anak Krakatau","2","NULL","NULL",1946,"NULL","12","NULL","26","5","Observations: Reported","NULL","1947","NULL","8",">","7","NULL","Indonesia"
262000,"Krakatau",20932,"Confirmed Eruption","Anak Krakatau","1","NULL","NULL",2014,"NULL","3","NULL","31","NULL","Observations: Reported","NULL","2014","NULL","3","NULL","31","NULL","Indonesia"
262000,"Krakatau",15601,"Confirmed Eruption","Anak Krakatau","2","NULL","NULL",1950,"NULL","7","NULL","3","NULL","Observations: Reported","NULL","1950","NULL","7","NULL","7","NULL","Indonesia"
262000,"Krakatau",15600,"Confirmed Eruption","Anak Krakatau","2","NULL","NULL",1949,"NULL","5","NULL","12","NULL","Observations: Reported","NULL","NULL","NULL","NULL","NULL","NULL","NULL","Indonesia"
262000,"Krakatau",15582,"Confirmed Eruption","NULL","NULL","NULL","NULL",850,"50","0","NULL","0","NULL","Observations: Reported","NULL","NULL","NULL","NULL","NULL","NULL","NULL","Indonesia"
262000,"Krakatau",15617,"Confirmed Eruption","Anak Krakatau","1","NULL","NULL",1992,"NULL","11","NULL","7","NULL","Observations: Reported","NULL","1993","NULL","10","NULL","16","15","Indonesia"
262000,"Krakatau",15619,"Confirmed Eruption","Anak Krakatau","2","NULL","NULL",1996,"NULL","7","<","16","15","Observations: Reported","NULL","1996","NULL","10",">","16","15","Indonesia"
262000,"Krakatau",15590,"Confirmed Eruption","Anak Krakatau","2","NULL","NULL",1927,"NULL","12","NULL","29","NULL","Observations: Reported","NULL","1930","NULL","8","NULL","15","NULL","Indonesia"
262000,"Krakatau",15594,"Confirmed Eruption","Anak Krakatau","1","NULL","NULL",1936,"NULL","10","NULL","13","NULL","Observations: Reported","NULL","1936","NULL","11","NULL","0","NULL","Indonesia"
262000,"Krakatau",15634,"Confirmed Eruption","Anak Krakatau","2","NULL","NULL",2010,"NULL","10","?","25","NULL","Observations: Reported","NULL","2012","NULL","9","NULL","9","1","Indonesia"
262000,"Krakatau",13385,"Confirmed Eruption","Anak Krakatau","2","NULL","NULL",1944,"NULL","0","NULL","0","NULL","Observations: Reported","NULL","NULL","NULL","NULL","NULL","NULL","NULL","Indonesia"
262000,"Krakatau",15607,"Confirmed Eruption","Anak Krakatau","2","NULL","NULL",1959,"NULL","12","NULL","16","15","Observations: Reported","NULL","1963","NULL","7","NULL","2","182","Indonesia"
262000,"Krakatau",15616,"Confirmed Eruption","Anak Krakatau (S flank 1960-81 cone)","2","NULL","NULL",1988,"NULL","2","NULL","14","5","Observations: Reported","NULL","1988","NULL","4","?","16","15","Indonesia"
262000,"Krakatau",13384,"Confirmed Eruption","Anak Krakatau","2","NULL","NULL",1943,"NULL","0","NULL","0","NULL","Observations: Reported","NULL","NULL","NULL","NULL","NULL","NULL","NULL","Indonesia"
262000,"Krakatau",15602,"Confirmed Eruption","Anak Krakatau","2","NULL","NULL",1952,"NULL","10","NULL","10","NULL","Observations: Reported","NULL","1952","NULL","10","NULL","11","NULL","Indonesia"
262000,"Krakatau",15615,"Confirmed Eruption","Anak Krakatau","1","NULL","NULL",1981,"NULL","4","NULL","24","NULL","Observations: Reported","NULL","1981","NULL","10","NULL","20","NULL","Indonesia"
262000,"Krakatau",15583,"Confirmed Eruption","NULL","NULL","NULL","NULL",950,"50","0","NULL","0","NULL","Observations: Reported","NULL","NULL","NULL","NULL","NULL","NULL","NULL","Indonesia"
262000,"Krakatau",15598,"Confirmed Eruption","Anak Krakatau","2","NULL","NULL",1942,"NULL","1","NULL","29","NULL","Observations: Reported","NULL","1942","NULL","1","NULL","30","NULL","Indonesia"
262000,"Krakatau",15626,"Confirmed Eruption","Anak Krakatau","2","NULL","NULL",2007,"NULL","10","NULL","23","NULL","Observations: Reported","NULL","2008","NULL","8","?","30","NULL","Indonesia"
262000,"Krakatau",22426,"Confirmed Eruption","Anak Krakatau","2","NULL","NULL",2021,"NULL","5","NULL","25","NULL","Observations: Reported","NULL","2024","NULL","2","NULL","20","NULL","Indonesia"
262000,"Krakatau",15588,"Confirmed Eruption","Perbuwatan","3","NULL","NULL",1680,"NULL","5","NULL","0","NULL","Observations: Reported","NULL","1681","NULL","11",">","19","NULL","Indonesia"
262000,"Krakatau",15584,"Confirmed Eruption","NULL","NULL","NULL","NULL",1050,"50","0","NULL","0","NULL","Observations: Reported","NULL","NULL","NULL","NULL","NULL","NULL","NULL","Indonesia"
262000,"Krakatau",15593,"Confirmed Eruption","Anak Krakatau","2","NULL","NULL",1935,"NULL","1","NULL","4","NULL","Observations: Reported","NULL","1935","NULL","7","NULL","12","NULL","Indonesia"
262000,"Krakatau",13387,"Confirmed Eruption","Anak Krakatau","1","NULL","NULL",1946,"NULL","7","NULL","25","NULL","Observations: Reported","NULL","1946","NULL","7","NULL","25","NULL","Indonesia"
262000,"Krakatau",15605,"Confirmed Eruption","Anak Krakatau","2","NULL","NULL",1955,"NULL","2","NULL","11","NULL","Observations: Reported","NULL","NULL","NULL","NULL","NULL","NULL","NULL","Indonesia"
262000,"Krakatau",15610,"Confirmed Eruption","Anak Krakatau","2","NULL","NULL",1972,"NULL","6","NULL","10","3","Observations: Reported","NULL","1973","NULL","7","NULL","1","30","Indonesia"
262000,"Krakatau",15622,"Confirmed Eruption","Anak Krakatau","2","NULL","NULL",1997,"NULL","3","<","16","15","Observations: Reported","NULL","1997","NULL","5",">","16","15","Indonesia"
262000,"Krakatau",15624,"Confirmed Eruption","Anak Krakatau","1","NULL","NULL",2000,"NULL","5","NULL","29","NULL","Observations: Reported","NULL","2000","NULL","10","?","30","NULL","Indonesia"
262000,"Krakatau",15612,"Confirmed Eruption","Anak Krakatau","1","NULL","NULL",1978,"NULL","7","NULL","10","NULL","Observations: Reported","NULL","1978","NULL","11","NULL","16","15","Indonesia"
262000,"Krakatau",15591,"Confirmed Eruption","Anak Krakatau","2","NULL","NULL",1931,"NULL","9","NULL","23","NULL","Observations: Reported","NULL","1932","NULL","2","NULL","17","NULL","Indonesia"
262000,"Krakatau",15613,"Confirmed Eruption","Anak Krakatau","2","NULL","NULL",1979,"NULL","7","NULL","15","5","Observations: Reported","NULL","1979","NULL","11","NULL","16","15","Indonesia"
262000,"Krakatau",15595,"Confirmed Eruption","Anak Krakatau","2","NULL","NULL",1937,"NULL","8","NULL","6","NULL","Observations: Reported","NULL","1937","NULL","11","NULL","23","NULL","Indonesia"
262000,"Krakatau",15586,"Confirmed Eruption","NULL","NULL","NULL","?",1320,"NULL","0","NULL","0","NULL","Observations: Reported","NULL","NULL","NULL","NULL","NULL","NULL","NULL","Indonesia"
262000,"Krakatau",22462,"Confirmed Eruption","Anak Krakatau","1","NULL","NULL",2013,"NULL","3","NULL","11","NULL","Observations: Reported","NULL","2013","NULL","3","NULL","29","NULL","Indonesia"
262000,"Krakatau",15597,"Confirmed Eruption","Anak Krakatau","2","NULL","NULL",1941,"NULL","1","NULL","28","NULL","Observations: Reported","NULL","1941","NULL","2","NULL","12","NULL","Indonesia"
262000,"Krakatau",15633,"Confirmed Eruption","Anak Krakatau","2","NULL","NULL",2009,"NULL","3","?","25","NULL","Observations: Reported","NULL","2009","NULL","9","?","16","15","Indonesia"
262000,"Krakatau",15603,"Confirmed Eruption","Anak Krakatau","2","NULL","NULL",1953,"NULL","3","NULL","17","NULL","Observations: Reported","NULL","1953","NULL","5","?","1","NULL","Indonesia"
262000,"Krakatau",13386,"Confirmed Eruption","Anak Krakatau","2","NULL","NULL",1945,"NULL","0","NULL","0","NULL","Observations: Reported","NULL","NULL","NULL","NULL","NULL","NULL","NULL","Indonesia"
262000,"Krakatau",15625,"Confirmed Eruption","Anak Krakatau","1","NULL","NULL",2001,"NULL","7","NULL","21","NULL","Observations: Reported","NULL","2001","NULL","9","?","17","NULL","Indonesia"
262000,"Krakatau",15589,"Confirmed Eruption","Krakatau Island (Perbuwatan, Danan)","6","NULL","NULL",1883,"NULL","5","NULL","20","NULL","Observations: Reported","NULL","1883","NULL","10","?","21","NULL","Indonesia"
262000,"Krakatau",15473,"Confirmed Eruption","NULL","3","^","NULL",1684,"NULL","2","NULL","1","NULL","Observations: Reported","NULL","NULL","NULL","NULL","NULL","NULL","NULL","Indonesia"
262000,"Krakatau",22463,"Confirmed Eruption","Anak Krakatau","1","NULL","NULL",2013,"NULL","10","NULL","31","NULL","Observations: Reported","NULL","2013","NULL","10","NULL","31","NULL","Indonesia"
262000,"Krakatau",15585,"Confirmed Eruption","NULL","NULL","NULL","NULL",1150,"50","0","NULL","0","NULL","Observations: Reported","NULL","NULL","NULL","NULL","NULL","NULL","NULL","Indonesia"
262000,"Krakatau",15580,"Confirmed Eruption","NULL","NULL","NULL","NULL",250,"50","0","NULL","0","NULL","Observations: Reported","NULL","NULL","NULL","NULL","NULL","NULL","NULL","Indonesia"
262000,"Krakatau",15581,"Confirmed Eruption","NULL","4","C","NULL",535,"NULL","NULL","NULL","NULL","NULL","Observations: Reported","NULL","NULL","NULL","NULL","NULL","NULL","NULL","Indonesia"
262000,"Krakatau",15608,"Confirmed Eruption","Anak Krakatau","1","?","?",1965,"NULL","7","NULL","2","182","Observations: Reported","NULL","NULL","NULL","NULL","NULL","NULL","NULL","Indonesia"
262000,"Krakatau",15618,"Confirmed Eruption","Anak Krakatau","2","NULL","NULL",1994,"NULL","3","NULL","19","NULL","Observations: Reported","NULL","1995","NULL","6",">","16","15","Indonesia"
262000,"Krakatau",15623,"Confirmed Eruption","Anak Krakatau","2","NULL","NULL",1999,"NULL","2","NULL","5","NULL","Observations: Reported","NULL","1999","NULL","8",">","16","15","Indonesia"
262000,"Krakatau",15596,"Confirmed Eruption","Anak Krakatau","3","NULL","NULL",1938,"NULL","7","NULL","4","NULL","Observations: Reported","NULL","1940","NULL","7","NULL","2","NULL","Indonesia"
262000,"Krakatau",15606,"Confirmed Eruption","Anak Krakatau","2","NULL","NULL",1958,"NULL","10","NULL","2","NULL","Observations: Reported","NULL","1959","NULL","6","NULL","25","4","Indonesia"
262000,"Krakatau",22188,"Confirmed Eruption","Summit crater","1","NULL","NULL",2017,"NULL","2","NULL","17","NULL","Observations: Reported","NULL","2017","NULL","2","NULL","19","NULL","Indonesia"
262000,"Krakatau",15587,"Confirmed Eruption","NULL","NULL","NULL","NULL",1530,"NULL","0","NULL","0","NULL","Observations: Reported","NULL","NULL","NULL","NULL","NULL","NULL","NULL","Indonesia"
262000,"Krakatau",22275,"Confirmed Eruption","Anak Krakatau","3","NULL","NULL",2018,"NULL","6","NULL","18","NULL","Observations: Reported","NULL","2020","NULL","4","NULL","17","NULL","Indonesia"
262000,"Krakatau",15611,"Confirmed Eruption","Anak Krakatau","2","NULL","NULL",1975,"NULL","3","NULL","27","NULL","Observations: Reported","NULL","1975","NULL","10","NULL","26","5","Indonesia"
262000,"Krakatau",15604,"Confirmed Eruption","Anak Krakatau","2","NULL","NULL",1953,"NULL","9","NULL","21","NULL","Observations: Reported","NULL","1953","NULL","11","NULL","25","NULL","Indonesia"
262000,"Krakatau",15592,"Confirmed Eruption","Anak Krakatau","3","NULL","NULL",1932,"NULL","11","NULL","14","NULL","Observations: Reported","NULL","1934","NULL","6","NULL","9","NULL","Indonesia"
262000,"Krakatau",15614,"Confirmed Eruption","Anak Krakatau","2","NULL","NULL",1980,"NULL","3","NULL","15","5","Observations: Reported","NULL","1980","NULL","12","NULL","16","15","Indonesia"
263040,"Perbakti-Gagak",15635,"Confirmed Eruption","Kiaraberes","NULL","NULL","?",-6450,"NULL","0","NULL","0","NULL","Isotopic: 14C (uncalibrated)","NULL","NULL","NULL","NULL","NULL","NULL","NULL","Indonesia"
263040,"Perbakti-Gagak",15636,"Confirmed Eruption","Kawah Cibodas","1","NULL","NULL",1923,"NULL","6","NULL","0","NULL","Observations: Reported","NULL","NULL","NULL","NULL","NULL","NULL","NULL","Indonesia"
263040,"Perbakti-Gagak",15641,"Confirmed Eruption","Kawah Parabakti","1","NULL","NULL",1939,"NULL","4","<","6","NULL","Observations: Reported","NULL","NULL","NULL","NULL","NULL","NULL","NULL","Indonesia"
263040,"Perbakti-Gagak",15639,"Confirmed Eruption","Cipanas Parabakti","1","NULL","NULL",1936,"NULL","10","NULL","26","NULL","Observations: Reported","NULL","1936","NULL","10","NULL","28","NULL","Indonesia"
263040,"Perbakti-Gagak",15638,"Confirmed Eruption","Kawah Cibodas","1","NULL","NULL",1935,"NULL","5","NULL","31","30","Observations: Reported","NULL","NULL","NULL","NULL","NULL","NULL","NULL","Indonesia"
263040,"Perbakti-Gagak",15640,"Confirmed Eruption","Kawah Parabakti","1","NULL","NULL",1938,"NULL","12","NULL","0","NULL","Observations: Reported","NULL","NULL","NULL","NULL","NULL","NULL","NULL","Indonesia"
263040,"Perbakti-Gagak",15637,"Confirmed Eruption","Cibeureum West","1","NULL","NULL",1929,"NULL","0","NULL","0","NULL","Observations: Reported","NULL","NULL","NULL","NULL","NULL","NULL","NULL","Indonesia"
263050,"Salak",15645,"Confirmed Eruption","Kawah Ratu","2","NULL","NULL",1919,"NULL","0","NULL","0","NULL","Observations: Reported","NULL","NULL","NULL","NULL","NULL","NULL","NULL","Indonesia"
263050,"Salak",13394,"Confirmed Eruption","Kawah Cikaluwung Putri","2","NULL","NULL",1938,"NULL","1","NULL","31","5","Observations: Reported","NULL","NULL","NULL","NULL","NULL","NULL","NULL","Indonesia"
263050,"Salak",15646,"Confirmed Eruption","Kawah Cikaluwung Putri","2","NULL","NULL",1935,"NULL","2","NULL","0","NULL","Observations: Reported","NULL","NULL","NULL","NULL","NULL","NULL","NULL","Indonesia"
263050,"Salak",15643,"Confirmed Eruption","Kawah Ratu","2","NULL","NULL",1780,"NULL","0","NULL","0","NULL","Observations: Reported","NULL","NULL","NULL","NULL","NULL","NULL","NULL","Indonesia"
263050,"Salak",15644,"Confirmed Eruption","Kawah Ratu","2","NULL","NULL",1902,"NULL","0","NULL","0","NULL","Observations: Reported","NULL","1903","NULL","0","NULL","0","NULL","Indonesia"
263060,"Gede-Pangrango",15665,"Confirmed Eruption","NULL","2","NULL","NULL",1957,"NULL","3","NULL","13","NULL","Observations: Reported","NULL","1957","NULL","3","NULL","13","NULL","Indonesia"
263060,"Gede-Pangrango",15651,"Confirmed Eruption","NULL","3","?","NULL",1853,"NULL","3","NULL","14","NULL","Observations: Reported","NULL","1853","NULL","3","NULL","14","NULL","Indonesia"
263060,"Gede-Pangrango",15656,"Confirmed Eruption","NULL","2","NULL","NULL",1887,"NULL","10","NULL","22","NULL","Observations: Reported","NULL","1887","NULL","10","NULL","22","NULL","Indonesia"
263060,"Gede-Pangrango",15664,"Confirmed Eruption","NULL","2","?","NULL",1956,"NULL","4","NULL","28","NULL","Observations: Reported","NULL","1956","NULL","4","NULL","28","NULL","Indonesia"
263060,"Gede-Pangrango",15653,"Confirmed Eruption","NULL","2","NULL","NULL",1870,"NULL","8","NULL","0","NULL","Observations: Reported","NULL","1870","NULL","10","NULL","3","NULL","Indonesia"
263060,"Gede-Pangrango",15628,"Confirmed Eruption","NULL","2","NULL","NULL",1761,"NULL","0","NULL","0","NULL","Observations: Reported","NULL","NULL","NULL","NULL","NULL","NULL","NULL","Indonesia"
263060,"Gede-Pangrango",15631,"Confirmed Eruption","NULL","3","NULL","NULL",1840,"NULL","11","NULL","12","NULL","Observations: Reported","NULL","1840","NULL","12","NULL","11","NULL","Indonesia"
263060,"Gede-Pangrango",15662,"Confirmed Eruption","Kawah Ratu?, Kawah Lanang","2","NULL","NULL",1947,"NULL","9","NULL","2","NULL","Observations: Reported","NULL","1948","NULL","1","NULL","28","NULL","Indonesia"
263060,"Gede-Pangrango",15660,"Confirmed Eruption","NULL","2","NULL","NULL",1899,"NULL","5","NULL","1","NULL","Observations: Reported","NULL","1899","NULL","5","NULL","14","NULL","Indonesia"
263060,"Gede-Pangrango",15649,"Confirmed Eruption","NULL","2","NULL","NULL",1848,"NULL","5","NULL","8","NULL","Observations: Reported","NULL","NULL","NULL","NULL","NULL","NULL","NULL","Indonesia"
263060,"Gede-Pangrango",15657,"Confirmed Eruption","NULL","2","?","NULL",1888,"NULL","0","NULL","0","NULL","Observations: Reported","NULL","NULL","NULL","NULL","NULL","NULL","NULL","Indonesia"
263060,"Gede-Pangrango",15648,"Confirmed Eruption","NULL","2","NULL","NULL",1847,"NULL","10","NULL","17","NULL","Observations: Reported","NULL","1847","NULL","10","NULL","18","NULL","Indonesia"
263060,"Gede-Pangrango",15632,"Confirmed Eruption","NULL","2","NULL","NULL",1843,"NULL","7","NULL","28","NULL","Observations: Reported","NULL","NULL","NULL","NULL","NULL","NULL","NULL","Indonesia"
263060,"Gede-Pangrango",15650,"Confirmed Eruption","NULL","2","NULL","NULL",1852,"NULL","5","NULL","28","NULL","Observations: Reported","NULL","1852","NULL","5","NULL","28","NULL","Indonesia"
263060,"Gede-Pangrango",15663,"Confirmed Eruption","Kawah Leutik (Kawah Ratu)","2","NULL","NULL",1948,"NULL","11","NULL","15","NULL","Observations: Reported","NULL","1949","NULL","2","NULL","5","NULL","Indonesia"
263060,"Gede-Pangrango",15659,"Confirmed Eruption","NULL","2","NULL","NULL",1891,"NULL","0","NULL","0","NULL","Observations: Reported","NULL","NULL","NULL","NULL","NULL","NULL","NULL","Indonesia"
263060,"Gede-Pangrango",15627,"Confirmed Eruption","NULL","3","NULL","NULL",1747,"NULL","0","NULL","0","NULL","Observations: Reported","NULL","1748","NULL","0","NULL","0","NULL","Indonesia"
263060,"Gede-Pangrango",15647,"Confirmed Eruption","NULL","2","NULL","NULL",1845,"NULL","1","NULL","23","NULL","Observations: Reported","NULL","1845","NULL","3","NULL","5","NULL","Indonesia"
263060,"Gede-Pangrango",15652,"Confirmed Eruption","NULL","2","NULL","NULL",1866,"NULL","9","NULL","18","NULL","Observations: Reported","NULL","NULL","NULL","NULL","NULL","NULL","NULL","Indonesia"
263060,"Gede-Pangrango",15661,"Confirmed Eruption","NULL","1","NULL","NULL",1909,"NULL","5","NULL","2","NULL","Observations: Reported","NULL","1909","NULL","5","NULL","2","NULL","Indonesia"
263060,"Gede-Pangrango",15655,"Confirmed Eruption","NULL","2","NULL","NULL",1886,"NULL","6","NULL","10","NULL","Observations: Reported","NULL","1886","NULL","8","NULL","16","NULL","Indonesia"
263060,"Gede-Pangrango",15629,"Confirmed Eruption","NULL","3","NULL","NULL",1832,"NULL","8","NULL","29","NULL","Observations: Reported","NULL","1832","NULL","8","NULL","29","NULL","Indonesia"
263090,"Tangkuban Parahu",15670,"Confirmed Eruption","NULL","NULL","NULL","NULL",1842,"NULL","0","NULL","0","NULL","Observations: Reported","NULL","NULL","NULL","NULL","NULL","NULL","NULL","Indonesia"
263090,"Tangkuban Parahu",15677,"Confirmed Eruption","Kawah Baru","1","NULL","NULL",1957,"NULL","1","NULL","16","15","Observations: Reported","NULL","1957","NULL","1","NULL","16","15","Indonesia"
263090,"Tangkuban Parahu",15683,"Confirmed Eruption","Kawah Ratu","1","NULL","NULL",1983,"NULL","9","NULL","14","NULL","Observations: Reported","NULL","NULL","NULL","NULL","NULL","NULL","NULL","Indonesia"
263090,"Tangkuban Parahu",15667,"Confirmed Eruption","NULL","NULL","NULL","NULL",-7500,"50","0","NULL","0","NULL","Isotopic: 14C (uncalibrated)","NULL","NULL","NULL","NULL","NULL","NULL","NULL","Indonesia"
263090,"Tangkuban Parahu",15675,"Confirmed Eruption","Kawah Ecoma","0","NULL","NULL",1929,"NULL","5","NULL","20","NULL","Observations: Reported","NULL","1929","NULL","5","NULL","20","NULL","Indonesia"
263090,"Tangkuban Parahu",15680,"Confirmed Eruption","NULL","1","NULL","NULL",1965,"NULL","10","NULL","16","15","Observations: Reported","NULL","1965","NULL","10","NULL","16","15","Indonesia"
263090,"Tangkuban Parahu",15668,"Confirmed Eruption","NULL","2","NULL","NULL",1826,"NULL","10","NULL","11","NULL","Observations: Reported","NULL","1826","NULL","10","NULL","11","NULL","Indonesia"
263090,"Tangkuban Parahu",20822,"Confirmed Eruption","Ratu Crater","1","NULL","NULL",2013,"NULL","2","NULL","21","NULL","Observations: Reported","NULL","2013","NULL","3","NULL","6","NULL","Indonesia"
263090,"Tangkuban Parahu",15669,"Confirmed Eruption","Kawah Ratu and Kawah Domas","2","NULL","NULL",1829,"NULL","4","NULL","1","NULL","Observations: Reported","NULL","1829","NULL","4","?","4","NULL","Indonesia"
263090,"Tangkuban Parahu",15672,"Confirmed Eruption","Kawah Baru","2","NULL","NULL",1896,"NULL","5","NULL","22","NULL","Observations: Reported","NULL","1896","NULL","5","NULL","23","NULL","Indonesia"
263090,"Tangkuban Parahu",15676,"Confirmed Eruption","Kawah Ecoma","1","NULL","NULL",1952,"NULL","7","?","4","NULL","Observations: Reported","NULL","1952","NULL","7","NULL","11","NULL","Indonesia"
263090,"Tangkuban Parahu",15666,"Confirmed Eruption","NULL","NULL","NULL","NULL",-8020,"50","0","NULL","0","NULL","Isotopic: 14C (uncalibrated)","NULL","NULL","NULL","NULL","NULL","NULL","NULL","Indonesia"
263090,"Tangkuban Parahu",15674,"Confirmed Eruption","Kawah Ecoma","1","?","NULL",1926,"NULL","3","NULL","1","NULL","Observations: Reported","NULL","1926","NULL","7","NULL","9","NULL","Indonesia"
263090,"Tangkuban Parahu",15671,"Confirmed Eruption","Kawah Ratu B","2","NULL","NULL",1846,"NULL","5","NULL","27","NULL","Observations: Reported","NULL","NULL","NULL","NULL","NULL","NULL","NULL","Indonesia"
263090,"Tangkuban Parahu",15678,"Confirmed Eruption","NULL","1","NULL","NULL",1961,"NULL","7","NULL","16","NULL","Observations: Reported","NULL","1961","NULL","8","NULL","1","NULL","Indonesia"
263090,"Tangkuban Parahu",15681,"Confirmed Eruption","Kawah Ecoma","1","NULL","NULL",1967,"NULL","7","NULL","16","15","Observations: Reported","NULL","1967","NULL","7","NULL","16","15","Indonesia"
263090,"Tangkuban Parahu",22325,"Confirmed Eruption","NULL","1","NULL","NULL",2019,"NULL","7","NULL","26","NULL","Observations: Reported","NULL","2019","NULL","9","NULL","17","NULL","Indonesia"
263090,"Tangkuban Parahu",15682,"Confirmed Eruption","Kawah Ecoma","1","NULL","NULL",1969,"NULL","7","NULL","20","NULL","Observations: Reported","NULL","1969","NULL","10","NULL","21","NULL","Indonesia"
263090,"Tangkuban Parahu",15679,"Confirmed Eruption","NULL","1","NULL","NULL",1965,"NULL","2","NULL","16","15","Observations: Reported","NULL","1965","NULL","3","NULL","16","15","Indonesia"
263090,"Tangkuban Parahu",20987,"Confirmed Eruption","Ratu Crater","1","NULL","NULL",2013,"NULL","10","NULL","5","NULL","Observations: Reported","NULL","2013","NULL","10","NULL","5","NULL","Indonesia"
263090,"Tangkuban Parahu",15673,"Confirmed Eruption","Kawah Ratu B","2","NULL","NULL",1910,"NULL","4","NULL","7","NULL","Observations: Reported","NULL","1910","NULL","5","NULL","0","NULL","Indonesia"
263100,"Papandayan",15686,"Confirmed Eruption","Kawah Baru, Kawah Nangklak","1","NULL","NULL",1923,"NULL","3","NULL","11","NULL","Observations: Reported","NULL","1925","NULL","3","NULL","9","NULL","Indonesia"
263100,"Papandayan",15687,"Confirmed Eruption","NULL","1","?","NULL",1942,"NULL","8","NULL","15","NULL","Observations: Reported","NULL","1942","NULL","8","NULL","16","NULL","Indonesia"
263100,"Papandayan",15688,"Confirmed Eruption","Kawah Baru, Kawah Nangklak","2","NULL","NULL",2002,"NULL","11","NULL","11","NULL","Observations: Reported","NULL","2002","NULL","12","NULL","19","3","Indonesia"
263100,"Papandayan",15685,"Confirmed Eruption","NULL","3","NULL","NULL",1772,"NULL","8","NULL","12","NULL","Observations: Reported","NULL","1772","NULL","8","NULL","12","NULL","Indonesia"
263130,"Guntur",15701,"Confirmed Eruption","NULL","2","NULL","NULL",1828,"NULL","5","NULL","14","NULL","Observations: Reported","NULL","1828","NULL","7","NULL","8","NULL","Indonesia"
263130,"Guntur",15710,"Confirmed Eruption","NULL","3","NULL","NULL",1843,"NULL","1","NULL","4","NULL","Observations: Reported","NULL","1843","NULL","1","NULL","4","NULL","Indonesia"
263130,"Guntur",15702,"Confirmed Eruption","NULL","2","NULL","NULL",1829,"NULL","0","NULL","0","NULL","Observations: Reported","NULL","NULL","NULL","NULL","NULL","NULL","NULL","Indonesia"
263130,"Guntur",15705,"Confirmed Eruption","NULL","2","NULL","NULL",1833,"NULL","9","NULL","1","NULL","Observations: Reported","NULL","NULL","NULL","NULL","NULL","NULL","NULL","Indonesia"
263130,"Guntur",15709,"Confirmed Eruption","NULL","2","NULL","NULL",1841,"NULL","11","NULL","14","NULL","Observations: Reported","NULL","1841","NULL","11","NULL","14","NULL","Indonesia"
263130,"Guntur",15697,"Confirmed Eruption","NULL","2","NULL","NULL",1816,"NULL","9","NULL","21","NULL","Observations: Reported","NULL","NULL","NULL","NULL","NULL","NULL","NULL","Indonesia"
263130,"Guntur",15703,"Confirmed Eruption","NULL","2","NULL","NULL",1832,"NULL","1","NULL","16","NULL","Observations: Reported","NULL","NULL","NULL","NULL","NULL","NULL","NULL","Indonesia"
263130,"Guntur",15689,"Confirmed Eruption","NULL","3","NULL","NULL",1690,"NULL","0","NULL","0","NULL","Observations: Reported","NULL","NULL","NULL","NULL","NULL","NULL","NULL","Indonesia"
263130,"Guntur",15695,"Confirmed Eruption","NULL","2","NULL","NULL",1809,"NULL","5","NULL","9","NULL","Observations: Reported","NULL","NULL","NULL","NULL","NULL","NULL","NULL","Indonesia"
263130,"Guntur",15696,"Confirmed Eruption","NULL","2","NULL","NULL",1815,"NULL","8","NULL","15","NULL","Observations: Reported","NULL","NULL","NULL","NULL","NULL","NULL","NULL","Indonesia"
263130,"Guntur",15692,"Confirmed Eruption","NULL","NULL","NULL","NULL",1800,"NULL","0","NULL","0","NULL","Observations: Reported","NULL","NULL","NULL","NULL","NULL","NULL","NULL","Indonesia"
263130,"Guntur",15704,"Confirmed Eruption","NULL","2","NULL","NULL",1832,"NULL","8","NULL","8","NULL","Observations: Reported","NULL","1832","NULL","8","NULL","13","NULL","Indonesia"
263130,"Guntur",15712,"Confirmed Eruption","NULL","2","NULL","NULL",1847,"NULL","10","NULL","16","NULL","Observations: Reported","NULL","1847","NULL","10","NULL","28","NULL","Indonesia"
263130,"Guntur",15706,"Confirmed Eruption","NULL","2","NULL","NULL",1834,"NULL","12","NULL","0","NULL","Observations: Reported","NULL","1835","NULL","1","NULL","0","NULL","Indonesia"
263130,"Guntur",15693,"Confirmed Eruption","NULL","2","NULL","NULL",1803,"NULL","4","NULL","3","NULL","Observations: Reported","NULL","1803","NULL","4","NULL","15","NULL","Indonesia"
263130,"Guntur",15698,"Confirmed Eruption","NULL","2","NULL","NULL",1818,"NULL","10","NULL","21","NULL","Observations: Reported","NULL","1818","NULL","10","NULL","24","NULL","Indonesia"
263130,"Guntur",15690,"Confirmed Eruption","NULL","2","?","NULL",1777,"NULL","0","NULL","0","NULL","Observations: Reported","NULL","NULL","NULL","NULL","NULL","NULL","NULL","Indonesia"
263130,"Guntur",15691,"Confirmed Eruption","NULL","2","NULL","NULL",1780,"NULL","0","NULL","0","NULL","Observations: Reported","NULL","NULL","NULL","NULL","NULL","NULL","NULL","Indonesia"
263130,"Guntur",15699,"Confirmed Eruption","NULL","2","NULL","NULL",1825,"NULL","6","NULL","14","NULL","Observations: Reported","NULL","1825","NULL","6","NULL","15","NULL","Indonesia"
263130,"Guntur",15711,"Confirmed Eruption","NULL","2","?","NULL",1843,"NULL","11","NULL","26","NULL","Observations: Reported","NULL","1843","NULL","11","NULL","26","NULL","Indonesia"
263130,"Guntur",15708,"Confirmed Eruption","NULL","2","NULL","NULL",1840,"NULL","5","NULL","20","NULL","Observations: Reported","NULL","1840","NULL","5","NULL","24","NULL","Indonesia"
263130,"Guntur",15700,"Confirmed Eruption","NULL","2","NULL","NULL",1827,"NULL","5","NULL","13","NULL","Observations: Reported","NULL","NULL","NULL","NULL","NULL","NULL","NULL","Indonesia"
263130,"Guntur",15694,"Confirmed Eruption","NULL","2","NULL","NULL",1807,"NULL","9","NULL","1","NULL","Observations: Reported","NULL","1807","NULL","9","NULL","6","NULL","Indonesia"
263130,"Guntur",15707,"Confirmed Eruption","NULL","2","NULL","NULL",1836,"NULL","10","NULL","11","NULL","Observations: Reported","NULL","NULL","NULL","NULL","NULL","NULL","NULL","Indonesia"
263140,"Galunggung",15721,"Confirmed Eruption","New crater at Gunung Jadi location","4","NULL","NULL",1982,"NULL","4","NULL","5","NULL","Observations: Reported","NULL","1983","NULL","1","NULL","8","NULL","Indonesia"
263140,"Galunggung",15718,"Confirmed Eruption","NULL","5","NULL","NULL",1822,"NULL","10","NULL","8","NULL","Observations: Reported","NULL","1822","NULL","12","NULL","1","30","Indonesia"
263140,"Galunggung",15720,"Confirmed Eruption","Gunung Jadi","1","NULL","NULL",1918,"NULL","7","NULL","17","NULL","Observations: Reported","NULL","1918","NULL","7","NULL","30","NULL","Indonesia"
263140,"Galunggung",15722,"Confirmed Eruption","NULL","1","NULL","NULL",1984,"NULL","1","NULL","9","NULL","Observations: Reported","NULL","1984","NULL","1","?","31","NULL","Indonesia"
263140,"Galunggung",15719,"Confirmed Eruption","NULL","3","NULL","NULL",1894,"NULL","10","NULL","17","NULL","Observations: Reported","NULL","1894","NULL","12","NULL","0","NULL","Indonesia"
263140,"Galunggung",15716,"Confirmed Eruption","NULL","5","?","NULL",-2250,"150","0","NULL","0","NULL","Isotopic: 14C (uncalibrated)","NULL","NULL","NULL","NULL","NULL","NULL","NULL","Indonesia"
263170,"Ciremai",15728,"Confirmed Eruption","Floor and north wall of East Crater","2","NULL","NULL",1937,"NULL","6","NULL","24","NULL","Observations: Reported","NULL","1938","NULL","1","NULL","7","NULL","Indonesia"
263170,"Ciremai",15724,"Confirmed Eruption","NULL","3","NULL","NULL",1698,"NULL","2","NULL","3","NULL","Observations: Reported","NULL","NULL","NULL","NULL","NULL","NULL","NULL","Indonesia"
263170,"Ciremai",15729,"Confirmed Eruption","NULL","2","?","NULL",1951,"NULL","3","NULL","1","NULL","Observations: Reported","NULL","1951","NULL","3","NULL","2","NULL","Indonesia"
263170,"Ciremai",15727,"Confirmed Eruption","NULL","2","NULL","NULL",1805,"NULL","4","NULL","0","NULL","Observations: Reported","NULL","NULL","NULL","NULL","NULL","NULL","NULL","Indonesia"
263170,"Ciremai",15725,"Confirmed Eruption","NULL","2","NULL","NULL",1772,"NULL","8","NULL","11","NULL","Observations: Reported","NULL","1772","NULL","8","NULL","12","NULL","Indonesia"
263170,"Ciremai",15726,"Confirmed Eruption","NULL","2","NULL","NULL",1775,"NULL","1","NULL","4","NULL","Observations: Reported","NULL","NULL","NULL","NULL","NULL","NULL","NULL","Indonesia"
263180,"Slamet",15757,"Confirmed Eruption","NULL","2","NULL","NULL",1948,"NULL","11","NULL","14","NULL","Observations: Reported","NULL","1948","NULL","12","NULL","15","NULL","Indonesia"
263180,"Slamet",15756,"Confirmed Eruption","NULL","2","NULL","NULL",1944,"NULL","5","NULL","9","NULL","Observations: Reported","NULL","1944","NULL","10","NULL","30","NULL","Indonesia"
263180,"Slamet",15747,"Confirmed Eruption","NULL","2","NULL","NULL",1932,"NULL","7","NULL","1","NULL","Observations: Reported","NULL","1932","NULL","9","NULL","10","NULL","Indonesia"
263180,"Slamet",13404,"Confirmed Eruption","NULL","1","?","NULL",1973,"NULL","8","NULL","16","15","Observations: Reported","NULL","NULL","NULL","NULL","NULL","NULL","NULL","Indonesia"
263180,"Slamet",15758,"Confirmed Eruption","NULL","2","NULL","NULL",1951,"NULL","2","NULL","11","NULL","Observations: Reported","NULL","NULL","NULL","NULL","NULL","NULL","NULL","Indonesia"
263180,"Slamet",13403,"Confirmed Eruption","NULL","2","NULL","NULL",1969,"NULL","6","NULL","23","NULL","Observations: Reported","NULL","1969","NULL","8","NULL","16","15","Indonesia"
263180,"Slamet",13402,"Confirmed Eruption","NULL","2","NULL","NULL",1967,"NULL","5","NULL","7","NULL","Observations: Reported","NULL","1967","NULL","7","NULL","16","15","Indonesia"
263180,"Slamet",15740,"Confirmed Eruption","NULL","2","NULL","NULL",1904,"NULL","7","NULL","14","NULL","Observations: Reported","NULL","1904","NULL","8","NULL","9","NULL","Indonesia"
263180,"Slamet",15745,"Confirmed Eruption","NULL","2","NULL","NULL",1929,"NULL","6","NULL","6","NULL","Observations: Reported","NULL","1929","NULL","6","NULL","15","NULL","Indonesia"
263180,"Slamet",13400,"Confirmed Eruption","NULL","2","NULL","NULL",1960,"NULL","12","NULL","16","15","Observations: Reported","NULL","1961","NULL","1","NULL","16","15","Indonesia"
263180,"Slamet",15741,"Confirmed Eruption","NULL","2","NULL","NULL",1923,"NULL","6","NULL","2","NULL","Observations: Reported","NULL","1923","NULL","6","NULL","2","NULL","Indonesia"
263180,"Slamet",15742,"Confirmed Eruption","NULL","2","NULL","NULL",1926,"NULL","11","NULL","23","1","Observations: Reported","NULL","1926","NULL","11","NULL","30","NULL","Indonesia"
263180,"Slamet",15743,"Confirmed Eruption","NULL","2","NULL","NULL",1927,"NULL","2","NULL","27","NULL","Observations: Reported","NULL","1927","NULL","2","NULL","27","NULL","Indonesia"
263180,"Slamet",15737,"Confirmed Eruption","NULL","2","NULL","NULL",1875,"NULL","11","NULL","2","2","Observations: Reported","NULL","1875","NULL","12","NULL","26","5","Indonesia"
263180,"Slamet",15730,"Confirmed Eruption","NULL","2","NULL","NULL",1772,"NULL","8","NULL","11","NULL","Observations: Reported","NULL","1772","NULL","8","NULL","12","NULL","Indonesia"
263180,"Slamet",13398,"Confirmed Eruption","NULL","2","NULL","NULL",1958,"NULL","4","NULL","17","NULL","Observations: Reported","NULL","1958","NULL","5","NULL","7","NULL","Indonesia"
263180,"Slamet",15731,"Confirmed Eruption","NULL","2","NULL","NULL",1825,"NULL","10","NULL","0","NULL","Observations: Reported","NULL","NULL","NULL","NULL","NULL","NULL","NULL","Indonesia"
263180,"Slamet",15744,"Confirmed Eruption","NULL","2","NULL","NULL",1928,"NULL","3","NULL","20","NULL","Observations: Reported","NULL","1928","NULL","5","NULL","12","NULL","Indonesia"
263180,"Slamet",15736,"Confirmed Eruption","NULL","2","NULL","NULL",1875,"NULL","5","<","29","NULL","Observations: Reported","NULL","1875","NULL","6","NULL","4","4","Indonesia"
263180,"Slamet",15761,"Confirmed Eruption","NULL","2","NULL","NULL",1955,"NULL","11","NULL","12","NULL","Observations: Reported","NULL","1955","NULL","12","?","20","NULL","Indonesia"
263180,"Slamet",15755,"Confirmed Eruption","NULL","2","NULL","NULL",1943,"NULL","10","NULL","2","NULL","Observations: Reported","NULL","1944","NULL","1","NULL","5","NULL","Indonesia"
263180,"Slamet",15751,"Confirmed Eruption","NULL","2","NULL","NULL",1939,"NULL","3","NULL","29","NULL","Observations: Reported","NULL","1939","NULL","7","NULL","15","NULL","Indonesia"
263180,"Slamet",13401,"Confirmed Eruption","NULL","2","NULL","NULL",1966,"NULL","7","NULL","2","182","Observations: Reported","NULL","NULL","NULL","NULL","NULL","NULL","NULL","Indonesia"
263180,"Slamet",15762,"Confirmed Eruption","NULL","1","NULL","NULL",1988,"NULL","7","NULL","12","NULL","Observations: Reported","NULL","1988","NULL","7","NULL","13","NULL","Indonesia"
263180,"Slamet",15739,"Confirmed Eruption","NULL","2","NULL","NULL",1890,"NULL","8","NULL","6","NULL","Observations: Reported","NULL","1890","NULL","8","NULL","29","NULL","Indonesia"
263180,"Slamet",15738,"Confirmed Eruption","NULL","2","NULL","NULL",1885,"NULL","3","NULL","21","NULL","Observations: Reported","NULL","1885","NULL","3","NULL","30","NULL","Indonesia"
263180,"Slamet",15748,"Confirmed Eruption","NULL","1","?","NULL",1933,"NULL","5","NULL","12","NULL","Observations: Reported","NULL","1933","NULL","5","NULL","13","NULL","Indonesia"
263180,"Slamet",15763,"Confirmed Eruption","NULL","1","NULL","NULL",1999,"NULL","5","?","1","NULL","Observations: Reported","NULL","1999","NULL","9","?","16","15","Indonesia"
263180,"Slamet",15760,"Confirmed Eruption","NULL","2","NULL","NULL",1953,"NULL","8","NULL","16","15","Observations: Reported","NULL","1953","NULL","10","NULL","16","15","Indonesia"
263180,"Slamet",15733,"Confirmed Eruption","NULL","2","NULL","NULL",1847,"NULL","3","NULL","20","NULL","Observations: Reported","NULL","NULL","NULL","NULL","NULL","NULL","NULL","Indonesia"
263180,"Slamet",13397,"Confirmed Eruption","NULL","2","NULL","NULL",1957,"NULL","2","NULL","8","NULL","Observations: Reported","NULL","1957","NULL","2","NULL","8","NULL","Indonesia"
263180,"Slamet",15765,"Confirmed Eruption","NULL","1","NULL","NULL",2009,"NULL","4","NULL","21","NULL","Observations: Reported","NULL","2009","NULL","6","?","22","NULL","Indonesia"
263180,"Slamet",15750,"Confirmed Eruption","NULL","NULL","NULL","NULL",1937,"NULL","0","NULL","0","NULL","Observations: Reported","NULL","NULL","NULL","NULL","NULL","NULL","NULL","Indonesia"
263180,"Slamet",15759,"Confirmed Eruption","NULL","2","NULL","NULL",1951,"NULL","6","NULL","26","NULL","Observations: Reported","NULL","1952","NULL","1","NULL","1","NULL","Indonesia"
263180,"Slamet",15732,"Confirmed Eruption","NULL","2","NULL","NULL",1835,"NULL","9","NULL","0","NULL","Observations: Reported","NULL","1835","NULL","9","NULL","0","NULL","Indonesia"
263180,"Slamet",20933,"Confirmed Eruption","Summit crater","2","NULL","NULL",2014,"NULL","3","NULL","8","NULL","Observations: Reported","NULL","2014","NULL","9","NULL","18","NULL","Indonesia"
263180,"Slamet",13399,"Confirmed Eruption","NULL","2","NULL","NULL",1958,"NULL","9","NULL","13","NULL","Observations: Reported","NULL","1958","NULL","11","NULL","5","4","Indonesia"
263180,"Slamet",15746,"Confirmed Eruption","NULL","2","NULL","NULL",1930,"NULL","4","NULL","2","NULL","Observations: Reported","NULL","1930","NULL","4","NULL","13","NULL","Indonesia"
263180,"Slamet",15734,"Confirmed Eruption","NULL","2","NULL","NULL",1849,"NULL","12","NULL","1","NULL","Observations: Reported","NULL","NULL","NULL","NULL","NULL","NULL","NULL","Indonesia"
263180,"Slamet",15735,"Confirmed Eruption","NULL","2","NULL","NULL",1860,"NULL","3","NULL","19","NULL","Observations: Reported","NULL","1860","NULL","4","NULL","11","NULL","Indonesia"
263180,"Slamet",15752,"Confirmed Eruption","NULL","2","NULL","NULL",1939,"NULL","12","NULL","4","NULL","Observations: Reported","NULL","1939","NULL","12","NULL","4","NULL","Indonesia"
263180,"Slamet",15753,"Confirmed Eruption","NULL","2","NULL","NULL",1940,"NULL","3","NULL","15","NULL","Observations: Reported","NULL","1940","NULL","4","NULL","15","NULL","Indonesia"
263200,"Dieng Volcanic Complex",15778,"Confirmed Eruption","Butak Petarangan","1","?","NULL",1939,"NULL","10","NULL","13","NULL","Observations: Reported","NULL","1939","NULL","10","NULL","15","NULL","Indonesia"
263200,"Dieng Volcanic Complex",15787,"Confirmed Eruption","Sikidang","1","?","NULL",1981,"NULL","7","NULL","2","182","Observations: Reported","NULL","NULL","NULL","NULL","NULL","NULL","NULL","Indonesia"
263200,"Dieng Volcanic Complex",15779,"Confirmed Eruption","Sileri Crater","1","NULL","NULL",1943,"NULL","11","NULL","3","NULL","Observations: Reported","NULL","NULL","NULL","NULL","NULL","NULL","NULL","Indonesia"
263200,"Dieng Volcanic Complex",15782,"Confirmed Eruption","NULL","2","NULL","NULL",1953,"NULL","3","NULL","24","NULL","Observations: Reported","NULL","1953","NULL","3","NULL","25","NULL","Indonesia"
263200,"Dieng Volcanic Complex",15789,"Confirmed Eruption","Near Pandawa Lima temples","1","NULL","NULL",1993,"NULL","1","NULL","23","NULL","Observations: Reported","NULL","1993","NULL","1","?","23","NULL","Indonesia"
263200,"Dieng Volcanic Complex",15790,"Confirmed Eruption","Near Padangsari crater","1","NULL","NULL",1996,"NULL","12","NULL","31","NULL","Observations: Reported","NULL","1996","NULL","12","NULL","31","NULL","Indonesia"
263200,"Dieng Volcanic Complex",15769,"Confirmed Eruption","NULL","NULL","NULL","NULL",1180,"100","0","NULL","0","NULL","Isotopic: 14C (uncalibrated)","NULL","NULL","NULL","NULL","NULL","NULL","NULL","Indonesia"
263200,"Dieng Volcanic Complex",15767,"Confirmed Eruption","Sikidang-Siterus (Telaga Lumut)","NULL","NULL","NULL",-500,"75","0","NULL","0","NULL","Isotopic: 14C (uncalibrated)","NULL","NULL","NULL","NULL","NULL","NULL","NULL","Indonesia"
263200,"Dieng Volcanic Complex",15774,"Confirmed Eruption","Pakuwaja","2","NULL","NULL",1826,"NULL","10","NULL","11","NULL","Observations: Reported","NULL","1826","NULL","10","NULL","15","NULL","Indonesia"
263200,"Dieng Volcanic Complex",15768,"Confirmed Eruption","NULL","0","NULL","NULL",-50,"100","0","NULL","0","NULL","Isotopic: 14C (uncalibrated)","NULL","NULL","NULL","NULL","NULL","NULL","NULL","Indonesia"
263200,"Dieng Volcanic Complex",15766,"Confirmed Eruption","Sikunang","0","NULL","NULL",-6590,"150","0","NULL","0","NULL","Isotopic: 14C (uncalibrated)","NULL","NULL","NULL","NULL","NULL","NULL","NULL","Indonesia"
263200,"Dieng Volcanic Complex",15791,"Confirmed Eruption","Sileri Crater","1","?","NULL",2003,"NULL","7","NULL","16","15","Observations: Reported","NULL","2003","NULL","7","NULL","16","15","Indonesia"
263200,"Dieng Volcanic Complex",15780,"Confirmed Eruption","Sileri Crater","2","NULL","NULL",1944,"NULL","12","NULL","4","NULL","Observations: Reported","NULL","NULL","NULL","NULL","NULL","NULL","NULL","Indonesia"
263200,"Dieng Volcanic Complex",15785,"Confirmed Eruption","Sileri Crater","1","NULL","NULL",1964,"NULL","12","NULL","13","NULL","Observations: Reported","NULL","1964","NULL","12","NULL","13","NULL","Indonesia"
263200,"Dieng Volcanic Complex",15788,"Confirmed Eruption","Sileri Crater","1","NULL","NULL",1986,"NULL","8","NULL","6","NULL","Observations: Reported","NULL","1986","NULL","8","NULL","6","NULL","Indonesia"
263200,"Dieng Volcanic Complex",22397,"Confirmed Eruption","NULL","1","NULL","NULL",2021,"NULL","4","NULL","29","NULL","Observations: Reported","NULL","2021","NULL","4","NULL","29","NULL","Indonesia"
263200,"Dieng Volcanic Complex",15783,"Confirmed Eruption","Candradimuka area","0","NULL","NULL",1954,"NULL","12","NULL","6","NULL","Observations: Reported","NULL","1954","NULL","12","NULL","6","NULL","Indonesia"
263200,"Dieng Volcanic Complex",15784,"Confirmed Eruption","Sileri Crater","1","NULL","NULL",1956,"NULL","6","NULL","2","NULL","Observations: Reported","NULL","1956","NULL","6","NULL","2","NULL","Indonesia"
263200,"Dieng Volcanic Complex",22600,"Confirmed Eruption","Sileri Crater Lake","1","NULL","NULL",2024,"NULL","12","NULL","18","NULL","Observations: Reported","NULL","2025","NULL","1","NULL","6","NULL","Indonesia"
263200,"Dieng Volcanic Complex",15776,"Confirmed Eruption","Sikidang","1","NULL","NULL",1883,"NULL","12","NULL","26","5","Observations: Reported","NULL","1884","NULL","3","NULL","18","NULL","Indonesia"
263200,"Dieng Volcanic Complex",15775,"Confirmed Eruption","Pakuwaja","2","NULL","NULL",1847,"NULL","12","NULL","4","NULL","Observations: Reported","NULL","NULL","NULL","NULL","NULL","NULL","NULL","Indonesia"
263200,"Dieng Volcanic Complex",15773,"Confirmed Eruption","Butak Petarangan (Butak)","2","NULL","NULL",1786,"NULL","0","NULL","0","NULL","Observations: Reported","NULL","NULL","NULL","NULL","NULL","NULL","NULL","Indonesia"
263200,"Dieng Volcanic Complex",22227,"Confirmed Eruption","Sileri Crater","1","NULL","NULL",2017,"NULL","4","NULL","30","NULL","Observations: Reported","NULL","2017","NULL","7","NULL","2","NULL","Indonesia"
263200,"Dieng Volcanic Complex",15786,"Confirmed Eruption","Sinila and Sigluduk","1","NULL","NULL",1979,"NULL","2","NULL","20","NULL","Observations: Reported","NULL","1979","NULL","2","NULL","20","NULL","Indonesia"
263200,"Dieng Volcanic Complex",22263,"Confirmed Eruption","Sileri Crater","1","NULL","NULL",2018,"NULL","4","NULL","1","NULL","Observations: Reported","NULL","2018","NULL","4","NULL","1","NULL","Indonesia"
263200,"Dieng Volcanic Complex",15793,"Confirmed Eruption","Sileri Crater","1","NULL","NULL",2009,"NULL","9","NULL","27","NULL","Observations: Reported","NULL","2009","NULL","9","NULL","27","NULL","Indonesia"
263200,"Dieng Volcanic Complex",13412,"Confirmed Eruption","Pakuwaja","2","NULL","NULL",1825,"NULL","0","NULL","0","NULL","Observations: Reported","NULL","NULL","NULL","NULL","NULL","NULL","NULL","Indonesia"
263200,"Dieng Volcanic Complex",15792,"Confirmed Eruption","Sibanteng crater","1","NULL","NULL",2009,"NULL","1","NULL","15","NULL","Observations: Reported","NULL","2009","NULL","1","NULL","15","NULL","Indonesia"
263200,"Dieng Volcanic Complex",15770,"Confirmed Eruption","Pakuwaja","3","^","NULL",1375,"75","0","NULL","0","NULL","Observations: Reported","NULL","NULL","NULL","NULL","NULL","NULL","NULL","Indonesia"
263200,"Dieng Volcanic Complex",15777,"Confirmed Eruption","Butak Petarangan (Timbang)","2","NULL","NULL",1928,"NULL","5","NULL","13","NULL","Observations: Reported","NULL","NULL","NULL","NULL","NULL","NULL","NULL","Indonesia"
263210,"Sundoro",15797,"Confirmed Eruption","NULL","2","NULL","NULL",1818,"NULL","0","NULL","0","NULL","Observations: Reported","NULL","NULL","NULL","NULL","NULL","NULL","NULL","Indonesia"
263210,"Sundoro",15799,"Confirmed Eruption","NULL","2","NULL","NULL",1883,"NULL","8","?","0","NULL","Observations: Reported","NULL","NULL","NULL","NULL","NULL","NULL","NULL","Indonesia"
263210,"Sundoro",15798,"Confirmed Eruption","Summit, NW and NE flanks","2","NULL","NULL",1882,"NULL","4","NULL","1","NULL","Observations: Reported","NULL","1882","NULL","4","NULL","7","NULL","Indonesia"
263210,"Sundoro",15803,"Confirmed Eruption","Summit crater K5","2","NULL","NULL",1906,"NULL","9","NULL","22","NULL","Observations: Reported","NULL","1906","NULL","12","NULL","20","NULL","Indonesia"
263210,"Sundoro",15795,"Confirmed Eruption","NULL","NULL","NULL","?",470,"NULL","0","NULL","0","NULL","Isotopic: 14C (uncalibrated)","NULL","NULL","NULL","NULL","NULL","NULL","NULL","Indonesia"
263210,"Sundoro",15800,"Confirmed Eruption","NULL","2","NULL","NULL",1887,"NULL","11","NULL","13","NULL","Observations: Reported","NULL","1887","NULL","11","NULL","14","NULL","Indonesia"
263210,"Sundoro",15804,"Confirmed Eruption","NULL","2","NULL","NULL",1971,"NULL","10","NULL","29","NULL","Observations: Reported","NULL","1971","NULL","11","NULL","9","NULL","Indonesia"
263210,"Sundoro",15802,"Confirmed Eruption","Upper NE and SW flanks (2850-2980 m)","2","NULL","NULL",1903,"NULL","10","NULL","17","NULL","Observations: Reported","NULL","1903","NULL","10","?","21","NULL","Indonesia"
263210,"Sundoro",15796,"Confirmed Eruption","NULL","2","NULL","?",1806,"NULL","0","NULL","0","NULL","Observations: Reported","NULL","NULL","NULL","NULL","NULL","NULL","NULL","Indonesia"
263210,"Sundoro",15801,"Confirmed Eruption","NULL","1","NULL","NULL",1902,"NULL","5","NULL","1","NULL","Observations: Reported","NULL","1902","NULL","5","NULL","25","NULL","Indonesia"
263210,"Sundoro",15794,"Confirmed Eruption","NULL","NULL","NULL","?",230,"NULL","0","NULL","0","NULL","Isotopic: 14C (uncalibrated)","NULL","NULL","NULL","NULL","NULL","NULL","NULL","Indonesia"
263220,"Sumbing",15805,"Confirmed Eruption","NULL","1","NULL","?",1730,"NULL","0","NULL","0","NULL","Observations: Reported","NULL","NULL","NULL","NULL","NULL","NULL","NULL","Indonesia"
263220,"Sumbing",15805,"Confirmed Eruption","NULL","1","NULL","?",1730,"NULL","0","NULL","0","NULL","Observations: Reported","NULL","NULL","NULL","NULL","NULL","NULL","NULL","Indonesia"
263240,"Merbabu",15809,"Confirmed Eruption","NULL","2","NULL","NULL",1797,"NULL","0","NULL","0","NULL","Observations: Reported","NULL","NULL","NULL","NULL","NULL","NULL","NULL","Indonesia"
263240,"Merbabu",15806,"Confirmed Eruption","NULL","NULL","NULL","NULL",1560,"NULL","0","NULL","0","NULL","Observations: Reported","NULL","NULL","NULL","NULL","NULL","NULL","NULL","Indonesia"
263250,"Merapi",15829,"Confirmed Eruption","NULL","NULL","NULL","NULL",480,"75","0","NULL","0","NULL","Isotopic: 14C (calibrated)","NULL","NULL","NULL","NULL","NULL","NULL","NULL","Indonesia"
263250,"Merapi",15890,"Confirmed Eruption","NULL","1","NULL","NULL",1902,"NULL","2","NULL","3","NULL","Observations: Reported","NULL","1902","NULL","2","NULL","3","NULL","Indonesia"
263250,"Merapi",15905,"Confirmed Eruption","NULL","2","NULL","NULL",1939,"NULL","12","NULL","13","NULL","Observations: Reported","NULL","1940","NULL","9","NULL","0","NULL","Indonesia"
263250,"Merapi",15812,"Confirmed Eruption","NULL","1","?","NULL",1807,"NULL","0","NULL","0","NULL","Observations: Reported","NULL","NULL","NULL","NULL","NULL","NULL","NULL","Indonesia"
263250,"Merapi",15916,"Confirmed Eruption","NULL","2","NULL","NULL",1972,"NULL","10","NULL","6","NULL","Observations: Reported","NULL","1985","NULL","3","NULL","16","15","Indonesia"
263250,"Merapi",15856,"Confirmed Eruption","NULL","3","^","NULL",1658,"NULL","0","NULL","0","NULL","Observations: Reported","NULL","NULL","NULL","NULL","NULL","NULL","NULL","Indonesia"
263250,"Merapi",15892,"Confirmed Eruption","NULL","2","NULL","NULL",1905,"NULL","1","NULL","0","NULL","Observations: Reported","NULL","1905","NULL","6","NULL","1","NULL","Indonesia"
263250,"Merapi",15815,"Confirmed Eruption","NULL","NULL","NULL","NULL",-4690,"75","0","NULL","0","NULL","Isotopic: 14C (calibrated)","NULL","NULL","NULL","NULL","NULL","NULL","NULL","Indonesia"
263250,"Merapi",15823,"Confirmed Eruption","NULL","3","NULL","NULL",-340,"500","0","NULL","0","NULL","Isotopic: 14C (calibrated)","NULL","NULL","NULL","NULL","NULL","NULL","NULL","Indonesia"
263250,"Merapi",15902,"Confirmed Eruption","NULL","3","NULL","NULL",1930,"NULL","11","NULL","25","NULL","Observations: Reported","NULL","1931","NULL","9","NULL","0","NULL","Indonesia"
263250,"Merapi",15851,"Confirmed Eruption","NULL","3","^","NULL",1554,"NULL","0","NULL","0","NULL","Observations: Reported","NULL","NULL","NULL","NULL","NULL","NULL","NULL","Indonesia"
263250,"Merapi",22264,"Confirmed Eruption","Summit crater","3","NULL","NULL",2018,"NULL","5","NULL","11","NULL","Observations: Reported","NULL","2020","NULL","6","NULL","21","NULL","Indonesia"
263250,"Merapi",15825,"Confirmed Eruption","NULL","NULL","NULL","NULL",120,"75","0","NULL","0","NULL","Isotopic: 14C (calibrated)","NULL","NULL","NULL","NULL","NULL","NULL","NULL","Indonesia"
263250,"Merapi",15847,"Confirmed Eruption","NULL","2","NULL","NULL",1861,"NULL","0","NULL","0","NULL","Observations: Reported","NULL","NULL","NULL","NULL","NULL","NULL","NULL","Indonesia"
263250,"Merapi",13421,"Confirmed Eruption","NULL","1","NULL","NULL",1810,"NULL","0","NULL","0","NULL","Observations: Reported","NULL","NULL","NULL","NULL","NULL","NULL","NULL","Indonesia"
263250,"Merapi",15887,"Confirmed Eruption","NULL","2","?","NULL",1894,"NULL","1","NULL","27","NULL","Observations: Reported","NULL","1894","NULL","2","NULL","2","NULL","Indonesia"
263250,"Merapi",15841,"Confirmed Eruption","NULL","NULL","NULL","NULL",1190,"30","0","NULL","0","NULL","Isotopic: 14C (calibrated)","NULL","NULL","NULL","NULL","NULL","NULL","NULL","Indonesia"
263250,"Merapi",15913,"Confirmed Eruption","NULL","3","NULL","NULL",1961,"NULL","4","NULL","11","NULL","Observations: Reported","NULL","1961","NULL","11","NULL","28","NULL","Indonesia"
263250,"Merapi",15866,"Confirmed Eruption","NULL","2","NULL","<",1791,"NULL","0","NULL","0","NULL","Observations: Reported","NULL","NULL","NULL","NULL","NULL","NULL","NULL","Indonesia"
263250,"Merapi",15888,"Confirmed Eruption","NULL","1","?","NULL",1894,"NULL","10","NULL","0","NULL","Observations: Reported","NULL","NULL","NULL","NULL","NULL","NULL","NULL","Indonesia"
263250,"Merapi",15819,"Confirmed Eruption","NULL","NULL","NULL","NULL",-1410,"50","0","NULL","0","NULL","Isotopic: 14C (calibrated)","NULL","NULL","NULL","NULL","NULL","NULL","NULL","Indonesia"
263250,"Merapi",15855,"Confirmed Eruption","NULL","3","^","NULL",1587,"NULL","0","NULL","0","NULL","Observations: Reported","NULL","NULL","NULL","NULL","NULL","NULL","NULL","Indonesia"
263250,"Merapi",15882,"Confirmed Eruption","NULL","1","NULL","NULL",1885,"NULL","2","NULL","24","4","Observations: Reported","NULL","1887","NULL","0","NULL","0","NULL","Indonesia"
263250,"Merapi",15907,"Confirmed Eruption","NULL","2","NULL","NULL",1948,"NULL","9","NULL","29","NULL","Observations: Reported","NULL","1948","NULL","12","NULL","0","NULL","Indonesia"
263250,"Merapi",15914,"Confirmed Eruption","Upper Batang breach (2600 m)","2","NULL","NULL",1967,"NULL","1","NULL","12","NULL","Observations: Reported","?","1970","NULL","7","NULL","2","182","Indonesia"
263250,"Merapi",15906,"Confirmed Eruption","NULL","2","NULL","NULL",1942,"NULL","5","NULL","30","NULL","Observations: Reported","NULL","1945","NULL","5","NULL","0","NULL","Indonesia"
263250,"Merapi",15820,"Confirmed Eruption","NULL","4","P","NULL",-1180,"75","0","NULL","0","NULL","Isotopic: 14C (uncalibrated)","NULL","NULL","NULL","NULL","NULL","NULL","NULL","Indonesia"
263250,"Merapi",15901,"Confirmed Eruption","NULL","1","NULL","NULL",1924,"NULL","9","NULL","10","NULL","Observations: Reported","NULL","1924","NULL","9","NULL","12","1","Indonesia"
263250,"Merapi",15821,"Confirmed Eruption","NULL","NULL","NULL","NULL",-1010,"200","0","NULL","0","NULL","Isotopic: 14C (calibrated)","NULL","NULL","NULL","NULL","NULL","NULL","NULL","Indonesia"
263250,"Merapi",15880,"Confirmed Eruption","NULL","2","NULL","NULL",1878,"NULL","0","NULL","0","NULL","Observations: Reported","NULL","1879","NULL","6","NULL","20","NULL","Indonesia"
263250,"Merapi",15816,"Confirmed Eruption","NULL","NULL","NULL","NULL",-2910,"150","0","NULL","0","NULL","Isotopic: 14C (calibrated)","NULL","NULL","NULL","NULL","NULL","NULL","NULL","Indonesia"
263250,"Merapi",15877,"Confirmed Eruption","NULL","2","NULL","NULL",1865,"NULL","10","NULL","24","NULL","Observations: Reported","NULL","1871","NULL","8","?","0","NULL","Indonesia"
263250,"Merapi",15863,"Confirmed Eruption","NULL","2","NULL","NULL",1755,"NULL","0","NULL","0","NULL","Observations: Reported","NULL","NULL","NULL","NULL","NULL","NULL","NULL","Indonesia"
263250,"Merapi",22488,"Confirmed Eruption","Summit crater","1","NULL","NULL",2011,"NULL","3","NULL","25","NULL","Observations: Photo / Video","NULL","2011","NULL","9","NULL","8","NULL","Indonesia"
263250,"Merapi",15859,"Confirmed Eruption","NULL","3","^","NULL",1677,"NULL","0","NULL","0","NULL","Observations: Reported","NULL","NULL","NULL","NULL","NULL","NULL","NULL","Indonesia"
263250,"Merapi",15824,"Confirmed Eruption","NULL","4","P","NULL",20,"300","0","NULL","0","NULL","Isotopic: 14C (calibrated)","NULL","NULL","NULL","NULL","NULL","NULL","NULL","Indonesia"
263250,"Merapi",15826,"Confirmed Eruption","NULL","NULL","NULL","NULL",190,"300","0","NULL","0","NULL","Isotopic: 14C (calibrated)","NULL","NULL","NULL","NULL","NULL","NULL","NULL","Indonesia"
263250,"Merapi",15813,"Confirmed Eruption","Old Merapi","NULL","NULL","NULL",-8780,"150","0","NULL","0","NULL","Isotopic: 14C (calibrated)","NULL","NULL","NULL","NULL","NULL","NULL","NULL","Indonesia"
263250,"Merapi",15897,"Confirmed Eruption","NULL","1","NULL","NULL",1918,"NULL","1","NULL","0","NULL","Observations: Reported","NULL","NULL","NULL","NULL","NULL","NULL","NULL","Indonesia"
263250,"Merapi",15853,"Confirmed Eruption","NULL","3","^","NULL",1584,"NULL","0","NULL","0","NULL","Observations: Reported","NULL","NULL","NULL","NULL","NULL","NULL","NULL","Indonesia"
263250,"Merapi",15827,"Confirmed Eruption","NULL","NULL","NULL","NULL",280,"150","0","NULL","0","NULL","Isotopic: 14C (calibrated)","NULL","NULL","NULL","NULL","NULL","NULL","NULL","Indonesia"
263250,"Merapi",15925,"Confirmed Eruption","Summit crater","4","NULL","NULL",2010,"NULL","10","NULL","26","NULL","Observations: Reported","NULL","2010","NULL","11","NULL","29","NULL","Indonesia"
263250,"Merapi",15908,"Confirmed Eruption","NULL","2","NULL","NULL",1953,"NULL","3","NULL","2","NULL","Observations: Reported","NULL","1958","NULL","12","NULL","16","15","Indonesia"
263250,"Merapi",15886,"Confirmed Eruption","NULL","1","NULL","NULL",1893,"NULL","10","NULL","0","NULL","Observations: Reported","NULL","NULL","NULL","NULL","NULL","NULL","NULL","Indonesia"
263250,"Merapi",15889,"Confirmed Eruption","NULL","2","?","NULL",1897,"NULL","0","NULL","0","NULL","Observations: Reported","NULL","NULL","NULL","NULL","NULL","NULL","NULL","Indonesia"
263250,"Merapi",20842,"Confirmed Eruption","Summit crater","3","NULL","NULL",2013,"NULL","11","NULL","18","NULL","Observations: Reported","NULL","2013","NULL","11","NULL","18","NULL","Indonesia"
263250,"Merapi",15838,"Confirmed Eruption","NULL","NULL","NULL","NULL",1090,"100","0","NULL","0","NULL","Isotopic: 14C (calibrated)","NULL","NULL","NULL","NULL","NULL","NULL","NULL","Indonesia"
263250,"Merapi",15876,"Confirmed Eruption","NULL","3","NULL","NULL",1849,"NULL","9","NULL","14","NULL","Observations: Reported","NULL","1849","NULL","9","NULL","24","NULL","Indonesia"
263250,"Merapi",15903,"Confirmed Eruption","NULL","1","NULL","NULL",1932,"NULL","11","NULL","0","NULL","Observations: Reported","NULL","NULL","NULL","NULL","NULL","NULL","NULL","Indonesia"
263250,"Merapi",15849,"Confirmed Eruption","NULL","NULL","NULL","NULL",1480,"300","0","NULL","0","NULL","Isotopic: 14C (calibrated)","NULL","NULL","NULL","NULL","NULL","NULL","NULL","Indonesia"
263250,"Merapi",20892,"Confirmed Eruption","Summit crater","3","NULL","NULL",2014,"NULL","3","NULL","9","NULL","Observations: Reported","NULL","2014","NULL","4","NULL","20","NULL","Indonesia"
263250,"Merapi",15865,"Confirmed Eruption","NULL","1","?","NULL",1786,"NULL","7","NULL","17","NULL","Observations: Reported","NULL","NULL","NULL","NULL","NULL","NULL","NULL","Indonesia"
263250,"Merapi",22476,"Confirmed Eruption","Summit crater","1","NULL","NULL",2013,"NULL","7","NULL","22","NULL","Observations: Reported","NULL","2013","NULL","7","NULL","22","NULL","Indonesia"
263250,"Merapi",15868,"Confirmed Eruption","NULL","2","NULL","NULL",1828,"NULL","12","NULL","18","NULL","Observations: Reported","NULL","1828","NULL","12","NULL","19","NULL","Indonesia"
263250,"Merapi",15858,"Confirmed Eruption","NULL","3","NULL","NULL",1672,"NULL","8","NULL","4","NULL","Observations: Reported","NULL","NULL","NULL","NULL","NULL","NULL","NULL","Indonesia"
263250,"Merapi",15843,"Confirmed Eruption","NULL","NULL","NULL","NULL",1300,"75","0","NULL","0","NULL","Isotopic: 14C (calibrated)","NULL","NULL","NULL","NULL","NULL","NULL","NULL","Indonesia"
263250,"Merapi",15881,"Confirmed Eruption","East dome","1","NULL","NULL",1883,"NULL","1","?","0","NULL","Observations: Reported","NULL","1884","NULL","11","NULL","0","NULL","Indonesia"
263250,"Merapi",15869,"Confirmed Eruption","NULL","2","?","NULL",1832,"NULL","12","NULL","25","NULL","Observations: Reported","NULL","1836","NULL","0","NULL","0","NULL","Indonesia"
263250,"Merapi",15845,"Confirmed Eruption","NULL","NULL","NULL","NULL",1440,"100","0","NULL","0","NULL","Isotopic: 14C (calibrated)","NULL","NULL","NULL","NULL","NULL","NULL","NULL","Indonesia"
263250,"Merapi",15884,"Confirmed Eruption","NULL","1","NULL","NULL",1889,"NULL","7","NULL","0","NULL","Observations: Reported","NULL","NULL","NULL","NULL","NULL","NULL","NULL","Indonesia"
263250,"Merapi",15811,"Confirmed Eruption","NULL","1","NULL","NULL",1797,"NULL","0","NULL","0","NULL","Observations: Reported","NULL","NULL","NULL","NULL","NULL","NULL","NULL","Indonesia"
263250,"Merapi",15864,"Confirmed Eruption","NULL","2","?","NULL",1768,"NULL","8","NULL","19","NULL","Observations: Reported","NULL","NULL","NULL","NULL","NULL","NULL","NULL","Indonesia"
263250,"Merapi",15844,"Confirmed Eruption","NULL","NULL","NULL","NULL",1380,"300","0","NULL","0","NULL","Isotopic: 14C (calibrated)","NULL","NULL","NULL","NULL","NULL","NULL","NULL","Indonesia"
263250,"Merapi",15923,"Confirmed Eruption","NULL","1","NULL","NULL",2006,"NULL","3","NULL","16","15","Observations: Reported","NULL","2007","NULL","8","?","9","NULL","Indonesia"
263250,"Merapi",15870,"Confirmed Eruption","NULL","2","?","NULL",1837,"NULL","8","NULL","10","NULL","Observations: Reported","NULL","1838","NULL","6","NULL","0","NULL","Indonesia"
263250,"Merapi",15828,"Confirmed Eruption","NULL","3","NULL","NULL",410,"150","0","NULL","0","NULL","Isotopic: 14C (calibrated)","NULL","NULL","NULL","NULL","NULL","NULL","NULL","Indonesia"
263250,"Merapi",15862,"Confirmed Eruption","NULL","2","NULL","NULL",1752,"NULL","0","NULL","0","NULL","Observations: Reported","NULL","NULL","NULL","NULL","NULL","NULL","NULL","Indonesia"
263250,"Merapi",15837,"Confirmed Eruption","NULL","NULL","NULL","NULL",1010,"25","0","NULL","0","NULL","Isotopic: 14C (calibrated)","NULL","NULL","NULL","NULL","NULL","NULL","NULL","Indonesia"
263250,"Merapi",22381,"Confirmed Eruption","NULL","1","NULL","NULL",2020,"NULL","12","NULL","31","NULL","Observations: Reported",">","2026","NULL","3","NULL","25","NULL","Indonesia"
263250,"Merapi",15871,"Confirmed Eruption","NULL","1","NULL","NULL",1840,"NULL","1","NULL","4","NULL","Observations: Reported","NULL","NULL","NULL","NULL","NULL","NULL","NULL","Indonesia"
263250,"Merapi",15842,"Confirmed Eruption","NULL","NULL","NULL","NULL",1230,"200","0","NULL","0","NULL","Isotopic: 14C (calibrated)","NULL","NULL","NULL","NULL","NULL","NULL","NULL","Indonesia"
263250,"Merapi",15898,"Confirmed Eruption","NULL","2","NULL","NULL",1920,"NULL","7","NULL","25","NULL","Observations: Reported","NULL","1921","NULL","2","NULL","0","NULL","Indonesia"
263250,"Merapi",15922,"Confirmed Eruption","NW of 1984 lava dome","2","NULL","NULL",1992,"NULL","1","NULL","20","NULL","Observations: Reported","NULL","2002","NULL","10","?","19","NULL","Indonesia"
263250,"Merapi",15896,"Confirmed Eruption","NULL","1","NULL","NULL",1915,"NULL","3","NULL","28","NULL","Observations: Reported","NULL","1915","NULL","5","NULL","15","NULL","Indonesia"
263250,"Merapi",15904,"Confirmed Eruption","NULL","2","NULL","NULL",1933,"NULL","10","NULL","1","NULL","Observations: Reported","NULL","1935","NULL","4","NULL","0","NULL","Indonesia"
263250,"Merapi",15857,"Confirmed Eruption","NULL","3","^","NULL",1663,"NULL","12","NULL","31","365","Observations: Reported","NULL","NULL","NULL","NULL","NULL","NULL","NULL","Indonesia"
263250,"Merapi",15832,"Confirmed Eruption","NULL","NULL","NULL","NULL",630,"30","0","NULL","0","NULL","Isotopic: 14C (calibrated)","NULL","NULL","NULL","NULL","NULL","NULL","NULL","Indonesia"
263250,"Merapi",15872,"Confirmed Eruption","NULL","2","NULL","NULL",1846,"NULL","4","NULL","6","NULL","Observations: Reported","NULL","NULL","NULL","NULL","NULL","NULL","NULL","Indonesia"
263250,"Merapi",15848,"Confirmed Eruption","NULL","2","NULL","NULL",1862,"NULL","5","NULL","26","NULL","Observations: Reported","NULL","1864","NULL","0","NULL","0","NULL","Indonesia"
263250,"Merapi",15893,"Confirmed Eruption","Summit and upper east flank (2600 m)","2","NULL","NULL",1906,"NULL","1","NULL","26","5","Observations: Reported","NULL","1907","NULL","2","NULL","17","NULL","Indonesia"
263250,"Merapi",15879,"Confirmed Eruption","NULL","2","NULL","NULL",1872,"NULL","11","NULL","3","NULL","Observations: Reported","NULL","1873","NULL","1","?","0","NULL","Indonesia"
263250,"Merapi",15817,"Confirmed Eruption","NULL","NULL","NULL","NULL",-1890,"55","0","NULL","0","NULL","Isotopic: 14C (calibrated)","NULL","NULL","NULL","NULL","NULL","NULL","NULL","Indonesia"
263250,"Merapi",15873,"Confirmed Eruption","Summit and upper SE flank (2600 m)","3","NULL","NULL",1846,"NULL","9","NULL","2","NULL","Observations: Reported","NULL","1847","NULL","10","NULL","0","NULL","Indonesia"
263250,"Merapi",15875,"Confirmed Eruption","NULL","2","NULL","NULL",1849,"NULL","4","NULL","26","NULL","Observations: Reported","NULL","1849","NULL","4","NULL","26","NULL","Indonesia"
263250,"Merapi",15895,"Confirmed Eruption","West dome","1","NULL","NULL",1909,"NULL","2","NULL","1","NULL","Observations: Reported","NULL","1913","NULL","5","NULL","0","NULL","Indonesia"
263250,"Merapi",15834,"Confirmed Eruption","NULL","NULL","NULL","NULL",870,"100","0","NULL","0","NULL","Isotopic: 14C (calibrated)","NULL","NULL","NULL","NULL","NULL","NULL","NULL","Indonesia"
263250,"Merapi",15878,"Confirmed Eruption","NULL","4","NULL","NULL",1872,"NULL","4","NULL","15","NULL","Observations: Reported","NULL","1872","NULL","4","NULL","21","NULL","Indonesia"
263250,"Merapi",15860,"Confirmed Eruption","NULL","3","^","NULL",1678,"NULL","8","NULL","19","NULL","Observations: Reported","NULL","NULL","NULL","NULL","NULL","NULL","NULL","Indonesia"
263250,"Merapi",15831,"Confirmed Eruption","NULL","NULL","NULL","NULL",540,"50","0","NULL","0","NULL","Isotopic: 14C (calibrated)","NULL","NULL","NULL","NULL","NULL","NULL","NULL","Indonesia"
263250,"Merapi",15867,"Confirmed Eruption","NULL","3","?","NULL",1822,"NULL","12","NULL","27","NULL","Observations: Reported","NULL","1823","NULL","4","NULL","6","NULL","Indonesia"
263250,"Merapi",15891,"Confirmed Eruption","NULL","2","NULL","NULL",1902,"NULL","12","NULL","0","NULL","Observations: Reported","NULL","1904","NULL","6","NULL","20","5","Indonesia"
263250,"Merapi",15822,"Confirmed Eruption","NULL","NULL","NULL","NULL",-700,"150","0","NULL","0","NULL","Isotopic: 14C (calibrated)","NULL","NULL","NULL","NULL","NULL","NULL","NULL","Indonesia"
263250,"Merapi",15894,"Confirmed Eruption","NULL","1","?","NULL",1908,"NULL","0","NULL","0","NULL","Observations: Reported","NULL","NULL","NULL","NULL","NULL","NULL","NULL","Indonesia"
263250,"Merapi",15852,"Confirmed Eruption","NULL","3","^","NULL",1560,"NULL","0","NULL","0","NULL","Observations: Reported","NULL","NULL","NULL","NULL","NULL","NULL","NULL","Indonesia"
263250,"Merapi",15899,"Confirmed Eruption","NULL","1","NULL","NULL",1922,"NULL","2","NULL","18","NULL","Observations: Reported","NULL","1922","NULL","8","NULL","8","NULL","Indonesia"
263250,"Merapi",15861,"Confirmed Eruption","NULL","2","NULL","NULL",1745,"NULL","0","NULL","0","NULL","Observations: Reported","NULL","NULL","NULL","NULL","NULL","NULL","NULL","Indonesia"
263250,"Merapi",13422,"Confirmed Eruption","NULL","1","NULL","NULL",1812,"NULL","0","NULL","0","NULL","Observations: Reported","NULL","1822","NULL","0","NULL","0","NULL","Indonesia"
263250,"Merapi",15885,"Confirmed Eruption","NULL","2","?","NULL",1891,"NULL","8","NULL","25","NULL","Observations: Reported","NULL","1892","NULL","0","NULL","0","NULL","Indonesia"
263250,"Merapi",15818,"Confirmed Eruption","NULL","NULL","NULL","NULL",-1770,"75","0","NULL","0","NULL","Isotopic: 14C (calibrated)","NULL","NULL","NULL","NULL","NULL","NULL","NULL","Indonesia"
263250,"Merapi",15917,"Confirmed Eruption","NULL","2","NULL","NULL",1986,"NULL","10","NULL","10","NULL","Observations: Reported","NULL","1990","NULL","8","?","16","15","Indonesia"
263250,"Merapi",15840,"Confirmed Eruption","NULL","NULL","NULL","NULL",1140,"150","0","NULL","0","NULL","Isotopic: 14C (calibrated)","NULL","NULL","NULL","NULL","NULL","NULL","NULL","Indonesia"
263250,"Merapi",15835,"Confirmed Eruption","NULL","3","NULL","NULL",940,"100","0","NULL","0","NULL","Isotopic: 14C (calibrated)","NULL","NULL","NULL","NULL","NULL","NULL","NULL","Indonesia"
263250,"Merapi",15833,"Confirmed Eruption","NULL","NULL","NULL","NULL",680,"200","0","NULL","0","NULL","Isotopic: 14C (calibrated)","NULL","NULL","NULL","NULL","NULL","NULL","NULL","Indonesia"
263250,"Merapi",15814,"Confirmed Eruption","NULL","NULL","NULL","NULL",-7310,"300","0","NULL","0","NULL","Isotopic: 14C (calibrated)","NULL","NULL","NULL","NULL","NULL","NULL","NULL","Indonesia"
263250,"Merapi",15850,"Confirmed Eruption","NULL","3","^","NULL",1548,"NULL","0","NULL","0","NULL","Observations: Reported","NULL","NULL","NULL","NULL","NULL","NULL","NULL","Indonesia"
263250,"Merapi",15883,"Confirmed Eruption","NULL","2","NULL","NULL",1888,"NULL","8","NULL","18","NULL","Observations: Reported","NULL","1888","NULL","12","NULL","20","NULL","Indonesia"
263251,"Muria",15810,"Confirmed Eruption","East flank (Gunung Bambang)","NULL","NULL","NULL",-160,"300","0","NULL","0","NULL","Isotopic: 14C (uncalibrated)","NULL","NULL","NULL","NULL","NULL","NULL","NULL","Indonesia"
263280,"Kelud",15912,"Confirmed Eruption","NULL","3","NULL","NULL",1000,"NULL","0","NULL","0","NULL","Observations: Reported","NULL","NULL","NULL","NULL","NULL","NULL","NULL","Indonesia"
263280,"Kelud",15940,"Confirmed Eruption","NULL","2","NULL","NULL",1785,"NULL","0","NULL","0","NULL","Observations: Reported","NULL","NULL","NULL","NULL","NULL","NULL","NULL","Indonesia"
263280,"Kelud",15955,"Confirmed Eruption","NULL","4","NULL","NULL",1951,"NULL","8","NULL","31","NULL","Observations: Reported","NULL","1951","NULL","8","NULL","31","NULL","Indonesia"
263280,"Kelud",15948,"Confirmed Eruption","NULL","2","NULL","NULL",1851,"NULL","1","NULL","24","NULL","Observations: Reported","NULL","NULL","NULL","NULL","NULL","NULL","NULL","Indonesia"
263280,"Kelud",15933,"Confirmed Eruption","NULL","5","?","NULL",1586,"NULL","0","NULL","0","NULL","Observations: Reported","NULL","NULL","NULL","NULL","NULL","NULL","NULL","Indonesia"
263280,"Kelud",15069,"Confirmed Eruption","NULL","3","^","NULL",1395,"NULL","0","NULL","0","NULL","Observations: Reported","NULL","NULL","NULL","NULL","NULL","NULL","NULL","Indonesia"
263280,"Kelud",15954,"Confirmed Eruption","NULL","2","NULL","NULL",1920,"NULL","12","NULL","6","NULL","Observations: Reported","NULL","1920","NULL","12","NULL","12","NULL","Indonesia"
263280,"Kelud",15957,"Confirmed Eruption","NULL","4","NULL","NULL",1990,"NULL","2","NULL","10","NULL","Observations: Reported","NULL","1990","NULL","3","NULL","13","45","Indonesia"
263280,"Kelud",15944,"Confirmed Eruption","NULL","4","?","NULL",1826,"NULL","10","NULL","11","NULL","Observations: Reported","NULL","1826","NULL","10","NULL","25","NULL","Indonesia"
263280,"Kelud",15934,"Confirmed Eruption","NULL","4","?","NULL",1641,"NULL","0","NULL","0","NULL","Observations: Reported","NULL","NULL","NULL","NULL","NULL","NULL","NULL","Indonesia"
263280,"Kelud",15945,"Confirmed Eruption","NULL","2","NULL","NULL",1835,"NULL","0","NULL","0","NULL","Observations: Reported","NULL","NULL","NULL","NULL","NULL","NULL","NULL","Indonesia"
263280,"Kelud",10422,"Confirmed Eruption","NULL","3","NULL","NULL",1311,"NULL","0","NULL","0","NULL","Observations: Reported","NULL","NULL","NULL","NULL","NULL","NULL","NULL","Indonesia"
263280,"Kelud",15930,"Confirmed Eruption","NULL","3","^","NULL",1481,"NULL","0","NULL","0","NULL","Observations: Reported","NULL","NULL","NULL","NULL","NULL","NULL","NULL","Indonesia"
263280,"Kelud",15942,"Confirmed Eruption","NULL","2","NULL","NULL",1825,"NULL","0","NULL","0","NULL","Observations: Reported","NULL","NULL","NULL","NULL","NULL","NULL","NULL","Indonesia"
263280,"Kelud",15952,"Confirmed Eruption","NULL","3","NULL","NULL",1901,"NULL","5","NULL","22","NULL","Observations: Reported","NULL","1901","NULL","5","NULL","23","NULL","Indonesia"
263280,"Kelud",15941,"Confirmed Eruption","NULL","2","NULL","NULL",1811,"NULL","6","NULL","5","NULL","Observations: Reported","NULL","NULL","NULL","NULL","NULL","NULL","NULL","Indonesia"
263280,"Kelud",15927,"Confirmed Eruption","NULL","3","^","NULL",1450,"NULL","0","NULL","0","NULL","Observations: Reported","NULL","NULL","NULL","NULL","NULL","NULL","NULL","Indonesia"
263280,"Kelud",15423,"Confirmed Eruption","NULL","1","NULL","NULL",1967,"NULL","2","NULL","18","NULL","Observations: Reported","NULL","1967","NULL","2","NULL","18","NULL","Indonesia"
263280,"Kelud",15067,"Confirmed Eruption","NULL","3","^","NULL",1376,"NULL","0","NULL","0","NULL","Observations: Reported","NULL","NULL","NULL","NULL","NULL","NULL","NULL","Indonesia"
263280,"Kelud",15953,"Confirmed Eruption","NULL","4","NULL","NULL",1919,"NULL","5","NULL","19","NULL","Observations: Reported","NULL","1919","NULL","5","NULL","20","NULL","Indonesia"
263280,"Kelud",15068,"Confirmed Eruption","NULL","3","^","NULL",1385,"NULL","0","NULL","0","NULL","Observations: Reported","NULL","NULL","NULL","NULL","NULL","NULL","NULL","Indonesia"
263280,"Kelud",15929,"Confirmed Eruption","NULL","3","^","NULL",1462,"NULL","0","NULL","0","NULL","Observations: Reported","NULL","NULL","NULL","NULL","NULL","NULL","NULL","Indonesia"
263280,"Kelud",15911,"Confirmed Eruption","NULL","NULL","NULL","NULL",-230,"300","0","NULL","0","NULL","Isotopic: 14C (uncalibrated)","NULL","NULL","NULL","NULL","NULL","NULL","NULL","Indonesia"
263280,"Kelud",15932,"Confirmed Eruption","NULL","3","^","NULL",1548,"NULL","0","NULL","0","NULL","Observations: Reported","NULL","NULL","NULL","NULL","NULL","NULL","NULL","Indonesia"
263280,"Kelud",15070,"Confirmed Eruption","NULL","3","^","NULL",1411,"NULL","0","NULL","0","NULL","Observations: Reported","NULL","NULL","NULL","NULL","NULL","NULL","NULL","Indonesia"
263280,"Kelud",15946,"Confirmed Eruption","NULL","3","NULL","NULL",1848,"NULL","5","NULL","16","NULL","Observations: Reported","NULL","1848","NULL","5","NULL","17","NULL","Indonesia"
263280,"Kelud",15938,"Confirmed Eruption","NULL","2","NULL","NULL",1771,"NULL","1","NULL","10","NULL","Observations: Reported","NULL","NULL","NULL","NULL","NULL","NULL","NULL","Indonesia"
263280,"Kelud",15928,"Confirmed Eruption","NULL","3","^","NULL",1451,"NULL","0","NULL","0","NULL","Observations: Reported","NULL","NULL","NULL","NULL","NULL","NULL","NULL","Indonesia"
263280,"Kelud",15936,"Confirmed Eruption","NULL","2","NULL","NULL",1752,"NULL","5","NULL","1","NULL","Observations: Reported","NULL","NULL","NULL","NULL","NULL","NULL","NULL","Indonesia"
263280,"Kelud",20934,"Confirmed Eruption","Summit crater lake","4","NULL","NULL",2014,"NULL","2","NULL","13","NULL","Observations: Reported","NULL","2014","NULL","2","NULL","15","NULL","Indonesia"
263280,"Kelud",15958,"Confirmed Eruption","NULL","2","NULL","NULL",2007,"NULL","10","?","16","15","Observations: Reported","NULL","2008","NULL","4","<","16","15","Indonesia"
263280,"Kelud",15939,"Confirmed Eruption","NULL","2","NULL","NULL",1776,"NULL","0","NULL","0","NULL","Observations: Reported","NULL","NULL","NULL","NULL","NULL","NULL","NULL","Indonesia"
263280,"Kelud",15424,"Confirmed Eruption","Crater floor at foot of Kelut Peak","1","NULL","NULL",1967,"NULL","12","NULL","11","NULL","Observations: Reported","NULL","1967","NULL","12","NULL","11","NULL","Indonesia"
263280,"Kelud",15935,"Confirmed Eruption","NULL","2","NULL","NULL",1716,"NULL","7","NULL","20","NULL","Observations: Reported","NULL","NULL","NULL","NULL","NULL","NULL","NULL","Indonesia"
263280,"Kelud",15949,"Confirmed Eruption","NULL","2","NULL","NULL",1864,"NULL","1","?","4","NULL","Observations: Reported","NULL","1864","NULL","1","?","4","NULL","Indonesia"
263280,"Kelud",15956,"Confirmed Eruption","NULL","4","NULL","NULL",1966,"NULL","4","NULL","26","NULL","Observations: Reported","NULL","1966","NULL","4","NULL","27","NULL","Indonesia"
263280,"Kelud",10423,"Confirmed Eruption","NULL","3","NULL","NULL",1334,"NULL","0","NULL","0","NULL","Observations: Reported","NULL","NULL","NULL","NULL","NULL","NULL","NULL","Indonesia"
263290,"Arjuno-Welirang",15960,"Confirmed Eruption","NW part of Gunung Welirang (2500 & 2700 m)","2","NULL","NULL",1950,"NULL","10","NULL","30","NULL","Observations: Reported","NULL","NULL","NULL","NULL","NULL","NULL","NULL","Indonesia"
263290,"Arjuno-Welirang",15961,"Confirmed Eruption","NW flank (Kawah Plupuh)","0","NULL","NULL",1952,"NULL","8","NULL","15","5","Observations: Reported","NULL","NULL","NULL","NULL","NULL","NULL","NULL","Indonesia"
263300,"Semeru",15984,"Confirmed Eruption","NULL","2","NULL","NULL",1877,"NULL","4","NULL","0","NULL","Observations: Reported","NULL","NULL","NULL","NULL","NULL","NULL","NULL","Indonesia"
263300,"Semeru",15973,"Confirmed Eruption","NULL","2","NULL","NULL",1848,"NULL","8","NULL","4","NULL","Observations: Reported","NULL","NULL","NULL","NULL","NULL","NULL","NULL","Indonesia"
263300,"Semeru",22219,"Confirmed Eruption","Jonggring Seloko","2","NULL","NULL",2011,"NULL","5","<","13","NULL","Observations: Reported","NULL","2012","NULL","7","?","20","NULL","Indonesia"
263300,"Semeru",15996,"Confirmed Eruption","NULL","2","NULL","NULL",1893,"NULL","1","NULL","0","NULL","Observations: Reported","NULL","1893","NULL","5","NULL","0","NULL","Indonesia"
263300,"Semeru",10030,"Confirmed Eruption","NULL","2","?","NULL",1915,"1","0","NULL","0","NULL","Observations: Reported","NULL","NULL","NULL","NULL","NULL","NULL","NULL","Indonesia"
263300,"Semeru",15978,"Confirmed Eruption","NULL","2","NULL","NULL",1860,"NULL","4","NULL","0","NULL","Observations: Reported","NULL","1860","NULL","6","NULL","0","NULL","Indonesia"
263300,"Semeru",13573,"Confirmed Eruption","NULL","2","NULL","NULL",1903,"NULL","3","NULL","26","NULL","Observations: Reported","NULL","1903","NULL","6","NULL","0","NULL","Indonesia"
263300,"Semeru",22616,"Confirmed Eruption","Jonggring Seloko","4","NULL","NULL",2019,"NULL","2","NULL","24","NULL","Observations: Reported",">","2026","NULL","3","NULL","25","NULL","Indonesia"
263300,"Semeru",16007,"Confirmed Eruption","Jonggring Seloko","3","NULL","NULL",1967,"NULL","8","NULL","31","NULL","Observations: Reported","NULL","2009","NULL","3","NULL","15","NULL","Indonesia"
263300,"Semeru",13576,"Confirmed Eruption","NULL","2","NULL","NULL",1907,"NULL","1","NULL","7","NULL","Observations: Reported","NULL","1907","NULL","1","NULL","10","NULL","Indonesia"
263300,"Semeru",15975,"Confirmed Eruption","NULL","2","NULL","NULL",1851,"NULL","1","NULL","0","NULL","Observations: Reported","NULL","NULL","NULL","NULL","NULL","NULL","NULL","Indonesia"
263300,"Semeru",16003,"Confirmed Eruption","NULL","2","NULL","NULL",1899,"NULL","8","NULL","11","NULL","Observations: Reported","NULL","NULL","NULL","NULL","NULL","NULL","NULL","Indonesia"
263300,"Semeru",13459,"Confirmed Eruption","Jonggring Seloko","2","NULL","NULL",1946,"NULL","2","NULL","0","NULL","Observations: Reported","NULL","1946","NULL","5","NULL","0","NULL","Indonesia"
263300,"Semeru",15991,"Confirmed Eruption","NULL","2","NULL","NULL",1887,"NULL","2","NULL","0","NULL","Observations: Reported","NULL","1887","NULL","3","NULL","0","NULL","Indonesia"
263300,"Semeru",13574,"Confirmed Eruption","NULL","2","NULL","NULL",1904,"NULL","1","NULL","2","NULL","Observations: Reported","NULL","1904","NULL","1","NULL","16","NULL","Indonesia"
263300,"Semeru",15965,"Confirmed Eruption","NULL","2","NULL","NULL",1830,"NULL","12","NULL","15","NULL","Observations: Reported","NULL","1830","NULL","12","NULL","16","NULL","Indonesia"
263300,"Semeru",22513,"Confirmed Eruption","Jonggring Seloko","4","NULL","NULL",2017,"NULL","6","NULL","6","NULL","Observations: Satellite (infrared)","NULL","2018","NULL","10","NULL","31","NULL","Indonesia"
263300,"Semeru",13580,"Confirmed Eruption","NULL","2","NULL","NULL",1910,"NULL","11","NULL","16","NULL","Observations: Reported","NULL","1911","NULL","2","NULL","0","NULL","Indonesia"
263300,"Semeru",16002,"Confirmed Eruption","NULL","2","NULL","NULL",1899,"NULL","1","NULL","17","NULL","Observations: Reported","NULL","1899","NULL","3","?","31","NULL","Indonesia"
263300,"Semeru",10032,"Confirmed Eruption","Jonggring Seloko","2","NULL","NULL",1945,"NULL","6","NULL","12","NULL","Observations: Reported","NULL","1945","NULL","6","NULL","18","NULL","Indonesia"
263300,"Semeru",15969,"Confirmed Eruption","NULL","2","NULL","NULL",1842,"NULL","1","NULL","0","NULL","Observations: Reported","NULL","1842","NULL","3","NULL","0","NULL","Indonesia"
263300,"Semeru",13583,"Confirmed Eruption","Jonggring Seloko","2","NULL","NULL",1913,"NULL","6","NULL","23","NULL","Observations: Reported","NULL","1913","NULL","6","?","26","NULL","Indonesia"
263300,"Semeru",15977,"Confirmed Eruption","NULL","2","NULL","NULL",1857,"NULL","8","NULL","13","NULL","Observations: Reported","NULL","1857","NULL","9","NULL","0","NULL","Indonesia"
263300,"Semeru",15968,"Confirmed Eruption","NULL","2","NULL","NULL",1838,"NULL","7","NULL","0","NULL","Observations: Reported","NULL","1838","NULL","10","NULL","18","NULL","Indonesia"
263300,"Semeru",16001,"Confirmed Eruption","NULL","2","NULL","NULL",1898,"NULL","2","NULL","23","NULL","Observations: Reported","NULL","NULL","NULL","NULL","NULL","NULL","NULL","Indonesia"
263300,"Semeru",15985,"Confirmed Eruption","NULL","2","NULL","NULL",1877,"NULL","9","NULL","0","NULL","Observations: Reported","NULL","NULL","NULL","NULL","NULL","NULL","NULL","Indonesia"
263300,"Semeru",15990,"Confirmed Eruption","NULL","2","NULL","NULL",1886,"NULL","1","NULL","25","NULL","Observations: Reported","NULL","1886","NULL","8","NULL","26","5","Indonesia"
263300,"Semeru",10031,"Confirmed Eruption","ESE flank (1400-1775 m)","2","NULL","NULL",1941,"NULL","9","NULL","21","NULL","Observations: Reported","NULL","1942","NULL","2","NULL","0","NULL","Indonesia"
263300,"Semeru",22220,"Confirmed Eruption","Jonggring Seloko","1","NULL","NULL",2013,"NULL","10","NULL","18","NULL","Observations: Reported","NULL","2013","NULL","10","NULL","18","NULL","Indonesia"
263300,"Semeru",15998,"Confirmed Eruption","NULL","2","NULL","NULL",1895,"NULL","5","NULL","22","NULL","Observations: Reported","NULL","1895","NULL","10","NULL","1","NULL","Indonesia"
263300,"Semeru",13578,"Confirmed Eruption","NULL","2","NULL","NULL",1908,"NULL","1","NULL","0","NULL","Observations: Reported","NULL","1908","NULL","12","NULL","0","NULL","Indonesia"
263300,"Semeru",15992,"Confirmed Eruption","NULL","2","NULL","NULL",1887,"NULL","8","?","0","NULL","Observations: Reported","NULL","1887","NULL","10","NULL","11","NULL","Indonesia"
263300,"Semeru",15980,"Confirmed Eruption","NULL","2","NULL","NULL",1865,"NULL","4","NULL","15","5","Observations: Reported","NULL","NULL","NULL","NULL","NULL","NULL","NULL","Indonesia"
263300,"Semeru",15972,"Confirmed Eruption","NULL","2","NULL","NULL",1848,"NULL","2","NULL","0","NULL","Observations: Reported","NULL","NULL","NULL","NULL","NULL","NULL","NULL","Indonesia"
263300,"Semeru",22221,"Confirmed Eruption","Jonggring Seloko","4","NULL","NULL",2014,"NULL","4","NULL","1","15","Observations: Reported","NULL","2017","NULL","1","NULL","9","NULL","Indonesia"
263300,"Semeru",16005,"Confirmed Eruption","Jonggring Seloko","2","NULL","NULL",1946,"NULL","10","NULL","29","NULL","Observations: Reported","NULL","1947","NULL","6","NULL","0","NULL","Indonesia"
263300,"Semeru",13571,"Confirmed Eruption","NULL","2","NULL","NULL",1900,"NULL","3","NULL","29","NULL","Observations: Reported","NULL","1900","NULL","4",">","11","NULL","Indonesia"
263300,"Semeru",13582,"Confirmed Eruption","NULL","2","NULL","NULL",1912,"NULL","8","NULL","28","NULL","Observations: Reported","NULL","NULL","NULL","NULL","NULL","NULL","NULL","Indonesia"
263300,"Semeru",16004,"Confirmed Eruption","NULL","2","NULL","NULL",1899,"NULL","12","NULL","0","NULL","Observations: Reported","NULL","NULL","NULL","NULL","NULL","NULL","NULL","Indonesia"
263300,"Semeru",16000,"Confirmed Eruption","NULL","2","NULL","NULL",1897,"NULL","1","NULL","1","NULL","Observations: Reported","NULL","1897","NULL","1","NULL","3","NULL","Indonesia"
263300,"Semeru",15976,"Confirmed Eruption","NULL","2","NULL","NULL",1856,"NULL","9","NULL","10","NULL","Observations: Reported","NULL","NULL","NULL","NULL","NULL","NULL","NULL","Indonesia"
263300,"Semeru",15982,"Confirmed Eruption","NULL","2","NULL","NULL",1867,"NULL","4","NULL","15","5","Observations: Reported","NULL","1867","NULL","5","NULL","0","NULL","Indonesia"
263300,"Semeru",13579,"Confirmed Eruption","NULL","2","NULL","NULL",1909,"NULL","9","NULL","0","NULL","Observations: Reported","NULL","1910","NULL","3","NULL","22","NULL","Indonesia"
263300,"Semeru",15983,"Confirmed Eruption","NULL","2","NULL","NULL",1872,"NULL","10","NULL","23","NULL","Observations: Reported","NULL","1872","NULL","10","NULL","23","NULL","Indonesia"
263300,"Semeru",15971,"Confirmed Eruption","NULL","2","NULL","NULL",1845,"NULL","1","NULL","0","NULL","Observations: Reported","NULL","1845","NULL","7","NULL","0","NULL","Indonesia"
263300,"Semeru",15993,"Confirmed Eruption","NULL","2","NULL","NULL",1888,"NULL","2","NULL","0","NULL","Observations: Reported","NULL","1888","NULL","10","NULL","0","NULL","Indonesia"
263300,"Semeru",15986,"Confirmed Eruption","NULL","2","NULL","NULL",1878,"NULL","0","NULL","0","NULL","Observations: Reported","NULL","NULL","NULL","NULL","NULL","NULL","NULL","Indonesia"
263300,"Semeru",15995,"Confirmed Eruption","NULL","2","NULL","NULL",1892,"NULL","3","NULL","0","NULL","Observations: Reported","NULL","1892","NULL","4","NULL","0","NULL","Indonesia"
263300,"Semeru",15967,"Confirmed Eruption","NULL","2","NULL","NULL",1836,"NULL","8","NULL","3","NULL","Observations: Reported","NULL","1836","NULL","8","NULL","5","NULL","Indonesia"
263300,"Semeru",16006,"Confirmed Eruption","Jonggring Seloko","2","NULL","NULL",1950,"NULL","7","NULL","23","NULL","Observations: Reported","NULL","1964","NULL","12","NULL","16","15","Indonesia"
263300,"Semeru",22218,"Confirmed Eruption","Jonggring Seloko","2","NULL","NULL",2010,"NULL","1","NULL","5","NULL","Observations: Reported","NULL","2010","NULL","11","NULL","29","NULL","Indonesia"
263300,"Semeru",15970,"Confirmed Eruption","NULL","2","NULL","NULL",1844,"NULL","9","NULL","25","NULL","Observations: Reported","NULL","1844","NULL","9","NULL","27","NULL","Indonesia"
263300,"Semeru",15963,"Confirmed Eruption","NULL","2","NULL","NULL",1818,"NULL","11","NULL","8","NULL","Observations: Reported","NULL","NULL","NULL","NULL","NULL","NULL","NULL","Indonesia"
263300,"Semeru",15997,"Confirmed Eruption","NULL","2","NULL","NULL",1893,"NULL","12","NULL","11","NULL","Observations: Reported","NULL","1894","NULL","2","NULL","0","NULL","Indonesia"
263300,"Semeru",15989,"Confirmed Eruption","NULL","2","NULL","NULL",1884,"NULL","12","?","10","NULL","Observations: Reported","NULL","1885","NULL","9","NULL","0","NULL","Indonesia"
263300,"Semeru",15994,"Confirmed Eruption","NULL","2","NULL","NULL",1889,"NULL","1","NULL","0","NULL","Observations: Reported","NULL","1891","NULL","5",">","31","NULL","Indonesia"
263300,"Semeru",13575,"Confirmed Eruption","NULL","2","NULL","NULL",1905,"NULL","8","NULL","4","NULL","Observations: Reported","NULL","NULL","NULL","NULL","NULL","NULL","NULL","Indonesia"
263300,"Semeru",15966,"Confirmed Eruption","NULL","2","NULL","NULL",1832,"NULL","4","NULL","18","NULL","Observations: Reported","NULL","NULL","NULL","NULL","NULL","NULL","NULL","Indonesia"
263300,"Semeru",15964,"Confirmed Eruption","NULL","2","NULL","NULL",1829,"NULL","2","NULL","0","NULL","Observations: Reported","NULL","NULL","NULL","NULL","NULL","NULL","NULL","Indonesia"
263300,"Semeru",13572,"Confirmed Eruption","NULL","2","NULL","NULL",1901,"NULL","1","NULL","29","NULL","Observations: Reported","NULL","1901","NULL","1",">","30","NULL","Indonesia"
263300,"Semeru",15987,"Confirmed Eruption","NULL","2","NULL","NULL",1879,"NULL","0","NULL","0","NULL","Observations: Reported","NULL","NULL","NULL","NULL","NULL","NULL","NULL","Indonesia"
263300,"Semeru",15999,"Confirmed Eruption","NULL","2","NULL","NULL",1896,"NULL","5","NULL","0","NULL","Observations: Reported","NULL","1896","NULL","6","NULL","0","NULL","Indonesia"
263300,"Semeru",13577,"Confirmed Eruption","NULL","2","NULL","NULL",1907,"NULL","7","<","9","NULL","Observations: Reported","NULL","NULL","NULL","NULL","NULL","NULL","NULL","Indonesia"
263300,"Semeru",13581,"Confirmed Eruption","NULL","3","NULL","NULL",1911,"NULL","11","NULL","8","NULL","Observations: Reported","NULL","1911","NULL","12","NULL","0","NULL","Indonesia"
263310,"Tengger Caldera",13528,"Confirmed Eruption","Bromo","2","NULL","NULL",1950,"NULL","5","NULL","27","NULL","Observations: Reported","NULL","1950","NULL","8","NULL","16","15","Indonesia"
263310,"Tengger Caldera",16050,"Confirmed Eruption","Bromo","2","NULL","NULL",1922,"NULL","2","NULL","5","NULL","Observations: Reported","NULL","1922","NULL","6","NULL","20","NULL","Indonesia"
263310,"Tengger Caldera",16025,"Confirmed Eruption","Bromo","2","NULL","NULL",1842,"NULL","1","NULL","24","NULL","Observations: Reported","NULL","1842","NULL","6","NULL","0","NULL","Indonesia"
263310,"Tengger Caldera",16017,"Confirmed Eruption","Bromo","2","NULL","NULL",1815,"NULL","4","NULL","5","NULL","Observations: Reported","NULL","1815","NULL","4",">","17","NULL","Indonesia"
263310,"Tengger Caldera",16060,"Confirmed Eruption","Bromo","1","NULL","NULL",1995,"NULL","3","NULL","3","NULL","Observations: Reported","NULL","1995","NULL","5","NULL","26","5","Indonesia"
263310,"Tengger Caldera",16045,"Confirmed Eruption","Bromo","2","NULL","NULL",1907,"NULL","12","NULL","14","NULL","Observations: Reported","NULL","1908","NULL","2","NULL","13","NULL","Indonesia"
263310,"Tengger Caldera",16048,"Confirmed Eruption","Bromo","3","NULL","NULL",1915,"NULL","11","NULL","0","NULL","Observations: Reported","NULL","1916","NULL","6","NULL","0","NULL","Indonesia"
263310,"Tengger Caldera",16019,"Confirmed Eruption","Bromo","2","NULL","NULL",1822,"NULL","12","NULL","28","NULL","Observations: Reported","NULL","1823","NULL","1","NULL","5","4","Indonesia"
263310,"Tengger Caldera",13518,"Confirmed Eruption","Bromo","2","NULL","NULL",1939,"NULL","6","NULL","24","NULL","Observations: Reported","NULL","1939","NULL","7","NULL","0","NULL","Indonesia"
263310,"Tengger Caldera",16052,"Confirmed Eruption","Bromo","2","NULL","NULL",1928,"NULL","12","NULL","16","NULL","Observations: Reported","NULL","NULL","NULL","NULL","NULL","NULL","NULL","Indonesia"
263310,"Tengger Caldera",16062,"Confirmed Eruption","Bromo","2","NULL","NULL",2000,"NULL","11","NULL","29","NULL","Observations: Reported","NULL","2001","NULL","1",">","15","NULL","Indonesia"
263310,"Tengger Caldera",16046,"Confirmed Eruption","Bromo","2","NULL","NULL",1909,"NULL","1","NULL","12","NULL","Observations: Reported","NULL","1909","NULL","1","NULL","14","NULL","Indonesia"
263310,"Tengger Caldera",16020,"Confirmed Eruption","Bromo","2","NULL","NULL",1825,"NULL","11","NULL","5","NULL","Observations: Reported","NULL","1825","NULL","11","NULL","8","NULL","Indonesia"
263310,"Tengger Caldera",16044,"Confirmed Eruption","Bromo","2","NULL","NULL",1907,"NULL","8","NULL","28","NULL","Observations: Reported","NULL","NULL","NULL","NULL","NULL","NULL","NULL","Indonesia"
263310,"Tengger Caldera",16010,"Confirmed Eruption","Widodaren","2","NULL","NULL",190,"50","0","NULL","0","NULL","Isotopic: 14C (uncalibrated)","NULL","NULL","NULL","NULL","NULL","NULL","NULL","Indonesia"
263310,"Tengger Caldera",15988,"Confirmed Eruption","Bromo","2","NULL","NULL",1865,"NULL","4","NULL","0","NULL","Observations: Reported","NULL","1865","NULL","5","NULL","0","NULL","Indonesia"
263310,"Tengger Caldera",16059,"Confirmed Eruption","Bromo","1","NULL","NULL",1984,"NULL","5","NULL","12","NULL","Observations: Reported","NULL","1984","NULL","5","NULL","31","NULL","Indonesia"
263310,"Tengger Caldera",22382,"Confirmed Eruption","NULL","1","NULL","NULL",2020,"NULL","12","NULL","26","NULL","Observations: Reported","NULL","2020","NULL","12","NULL","28","NULL","Indonesia"
263310,"Tengger Caldera",13449,"Confirmed Eruption","Bromo","2","NULL","NULL",1866,"NULL","7","NULL","0","NULL","Observations: Reported","NULL","NULL","NULL","NULL","NULL","NULL","NULL","Indonesia"
263310,"Tengger Caldera",16030,"Confirmed Eruption","Bromo","2","NULL","NULL",1858,"NULL","3","NULL","4","NULL","Observations: Reported","NULL","NULL","NULL","NULL","NULL","NULL","NULL","Indonesia"
263310,"Tengger Caldera",16008,"Confirmed Eruption","Sandsea caldera","NULL","NULL","NULL",-5260,"780","0","NULL","0","NULL","Isotopic: 14C (uncalibrated)","NULL","NULL","NULL","NULL","NULL","NULL","NULL","Indonesia"
263310,"Tengger Caldera",16038,"Confirmed Eruption","Bromo","2","NULL","NULL",1886,"NULL","11","NULL","11","NULL","Observations: Reported","NULL","1887","NULL","1","NULL","25","NULL","Indonesia"
263310,"Tengger Caldera",16040,"Confirmed Eruption","Bromo","2","NULL","NULL",1890,"NULL","5","NULL","0","NULL","Observations: Reported","NULL","1890","NULL","9","NULL","0","NULL","Indonesia"
263310,"Tengger Caldera",16011,"Confirmed Eruption","Segorowedi","3","?","NULL",330,"50","0","NULL","0","NULL","Isotopic: 14C (uncalibrated)","NULL","NULL","NULL","NULL","NULL","NULL","NULL","Indonesia"
263310,"Tengger Caldera",16064,"Confirmed Eruption","Bromo","3","?","NULL",2010,"NULL","11","NULL","26","NULL","Observations: Reported","NULL","2011","NULL","6","NULL","13","NULL","Indonesia"
263310,"Tengger Caldera",13529,"Confirmed Eruption","Bromo","2","NULL","NULL",1955,"NULL","12","NULL","29","NULL","Observations: Reported","NULL","1955","NULL","12","NULL","30","NULL","Indonesia"
263310,"Tengger Caldera",16051,"Confirmed Eruption","Bromo","2","NULL","NULL",1928,"NULL","3","NULL","15","5","Observations: Reported","NULL","1928","NULL","7","NULL","0","NULL","Indonesia"
263310,"Tengger Caldera",16022,"Confirmed Eruption","Bromo","2","NULL","NULL",1830,"NULL","3","NULL","3","NULL","Observations: Reported","NULL","NULL","NULL","NULL","NULL","NULL","NULL","Indonesia"
263310,"Tengger Caldera",16018,"Confirmed Eruption","Bromo","2","NULL","NULL",1820,"NULL","0","NULL","0","NULL","Observations: Reported","NULL","NULL","NULL","NULL","NULL","NULL","NULL","Indonesia"
263310,"Tengger Caldera",15620,"Confirmed Eruption","Bromo","2","NULL","NULL",1940,"NULL","4","NULL","25","NULL","Observations: Reported","NULL","1940","NULL","7",">","3","NULL","Indonesia"
263310,"Tengger Caldera",22306,"Confirmed Eruption","Bromo","2","NULL","NULL",2019,"NULL","2","NULL","18","NULL","Observations: Reported","NULL","2019","NULL","7","NULL","28","NULL","Indonesia"
263310,"Tengger Caldera",16055,"Confirmed Eruption","Bromo","2","NULL","NULL",1972,"NULL","1","NULL","26","NULL","Observations: Reported","NULL","1972","NULL","3","NULL","16","15","Indonesia"
263310,"Tengger Caldera",16029,"Confirmed Eruption","Bromo","2","NULL","NULL",1857,"NULL","0","NULL","0","NULL","Observations: Reported","NULL","NULL","NULL","NULL","NULL","NULL","NULL","Indonesia"
263310,"Tengger Caldera",16024,"Confirmed Eruption","Bromo","2","NULL","NULL",1835,"NULL","0","NULL","0","NULL","Observations: Reported","NULL","NULL","NULL","NULL","NULL","NULL","NULL","Indonesia"
263310,"Tengger Caldera",16049,"Confirmed Eruption","Bromo","2","NULL","NULL",1921,"NULL","6","NULL","0","NULL","Observations: Reported","NULL","1921","NULL","10","NULL","17","NULL","Indonesia"
263310,"Tengger Caldera",16031,"Confirmed Eruption","Bromo","2","NULL","NULL",1858,"NULL","10","NULL","18","NULL","Observations: Reported","NULL","NULL","NULL","NULL","NULL","NULL","NULL","Indonesia"
263310,"Tengger Caldera",16033,"Confirmed Eruption","Bromo","2","NULL","NULL",1860,"NULL","6","NULL","12","NULL","Observations: Reported","NULL","1860","NULL","6","NULL","14","NULL","Indonesia"
263310,"Tengger Caldera",22103,"Confirmed Eruption","Bromo cone","2","NULL","NULL",2015,"NULL","11","NULL","12","NULL","Observations: Reported","NULL","2016","NULL","11","NULL","12","NULL","Indonesia"
263310,"Tengger Caldera",15621,"Confirmed Eruption","Bromo","3","NULL","NULL",1948,"NULL","2","NULL","15","NULL","Observations: Reported","NULL","1948","NULL","4","NULL","25","NULL","Indonesia"
263310,"Tengger Caldera",16012,"Confirmed Eruption","Bromo","2","NULL","NULL",1590,"50","0","NULL","0","NULL","Isotopic: 14C (uncalibrated)","NULL","NULL","NULL","NULL","NULL","NULL","NULL","Indonesia"
263310,"Tengger Caldera",16058,"Confirmed Eruption","Bromo","1","NULL","NULL",1983,"NULL","12","NULL","21","NULL","Observations: Reported","NULL","1983","NULL","12","NULL","21","NULL","Indonesia"
263310,"Tengger Caldera",16063,"Confirmed Eruption","Bromo","2","NULL","NULL",2004,"NULL","6","NULL","8","NULL","Observations: Reported","NULL","2004","NULL","6","NULL","24","3","Indonesia"
263310,"Tengger Caldera",16056,"Confirmed Eruption","Bromo","2","NULL","NULL",1980,"NULL","6","NULL","5","1","Observations: Reported","NULL","1980","NULL","9","NULL","20","NULL","Indonesia"
263310,"Tengger Caldera",16054,"Confirmed Eruption","Bromo","2","NULL","NULL",1930,"NULL","5","NULL","30","NULL","Observations: Reported","NULL","1930","NULL","7","NULL","0","NULL","Indonesia"
263310,"Tengger Caldera",16034,"Confirmed Eruption","Bromo","2","NULL","NULL",1877,"NULL","4","?","24","NULL","Observations: Reported","NULL","NULL","NULL","NULL","NULL","NULL","NULL","Indonesia"
263310,"Tengger Caldera",16042,"Confirmed Eruption","Bromo","2","NULL","NULL",1896,"NULL","0","NULL","0","NULL","Observations: Reported","NULL","NULL","NULL","NULL","NULL","NULL","NULL","Indonesia"
263310,"Tengger Caldera",16043,"Confirmed Eruption","Bromo","2","NULL","NULL",1906,"NULL","9","NULL","25","NULL","Observations: Reported","NULL","1907","NULL","5","NULL","18","NULL","Indonesia"
263310,"Tengger Caldera",16026,"Confirmed Eruption","Bromo","2","NULL","NULL",1843,"NULL","1","NULL","0","NULL","Observations: Reported","NULL","NULL","NULL","NULL","NULL","NULL","NULL","Indonesia"
263310,"Tengger Caldera",16032,"Confirmed Eruption","Bromo","2","NULL","NULL",1859,"NULL","1","NULL","30","NULL","Observations: Reported","NULL","1859","NULL","3","NULL","4","4","Indonesia"
263310,"Tengger Caldera",16035,"Confirmed Eruption","Bromo","2","NULL","NULL",1885,"NULL","6","?","0","NULL","Observations: Reported","NULL","NULL","NULL","NULL","NULL","NULL","NULL","Indonesia"
263310,"Tengger Caldera",16021,"Confirmed Eruption","Bromo","2","NULL","NULL",1829,"NULL","11","NULL","5","NULL","Observations: Reported","NULL","1829","NULL","11","NULL","11","NULL","Indonesia"
263310,"Tengger Caldera",16036,"Confirmed Eruption","Bromo","2","NULL","NULL",1885,"NULL","10","NULL","31","NULL","Observations: Reported","NULL","1886","NULL","1","NULL","10","NULL","Indonesia"
263310,"Tengger Caldera",16041,"Confirmed Eruption","Bromo","2","NULL","NULL",1893,"NULL","1","NULL","13","NULL","Observations: Reported","NULL","1893","NULL","3","NULL","27","NULL","Indonesia"
263310,"Tengger Caldera",22555,"Confirmed Eruption","NULL","1","NULL","NULL",2023,"NULL","12","NULL","13","NULL","Observations: Reported","NULL","2023","NULL","12","NULL","13","NULL","Indonesia"
263310,"Tengger Caldera",13450,"Confirmed Eruption","Bromo","2","NULL","NULL",1867,"NULL","12","NULL","13","NULL","Observations: Reported","NULL","1868","NULL","1","NULL","12","NULL","Indonesia"
263310,"Tengger Caldera",15530,"Confirmed Eruption","Bromo","2","NULL","NULL",1935,"NULL","7","NULL","0","NULL","Observations: Reported","NULL","NULL","NULL","NULL","NULL","NULL","NULL","Indonesia"
263310,"Tengger Caldera",16016,"Confirmed Eruption","Bromo","2","NULL","NULL",1804,"NULL","9","NULL","0","NULL","Observations: Reported","NULL","NULL","NULL","NULL","NULL","NULL","NULL","Indonesia"
263310,"Tengger Caldera",16009,"Confirmed Eruption","Sandsea caldera","4","P","NULL",-830,"50","0","NULL","0","NULL","Isotopic: 14C (uncalibrated)","NULL","NULL","NULL","NULL","NULL","NULL","NULL","Indonesia"
263310,"Tengger Caldera",16023,"Confirmed Eruption","Bromo","2","NULL","NULL",1830,"NULL","12","NULL","15","NULL","Observations: Reported","NULL","1830","NULL","12","NULL","16","NULL","Indonesia"
263310,"Tengger Caldera",16027,"Confirmed Eruption","Bromo","2","NULL","NULL",1844,"NULL","11","NULL","9","NULL","Observations: Reported","NULL","NULL","NULL","NULL","NULL","NULL","NULL","Indonesia"
263310,"Tengger Caldera",16037,"Confirmed Eruption","Bromo","2","NULL","NULL",1886,"NULL","4","NULL","15","NULL","Observations: Reported","NULL","1886","NULL","4","NULL","26","NULL","Indonesia"
263310,"Tengger Caldera",16053,"Confirmed Eruption","Bromo","2","NULL","NULL",1929,"NULL","8","NULL","7","NULL","Observations: Reported","NULL","1929","NULL","9","NULL","8","NULL","Indonesia"
263310,"Tengger Caldera",16047,"Confirmed Eruption","Bromo","2","NULL","NULL",1910,"NULL","1","NULL","18","NULL","Observations: Reported","NULL","1910","NULL","1","NULL","21","NULL","Indonesia"
263310,"Tengger Caldera",16028,"Confirmed Eruption","Volcano Uncertain","2","NULL","NULL",1856,"NULL","9","NULL","10","NULL","NULL","NULL","NULL","NULL","NULL","NULL","NULL","NULL","Indonesia"
263310,"Tengger Caldera",16061,"Confirmed Eruption","Bromo","1","NULL","NULL",1995,"NULL","9","NULL","9","NULL","Observations: Reported","NULL","1995","NULL","12","NULL","16","15","Indonesia"
263310,"Tengger Caldera",13448,"Confirmed Eruption","Bromo","2","NULL","NULL",1865,"NULL","12","NULL","1","NULL","Observations: Reported","NULL","1865","NULL","12","NULL","18","NULL","Indonesia"
263310,"Tengger Caldera",15839,"Confirmed Eruption","Bromo","2","NULL","NULL",1956,"NULL","6","NULL","16","15","Observations: Reported","NULL","1956","NULL","7","?","16","15","Indonesia"
263320,"Lamongan",16089,"Confirmed Eruption","NULL","2","NULL","NULL",1883,"NULL","4","NULL","13","NULL","Observations: Reported","NULL","1883","NULL","5","NULL","4","1","Indonesia"
263320,"Lamongan",16076,"Confirmed Eruption","NULL","2","NULL","NULL",1847,"NULL","9","NULL","25","NULL","Observations: Reported","NULL","NULL","NULL","NULL","NULL","NULL","NULL","Indonesia"
263320,"Lamongan",16080,"Confirmed Eruption","NULL","2","NULL","NULL",1861,"NULL","0","NULL","0","NULL","Observations: Reported","NULL","NULL","NULL","NULL","NULL","NULL","NULL","Indonesia"
263320,"Lamongan",13674,"Confirmed Eruption","NULL","2","NULL","NULL",1808,"NULL","12","NULL","8","NULL","Observations: Reported","NULL","NULL","NULL","NULL","NULL","NULL","NULL","Indonesia"
263320,"Lamongan",16091,"Confirmed Eruption","NULL","2","NULL","NULL",1885,"NULL","3","NULL","11","NULL","Observations: Reported","NULL","1886","NULL","10","NULL","15","5","Indonesia"
263320,"Lamongan",16072,"Confirmed Eruption","NULL","2","NULL","NULL",1838,"NULL","7","NULL","4","NULL","Observations: Reported","NULL","1838","NULL","7","NULL","6","NULL","Indonesia"
263320,"Lamongan",16097,"Confirmed Eruption","NULL","2","NULL","NULL",1890,"NULL","9","NULL","5","4","Observations: Reported","NULL","1891","NULL","1",">","0","NULL","Indonesia"
263320,"Lamongan",16077,"Confirmed Eruption","Summit and north flank","2","NULL","NULL",1849,"NULL","6","NULL","0","NULL","Observations: Reported","NULL","1849","NULL","9","NULL","0","NULL","Indonesia"
263320,"Lamongan",13676,"Confirmed Eruption","NULL","2","NULL","NULL",1818,"NULL","10","NULL","8","NULL","Observations: Reported","NULL","NULL","NULL","NULL","NULL","NULL","NULL","Indonesia"
263320,"Lamongan",16084,"Confirmed Eruption","NULL","2","NULL","NULL",1870,"NULL","3","NULL","2","NULL","Observations: Reported","NULL","1870","NULL","3","NULL","5","NULL","Indonesia"
263320,"Lamongan",16071,"Confirmed Eruption","NULL","2","NULL","NULL",1830,"NULL","2","NULL","0","NULL","Observations: Reported","NULL","1830","NULL","3","NULL","0","NULL","Indonesia"
263320,"Lamongan",16081,"Confirmed Eruption","NULL","2","NULL","NULL",1864,"NULL","6","NULL","9","NULL","Observations: Reported","NULL","1864","NULL","7","NULL","0","NULL","Indonesia"
263320,"Lamongan",16079,"Confirmed Eruption","NULL","2","NULL","NULL",1859,"NULL","2","NULL","27","NULL","Observations: Reported","NULL","1859","NULL","3","NULL","0","NULL","Indonesia"
263320,"Lamongan",16099,"Confirmed Eruption","NULL","2","NULL","NULL",1893,"NULL","11","NULL","18","NULL","Observations: Reported","NULL","NULL","NULL","NULL","NULL","NULL","NULL","Indonesia"
263320,"Lamongan",16101,"Confirmed Eruption","SW flank 400 m (Mt. Anyar)","2","NULL","NULL",1898,"NULL","2","NULL","5","NULL","Observations: Reported","NULL","1898","NULL","2","NULL","15","NULL","Indonesia"
263320,"Lamongan",16085,"Confirmed Eruption","Summit and SW flank","2","NULL","NULL",1870,"NULL","8","NULL","18","NULL","Observations: Reported","NULL","1871","NULL","2","NULL","5","1","Indonesia"
263320,"Lamongan",16065,"Confirmed Eruption","NULL","2","NULL","NULL",1799,"NULL","0","NULL","0","NULL","Observations: Reported","NULL","NULL","NULL","NULL","NULL","NULL","NULL","Indonesia"
263320,"Lamongan",16096,"Confirmed Eruption","NULL","2","NULL","NULL",1890,"NULL","3","NULL","23","8","Observations: Reported","NULL","1890","NULL","5","NULL","0","NULL","Indonesia"
263320,"Lamongan",16092,"Confirmed Eruption","NULL","2","NULL","NULL",1887,"NULL","7","NULL","3","1","Observations: Reported","NULL","1887","NULL","7","NULL","9","NULL","Indonesia"
263320,"Lamongan",16083,"Confirmed Eruption","NULL","2","NULL","NULL",1869,"NULL","9","NULL","12","NULL","Observations: Reported","NULL","NULL","NULL","NULL","NULL","NULL","NULL","Indonesia"
263320,"Lamongan",13675,"Confirmed Eruption","NULL","2","NULL","NULL",1817,"NULL","0","NULL","0","NULL","Observations: Reported","NULL","NULL","NULL","NULL","NULL","NULL","NULL","Indonesia"
263320,"Lamongan",16087,"Confirmed Eruption","NULL","2","NULL","NULL",1874,"NULL","5","NULL","20","NULL","Observations: Reported","NULL","1874","NULL","8","NULL","21","NULL","Indonesia"
263320,"Lamongan",16078,"Confirmed Eruption","NULL","2","NULL","NULL",1856,"NULL","3","NULL","1","NULL","Observations: Reported","NULL","1856","NULL","6","NULL","14","NULL","Indonesia"
263320,"Lamongan",16095,"Confirmed Eruption","NULL","2","NULL","NULL",1889,"NULL","9","NULL","7","NULL","Observations: Reported","NULL","1889","NULL","11","NULL","0","NULL","Indonesia"
263320,"Lamongan",16088,"Confirmed Eruption","NULL","3","?","NULL",1877,"NULL","4","?","24","NULL","Observations: Reported","NULL","1877","NULL","5","?","12","NULL","Indonesia"
263320,"Lamongan",16066,"Confirmed Eruption","NULL","2","NULL","NULL",1806,"NULL","5","NULL","0","NULL","Observations: Reported","NULL","NULL","NULL","NULL","NULL","NULL","NULL","Indonesia"
263320,"Lamongan",16086,"Confirmed Eruption","NULL","2","NULL","NULL",1872,"NULL","8","NULL","15","NULL","Observations: Reported","NULL","1872","NULL","9","NULL","18","NULL","Indonesia"
263320,"Lamongan",16082,"Confirmed Eruption","Summit and south slope","2","NULL","NULL",1869,"NULL","4","NULL","6","NULL","Observations: Reported","NULL","1869","NULL","5","NULL","4","NULL","Indonesia"
263320,"Lamongan",16098,"Confirmed Eruption","NULL","2","NULL","NULL",1891,"NULL","9","NULL","25","5","Observations: Reported","NULL","1891","NULL","10","NULL","5","4","Indonesia"
263320,"Lamongan",16070,"Confirmed Eruption","NULL","2","NULL","NULL",1829,"NULL","1","NULL","0","NULL","Observations: Reported","NULL","1829","NULL","2","NULL","0","NULL","Indonesia"
263320,"Lamongan",16068,"Confirmed Eruption","NULL","2","NULL","NULL",1824,"NULL","1","?","1","NULL","Observations: Reported","NULL","1824","NULL","1","?","31","NULL","Indonesia"
263320,"Lamongan",16075,"Confirmed Eruption","NULL","2","NULL","NULL",1847,"NULL","3","NULL","26","NULL","Observations: Reported","NULL","1847","NULL","6","NULL","26","NULL","Indonesia"
263320,"Lamongan",16093,"Confirmed Eruption","NULL","2","NULL","NULL",1887,"NULL","11","NULL","0","NULL","Observations: Reported","NULL","1888","NULL","2","NULL","27","NULL","Indonesia"
263320,"Lamongan",15950,"Confirmed Eruption","NULL","2","NULL","NULL",1838,"NULL","10","NULL","18","NULL","Observations: Reported","NULL","NULL","NULL","NULL","NULL","NULL","NULL","Indonesia"
263320,"Lamongan",16094,"Confirmed Eruption","NULL","2","NULL","NULL",1888,"NULL","9","NULL","0","NULL","Observations: Reported","NULL","1888","NULL","10","NULL","6","NULL","Indonesia"
263320,"Lamongan",16067,"Confirmed Eruption","NULL","2","NULL","NULL",1821,"NULL","12","NULL","15","5","Observations: Reported","NULL","1822","NULL","1","NULL","5","NULL","Indonesia"
263320,"Lamongan",16100,"Confirmed Eruption","NULL","2","NULL","NULL",1896,"NULL","9","NULL","5","NULL","Observations: Reported","NULL","1896","NULL","9",">","19","NULL","Indonesia"
263320,"Lamongan",16069,"Confirmed Eruption","NULL","2","NULL","NULL",1826,"NULL","0","NULL","0","NULL","Observations: Reported","NULL","NULL","NULL","NULL","NULL","NULL","NULL","Indonesia"
263320,"Lamongan",16074,"Confirmed Eruption","NULL","2","NULL","NULL",1843,"NULL","8","NULL","0","NULL","Observations: Reported","NULL","1844","NULL","9","NULL","0","NULL","Indonesia"
263320,"Lamongan",16073,"Confirmed Eruption","NULL","2","NULL","NULL",1841,"NULL","7","NULL","16","NULL","Observations: Reported","NULL","1842","NULL","8","NULL","0","NULL","Indonesia"
263320,"Lamongan",16090,"Confirmed Eruption","NULL","2","NULL","NULL",1884,"NULL","1","NULL","6","NULL","Observations: Reported","NULL","1884","NULL","6","NULL","23","NULL","Indonesia"
263340,"Raung",16127,"Confirmed Eruption","NULL","2","NULL","NULL",1924,"NULL","2","<","0","NULL","Observations: Reported","NULL","NULL","NULL","NULL","NULL","NULL","NULL","Indonesia"
263340,"Raung",22377,"Confirmed Eruption","Summit crater","1","NULL","NULL",2012,"NULL","10","NULL","16","2","Observations: Reported","NULL","2013","NULL","1","NULL","6","NULL","Indonesia"
263340,"Raung",16108,"Confirmed Eruption","NULL","3","?","NULL",1730,"NULL","0","NULL","0","NULL","Observations: Reported","NULL","NULL","NULL","NULL","NULL","NULL","NULL","Indonesia"
263340,"Raung",16118,"Confirmed Eruption","NULL","2","NULL","NULL",1896,"NULL","8","NULL","0","NULL","Observations: Reported","NULL","NULL","NULL","NULL","NULL","NULL","NULL","Indonesia"
263340,"Raung",16112,"Confirmed Eruption","NULL","2","NULL","NULL",1815,"NULL","12","NULL","31","365","Observations: Reported","NULL","NULL","NULL","NULL","NULL","NULL","NULL","Indonesia"
263340,"Raung",16144,"Confirmed Eruption","NULL","2","NULL","NULL",1977,"NULL","6","NULL","9","NULL","Observations: Reported","NULL","1977","NULL","6","NULL","30","NULL","Indonesia"
263340,"Raung",16148,"Confirmed Eruption","NULL","1","NULL","NULL",1987,"NULL","5","NULL","16","15","Observations: Reported","NULL","1989","NULL","7","NULL","28","3","Indonesia"
263340,"Raung",16139,"Confirmed Eruption","NULL","1","NULL","NULL",1971,"NULL","9","NULL","14","NULL","Observations: Reported","NULL","1971","NULL","9","NULL","14","NULL","Indonesia"
263340,"Raung",16123,"Confirmed Eruption","NULL","2","NULL","NULL",1915,"NULL","5","NULL","0","NULL","Observations: Reported","NULL","NULL","NULL","NULL","NULL","NULL","NULL","Indonesia"
263340,"Raung",16153,"Confirmed Eruption","NULL","1","NULL","NULL",1995,"NULL","3","NULL","16","15","Observations: Reported","NULL","1995","NULL","3","NULL","16","15","Indonesia"
263340,"Raung",16110,"Confirmed Eruption","NULL","2","NULL","NULL",1804,"4","0","NULL","0","NULL","Observations: Reported","NULL","NULL","NULL","NULL","NULL","NULL","NULL","Indonesia"
263340,"Raung",22593,"Confirmed Eruption","NULL","2","NULL","NULL",2024,"NULL","12","NULL","15","NULL","Observations: Reported","NULL","2024","NULL","12","NULL","24","NULL","Indonesia"
263340,"Raung",16116,"Confirmed Eruption","NULL","2","NULL","NULL",1885,"NULL","6","NULL","21","NULL","Observations: Reported","NULL","1885","NULL","6","NULL","22","NULL","Indonesia"
263340,"Raung",22367,"Confirmed Eruption","NULL","1","NULL","NULL",2020,"NULL","7","NULL","16","NULL","Observations: Reported","NULL","2020","NULL","10","NULL","3","NULL","Indonesia"
263340,"Raung",16142,"Confirmed Eruption","NULL","1","NULL","NULL",1975,"NULL","3","NULL","16","15","Observations: Reported","NULL","1975","NULL","5","NULL","16","15","Indonesia"
263340,"Raung",16114,"Confirmed Eruption","NULL","2","NULL","NULL",1838,"NULL","0","NULL","0","NULL","Observations: Reported","NULL","NULL","NULL","NULL","NULL","NULL","NULL","Indonesia"
263340,"Raung",16121,"Confirmed Eruption","NULL","2","NULL","NULL",1903,"NULL","11","NULL","28","NULL","Observations: Reported","NULL","1904","NULL","1","NULL","0","NULL","Indonesia"
263340,"Raung",22378,"Confirmed Eruption","Summit crater","1","NULL","NULL",2013,"NULL","6","NULL","29","NULL","Observations: Reported","NULL","2013","NULL","7","NULL","31","NULL","Indonesia"
263340,"Raung",16126,"Confirmed Eruption","1913 cone","2","NULL","NULL",1921,"NULL","2","NULL","14","4","Observations: Reported","NULL","1921","NULL","4","NULL","0","NULL","Indonesia"
263340,"Raung",16165,"Confirmed Eruption","NULL","2","NULL","NULL",2007,"NULL","7","NULL","26","NULL","Observations: Reported","NULL","2007","NULL","8","NULL","26","NULL","Indonesia"
263340,"Raung",13686,"Confirmed Eruption","NULL","2","NULL","NULL",1936,"NULL","8","NULL","22","NULL","Observations: Reported","NULL","1936","NULL","12","NULL","11","NULL","Indonesia"
263340,"Raung",16138,"Confirmed Eruption","NULL","3","NULL","NULL",1956,"NULL","2","NULL","13","NULL","Observations: Reported","NULL","1956","NULL","3","NULL","25","NULL","Indonesia"
263340,"Raung",13685,"Confirmed Eruption","NULL","2","NULL","NULL",1933,"NULL","11","NULL","21","NULL","Observations: Reported","NULL","1933","NULL","12","NULL","6","NULL","Indonesia"
263340,"Raung",16125,"Confirmed Eruption","NULL","2","NULL","NULL",1917,"NULL","2","NULL","22","NULL","Observations: Reported","NULL","NULL","NULL","NULL","NULL","NULL","NULL","Indonesia"
263340,"Raung",16109,"Confirmed Eruption","NULL","2","NULL","NULL",1793,"6","0","NULL","0","NULL","Observations: Reported","NULL","NULL","NULL","NULL","NULL","NULL","NULL","Indonesia"
263340,"Raung",16131,"Confirmed Eruption","NULL","2","NULL","NULL",1938,"NULL","8","NULL","13","NULL","Observations: Reported","NULL","1939","NULL","1",">","10","NULL","Indonesia"
263340,"Raung",16105,"Confirmed Eruption","NULL","5","?","NULL",1593,"NULL","0","NULL","0","NULL","Observations: Reported","NULL","NULL","NULL","NULL","NULL","NULL","NULL","Indonesia"
263340,"Raung",16145,"Confirmed Eruption","NULL","1","NULL","NULL",1978,"NULL","1","NULL","16","15","Observations: Reported","NULL","1979","NULL","12",">","16","15","Indonesia"
263340,"Raung",16147,"Confirmed Eruption","NULL","2","NULL","NULL",1985,"NULL","8","NULL","23","NULL","Observations: Reported","NULL","1986","NULL","2","NULL","28","NULL","Indonesia"
263340,"Raung",16107,"Confirmed Eruption","NULL","4","?","NULL",1638,"NULL","0","NULL","0","NULL","Observations: Reported","NULL","NULL","NULL","NULL","NULL","NULL","NULL","Indonesia"
263340,"Raung",22383,"Confirmed Eruption","NULL","2","NULL","NULL",2021,"NULL","1","NULL","21","NULL","Observations: Reported","NULL","2021","NULL","4","NULL","14","NULL","Indonesia"
263340,"Raung",16133,"Confirmed Eruption","NULL","2","NULL","NULL",1941,"NULL","12","NULL","13","NULL","Observations: Reported","NULL","NULL","NULL","NULL","NULL","NULL","NULL","Indonesia"
263340,"Raung",16140,"Confirmed Eruption","NULL","1","NULL","NULL",1973,"NULL","5","NULL","16","15","Observations: Reported","NULL","1973","NULL","10","NULL","16","15","Indonesia"
263340,"Raung",13684,"Confirmed Eruption","NULL","2","NULL","NULL",1929,"NULL","4","NULL","27","60","Observations: Reported","NULL","NULL","NULL","NULL","NULL","NULL","NULL","Indonesia"
263340,"Raung",16124,"Confirmed Eruption","NULL","2","NULL","NULL",1916,"NULL","11","NULL","0","NULL","Observations: Reported","NULL","1916","NULL","12","NULL","0","NULL","Indonesia"
263340,"Raung",16106,"Confirmed Eruption","NULL","3","NULL","NULL",1597,"NULL","1","NULL","17","NULL","Observations: Reported","NULL","1597","NULL","2",">","2","NULL","Indonesia"
263340,"Raung",16143,"Confirmed Eruption","NULL","2","NULL","NULL",1976,"NULL","6","NULL","7","NULL","Observations: Reported","NULL","1976","NULL","11","NULL","21","NULL","Indonesia"
263340,"Raung",16146,"Confirmed Eruption","NULL","3","NULL","NULL",1982,"NULL","7","NULL","18","NULL","Observations: Reported","NULL","1982","NULL","7","NULL","20","NULL","Indonesia"
263340,"Raung",15921,"Confirmed Eruption","NULL","2","NULL","NULL",1864,"NULL","7","NULL","2","NULL","Observations: Reported","NULL","1864","NULL","12","NULL","0","NULL","Indonesia"
263340,"Raung",16122,"Confirmed Eruption","NULL","2","NULL","NULL",1913,"NULL","5","NULL","10","NULL","Observations: Reported","NULL","1913","NULL","12","NULL","0","NULL","Indonesia"
263340,"Raung",16113,"Confirmed Eruption","NULL","4","?","NULL",1817,"NULL","1","NULL","16","NULL","Observations: Reported","NULL","1817","NULL","2","?","10","NULL","Indonesia"
263340,"Raung",22454,"Confirmed Eruption","NULL","2","NULL","NULL",2022,"NULL","5","NULL","14","NULL","Observations: Satellite (infrared)","NULL","2022","NULL","9","NULL","27","NULL","Indonesia"
263340,"Raung",16120,"Confirmed Eruption","NULL","2","NULL","NULL",1902,"NULL","2","NULL","16","NULL","Observations: Reported","NULL","1902","NULL","2",">","27","NULL","Indonesia"
263340,"Raung",16132,"Confirmed Eruption","NULL","2","NULL","NULL",1940,"NULL","0","NULL","0","NULL","Observations: Reported","NULL","NULL","NULL","NULL","NULL","NULL","NULL","Indonesia"
263340,"Raung",16135,"Confirmed Eruption","NULL","2","NULL","NULL",1944,"NULL","6","NULL","30","NULL","Observations: Reported","NULL","1945","NULL","4","NULL","19","NULL","Indonesia"
263340,"Raung",16129,"Confirmed Eruption","Central cone and NW crater wall","2","NULL","NULL",1927,"NULL","8","NULL","2","NULL","Observations: Reported","NULL","1928","NULL","3","?","0","NULL","Indonesia"
263340,"Raung",16136,"Confirmed Eruption","NULL","3","NULL","NULL",1953,"NULL","1","NULL","31","NULL","Observations: Reported","NULL","1953","NULL","4","NULL","15","5","Indonesia"
263340,"Raung",16166,"Confirmed Eruption","NULL","2","NULL","NULL",2008,"NULL","6","NULL","12","NULL","Observations: Reported","NULL","2008","NULL","6","?","17","NULL","Indonesia"
263340,"Raung",16013,"Confirmed Eruption","NULL","2","NULL","NULL",1937,"NULL","10","NULL","27","NULL","Observations: Reported","NULL","1937","NULL","11","NULL","27","NULL","Indonesia"
263340,"Raung",16141,"Confirmed Eruption","NULL","2","NULL","NULL",1974,"NULL","6","NULL","15","NULL","Observations: Reported","NULL","1974","NULL","7","?","17","NULL","Indonesia"
263340,"Raung",21070,"Confirmed Eruption","Summit crater","2","NULL","NULL",2014,"NULL","11","NULL","23","5","Observations: Reported","NULL","2015","NULL","8","NULL","30","8","Indonesia"
263340,"Raung",16161,"Confirmed Eruption","NULL","2","?","NULL",2000,"NULL","7","NULL","9","NULL","Observations: Reported","NULL","2000","NULL","7","NULL","9","NULL","Indonesia"
263340,"Raung",16156,"Confirmed Eruption","NULL","2","NULL","NULL",1999,"NULL","7","NULL","30","NULL","Observations: Reported","NULL","NULL","NULL","NULL","NULL","NULL","NULL","Indonesia"
263340,"Raung",16155,"Confirmed Eruption","NULL","2","NULL","NULL",1997,"NULL","4","<","16","15","Observations: Reported","NULL","NULL","NULL","NULL","NULL","NULL","NULL","Indonesia"
263340,"Raung",15920,"Confirmed Eruption","NULL","2","NULL","NULL",1860,"NULL","9","<","0","NULL","Observations: Reported","NULL","NULL","NULL","NULL","NULL","NULL","NULL","Indonesia"
263340,"Raung",16111,"Confirmed Eruption","NULL","2","NULL","NULL",1812,"NULL","0","NULL","0","NULL","Observations: Reported","?","1814","NULL","0","NULL","0","NULL","Indonesia"
263340,"Raung",15919,"Confirmed Eruption","NULL","2","NULL","NULL",1859,"NULL","12","NULL","14","NULL","Observations: Reported","NULL","NULL","NULL","NULL","NULL","NULL","NULL","Indonesia"
263340,"Raung",22607,"Confirmed Eruption","NULL","NULL","NULL","NULL",2025,"NULL","3","NULL","13","NULL","Observations: Reported","NULL","2025","NULL","7","NULL","11","NULL","Indonesia"
263340,"Raung",16151,"Confirmed Eruption","NULL","1","NULL","NULL",1993,"NULL","4","NULL","1","90","Observations: Reported","NULL","NULL","NULL","NULL","NULL","NULL","NULL","Indonesia"
263340,"Raung",16152,"Confirmed Eruption","NULL","1","NULL","NULL",1994,"NULL","7","NULL","14","NULL","Observations: Reported","NULL","1994","NULL","7","NULL","14","NULL","Indonesia"
263340,"Raung",16119,"Confirmed Eruption","NULL","2","NULL","NULL",1897,"NULL","4","NULL","0","NULL","Observations: Reported","NULL","NULL","NULL","NULL","NULL","NULL","NULL","Indonesia"
263340,"Raung",16134,"Confirmed Eruption","NULL","2","NULL","NULL",1943,"NULL","3","NULL","17","NULL","Observations: Reported","NULL","1943","NULL","6","NULL","18","NULL","Indonesia"
263340,"Raung",16130,"Confirmed Eruption","NULL","2","NULL","NULL",1928,"NULL","11","NULL","0","NULL","Observations: Reported","NULL","NULL","NULL","NULL","NULL","NULL","NULL","Indonesia"
263340,"Raung",16162,"Confirmed Eruption","NULL","2","NULL","NULL",2002,"NULL","6","<","16","15","Observations: Reported","NULL","2002","NULL","8",">","25","NULL","Indonesia"
263340,"Raung",16115,"Confirmed Eruption","NULL","NULL","NULL","NULL",1881,"NULL","0","NULL","0","NULL","Observations: Reported","NULL","NULL","NULL","NULL","NULL","NULL","NULL","Indonesia"
263340,"Raung",16117,"Confirmed Eruption","NULL","2","NULL","NULL",1890,"NULL","7","NULL","0","NULL","Observations: Reported","NULL","1890","NULL","9","NULL","15","2","Indonesia"
263340,"Raung",16150,"Confirmed Eruption","NULL","2","NULL","NULL",1991,"NULL","9","NULL","10","NULL","Observations: Reported","NULL","1991","NULL","11","?","12","NULL","Indonesia"
263340,"Raung",15918,"Confirmed Eruption","NULL","NULL","NULL","NULL",1849,"NULL","12","NULL","1","30","Observations: Reported","NULL","NULL","NULL","NULL","NULL","NULL","NULL","Indonesia"
263340,"Raung",16149,"Confirmed Eruption","NULL","2","NULL","NULL",1990,"NULL","1","<","16","NULL","Observations: Reported","NULL","1990","NULL","12",">","16","15","Indonesia"
263340,"Raung",16137,"Confirmed Eruption","NULL","2","?","NULL",1955,"NULL","1","NULL","18","NULL","Observations: Reported","NULL","1955","NULL","1","NULL","18","NULL","Indonesia"
263350,"Ijen",16172,"Confirmed Eruption","Kawah Ijen","1","NULL","NULL",1952,"NULL","4","NULL","22","NULL","Observations: Reported","NULL","1952","NULL","4","NULL","24","1","Indonesia"
263350,"Ijen",16171,"Confirmed Eruption","Kawah Ijen","2","NULL","NULL",1936,"NULL","11","NULL","5","NULL","Observations: Reported","NULL","1936","NULL","11","NULL","25","NULL","Indonesia"
263350,"Ijen",16169,"Confirmed Eruption","Kawah Ijen","2","NULL","NULL",1817,"NULL","1","NULL","15","NULL","Observations: Reported","NULL","1817","NULL","2","?","18","NULL","Indonesia"
263350,"Ijen",16167,"Confirmed Eruption","Kawah Ijen","NULL","NULL","NULL",-640,"50","0","NULL","0","NULL","Isotopic: 14C (uncalibrated)","NULL","NULL","NULL","NULL","NULL","NULL","NULL","Indonesia"
263350,"Ijen",16173,"Confirmed Eruption","Kawah Ijen","1","NULL","NULL",1993,"NULL","7","NULL","3","NULL","Observations: Reported","NULL","1993","NULL","8","NULL","1","NULL","Indonesia"
263350,"Ijen",16174,"Confirmed Eruption","Kawah Ijen","1","NULL","NULL",1994,"NULL","2","NULL","3","NULL","Observations: Reported","NULL","1994","NULL","2","NULL","3","NULL","Indonesia"
263350,"Ijen",16175,"Confirmed Eruption","Kawah Ijen","1","?","NULL",1999,"NULL","6","NULL","28","NULL","Observations: Reported","NULL","1999","NULL","6","NULL","28","NULL","Indonesia"
263350,"Ijen",16168,"Confirmed Eruption","Kawah Ijen","2","NULL","NULL",1796,"NULL","0","NULL","0","NULL","Observations: Reported","NULL","NULL","NULL","NULL","NULL","NULL","NULL","Indonesia"
263350,"Ijen",16170,"Confirmed Eruption","Kawah Ijen","1","NULL","NULL",1917,"NULL","2","NULL","25","NULL","Observations: Reported","NULL","1917","NULL","3","NULL","14","NULL","Indonesia"
264010,"Batur",16197,"Confirmed Eruption","SW flank (Batur III)","2","NULL","NULL",1968,"NULL","1","NULL","23","NULL","Observations: Reported","NULL","1968","NULL","2","NULL","15","NULL","Indonesia"
264010,"Batur",16195,"Confirmed Eruption","SW flank (near Batur III)","1","NULL","NULL",1965,"NULL","8","NULL","18","NULL","Observations: Reported","NULL","1965","NULL","12","NULL","16","15","Indonesia"
264010,"Batur",16191,"Confirmed Eruption","Batur II","2","NULL","NULL",1924,"NULL","3","NULL","0","NULL","Observations: Reported","NULL","1924","NULL","3","?","0","NULL","Indonesia"
264010,"Batur",16187,"Confirmed Eruption","Batur I, Batur II, Batur III","2","NULL","NULL",1905,"NULL","0","NULL","0","NULL","Observations: Reported","NULL","NULL","NULL","NULL","NULL","NULL","NULL","Indonesia"
264010,"Batur",16196,"Confirmed Eruption","SW flank (west of 1965 vent)","1","NULL","NULL",1966,"NULL","4","NULL","28","NULL","Observations: Reported","NULL","NULL","NULL","NULL","NULL","NULL","NULL","Indonesia"
264010,"Batur",16184,"Confirmed Eruption","SE flank of Batur I","2","NULL","NULL",1888,"NULL","5","NULL","30","NULL","Observations: Reported","NULL","1888","NULL","5","NULL","31","NULL","Indonesia"
264010,"Batur",16186,"Confirmed Eruption","West caldera floor (Gunung Anti)","2","NULL","NULL",1904,"NULL","0","NULL","0","NULL","Observations: Reported","NULL","NULL","NULL","NULL","NULL","NULL","NULL","Indonesia"
264010,"Batur",16190,"Confirmed Eruption","Batur II","2","NULL","NULL",1923,"NULL","0","NULL","0","NULL","Observations: Reported","NULL","NULL","NULL","NULL","NULL","NULL","NULL","Indonesia"
264010,"Batur",16179,"Confirmed Eruption","Batur I","2","NULL","NULL",1804,"NULL","0","NULL","0","NULL","Observations: Reported","NULL","NULL","NULL","NULL","NULL","NULL","NULL","Indonesia"
264010,"Batur",16189,"Confirmed Eruption","NULL","2","NULL","NULL",1922,"NULL","8","NULL","30","NULL","Observations: Reported","NULL","NULL","NULL","NULL","NULL","NULL","NULL","Indonesia"
264010,"Batur",16183,"Confirmed Eruption","Batur I","1","?","NULL",1854,"NULL","4","NULL","28","NULL","Observations: Reported","NULL","NULL","NULL","NULL","NULL","NULL","NULL","Indonesia"
264010,"Batur",16193,"Confirmed Eruption","SW flank below Batur III","2","NULL","NULL",1926,"NULL","8","NULL","2","NULL","Observations: Reported","NULL","1926","NULL","9","NULL","21","NULL","Indonesia"
264010,"Batur",16185,"Confirmed Eruption","Batur I","2","NULL","NULL",1897,"NULL","0","NULL","0","NULL","Observations: Reported","NULL","NULL","NULL","NULL","NULL","NULL","NULL","Indonesia"
264010,"Batur",16206,"Confirmed Eruption","NULL","1","NULL","NULL",1999,"NULL","3","NULL","15","NULL","Observations: Reported","NULL","2000","NULL","6","?","16","15","Indonesia"
264010,"Batur",16182,"Confirmed Eruption","NULL","2","NULL","NULL",1849,"NULL","0","NULL","0","NULL","Observations: Reported","NULL","NULL","NULL","NULL","NULL","NULL","NULL","Indonesia"
264010,"Batur",16180,"Confirmed Eruption","Batur I","2","NULL","NULL",1821,"NULL","3","NULL","16","NULL","Observations: Reported","NULL","NULL","NULL","NULL","NULL","NULL","NULL","Indonesia"
264010,"Batur",16188,"Confirmed Eruption","SW flank (Batur II)","2","NULL","NULL",1921,"NULL","1","NULL","29","NULL","Observations: Reported","NULL","1921","NULL","4","NULL","17","NULL","Indonesia"
264010,"Batur",16205,"Confirmed Eruption","NULL","1","NULL","NULL",1998,"NULL","7","NULL","4","3","Observations: Reported","NULL","NULL","NULL","NULL","NULL","NULL","NULL","Indonesia"
264010,"Batur",16199,"Confirmed Eruption","NULL","1","NULL","NULL",1971,"NULL","3","NULL","11","NULL","Observations: Reported","NULL","1971","NULL","8",">","25","NULL","Indonesia"
264010,"Batur",16198,"Confirmed Eruption","SW flank (1963 vent)","1","NULL","NULL",1970,"NULL","1","NULL","5","4","Observations: Reported","NULL","1970","NULL","1","NULL","15","NULL","Indonesia"
264010,"Batur",16202,"Confirmed Eruption","Batur III","2","NULL","NULL",1974,"NULL","3","NULL","12","NULL","Observations: Reported","NULL","1974","NULL","4","NULL","16","15","Indonesia"
264010,"Batur",16194,"Confirmed Eruption","SW, W flanks (near Batur III, Butus)","2","NULL","NULL",1963,"NULL","9","NULL","5","NULL","Observations: Reported","NULL","1964","NULL","5","NULL","10","NULL","Indonesia"
264010,"Batur",16200,"Confirmed Eruption","Batur III","2","NULL","NULL",1972,"NULL","1","NULL","19","NULL","Observations: Reported","NULL","1972","NULL","3","NULL","16","15","Indonesia"
264010,"Batur",16192,"Confirmed Eruption","Batur II","2","NULL","NULL",1925,"NULL","1","NULL","5","4","Observations: Reported","NULL","1925","NULL","1","NULL","5","4","Indonesia"
264010,"Batur",16204,"Confirmed Eruption","Batur III","1","NULL","NULL",1994,"NULL","8","NULL","7","NULL","Observations: Reported","NULL","1994","NULL","8",">","14","NULL","Indonesia"
264020,"Agung",22626,"Confirmed Eruption","NULL","1","NULL","NULL",2022,"NULL","4","NULL","3","NULL","Observations: Reported","NULL","2022","NULL","5","NULL","27","NULL","Indonesia"
264020,"Agung",16210,"Confirmed Eruption","NULL","5","NULL","NULL",1963,"NULL","2","NULL","18","NULL","Observations: Reported","NULL","1964","NULL","1","NULL","27","NULL","Indonesia"
264020,"Agung",22241,"Confirmed Eruption","Summit crater","3","NULL","NULL",2017,"NULL","11","NULL","21","NULL","Observations: Reported","NULL","2019","NULL","6","NULL","13","NULL","Indonesia"
264020,"Agung",16207,"Confirmed Eruption","NULL","2","NULL","NULL",1808,"NULL","0","NULL","0","NULL","Observations: Reported","NULL","NULL","NULL","NULL","NULL","NULL","NULL","Indonesia"
264020,"Agung",16209,"Confirmed Eruption","NULL","5","NULL","NULL",1843,"NULL","0","NULL","0","NULL","Observations: Reported","NULL","NULL","NULL","NULL","NULL","NULL","NULL","Indonesia"
264030,"Rinjani",16226,"Confirmed Eruption","Summit and NE flank of Barujari","2","NULL","NULL",2004,"NULL","10","NULL","1","NULL","Observations: Reported","NULL","2004","NULL","10",">","5","NULL","Indonesia"
264030,"Rinjani",16224,"Confirmed Eruption","Gunung Barujari","3","?","NULL",1994,"NULL","6","NULL","3","NULL","Observations: Reported","NULL","1994","NULL","11","NULL","21","NULL","Indonesia"
264030,"Rinjani",16212,"Confirmed Eruption","Gunung Barujari","2","NULL","NULL",1884,"NULL","8","NULL","8","NULL","Observations: Reported","NULL","1884","NULL","8","NULL","10","1","Indonesia"
264030,"Rinjani",22104,"Confirmed Eruption","Barujari crater","2","NULL","NULL",2015,"NULL","10","NULL","25","NULL","Observations: Reported","NULL","2015","NULL","12","NULL","24","NULL","Indonesia"
264030,"Rinjani",16217,"Confirmed Eruption","Gunung Barujari (Segara Munjar)","2","NULL","NULL",1915,"NULL","11","NULL","4","NULL","Observations: Reported","NULL","NULL","NULL","NULL","NULL","NULL","NULL","Indonesia"
264030,"Rinjani",16223,"Confirmed Eruption","East side of Barujari (2250 m)","1","NULL","NULL",1966,"NULL","3","NULL","28","NULL","Observations: Reported","NULL","1966","NULL","8","NULL","8","NULL","Indonesia"
264030,"Rinjani",16222,"Confirmed Eruption","Gunung Barujari","0","NULL","NULL",1965,"NULL","9","NULL","16","15","Observations: Reported","NULL","NULL","NULL","NULL","NULL","NULL","NULL","Indonesia"
264030,"Rinjani",16213,"Confirmed Eruption","Gunung Barujari","2","NULL","NULL",1900,"NULL","11","NULL","30","NULL","Observations: Reported","NULL","1900","NULL","12","NULL","2","NULL","Indonesia"
264030,"Rinjani",16215,"Confirmed Eruption","Gunung Barujari","1","?","NULL",1906,"NULL","4","NULL","29","NULL","Observations: Reported","NULL","NULL","NULL","NULL","NULL","NULL","NULL","Indonesia"
264030,"Rinjani",16211,"Confirmed Eruption","Gunung Barujari","2","NULL","NULL",1846,"NULL","9","NULL","10","NULL","Observations: Reported","NULL","1846","NULL","9","NULL","12","NULL","Indonesia"
264030,"Rinjani",16227,"Confirmed Eruption","NE flank of Gunung Barujari","2","NULL","NULL",2009,"NULL","5","NULL","2","NULL","Observations: Reported","NULL","2010","NULL","5","NULL","23","NULL","Indonesia"
264030,"Rinjani",22149,"Confirmed Eruption","Barujari Crater","2","NULL","NULL",2016,"NULL","8","NULL","1","NULL","Observations: Reported","NULL","2016","NULL","9","NULL","27","NULL","Indonesia"
264030,"Rinjani",16220,"Confirmed Eruption","NW flank of Gunung Barujari","0","NULL","NULL",1949,"NULL","0","NULL","0","NULL","Observations: Reported","NULL","1950","NULL","7","NULL","2","182","Indonesia"
264030,"Rinjani",16219,"Confirmed Eruption","NW flank of Barujari (Rombongan)","2","NULL","NULL",1944,"NULL","12","NULL","25","NULL","Observations: Reported","NULL","1945","NULL","1","?","1","NULL","Indonesia"
264030,"Rinjani",20843,"Confirmed Eruption","Samalas","7","?","NULL",1257,"NULL","7","NULL","1","90","Sidereal: Ice Core","NULL","NULL","NULL","NULL","NULL","NULL","NULL","Indonesia"
264030,"Rinjani",20844,"Confirmed Eruption","NULL","NULL","NULL","?",-600,"NULL","NULL","NULL","NULL","NULL","Isotopic: 14C (uncalibrated)","NULL","NULL","NULL","NULL","NULL","NULL","NULL","Indonesia"
264030,"Rinjani",16221,"Confirmed Eruption","Gunung Barujari","0","?","NULL",1953,"NULL","10","NULL","15","45","Observations: Reported","NULL","NULL","NULL","NULL","NULL","NULL","NULL","Indonesia"
264030,"Rinjani",16214,"Confirmed Eruption","Gunung Barujari","2","NULL","NULL",1901,"NULL","6","NULL","1","NULL","Observations: Reported","NULL","1901","NULL","6","NULL","2","NULL","Indonesia"
264030,"Rinjani",16216,"Confirmed Eruption","Gunung Barujari","2","NULL","NULL",1909,"NULL","11","NULL","30","NULL","Observations: Reported","NULL","1909","NULL","12","NULL","2","NULL","Indonesia"
264040,"Tambora",16228,"Confirmed Eruption","NULL","NULL","NULL","NULL",-3910,"200","0","NULL","0","NULL","Isotopic: 14C (uncalibrated)","NULL","NULL","NULL","NULL","NULL","NULL","NULL","Indonesia"
264040,"Tambora",16234,"Confirmed Eruption","NE part of caldera floor","0","NULL","NULL",1967,"20","7","NULL","2","182","Observations: Reported","NULL","NULL","NULL","NULL","NULL","NULL","NULL","Indonesia"
264040,"Tambora",16231,"Confirmed Eruption","NULL","7","NULL","NULL",1812,"NULL","0","NULL","0","NULL","Observations: Reported","NULL","1815","NULL","7","?","15","NULL","Indonesia"
264040,"Tambora",16233,"Confirmed Eruption","SW part of caldera (Doro Afi Toi)","2","NULL","NULL",1880,"30","0","NULL","0","NULL","Observations: Reported","NULL","NULL","NULL","NULL","NULL","NULL","NULL","Indonesia"
264040,"Tambora",16232,"Confirmed Eruption","NULL","2","NULL","NULL",1819,"NULL","8","NULL","0","NULL","Observations: Reported","NULL","NULL","NULL","NULL","NULL","NULL","NULL","Indonesia"
264040,"Tambora",16230,"Confirmed Eruption","NULL","NULL","NULL","NULL",740,"150","0","NULL","0","NULL","Isotopic: 14C (uncalibrated)","NULL","NULL","NULL","NULL","NULL","NULL","NULL","Indonesia"
264040,"Tambora",16229,"Confirmed Eruption","NULL","NULL","NULL","?",-3050,"NULL","0","NULL","0","NULL","Isotopic: 14C (uncalibrated)","NULL","NULL","NULL","NULL","NULL","NULL","NULL","Indonesia"
264050,"Sangeang Api",16248,"Confirmed Eruption","NULL","1","?","NULL",1958,"NULL","7","NULL","2","182","Observations: Reported","NULL","NULL","NULL","NULL","NULL","NULL","NULL","Indonesia"
264050,"Sangeang Api",16241,"Confirmed Eruption","NULL","2","NULL","NULL",1927,"NULL","0","NULL","0","NULL","Observations: Reported","NULL","NULL","NULL","NULL","NULL","NULL","NULL","Indonesia"
264050,"Sangeang Api",16245,"Confirmed Eruption","NULL","1","NULL","NULL",1955,"NULL","7","NULL","2","182","Observations: Reported","NULL","NULL","NULL","NULL","NULL","NULL","NULL","Indonesia"
264050,"Sangeang Api",16242,"Confirmed Eruption","Doro Api","3","NULL","NULL",1953,"NULL","3","NULL","19","NULL","Observations: Reported","NULL","1953","NULL","5",">","15","NULL","Indonesia"
264050,"Sangeang Api",16236,"Confirmed Eruption","NULL","2","NULL","NULL",1715,"NULL","0","NULL","0","NULL","Observations: Reported","NULL","NULL","NULL","NULL","NULL","NULL","NULL","Indonesia"
264050,"Sangeang Api",16243,"Confirmed Eruption","NULL","2","NULL","NULL",1954,"NULL","4","NULL","26","NULL","Observations: Reported","NULL","NULL","NULL","NULL","NULL","NULL","NULL","Indonesia"
264050,"Sangeang Api",16249,"Confirmed Eruption","Doro Api","2","NULL","NULL",1964,"NULL","1","NULL","29","NULL","Observations: Reported","NULL","1965","NULL","12","NULL","1","30","Indonesia"
264050,"Sangeang Api",16250,"Confirmed Eruption","NULL","2","NULL","NULL",1966,"NULL","2","NULL","28","NULL","Observations: Reported","NULL","1966","NULL","11","NULL","16","15","Indonesia"
264050,"Sangeang Api",16238,"Confirmed Eruption","NULL","2","NULL","NULL",1860,"NULL","9","NULL","11","NULL","Observations: Reported","NULL","1860","NULL","10","NULL","0","NULL","Indonesia"
264050,"Sangeang Api",20911,"Confirmed Eruption","Summit crater and east flank","3","NULL","NULL",2014,"NULL","5","NULL","30","NULL","Observations: Reported","NULL","2015","NULL","11","NULL","5","NULL","Indonesia"
264050,"Sangeang Api",16240,"Confirmed Eruption","NULL","2","NULL","NULL",1912,"NULL","4","NULL","0","NULL","Observations: Reported","NULL","NULL","NULL","NULL","NULL","NULL","NULL","Indonesia"
264050,"Sangeang Api",16244,"Confirmed Eruption","NULL","2","NULL","NULL",1954,"NULL","11","NULL","4","NULL","Observations: Reported","NULL","NULL","NULL","NULL","NULL","NULL","NULL","Indonesia"
264050,"Sangeang Api",16247,"Confirmed Eruption","NULL","1","NULL","NULL",1957,"NULL","7","NULL","2","182","Observations: Reported","NULL","NULL","NULL","NULL","NULL","NULL","NULL","Indonesia"
264050,"Sangeang Api",16246,"Confirmed Eruption","NULL","1","NULL","NULL",1956,"NULL","12","NULL","16","15","Observations: Reported","NULL","NULL","NULL","NULL","NULL","NULL","NULL","Indonesia"
264050,"Sangeang Api",16252,"Confirmed Eruption","NULL","2","?","NULL",1997,"NULL","7","NULL","2","182","Observations: Reported","NULL","1999","NULL","7","NULL","2","182","Indonesia"
264050,"Sangeang Api",22434,"Confirmed Eruption","NULL","2","NULL","NULL",2022,"NULL","2","NULL","17","NULL","Observations: Reported","NULL","2022","NULL","2","NULL","17","NULL","Indonesia"
264050,"Sangeang Api",16237,"Confirmed Eruption","NULL","2","NULL","NULL",1821,"NULL","3","NULL","23","NULL","Observations: Reported","NULL","NULL","NULL","NULL","NULL","NULL","NULL","Indonesia"
264050,"Sangeang Api",22228,"Confirmed Eruption","Summit crater, Doro Api cone","2","NULL","NULL",2017,"NULL","2","NULL","25","NULL","Observations: Reported","NULL","2020","NULL","6","NULL","10","NULL","Indonesia"
264050,"Sangeang Api",16239,"Confirmed Eruption","Doro Api","2","NULL","NULL",1911,"NULL","2","NULL","13","NULL","Observations: Reported","NULL","1911","NULL","3","NULL","2","NULL","Indonesia"
264050,"Sangeang Api",16251,"Confirmed Eruption","Doro Api","3","NULL","NULL",1985,"NULL","7","NULL","30","NULL","Observations: Reported","NULL","1988","NULL","2","NULL","16","15","Indonesia"
264071,"Ranakah",16255,"Confirmed Eruption","Anak Ranakah","1","NULL","NULL",1991,"NULL","3","<","16","15","Observations: Reported","NULL","NULL","NULL","NULL","NULL","NULL","NULL","Indonesia"
264071,"Ranakah",16254,"Confirmed Eruption","Anak Ranakah","3","NULL","NULL",1987,"NULL","12","NULL","28","NULL","Observations: Reported","NULL","1989","NULL","4",">","16","15","Indonesia"
264080,"Inierie",16256,"Confirmed Eruption","NE side (Wolo Bobo)","NULL","NULL","?",-8050,"NULL","0","NULL","0","NULL","Isotopic: 14C (uncalibrated)","NULL","NULL","NULL","NULL","NULL","NULL","NULL","Indonesia"
264090,"Inielika",16258,"Confirmed Eruption","Summit crater complex","2","NULL","NULL",2001,"NULL","1","NULL","11","NULL","Observations: Reported","NULL","2001","NULL","3","?","16","15","Indonesia"
264090,"Inielika",16257,"Confirmed Eruption","NULL","2","NULL","NULL",1905,"NULL","11","NULL","0","NULL","Observations: Reported","NULL","1905","NULL","11","NULL","0","NULL","Indonesia"
264100,"Ebulobo",16157,"Confirmed Eruption","NULL","2","NULL","NULL",1830,"NULL","0","NULL","0","NULL","Observations: Reported","NULL","NULL","NULL","NULL","NULL","NULL","NULL","Indonesia"
264100,"Ebulobo",16158,"Confirmed Eruption","NULL","2","NULL","NULL",1888,"NULL","0","NULL","0","NULL","Observations: Reported","NULL","NULL","NULL","NULL","NULL","NULL","NULL","Indonesia"
264100,"Ebulobo",13702,"Confirmed Eruption","NULL","NULL","NULL","NULL",1938,"NULL","5","NULL","0","NULL","Observations: Reported","NULL","1938","NULL","6","NULL","0","NULL","Indonesia"
264100,"Ebulobo",16159,"Confirmed Eruption","NULL","2","NULL","NULL",1910,"NULL","4","NULL","10","NULL","Observations: Reported","NULL","NULL","NULL","NULL","NULL","NULL","NULL","Indonesia"
264100,"Ebulobo",13703,"Confirmed Eruption","NULL","0","?","NULL",1941,"NULL","8","NULL","23","8","Observations: Reported","NULL","NULL","NULL","NULL","NULL","NULL","NULL","Indonesia"
264100,"Ebulobo",13704,"Confirmed Eruption","NULL","2","?","NULL",1969,"NULL","2","NULL","27","NULL","Observations: Reported","NULL","NULL","NULL","NULL","NULL","NULL","NULL","Indonesia"
264100,"Ebulobo",16160,"Confirmed Eruption","NULL","2","NULL","NULL",1924,"NULL","11","NULL","0","NULL","Observations: Reported","NULL","NULL","NULL","NULL","NULL","NULL","NULL","Indonesia"
264110,"Iya",13707,"Confirmed Eruption","NULL","2","NULL","NULL",1844,"NULL","5","NULL","0","NULL","Observations: Reported","NULL","NULL","NULL","NULL","NULL","NULL","NULL","Indonesia"
264110,"Iya",15524,"Confirmed Eruption","NULL","2","?","NULL",1953,"NULL","9","NULL","4","NULL","Observations: Reported","NULL","1953","NULL","9","NULL","5","NULL","Indonesia"
264110,"Iya",13706,"Confirmed Eruption","NULL","3","^","?",1671,"NULL","0","NULL","0","NULL","Observations: Reported","NULL","NULL","NULL","NULL","NULL","NULL","NULL","Indonesia"
264110,"Iya",16259,"Confirmed Eruption","Crater II (upper SW flank)","3","NULL","NULL",1969,"NULL","1","NULL","27","NULL","Observations: Reported","NULL","1969","NULL","1","NULL","30","NULL","Indonesia"
264110,"Iya",13708,"Confirmed Eruption","NULL","2","NULL","NULL",1867,"NULL","1","NULL","0","NULL","Observations: Reported","NULL","NULL","NULL","NULL","NULL","NULL","NULL","Indonesia"
264110,"Iya",13715,"Confirmed Eruption","NULL","2","NULL","NULL",1882,"NULL","0","NULL","0","NULL","Observations: Reported","NULL","NULL","NULL","NULL","NULL","NULL","NULL","Indonesia"
264110,"Iya",13714,"Confirmed Eruption","NULL","2","NULL","NULL",1871,"NULL","9","NULL","1","NULL","Observations: Reported","NULL","NULL","NULL","NULL","NULL","NULL","NULL","Indonesia"
264110,"Iya",16177,"Confirmed Eruption","NULL","2","NULL","NULL",1868,"NULL","5","NULL","4","NULL","Observations: Reported","NULL","NULL","NULL","NULL","NULL","NULL","NULL","Indonesia"
264140,"Kelimutu",16261,"Confirmed Eruption","NULL","2","NULL","NULL",1865,"5","0","NULL","0","NULL","Observations: Reported","NULL","NULL","NULL","NULL","NULL","NULL","NULL","Indonesia"
264140,"Kelimutu",16263,"Confirmed Eruption","Tiwu Nua Muri","1","NULL","NULL",1968,"NULL","6","NULL","3","NULL","Observations: Reported","NULL","1968","NULL","7","NULL","29","NULL","Indonesia"
264140,"Kelimutu",16262,"Confirmed Eruption","NULL","2","NULL","NULL",1938,"NULL","5","NULL","0","NULL","Observations: Reported","NULL","1938","NULL","6","NULL","0","NULL","Indonesia"
264150,"Paluweh",16272,"Confirmed Eruption","Rokatenda (west side of lava dome)","1","NULL","NULL",1985,"NULL","2","NULL","3","NULL","Observations: Reported","NULL","1985","NULL","2","NULL","3","NULL","Indonesia"
264150,"Paluweh",16268,"Confirmed Eruption","Rokatenda","3","NULL","NULL",1972,"NULL","10","NULL","22","NULL","Observations: Reported","NULL","1973","NULL","1","NULL","16","NULL","Indonesia"
264150,"Paluweh",20806,"Confirmed Eruption","Rokatenda","3","NULL","NULL",2012,"NULL","10","NULL","8","NULL","Observations: Reported","NULL","2013","NULL","10","NULL","31","7","Indonesia"
264150,"Paluweh",16270,"Confirmed Eruption","Rokatenda","2","NULL","NULL",1980,"NULL","11","NULL","5","NULL","Observations: Reported","NULL","1981","NULL","9","NULL","16","15","Indonesia"
264150,"Paluweh",16267,"Confirmed Eruption","Rokatenda (1928 crater)","2","NULL","NULL",1963,"NULL","12","NULL","31","NULL","Observations: Reported","NULL","1966","NULL","3","NULL","16","NULL","Indonesia"
264150,"Paluweh",16264,"Confirmed Eruption","NULL","3","NULL","NULL",1650,"50","0","NULL","0","NULL","Observations: Reported","NULL","NULL","NULL","NULL","NULL","NULL","NULL","Indonesia"
264150,"Paluweh",16266,"Confirmed Eruption","Rokatenda","3","NULL","NULL",1928,"NULL","8","NULL","4","NULL","Observations: Reported","NULL","1928","NULL","9","NULL","25","NULL","Indonesia"
264150,"Paluweh",16269,"Confirmed Eruption","NULL","2","NULL","NULL",1973,"NULL","10","NULL","27","NULL","Observations: Reported","NULL","1973","NULL","10","NULL","28","NULL","Indonesia"
264150,"Paluweh",16271,"Confirmed Eruption","Rokatenda (west side of lava dome)","2","NULL","NULL",1984,"NULL","5","NULL","9","NULL","Observations: Reported","NULL","1984","NULL","5","NULL","21","NULL","Indonesia"
264160,"Egon",16277,"Confirmed Eruption","Summit and southern flank","1","NULL","NULL",2005,"NULL","2","NULL","6","NULL","Observations: Reported","NULL","2005","NULL","2","NULL","27","NULL","Indonesia"
264160,"Egon",16278,"Confirmed Eruption","NULL","2","NULL","NULL",2008,"NULL","4","NULL","15","NULL","Observations: Reported","NULL","2008","NULL","4","?","28","NULL","Indonesia"
264160,"Egon",16275,"Confirmed Eruption","NULL","1","NULL","NULL",2004,"NULL","1","NULL","29","NULL","Observations: Reported","NULL","2004","NULL","2","?","5","NULL","Indonesia"
264160,"Egon",16276,"Confirmed Eruption","NULL","2","NULL","NULL",2004,"NULL","7","NULL","3","NULL","Observations: Reported","NULL","2004","NULL","9","?","16","NULL","Indonesia"
264180,"Lewotobi",16283,"Confirmed Eruption","Lewotobi Lakilaki","2","NULL","NULL",1868,"NULL","7","<","13","NULL","Observations: Reported","NULL","NULL","NULL","NULL","NULL","NULL","NULL","Indonesia"
264180,"Lewotobi",16292,"Confirmed Eruption","Lewetobi Perempuan","2","NULL","NULL",1935,"NULL","12","NULL","0","NULL","Observations: Reported","NULL","1935","NULL","12",">","25","NULL","Indonesia"
264180,"Lewotobi",16284,"Confirmed Eruption","Lewotobi Lakilaki","2","NULL","NULL",1868,"NULL","12","NULL","15","NULL","Observations: Reported","NULL","NULL","NULL","NULL","NULL","NULL","NULL","Indonesia"
264180,"Lewotobi",16293,"Confirmed Eruption","Lewotobi Lakilaki","2","NULL","NULL",1939,"NULL","12","NULL","17","NULL","Observations: Reported","NULL","1940","NULL","4","NULL","21","NULL","Indonesia"
264180,"Lewotobi",16304,"Confirmed Eruption","Lewotobi Lakilaki","2","NULL","NULL",2003,"NULL","5","NULL","30","NULL","Observations: Reported","NULL","2003","NULL","9",">","1","NULL","Indonesia"
264180,"Lewotobi",16297,"Confirmed Eruption","Lewotabi Lakilaki","1","NULL","NULL",1990,"NULL","1","NULL","28","NULL","Observations: Reported","NULL","1990","NULL","6","NULL","16","15","Indonesia"
264180,"Lewotobi",16291,"Confirmed Eruption","Lewotobi Lakilaki","3","NULL","NULL",1932,"NULL","5","NULL","23","NULL","Observations: Reported","NULL","1933","NULL","12","NULL","26","5","Indonesia"
264180,"Lewotobi",16294,"Confirmed Eruption","Lewotobi Lakilaki","2","NULL","NULL",1968,"NULL","11","NULL","28","NULL","Observations: Reported","NULL","1969","NULL","2","NULL","2","NULL","Indonesia"
264180,"Lewotobi",16296,"Confirmed Eruption","Lewotobi Lakilaki","2","NULL","NULL",1971,"NULL","1","NULL","16","15","Observations: Reported","NULL","NULL","NULL","NULL","NULL","NULL","NULL","Indonesia"
264180,"Lewotobi",16285,"Confirmed Eruption","Lewotobi Lakilaki","2","NULL","NULL",1869,"NULL","7","NULL","7","NULL","Observations: Reported","NULL","1869","NULL","7","NULL","27","NULL","Indonesia"
264180,"Lewotobi",16298,"Confirmed Eruption","Lewotobi Lakilaki","1","NULL","NULL",1991,"NULL","5","NULL","11","NULL","Observations: Reported","NULL","1992","NULL","12",">","31","NULL","Indonesia"
264180,"Lewotobi",16300,"Confirmed Eruption","Lewotobi Lakilaki","1","NULL","NULL",2002,"NULL","10","NULL","12","NULL","Observations: Reported","NULL","2002","NULL","10","?","12","NULL","Indonesia"
264180,"Lewotobi",16286,"Confirmed Eruption","Lewotobi Lakilaki","2","NULL","NULL",1889,"NULL","0","NULL","0","NULL","Observations: Reported","NULL","NULL","NULL","NULL","NULL","NULL","NULL","Indonesia"
264180,"Lewotobi",16281,"Confirmed Eruption","Lewotobi Lakilaki","2","NULL","NULL",1861,"NULL","5","NULL","4","NULL","Observations: Reported","NULL","1861","NULL","5","NULL","18","NULL","Indonesia"
264180,"Lewotobi",16289,"Confirmed Eruption","Lewotobi Lakilaki","2","NULL","NULL",1914,"NULL","6","NULL","29","NULL","Observations: Reported","NULL","NULL","NULL","NULL","NULL","NULL","NULL","Indonesia"
264180,"Lewotobi",16290,"Confirmed Eruption","Lewotobi Perempuan","2","NULL","NULL",1921,"NULL","1","NULL","1","NULL","Observations: Reported","NULL","1921","NULL","12","NULL","20","NULL","Indonesia"
264180,"Lewotobi",22652,"Confirmed Eruption","NULL","NULL","NULL","NULL",2026,"NULL","3","NULL","3","NULL","Observations: Reported",">","2026","NULL","3","NULL","25","NULL","Indonesia"
264180,"Lewotobi",16299,"Confirmed Eruption","Lewotobi Lakilaki","2","NULL","NULL",1999,"NULL","3","NULL","31","NULL","Observations: Reported","NULL","1999","NULL","7","?","1","NULL","Indonesia"
264180,"Lewotobi",16295,"Confirmed Eruption","Lewotobi Lakilaki","2","NULL","NULL",1970,"NULL","7","NULL","2","182","Observations: Reported","NULL","NULL","NULL","NULL","NULL","NULL","NULL","Indonesia"
264180,"Lewotobi",16288,"Confirmed Eruption","Lewotobi Lakilaki","2","NULL","NULL",1909,"NULL","1","NULL","8","NULL","Observations: Reported","NULL","1910","NULL","5","NULL","26","NULL","Indonesia"
264180,"Lewotobi",16279,"Confirmed Eruption","Lewotobi Lakilaki","3","^","NULL",1675,"25","0","NULL","0","NULL","Observations: Reported","NULL","NULL","NULL","NULL","NULL","NULL","NULL","Indonesia"
264180,"Lewotobi",22556,"Confirmed Eruption","NULL","2","NULL","NULL",2023,"NULL","12","NULL","23","NULL","Observations: Reported","NULL","2025","NULL","10","NULL","18","NULL","Indonesia"
264180,"Lewotobi",16282,"Confirmed Eruption","Lewotobi Lakilaki","2","NULL","NULL",1865,"NULL","5","NULL","4","NULL","Observations: Reported","NULL","NULL","NULL","NULL","NULL","NULL","NULL","Indonesia"
264180,"Lewotobi",16287,"Confirmed Eruption","Lewotobi Lakilaki","3","NULL","NULL",1907,"NULL","9","NULL","28","NULL","Observations: Reported","NULL","1907","NULL","10","NULL","30","NULL","Indonesia"
264220,"Iliboleng",16314,"Confirmed Eruption","NULL","2","NULL","NULL",1927,"NULL","0","NULL","0","NULL","Observations: Reported","NULL","NULL","NULL","NULL","NULL","NULL","NULL","Indonesia"
264220,"Iliboleng",16322,"Confirmed Eruption","NULL","2","NULL","NULL",1982,"NULL","11","NULL","17","NULL","Observations: Reported","NULL","1982","NULL","11","NULL","17","NULL","Indonesia"
264220,"Iliboleng",16323,"Confirmed Eruption","NULL","2","NULL","NULL",1983,"NULL","5","NULL","11","NULL","Observations: Reported","NULL","1984","NULL","4","NULL","13","NULL","Indonesia"
264220,"Iliboleng",16311,"Confirmed Eruption","NULL","2","NULL","NULL",1904,"NULL","0","NULL","0","NULL","Observations: Reported","NULL","NULL","NULL","NULL","NULL","NULL","NULL","Indonesia"
264220,"Iliboleng",16318,"Confirmed Eruption","NULL","2","NULL","NULL",1949,"NULL","6","NULL","12","NULL","Observations: Reported","NULL","NULL","NULL","NULL","NULL","NULL","NULL","Indonesia"
264220,"Iliboleng",16319,"Confirmed Eruption","NULL","2","NULL","NULL",1950,"NULL","3","NULL","16","15","Observations: Reported","NULL","1950","NULL","8","?","16","15","Indonesia"
264220,"Iliboleng",16317,"Confirmed Eruption","NULL","2","NULL","NULL",1949,"NULL","2","NULL","4","NULL","Observations: Reported","NULL","NULL","NULL","NULL","NULL","NULL","NULL","Indonesia"
264220,"Iliboleng",16315,"Confirmed Eruption","NULL","2","NULL","NULL",1944,"NULL","8","NULL","0","NULL","Observations: Reported","NULL","1944","NULL","10","NULL","0","NULL","Indonesia"
264220,"Iliboleng",16325,"Confirmed Eruption","NULL","2","NULL","NULL",1987,"NULL","10","NULL","2","NULL","Observations: Reported","NULL","1987","NULL","10","NULL","2","NULL","Indonesia"
264220,"Iliboleng",16316,"Confirmed Eruption","NULL","2","NULL","NULL",1948,"NULL","4","NULL","29","NULL","Observations: Reported","NULL","NULL","NULL","NULL","NULL","NULL","NULL","Indonesia"
264220,"Iliboleng",16312,"Confirmed Eruption","NULL","2","NULL","NULL",1909,"NULL","11","NULL","9","NULL","Observations: Reported","NULL","NULL","NULL","NULL","NULL","NULL","NULL","Indonesia"
264220,"Iliboleng",16327,"Confirmed Eruption","NULL","1","NULL","NULL",1991,"NULL","11","NULL","3","NULL","Observations: Reported","NULL","1991","NULL","11","NULL","15","NULL","Indonesia"
264220,"Iliboleng",16324,"Confirmed Eruption","NULL","1","NULL","NULL",1986,"NULL","5","NULL","28","NULL","Observations: Reported","NULL","1986","NULL","11","NULL","24","NULL","Indonesia"
264220,"Iliboleng",16320,"Confirmed Eruption","NULL","2","?","NULL",1951,"NULL","7","NULL","2","182","Observations: Reported","NULL","NULL","NULL","NULL","NULL","NULL","NULL","Indonesia"
264220,"Iliboleng",16309,"Confirmed Eruption","NULL","2","NULL","NULL",1885,"NULL","9","NULL","0","NULL","Observations: Reported","NULL","1885","NULL","10","NULL","0","NULL","Indonesia"
264220,"Iliboleng",16310,"Confirmed Eruption","NULL","2","NULL","NULL",1888,"NULL","0","NULL","0","NULL","Observations: Reported","NULL","NULL","NULL","NULL","NULL","NULL","NULL","Indonesia"
264220,"Iliboleng",16328,"Confirmed Eruption","NULL","1","?","NULL",1993,"NULL","6","?","16","15","Observations: Reported","NULL","1993","NULL","7","NULL","16","15","Indonesia"
264220,"Iliboleng",16313,"Confirmed Eruption","NULL","2","NULL","NULL",1925,"NULL","0","NULL","0","NULL","Observations: Reported","NULL","NULL","NULL","NULL","NULL","NULL","NULL","Indonesia"
264220,"Iliboleng",16326,"Confirmed Eruption","NULL","1","NULL","NULL",1991,"NULL","5","NULL","8","NULL","Observations: Reported","NULL","1991","NULL","6",">","30","NULL","Indonesia"
264220,"Iliboleng",16321,"Confirmed Eruption","NULL","2","NULL","NULL",1973,"NULL","4","NULL","16","15","Observations: Reported","NULL","1974","NULL","4","NULL","16","15","Indonesia"
264230,"Lewotolok",16334,"Confirmed Eruption","NULL","2","NULL","NULL",1899,"NULL","6","NULL","2","NULL","Observations: Reported","NULL","NULL","NULL","NULL","NULL","NULL","NULL","Indonesia"
264230,"Lewotolok",16329,"Confirmed Eruption","NULL","3","^","NULL",1660,"NULL","0","NULL","0","NULL","Observations: Reported","NULL","NULL","NULL","NULL","NULL","NULL","NULL","Indonesia"
264230,"Lewotolok",16336,"Confirmed Eruption","NULL","2","NULL","NULL",1951,"NULL","12","NULL","15","NULL","Observations: Reported","NULL","NULL","NULL","NULL","NULL","NULL","NULL","Indonesia"
264230,"Lewotolok",16331,"Confirmed Eruption","NULL","2","NULL","NULL",1849,"NULL","10","NULL","6","NULL","Observations: Reported","NULL","NULL","NULL","NULL","NULL","NULL","NULL","Indonesia"
264230,"Lewotolok",22601,"Confirmed Eruption","NULL","NULL","NULL","NULL",2025,"NULL","1","NULL","16","NULL","Observations: Reported",">","2026","NULL","3","NULL","25","NULL","Indonesia"
264230,"Lewotolok",22373,"Confirmed Eruption","NULL","2","NULL","NULL",2020,"NULL","11","NULL","27","NULL","Observations: Reported","NULL","2024","NULL","8","NULL","20","NULL","Indonesia"
264230,"Lewotolok",16335,"Confirmed Eruption","NULL","2","NULL","NULL",1920,"NULL","0","NULL","0","NULL","Observations: Reported","NULL","NULL","NULL","NULL","NULL","NULL","NULL","Indonesia"
264230,"Lewotolok",20791,"Confirmed Eruption","Summit crater","1","NULL","NULL",2012,"NULL","1","NULL","2","NULL","Observations: Reported","NULL","2012","NULL","1","NULL","14","NULL","Indonesia"
264230,"Lewotolok",16333,"Confirmed Eruption","NULL","2","NULL","NULL",1864,"NULL","0","NULL","0","NULL","Observations: Reported","NULL","NULL","NULL","NULL","NULL","NULL","NULL","Indonesia"
264230,"Lewotolok",16332,"Confirmed Eruption","K2 crater","2","NULL","NULL",1852,"NULL","10","NULL","5","NULL","Observations: Reported","NULL","1852","NULL","10","NULL","6","NULL","Indonesia"
264230,"Lewotolok",16330,"Confirmed Eruption","NULL","2","NULL","NULL",1819,"NULL","0","NULL","0","NULL","Observations: Reported","NULL","NULL","NULL","NULL","NULL","NULL","NULL","Indonesia"
264250,"Iliwerung",16344,"Confirmed Eruption","NULL","2","NULL","NULL",1951,"NULL","11","NULL","12","NULL","Observations: Reported","NULL","1951","NULL","11","NULL","16","NULL","Indonesia"
264250,"Iliwerung",16345,"Confirmed Eruption","NULL","1","NULL","NULL",1952,"NULL","3","NULL","24","NULL","Observations: Reported","NULL","NULL","NULL","NULL","NULL","NULL","NULL","Indonesia"
264250,"Iliwerung",16348,"Confirmed Eruption","Hobal (submarine vent on SE flank)","1","NULL","NULL",1983,"NULL","8","NULL","17","NULL","Observations: Reported","NULL","1983","NULL","8","NULL","18","NULL","Indonesia"
264250,"Iliwerung",16337,"Confirmed Eruption","Iliwerung (Iliadowajo)","3","NULL","NULL",1870,"NULL","0","NULL","0","NULL","Observations: Reported","NULL","NULL","NULL","NULL","NULL","NULL","NULL","Indonesia"
264250,"Iliwerung",16343,"Confirmed Eruption","NULL","2","NULL","NULL",1950,"NULL","9","NULL","10","NULL","Observations: Reported","NULL","1950","NULL","10","NULL","2","NULL","Indonesia"
264250,"Iliwerung",20912,"Confirmed Eruption","Hobal (submarine vent on SE flank)","0","NULL","NULL",2013,"NULL","8","NULL","20","NULL","Observations: Reported","NULL","2013","NULL","8","NULL","20","NULL","Indonesia"
264250,"Iliwerung",16342,"Confirmed Eruption","NULL","2","NULL","NULL",1949,"NULL","4","NULL","9","NULL","Observations: Reported","NULL","1949","NULL","4","NULL","29","NULL","Indonesia"
264250,"Iliwerung",16349,"Confirmed Eruption","Hobal (submarine vent on SE flank)","2","NULL","NULL",1993,"NULL","9","NULL","15","NULL","Observations: Reported","NULL","1993","NULL","9","NULL","19","NULL","Indonesia"
264250,"Iliwerung",16338,"Confirmed Eruption","Iliwerung","2","NULL","NULL",1910,"NULL","0","NULL","0","NULL","Observations: Reported","NULL","NULL","NULL","NULL","NULL","NULL","NULL","Indonesia"
264250,"Iliwerung",16346,"Confirmed Eruption","Hobal (submarine vent on SE flank)","2","NULL","NULL",1973,"NULL","12","NULL","5","NULL","Observations: Reported","NULL","1974","NULL","8","NULL","22","NULL","Indonesia"
264250,"Iliwerung",16339,"Confirmed Eruption","Iliwerung","2","NULL","NULL",1928,"NULL","0","NULL","0","NULL","Observations: Reported","NULL","NULL","NULL","NULL","NULL","NULL","NULL","Indonesia"
264250,"Iliwerung",16350,"Confirmed Eruption","Hobal (submarine vent on SE flank)","0","NULL","NULL",1999,"NULL","5","NULL","22","NULL","Observations: Reported","NULL","1999","NULL","9",">","16","15","Indonesia"
264250,"Iliwerung",16341,"Confirmed Eruption","East flank (Iligripe)","2","NULL","NULL",1948,"NULL","4","NULL","7","NULL","Observations: Reported","NULL","1948","NULL","11","NULL","26","NULL","Indonesia"
264250,"Iliwerung",22421,"Confirmed Eruption","NULL","0","NULL","NULL",2021,"NULL","11","NULL","28","NULL","Observations: Reported","NULL","2021","NULL","11","NULL","29","NULL","Indonesia"
264260,"Tara, Batu",16353,"Confirmed Eruption","NULL","2","NULL","NULL",2007,"NULL","1","?","17","NULL","Observations: Reported","NULL","2015","NULL","11","NULL","26","NULL","Indonesia"
264260,"Tara, Batu",16351,"Confirmed Eruption","NULL","2","NULL","NULL",1847,"NULL","0","NULL","0","NULL","Observations: Reported","NULL","1852","NULL","8",">","31","NULL","Indonesia"
264270,"Sirung",16364,"Confirmed Eruption","NULL","2","?","NULL",1970,"NULL","7","NULL","2","182","Observations: Reported","NULL","NULL","NULL","NULL","NULL","NULL","NULL","Indonesia"
264270,"Sirung",20819,"Confirmed Eruption","Vents within the caldera","2","NULL","NULL",2012,"NULL","5","NULL","8","NULL","Observations: Reported","NULL","2012","NULL","5","NULL","12","NULL","Indonesia"
264270,"Sirung",21086,"Confirmed Eruption","vents within the caldera","1","NULL","NULL",2015,"NULL","7","NULL","7","NULL","Observations: Reported","NULL","2015","NULL","7","NULL","8","NULL","Indonesia"
264270,"Sirung",16362,"Confirmed Eruption","NULL","1","NULL","NULL",1965,"NULL","5","NULL","7","NULL","Observations: Reported","NULL","1965","NULL","5","NULL","18","NULL","Indonesia"
264270,"Sirung",16357,"Confirmed Eruption","NULL","2","NULL","NULL",1934,"NULL","6","NULL","14","NULL","Observations: Reported","NULL","1934","NULL","7","NULL","15","5","Indonesia"
264270,"Sirung",22405,"Confirmed Eruption","NULL","1","NULL","NULL",2021,"NULL","7","NULL","21","NULL","Observations: Reported","NULL","2021","NULL","7","NULL","21","NULL","Indonesia"
264270,"Sirung",16359,"Confirmed Eruption","NULL","NULL","NULL","NULL",1953,"NULL","6","NULL","16","15","Observations: Reported","NULL","NULL","NULL","NULL","NULL","NULL","NULL","Indonesia"
264270,"Sirung",16361,"Confirmed Eruption","NULL","1","NULL","NULL",1964,"NULL","2","NULL","8","NULL","Observations: Reported","NULL","1964","NULL","10",">","5","NULL","Indonesia"
264270,"Sirung",16363,"Confirmed Eruption","NULL","1","NULL","NULL",1965,"NULL","11","NULL","2","NULL","Observations: Reported","NULL","1965","NULL","11","NULL","2","NULL","Indonesia"
264270,"Sirung",16358,"Confirmed Eruption","NULL","2","NULL","NULL",1947,"NULL","4","NULL","0","NULL","Observations: Reported","NULL","1947","NULL","5","NULL","0","NULL","Indonesia"
264270,"Sirung",16360,"Confirmed Eruption","NULL","2","?","NULL",1960,"NULL","3","NULL","13","NULL","Observations: Reported","NULL","NULL","NULL","NULL","NULL","NULL","NULL","Indonesia"
265040,"Wurlali",16373,"Confirmed Eruption","NULL","2","NULL","NULL",1892,"NULL","6","NULL","3","NULL","Observations: Reported","NULL","1892","NULL","6","NULL","5","NULL","Indonesia"
265050,"Teon",16377,"Confirmed Eruption","NULL","3","^","NULL",1693,"NULL","0","NULL","0","NULL","Observations: Reported","NULL","NULL","NULL","NULL","NULL","NULL","NULL","Indonesia"
265050,"Teon",16375,"Confirmed Eruption","NULL","4","?","NULL",1660,"NULL","2","NULL","0","NULL","Observations: Reported","NULL","NULL","NULL","NULL","NULL","NULL","NULL","Indonesia"
265050,"Teon",16374,"Confirmed Eruption","NULL","3","^","NULL",1659,"NULL","11","NULL","11","NULL","Observations: Reported","NULL","NULL","NULL","NULL","NULL","NULL","NULL","Indonesia"
265050,"Teon",16378,"Confirmed Eruption","NULL","2","NULL","NULL",1904,"NULL","6","NULL","3","NULL","Observations: Reported","NULL","NULL","NULL","NULL","NULL","NULL","NULL","Indonesia"
265050,"Teon",16376,"Confirmed Eruption","NULL","3","^","NULL",1663,"NULL","1","NULL","18","NULL","Observations: Reported","NULL","NULL","NULL","NULL","NULL","NULL","NULL","Indonesia"
265060,"Nila",16381,"Confirmed Eruption","NULL","1","?","NULL",1964,"NULL","3","NULL","16","15","Observations: Reported","NULL","1964","NULL","3","NULL","16","15","Indonesia"
265060,"Nila",16382,"Confirmed Eruption","East flank","1","NULL","NULL",1968,"NULL","5","NULL","7","NULL","Observations: Reported","NULL","1968","NULL","6","NULL","16","15","Indonesia"
265060,"Nila",16380,"Confirmed Eruption","SE flank","2","NULL","NULL",1932,"NULL","3","NULL","13","NULL","Observations: Reported","NULL","NULL","NULL","NULL","NULL","NULL","NULL","Indonesia"
265060,"Nila",16379,"Confirmed Eruption","NULL","2","NULL","NULL",1903,"NULL","12","NULL","8","NULL","Observations: Reported","NULL","NULL","NULL","NULL","NULL","NULL","NULL","Indonesia"
265070,"Serua",16388,"Confirmed Eruption","NULL","2","NULL","NULL",1844,"NULL","8","NULL","0","NULL","Observations: Reported","NULL","1844","NULL","9","NULL","0","NULL","Indonesia"
265070,"Serua",16393,"Confirmed Eruption","NULL","2","NULL","NULL",1919,"NULL","11","NULL","0","NULL","Observations: Reported","NULL","NULL","NULL","NULL","NULL","NULL","NULL","Indonesia"
265070,"Serua",16391,"Confirmed Eruption","NULL","2","NULL","NULL",1858,"NULL","0","NULL","0","NULL","Observations: Reported","NULL","NULL","NULL","NULL","NULL","NULL","NULL","Indonesia"
265070,"Serua",16394,"Confirmed Eruption","Summit and south flank","2","NULL","NULL",1921,"NULL","9","NULL","18","NULL","Observations: Reported","NULL","NULL","NULL","NULL","NULL","NULL","NULL","Indonesia"
265070,"Serua",16386,"Confirmed Eruption","NULL","4","?","NULL",1693,"NULL","6","NULL","4","NULL","Observations: Reported","NULL","1693","NULL","7","NULL","0","NULL","Indonesia"
265070,"Serua",16384,"Confirmed Eruption","NULL","3","^","NULL",1687,"NULL","6","NULL","15","NULL","Observations: Reported","NULL","NULL","NULL","NULL","NULL","NULL","NULL","Indonesia"
265070,"Serua",16387,"Confirmed Eruption","NULL","3","^","NULL",1694,"NULL","0","NULL","0","NULL","Observations: Reported","NULL","NULL","NULL","NULL","NULL","NULL","NULL","Indonesia"
265070,"Serua",16383,"Confirmed Eruption","NULL","3","^","NULL",1683,"NULL","0","NULL","0","NULL","Observations: Reported","NULL","NULL","NULL","NULL","NULL","NULL","NULL","Indonesia"
265070,"Serua",16392,"Confirmed Eruption","NULL","2","NULL","NULL",1859,"NULL","0","NULL","0","NULL","Observations: Reported","NULL","NULL","NULL","NULL","NULL","NULL","NULL","Indonesia"
265070,"Serua",16390,"Confirmed Eruption","NULL","2","NULL","NULL",1846,"NULL","9","?","0","NULL","Observations: Reported","NULL","NULL","NULL","NULL","NULL","NULL","NULL","Indonesia"
265090,"Banda Api",16418,"Confirmed Eruption","Summit and north flank","2","NULL","NULL",1901,"NULL","5","NULL","18","NULL","Observations: Reported","NULL","NULL","NULL","NULL","NULL","NULL","NULL","Indonesia"
265090,"Banda Api",16397,"Confirmed Eruption","NULL","3","^","NULL",1609,"NULL","0","NULL","0","NULL","Observations: Reported","NULL","NULL","NULL","NULL","NULL","NULL","NULL","Indonesia"
265090,"Banda Api",16409,"Confirmed Eruption","NULL","2","NULL","NULL",1775,"NULL","0","NULL","0","NULL","Observations: Reported","NULL","NULL","NULL","NULL","NULL","NULL","NULL","Indonesia"
265090,"Banda Api",16407,"Confirmed Eruption","NULL","2","NULL","NULL",1765,"NULL","4","NULL","19","NULL","Observations: Reported","NULL","1766","NULL","10","NULL","0","NULL","Indonesia"
265090,"Banda Api",16395,"Confirmed Eruption","NULL","3","^","NULL",1586,"NULL","4","NULL","17","NULL","Observations: Reported","NULL","NULL","NULL","NULL","NULL","NULL","NULL","Indonesia"
265090,"Banda Api",16408,"Confirmed Eruption","NULL","2","NULL","NULL",1773,"NULL","2","NULL","6","NULL","Observations: Reported","NULL","NULL","NULL","NULL","NULL","NULL","NULL","Indonesia"
265090,"Banda Api",16414,"Confirmed Eruption","NULL","1","NULL","?",1825,"NULL","0","NULL","0","NULL","Observations: Reported","NULL","1831","NULL","0","NULL","0","NULL","Indonesia"
265090,"Banda Api",16404,"Confirmed Eruption","NULL","2","NULL","NULL",1722,"NULL","0","NULL","0","NULL","Observations: Reported","NULL","NULL","NULL","NULL","NULL","NULL","NULL","Indonesia"
265090,"Banda Api",16406,"Confirmed Eruption","NULL","2","NULL","NULL",1762,"NULL","0","NULL","0","NULL","Observations: Reported","NULL","NULL","NULL","NULL","NULL","NULL","NULL","Indonesia"
265090,"Banda Api",16399,"Confirmed Eruption","NULL","3","^","NULL",1632,"NULL","12","NULL","16","NULL","Observations: Reported","NULL","NULL","NULL","NULL","NULL","NULL","NULL","Indonesia"
265090,"Banda Api",16396,"Confirmed Eruption","NULL","3","NULL","NULL",1598,"NULL","0","NULL","0","NULL","Observations: Reported","NULL","1602","NULL","0","NULL","0","NULL","Indonesia"
265090,"Banda Api",16420,"Confirmed Eruption","Summit, north and south flanks","3","?","NULL",1988,"NULL","5","NULL","9","NULL","Observations: Reported","NULL","1988","NULL","5","NULL","17","NULL","Indonesia"
265090,"Banda Api",16402,"Confirmed Eruption","NULL","3","^","NULL",1690,"NULL","0","NULL","0","NULL","Observations: Reported","NULL","1696","NULL","5","NULL","22","NULL","Indonesia"
265090,"Banda Api",16403,"Confirmed Eruption","NULL","2","NULL","NULL",1712,"NULL","5","NULL","0","NULL","Observations: Reported","NULL","1712","NULL","12","NULL","0","NULL","Indonesia"
265090,"Banda Api",16413,"Confirmed Eruption","North side","2","NULL","NULL",1824,"NULL","4","NULL","22","NULL","Observations: Reported","NULL","1824","NULL","6","NULL","28","NULL","Indonesia"
265090,"Banda Api",16417,"Confirmed Eruption","NULL","2","NULL","NULL",1890,"NULL","11","NULL","23","NULL","Observations: Reported","NULL","1890","NULL","11","NULL","23","NULL","Indonesia"
265090,"Banda Api",16411,"Confirmed Eruption","NULL","2","NULL","NULL",1816,"NULL","10","NULL","11","NULL","Observations: Reported","NULL","1816","NULL","12","NULL","0","NULL","Indonesia"
265090,"Banda Api",16401,"Confirmed Eruption","NULL","3","NULL","NULL",1683,"NULL","0","NULL","0","NULL","Observations: Reported","NULL","NULL","NULL","NULL","NULL","NULL","NULL","Indonesia"
265090,"Banda Api",16400,"Confirmed Eruption","NULL","1","?","NULL",1635,"NULL","11","NULL","18","NULL","Observations: Reported","NULL","NULL","NULL","NULL","NULL","NULL","NULL","Indonesia"
265090,"Banda Api",16410,"Confirmed Eruption","NULL","2","NULL","NULL",1778,"NULL","0","NULL","0","NULL","Observations: Reported","NULL","NULL","NULL","NULL","NULL","NULL","NULL","Indonesia"
265090,"Banda Api",16398,"Confirmed Eruption","NULL","3","NULL","NULL",1615,"NULL","3","NULL","16","NULL","Observations: Reported","NULL","1615","NULL","4","?","0","NULL","Indonesia"
265090,"Banda Api",16405,"Confirmed Eruption","NULL","2","NULL","NULL",1749,"NULL","0","NULL","0","NULL","Observations: Reported","NULL","NULL","NULL","NULL","NULL","NULL","NULL","Indonesia"
265090,"Banda Api",16412,"Confirmed Eruption","Summit, south and NNW flanks","2","NULL","NULL",1820,"NULL","6","NULL","11","NULL","Observations: Reported","NULL","1820","NULL","8","NULL","8","NULL","Indonesia"
266010,"Colo",16423,"Confirmed Eruption","Gunung Colo","4","NULL","NULL",1983,"NULL","7","NULL","18","NULL","Observations: Reported","NULL","1983","NULL","12","NULL","16","15","Indonesia"
266010,"Colo",16421,"Confirmed Eruption","Gunung Colo","3","?","NULL",1898,"NULL","5","NULL","2","NULL","Observations: Reported","?","1900","NULL","0","NULL","0","NULL","Indonesia"
266010,"Colo",16422,"Confirmed Eruption","Gunung Colo","1","NULL","NULL",1938,"10","0","NULL","0","NULL","Observations: Reported","NULL","NULL","NULL","NULL","NULL","NULL","NULL","Indonesia"
266020,"Ambang",16424,"Confirmed Eruption","NULL","NULL","NULL","NULL",1845,"5","0","NULL","0","NULL","Observations: Reported","NULL","NULL","NULL","NULL","NULL","NULL","NULL","Indonesia"
266020,"Ambang",20947,"Confirmed Eruption","NULL","1","NULL","NULL",2005,"NULL","12","NULL","22","NULL","Observations: Reported","NULL","NULL","NULL","NULL","NULL","NULL","NULL","Indonesia"
266030,"Soputan",16430,"Confirmed Eruption","NULL","2","NULL","NULL",1985,"NULL","5","NULL","19","NULL","Observations: Reported","NULL","1985","NULL","5","NULL","20","NULL","Indonesia"
266030,"Soputan",20988,"Confirmed Eruption","Summit crater and WSW flank","3","NULL","NULL",2015,"NULL","1","NULL","6","NULL","Observations: Reported","NULL","2015","NULL","3","NULL","9","NULL","Indonesia"
266030,"Soputan",13595,"Confirmed Eruption","NE flank (Aeseput)","2","NULL","NULL",1953,"NULL","11","NULL","16","15","Observations: Reported","NULL","NULL","NULL","NULL","NULL","NULL","NULL","Indonesia"
266030,"Soputan",16438,"Confirmed Eruption","NULL","3","NULL","NULL",2007,"NULL","6","?","16","15","Observations: Reported","NULL","2007","NULL","11","?","9","NULL","Indonesia"
266030,"Soputan",13597,"Confirmed Eruption","NULL","1","NULL","NULL",1968,"NULL","7","NULL","16","15","Observations: Reported","NULL","1968","NULL","8","NULL","16","15","Indonesia"
266030,"Soputan",13592,"Confirmed Eruption","NE flank (Aeseput)","2","NULL","NULL",1917,"NULL","11","NULL","0","NULL","Observations: Reported","NULL","NULL","NULL","NULL","NULL","NULL","NULL","Indonesia"
266030,"Soputan",13594,"Confirmed Eruption","NE flank (Aeseput)","2","NULL","NULL",1947,"NULL","8","NULL","22","NULL","Observations: Reported","NULL","1947","NULL","8","NULL","27","NULL","Indonesia"
266030,"Soputan",13593,"Confirmed Eruption","NE flank (Aeseput)","2","NULL","NULL",1923,"NULL","11","NULL","27","NULL","Observations: Reported","NULL","1924","NULL","1","NULL","18","NULL","Indonesia"
266030,"Soputan",13590,"Confirmed Eruption","NE flank (Aeseput)","2","NULL","NULL",1913,"NULL","4","NULL","0","NULL","Observations: Reported","NULL","1913","NULL","7","NULL","0","NULL","Indonesia"
266030,"Soputan",16433,"Confirmed Eruption","NULL","1","NULL","NULL",2005,"NULL","12","NULL","26","NULL","Observations: Reported","NULL","2006","NULL","1","?","24","NULL","Indonesia"
266030,"Soputan",13460,"Confirmed Eruption","NULL","2","NULL","NULL",1890,"NULL","0","NULL","0","NULL","Observations: Reported","NULL","NULL","NULL","NULL","NULL","NULL","NULL","Indonesia"
266030,"Soputan",13587,"Confirmed Eruption","NE flank (Aeseput)","2","NULL","NULL",1908,"NULL","6","NULL","0","NULL","Observations: Reported","NULL","1909","NULL","6","NULL","0","NULL","Indonesia"
266030,"Soputan",16434,"Confirmed Eruption","NULL","1","NULL","NULL",2006,"NULL","12","NULL","14","NULL","Observations: Reported","NULL","2006","NULL","12","?","26","NULL","Indonesia"
266030,"Soputan",16426,"Confirmed Eruption","NULL","1","NULL","NULL",1971,"NULL","5","NULL","19","NULL","Observations: Reported","NULL","1971","NULL","5","NULL","19","NULL","Indonesia"
266030,"Soputan",13726,"Confirmed Eruption","NULL","2","NULL","NULL",1819,"NULL","0","NULL","0","NULL","Observations: Reported","NULL","NULL","NULL","NULL","NULL","NULL","NULL","Indonesia"
266030,"Soputan",13589,"Confirmed Eruption","NE flank (Aeseput)","2","NULL","NULL",1911,"NULL","11","NULL","0","NULL","Observations: Reported","NULL","1912","NULL","4","NULL","0","NULL","Indonesia"
266030,"Soputan",13596,"Confirmed Eruption","Kawah Soputan","3","NULL","NULL",1966,"NULL","5","NULL","21","NULL","Observations: Reported","NULL","1967","NULL","11","NULL","16","15","Indonesia"
266030,"Soputan",16302,"Confirmed Eruption","NULL","3","^","NULL",1450,"10","0","NULL","0","NULL","Observations: Reported","NULL","NULL","NULL","NULL","NULL","NULL","NULL","Indonesia"
266030,"Soputan",16303,"Confirmed Eruption","NULL","2","NULL","NULL",1785,"NULL","12","NULL","31","365","Observations: Reported","NULL","NULL","NULL","NULL","NULL","NULL","NULL","Indonesia"
266030,"Soputan",13588,"Confirmed Eruption","NE flank (Aeseput)","2","NULL","NULL",1910,"NULL","11","NULL","15","45","Observations: Reported","NULL","NULL","NULL","NULL","NULL","NULL","NULL","Indonesia"
266030,"Soputan",13598,"Confirmed Eruption","NULL","2","NULL","NULL",1970,"NULL","2","NULL","16","15","Observations: Reported","NULL","1970","NULL","5","NULL","26","5","Indonesia"
266030,"Soputan",20820,"Confirmed Eruption","Summit crater and flank","3","NULL","NULL",2011,"NULL","7","NULL","3","NULL","Observations: Reported","NULL","2011","NULL","8","NULL","15","NULL","Indonesia"
266030,"Soputan",16427,"Confirmed Eruption","NULL","2","NULL","NULL",1973,"NULL","1","NULL","6","NULL","Observations: Reported","NULL","1973","NULL","5","NULL","27","NULL","Indonesia"
266030,"Soputan",16429,"Confirmed Eruption","NULL","3","NULL","NULL",1984,"NULL","5","NULL","24","NULL","Observations: Reported","NULL","1984","NULL","8","NULL","31","NULL","Indonesia"
266030,"Soputan",20821,"Confirmed Eruption","Summit crater","3","NULL","NULL",2012,"NULL","8","NULL","26","NULL","Observations: Reported","NULL","2012","NULL","9","NULL","19","NULL","Indonesia"
266030,"Soputan",16428,"Confirmed Eruption","NULL","3","NULL","NULL",1982,"NULL","8","NULL","26","NULL","Observations: Reported","NULL","1982","NULL","11","NULL","10","NULL","Indonesia"
266030,"Soputan",13591,"Confirmed Eruption","NE flank (Aeseput Weru)","2","NULL","NULL",1915,"NULL","4","NULL","0","NULL","Observations: Reported","NULL","1915","NULL","6","NULL","0","NULL","Indonesia"
266030,"Soputan",22293,"Confirmed Eruption","Summit crater","3","NULL","NULL",2018,"NULL","10","NULL","2","NULL","Observations: Reported","NULL","2018","NULL","12","NULL","16","NULL","Indonesia"
266030,"Soputan",16435,"Confirmed Eruption","NULL","2","NULL","NULL",2000,"NULL","5","NULL","13","NULL","Observations: Reported","NULL","2003","NULL","9","?","4","NULL","Indonesia"
266030,"Soputan",22354,"Confirmed Eruption","NULL","2","NULL","NULL",2020,"NULL","3","NULL","23","NULL","Observations: Reported","NULL","2020","NULL","4","NULL","2","NULL","Indonesia"
266030,"Soputan",15830,"Confirmed Eruption","NULL","2","NULL","?",1833,"NULL","0","NULL","0","NULL","Observations: Reported","NULL","NULL","NULL","NULL","NULL","NULL","NULL","Indonesia"
266030,"Soputan",13585,"Confirmed Eruption","NE flank (Aeseput)","2","NULL","NULL",1906,"NULL","6","NULL","17","NULL","Observations: Reported","NULL","1906","NULL","9","NULL","0","NULL","Indonesia"
266030,"Soputan",22105,"Confirmed Eruption","Puncak Crater","3","NULL","NULL",2016,"NULL","1","NULL","2","NULL","Observations: Reported","NULL","2016","NULL","2","NULL","7","NULL","Indonesia"
266030,"Soputan",13584,"Confirmed Eruption","NULL","2","NULL","NULL",1901,"NULL","2","NULL","4","NULL","Observations: Reported","NULL","NULL","NULL","NULL","NULL","NULL","NULL","Indonesia"
266030,"Soputan",16437,"Confirmed Eruption","NULL","2","NULL","NULL",2005,"NULL","4","NULL","19","NULL","Observations: Reported","NULL","2005","NULL","7","?","18","NULL","Indonesia"
266030,"Soputan",16432,"Confirmed Eruption","NULL","2","NULL","NULL",1991,"NULL","5","NULL","22","NULL","Observations: Reported","NULL","1996","NULL","9",">","29","NULL","Indonesia"
266030,"Soputan",16431,"Confirmed Eruption","NULL","2","NULL","NULL",1989,"NULL","4","NULL","22","NULL","Observations: Reported","NULL","1989","NULL","4","NULL","23","NULL","Indonesia"
266030,"Soputan",16425,"Confirmed Eruption","NULL","2","NULL","NULL",1845,"NULL","2","NULL","8","NULL","Observations: Reported","NULL","NULL","NULL","NULL","NULL","NULL","NULL","Indonesia"
266030,"Soputan",13586,"Confirmed Eruption","NE flank (Aeseput)","2","NULL","NULL",1907,"NULL","6","NULL","5","NULL","Observations: Reported","NULL","1907","NULL","6","?","25","NULL","Indonesia"
266030,"Soputan",16439,"Confirmed Eruption","NULL","3","?","NULL",2008,"NULL","6","NULL","6","NULL","Observations: Reported","NULL","2008","NULL","11","?","2","NULL","Indonesia"
266030,"Soputan",16436,"Confirmed Eruption","NULL","3","?","NULL",2004,"NULL","10","NULL","18","NULL","Observations: Reported","NULL","2004","NULL","12","?","27","NULL","Indonesia"
266100,"Lokon-Empung",16447,"Confirmed Eruption","Tompaluan","2","NULL","NULL",1961,"NULL","5","NULL","19","NULL","Observations: Reported","NULL","1961","NULL","12","NULL","16","15","Indonesia"
266100,"Lokon-Empung",16442,"Confirmed Eruption","Empung","3","NULL","NULL",1775,"25","0","NULL","0","NULL","Observations: Reported","NULL","NULL","NULL","NULL","NULL","NULL","NULL","Indonesia"
266100,"Lokon-Empung",20794,"Confirmed Eruption","Tompaluan","2","NULL","NULL",2012,"NULL","9","NULL","15","NULL","Observations: Reported","NULL","2013","NULL","9","NULL","10","NULL","Indonesia"
266100,"Lokon-Empung",16454,"Confirmed Eruption","Tompaluan","1","NULL","NULL",1973,"NULL","9","NULL","15","NULL","Observations: Reported","NULL","1974","NULL","12","NULL","16","15","Indonesia"
266100,"Lokon-Empung",16457,"Confirmed Eruption","Tompaluan","2","NULL","NULL",1986,"NULL","3","NULL","22","NULL","Observations: Reported","NULL","1987","NULL","5","NULL","13","NULL","Indonesia"
266100,"Lokon-Empung",20792,"Confirmed Eruption","Tompaluan","1","NULL","NULL",2011,"NULL","2","NULL","22","NULL","Observations: Reported","NULL","2011","NULL","2","NULL","22","NULL","Indonesia"
266100,"Lokon-Empung",21093,"Confirmed Eruption","Tompaluan","2","NULL","NULL",2015,"NULL","8","NULL","30","NULL","Observations: Reported","NULL","2015","NULL","9","NULL","28","1","Indonesia"
266100,"Lokon-Empung",16450,"Confirmed Eruption","Tompaluan","1","NULL","NULL",1965,"NULL","7","NULL","10","NULL","Observations: Reported","NULL","1965","NULL","7","NULL","10","NULL","Indonesia"
266100,"Lokon-Empung",16452,"Confirmed Eruption","Tompaluan","2","NULL","NULL",1969,"NULL","11","NULL","27","NULL","Observations: Reported","NULL","1970","NULL","12","NULL","26","5","Indonesia"
266100,"Lokon-Empung",20793,"Confirmed Eruption","Tompaluan","2","NULL","NULL",2011,"NULL","6","NULL","26","NULL","Observations: Reported","NULL","2012","NULL","5","NULL","2","NULL","Indonesia"
266100,"Lokon-Empung",16444,"Confirmed Eruption","Tompaluan","2","NULL","NULL",1893,"NULL","3","NULL","29","NULL","Observations: Reported","NULL","1894","NULL","8",">","14","NULL","Indonesia"
266100,"Lokon-Empung",16443,"Confirmed Eruption","Tompaluan","2","NULL","NULL",1829,"NULL","3","NULL","0","NULL","Observations: Reported","NULL","NULL","NULL","NULL","NULL","NULL","NULL","Indonesia"
266100,"Lokon-Empung",16449,"Confirmed Eruption","Tompaluan","2","NULL","NULL",1963,"NULL","12","NULL","17","NULL","Observations: Reported","NULL","1964","NULL","4","NULL","16","15","Indonesia"
266100,"Lokon-Empung",16451,"Confirmed Eruption","Tompaluan","2","NULL","NULL",1966,"NULL","9","NULL","24","NULL","Observations: Reported","NULL","1966","NULL","9","?","30","NULL","Indonesia"
266100,"Lokon-Empung",16461,"Confirmed Eruption","Tompaluan","2","NULL","NULL",2002,"NULL","2","NULL","9","NULL","Observations: Reported","NULL","2002","NULL","5","?","16","15","Indonesia"
266100,"Lokon-Empung",16455,"Confirmed Eruption","Tompaluan","2","NULL","NULL",1975,"NULL","11","<","16","15","Observations: Reported","NULL","1980","NULL","7","NULL","2","182","Indonesia"
266100,"Lokon-Empung",21071,"Confirmed Eruption","Tompaluan","1","NULL","NULL",2015,"NULL","5","NULL","20","NULL","Observations: Reported","NULL","2015","NULL","5","NULL","27","NULL","Indonesia"
266100,"Lokon-Empung",16459,"Confirmed Eruption","Tompaluan","3","NULL","NULL",1991,"NULL","5","NULL","17","NULL","Observations: Reported","NULL","1992","NULL","1","NULL","16","15","Indonesia"
266100,"Lokon-Empung",13751,"Confirmed Eruption","Tompaluan","2","NULL","NULL",1942,"NULL","9","NULL","3","NULL","Observations: Reported","NULL","NULL","NULL","NULL","NULL","NULL","NULL","Indonesia"
266100,"Lokon-Empung",16448,"Confirmed Eruption","Tompaluan","1","NULL","NULL",1962,"NULL","4","NULL","16","15","Observations: Reported","NULL","1962","NULL","11","NULL","16","15","Indonesia"
266100,"Lokon-Empung",13752,"Confirmed Eruption","Tompaluan","1","NULL","NULL",1949,"NULL","9","NULL","14","NULL","Observations: Reported","NULL","NULL","NULL","NULL","NULL","NULL","NULL","Indonesia"
266100,"Lokon-Empung",16445,"Confirmed Eruption","Tompaluan","3","NULL","NULL",1951,"NULL","7","NULL","2","NULL","Observations: Reported","NULL","1953","NULL","3","NULL","16","15","Indonesia"
266100,"Lokon-Empung",16458,"Confirmed Eruption","Tompaluan","1","NULL","NULL",1988,"NULL","4","NULL","21","NULL","Observations: Reported","NULL","1988","NULL","5","NULL","1","NULL","Indonesia"
266100,"Lokon-Empung",16463,"Confirmed Eruption","Tompaluan","3","NULL","NULL",2003,"NULL","9","NULL","12","NULL","Observations: Reported","NULL","2003","NULL","9","NULL","12","NULL","Indonesia"
266100,"Lokon-Empung",16453,"Confirmed Eruption","Tompaluan","2","NULL","NULL",1971,"NULL","5","NULL","11","NULL","Observations: Reported","NULL","1971","NULL","10","NULL","26","5","Indonesia"
266100,"Lokon-Empung",13750,"Confirmed Eruption","Tompaluan","2","NULL","NULL",1930,"NULL","8","NULL","0","NULL","Observations: Reported","NULL","NULL","NULL","NULL","NULL","NULL","NULL","Indonesia"
266100,"Lokon-Empung",16446,"Confirmed Eruption","Tompaluan","2","NULL","NULL",1958,"NULL","2","NULL","19","NULL","Observations: Reported","NULL","1959","NULL","12","NULL","23","NULL","Indonesia"
266100,"Lokon-Empung",16462,"Confirmed Eruption","Tompaluan","2","NULL","NULL",2002,"NULL","12","NULL","23","NULL","Observations: Reported","NULL","2003","NULL","4","NULL","1","NULL","Indonesia"
266100,"Lokon-Empung",16441,"Confirmed Eruption","Empung","3","^","NULL",1375,"25","0","NULL","0","NULL","Observations: Reported","NULL","NULL","NULL","NULL","NULL","NULL","NULL","Indonesia"
266100,"Lokon-Empung",16460,"Confirmed Eruption","Tompaluan","2","NULL","NULL",2000,"NULL","5","NULL","10","3","Observations: Reported","NULL","2001","NULL","8","NULL","18","NULL","Indonesia"
266110,"Mahawu",16467,"Confirmed Eruption","NULL","2","NULL","NULL",1904,"NULL","10","<","4","NULL","Observations: Reported","NULL","NULL","NULL","NULL","NULL","NULL","NULL","Indonesia"
266110,"Mahawu",16466,"Confirmed Eruption","NULL","2","NULL","NULL",1846,"NULL","0","NULL","0","NULL","Observations: Reported","NULL","NULL","NULL","NULL","NULL","NULL","NULL","Indonesia"
266110,"Mahawu",16464,"Confirmed Eruption","NULL","NULL","NULL","<",1788,"NULL","0","NULL","0","NULL","Observations: Reported","NULL","NULL","NULL","NULL","NULL","NULL","NULL","Indonesia"
266110,"Mahawu",16470,"Confirmed Eruption","NULL","0","NULL","NULL",1977,"NULL","11","NULL","16","NULL","Observations: Reported","NULL","NULL","NULL","NULL","NULL","NULL","NULL","Indonesia"
266110,"Mahawu",16469,"Confirmed Eruption","NULL","2","?","NULL",1958,"NULL","7","NULL","12","NULL","Observations: Reported","NULL","1958","NULL","7","NULL","29","NULL","Indonesia"
266110,"Mahawu",16465,"Confirmed Eruption","NULL","2","NULL","NULL",1789,"NULL","12","NULL","31","365","Observations: Reported","NULL","NULL","NULL","NULL","NULL","NULL","NULL","Indonesia"
266110,"Mahawu",16468,"Confirmed Eruption","NULL","2","?","NULL",1952,"NULL","7","NULL","2","182","Observations: Reported","NULL","NULL","NULL","NULL","NULL","NULL","NULL","Indonesia"
266130,"Tangkoko-Duasudara",15943,"Confirmed Eruption","Batu Angus","1","NULL","NULL",1880,"NULL","0","NULL","0","NULL","Observations: Reported","NULL","NULL","NULL","NULL","NULL","NULL","NULL","Indonesia"
266130,"Tangkoko-Duasudara",16474,"Confirmed Eruption","Summit and east flank (Batu Angus)","2","NULL","NULL",1801,"NULL","0","NULL","0","NULL","Observations: Reported","NULL","NULL","NULL","NULL","NULL","NULL","NULL","Indonesia"
266130,"Tangkoko-Duasudara",16475,"Confirmed Eruption","Batu Angus Baru","0","NULL","NULL",1821,"NULL","0","NULL","0","NULL","Observations: Reported","NULL","NULL","NULL","NULL","NULL","NULL","NULL","Indonesia"
266130,"Tangkoko-Duasudara",16471,"Confirmed Eruption","NULL","5","?","NULL",1680,"NULL","0","NULL","0","NULL","Observations: Reported","NULL","NULL","NULL","NULL","NULL","NULL","NULL","Indonesia"
266130,"Tangkoko-Duasudara",16472,"Confirmed Eruption","NULL","3","^","NULL",1683,"NULL","0","NULL","0","NULL","Observations: Reported","NULL","NULL","NULL","NULL","NULL","NULL","NULL","Indonesia"
266130,"Tangkoko-Duasudara",16473,"Confirmed Eruption","NULL","3","?","NULL",1694,"NULL","0","NULL","0","NULL","Observations: Reported","NULL","NULL","NULL","NULL","NULL","NULL","NULL","Indonesia"
266130,"Tangkoko-Duasudara",16476,"Confirmed Eruption","Batu Angus","2","NULL","NULL",1843,"NULL","0","NULL","0","NULL","Observations: Reported","NULL","1846","NULL","0","NULL","0","NULL","Indonesia"
267010,"Ruang",16484,"Confirmed Eruption","NULL","1","NULL","NULL",1889,"NULL","6","NULL","0","NULL","Observations: Reported","NULL","NULL","NULL","NULL","NULL","NULL","NULL","Indonesia"
267010,"Ruang",16479,"Confirmed Eruption","NULL","2","NULL","NULL",1840,"NULL","0","NULL","0","NULL","Observations: Reported","NULL","NULL","NULL","NULL","NULL","NULL","NULL","Indonesia"
267010,"Ruang",16482,"Confirmed Eruption","NULL","2","NULL","NULL",1871,"NULL","3","NULL","2","NULL","Observations: Reported","NULL","1871","NULL","3","NULL","14","NULL","Indonesia"
267010,"Ruang",22562,"Confirmed Eruption","NULL","4","NULL","NULL",2024,"NULL","4","NULL","16","NULL","Observations: Reported","NULL","2024","NULL","5","NULL","7","NULL","Indonesia"
267010,"Ruang",16483,"Confirmed Eruption","NULL","2","NULL","NULL",1874,"NULL","11","NULL","15","NULL","Observations: Reported","NULL","NULL","NULL","NULL","NULL","NULL","NULL","Indonesia"
267010,"Ruang",16493,"Confirmed Eruption","NULL","4","?","NULL",2002,"NULL","9","NULL","25","NULL","Observations: Reported","NULL","2002","NULL","9","?","29","NULL","Indonesia"
267010,"Ruang",16480,"Confirmed Eruption","NULL","1","NULL","NULL",1856,"NULL","9","NULL","0","NULL","Observations: Reported","NULL","NULL","NULL","NULL","NULL","NULL","NULL","Indonesia"
267010,"Ruang",16486,"Confirmed Eruption","Summit craters K2 and K3","2","NULL","NULL",1914,"NULL","5","NULL","29","NULL","Observations: Reported","NULL","1915","NULL","2","NULL","28","30","Indonesia"
267010,"Ruang",16491,"Confirmed Eruption","NULL","2","NULL","NULL",1949,"NULL","1","NULL","5","NULL","Observations: Reported","NULL","1949","NULL","1",">","19","NULL","Indonesia"
267010,"Ruang",16481,"Confirmed Eruption","NULL","3","?","NULL",1870,"NULL","8","NULL","27","NULL","Observations: Reported","NULL","1870","NULL","8","NULL","28","NULL","Indonesia"
267010,"Ruang",16477,"Confirmed Eruption","NULL","2","NULL","NULL",1808,"NULL","0","NULL","0","NULL","Observations: Reported","NULL","NULL","NULL","NULL","NULL","NULL","NULL","Indonesia"
267010,"Ruang",16485,"Confirmed Eruption","NULL","3","?","NULL",1904,"NULL","4","NULL","22","NULL","Observations: Reported","NULL","1905","NULL","5","NULL","27","NULL","Indonesia"
267010,"Ruang",16478,"Confirmed Eruption","NULL","2","NULL","NULL",1836,"NULL","4","NULL","22","NULL","Observations: Reported","NULL","1836","NULL","4","NULL","24","NULL","Indonesia"
267020,"Karangetang",16503,"Confirmed Eruption","NULL","2","NULL","NULL",1900,"NULL","0","NULL","0","NULL","Observations: Reported","NULL","NULL","NULL","NULL","NULL","NULL","NULL","Indonesia"
267020,"Karangetang",16517,"Confirmed Eruption","NULL","2","NULL","NULL",1948,"NULL","12","NULL","0","NULL","Observations: Reported","NULL","NULL","NULL","NULL","NULL","NULL","NULL","Indonesia"
267020,"Karangetang",16539,"Confirmed Eruption","NULL","3","?","NULL",1999,"NULL","3","<","16","15","Observations: Reported","NULL","2003","NULL","10","NULL","28","NULL","Indonesia"
267020,"Karangetang",16543,"Confirmed Eruption","NULL","2","NULL","NULL",2008,"NULL","11","?","29","NULL","Observations: Reported","NULL","2010","NULL","3","?","24","NULL","Indonesia"
267020,"Karangetang",16528,"Confirmed Eruption","South flank (1100 m) and summit","2","NULL","NULL",1976,"NULL","9","NULL","15","NULL","Observations: Reported","NULL","1977","NULL","9","NULL","16","15","Indonesia"
267020,"Karangetang",16495,"Confirmed Eruption","NULL","2","NULL","NULL",1712,"NULL","1","NULL","16","NULL","Observations: Reported","NULL","NULL","NULL","NULL","NULL","NULL","NULL","Indonesia"
267020,"Karangetang",16534,"Confirmed Eruption","NULL","1","NULL","NULL",1989,"NULL","7","NULL","16","15","Observations: Reported","NULL","1989","NULL","7","NULL","16","15","Indonesia"
267020,"Karangetang",16516,"Confirmed Eruption","NULL","2","NULL","NULL",1947,"NULL","12","NULL","1","NULL","Observations: Reported","NULL","1947","NULL","12","NULL","21","NULL","Indonesia"
267020,"Karangetang",16532,"Confirmed Eruption","NULL","1","NULL","NULL",1982,"NULL","7","NULL","2","182","Observations: Reported","NULL","NULL","NULL","NULL","NULL","NULL","NULL","Indonesia"
267020,"Karangetang",16494,"Confirmed Eruption","NULL","3","^","NULL",1675,"NULL","0","NULL","0","NULL","Observations: Reported","NULL","NULL","NULL","NULL","NULL","NULL","NULL","Indonesia"
267020,"Karangetang",22577,"Confirmed Eruption","Kawah Utama, Main Crater, South Crater","0","NULL","NULL",2023,"NULL","2","NULL","8","NULL","Observations: Reported","NULL","2023","NULL","9","NULL","5","NULL","Indonesia"
267020,"Karangetang",16514,"Confirmed Eruption","NULL","2","NULL","NULL",1941,"NULL","10","NULL","30","NULL","Observations: Reported","NULL","1941","NULL","10","NULL","30","NULL","Indonesia"
267020,"Karangetang",16508,"Confirmed Eruption","NULL","2","NULL","NULL",1926,"NULL","10","NULL","0","NULL","Observations: Reported","NULL","NULL","NULL","NULL","NULL","NULL","NULL","Indonesia"
267020,"Karangetang",20913,"Confirmed Eruption","NULL","2","NULL","NULL",2014,"NULL","2","NULL","9","NULL","Observations: Reported","NULL","2014","NULL","2","NULL","9","NULL","Indonesia"
267020,"Karangetang",16521,"Confirmed Eruption","NULL","2","NULL","NULL",1961,"NULL","2","NULL","28","NULL","Observations: Reported","NULL","1961","NULL","4","NULL","16","15","Indonesia"
267020,"Karangetang",16519,"Confirmed Eruption","Craters I, II and III","2","NULL","NULL",1952,"NULL","2","NULL","16","15","Observations: Reported","NULL","1952","NULL","6","NULL","30","NULL","Indonesia"
267020,"Karangetang",22294,"Confirmed Eruption","Kawah Dua (North Crater, Second Crater)","2","NULL","NULL",2018,"NULL","11","NULL","25","NULL","Observations: Reported","NULL","2021","NULL","1","NULL","30","NULL","Indonesia"
267020,"Karangetang",16500,"Confirmed Eruption","NULL","2","NULL","NULL",1887,"NULL","5","NULL","27","NULL","Observations: Reported","NULL","1887","NULL","5","NULL","27","NULL","Indonesia"
267020,"Karangetang",16511,"Confirmed Eruption","NULL","2","NULL","NULL",1935,"NULL","8","NULL","31","NULL","Observations: Reported","NULL","NULL","NULL","NULL","NULL","NULL","NULL","Indonesia"
267020,"Karangetang",16533,"Confirmed Eruption","Summit and SW flank (1443 m)","3","NULL","NULL",1983,"NULL","5","NULL","16","15","Observations: Reported","NULL","1988","NULL","12",">","31","NULL","Indonesia"
267020,"Karangetang",16538,"Confirmed Eruption","NULL","1","NULL","NULL",1998,"NULL","7","NULL","5","4","Observations: Reported","NULL","NULL","NULL","NULL","NULL","NULL","NULL","Indonesia"
267020,"Karangetang",16527,"Confirmed Eruption","NULL","3","NULL","NULL",1972,"NULL","1","NULL","16","15","Observations: Reported","NULL","1976","NULL","4","NULL","5","NULL","Indonesia"
267020,"Karangetang",20776,"Confirmed Eruption","Crater II","2","NULL","NULL",2012,"NULL","5","NULL","14","NULL","Observations: Reported","NULL","2013","NULL","9","NULL","5","NULL","Indonesia"
267020,"Karangetang",16512,"Confirmed Eruption","NULL","2","NULL","NULL",1940,"NULL","3","NULL","1","NULL","Observations: Reported","NULL","1940","NULL","3","NULL","9","NULL","Indonesia"
267020,"Karangetang",16544,"Confirmed Eruption","Crater I (S crater)","3","?","NULL",2010,"NULL","8","NULL","6","NULL","Observations: Reported","NULL","2010","NULL","12","?","16","15","Indonesia"
267020,"Karangetang",20914,"Confirmed Eruption","Main and second craters","2","NULL","NULL",2014,"NULL","6","NULL","8","NULL","Observations: Reported","NULL","2016","NULL","3","NULL","15","NULL","Indonesia"
267020,"Karangetang",16501,"Confirmed Eruption","NULL","2","NULL","NULL",1892,"NULL","6","?","14","NULL","Observations: Reported","NULL","NULL","NULL","NULL","NULL","NULL","NULL","Indonesia"
267020,"Karangetang",16523,"Confirmed Eruption","NULL","2","NULL","NULL",1962,"NULL","1","NULL","29","NULL","Observations: Reported","NULL","1963","NULL","12","NULL","16","15","Indonesia"
267020,"Karangetang",22575,"Confirmed Eruption","Uncertain which summit crater","2","NULL","NULL",2021,"NULL","10","NULL","25","NULL","Observations: Reported","NULL","2022","NULL","1","?","10","NULL","Indonesia"
267020,"Karangetang",20775,"Confirmed Eruption","Crater I (S crater)","2","NULL","NULL",2011,"NULL","3","NULL","11","NULL","Observations: Reported","NULL","2011","NULL","8","NULL","13","NULL","Indonesia"
267020,"Karangetang",22256,"Confirmed Eruption","?North Summit Crater","1","NULL","NULL",2018,"NULL","2","NULL","2","NULL","Observations: Reported","NULL","2018","NULL","2","NULL","2","NULL","Indonesia"
267020,"Karangetang",16520,"Confirmed Eruption","NULL","2","NULL","NULL",1953,"NULL","7","NULL","2","182","Observations: Reported","NULL","NULL","NULL","NULL","NULL","NULL","NULL","Indonesia"
267020,"Karangetang",16513,"Confirmed Eruption","NULL","2","NULL","NULL",1940,"NULL","6","NULL","20","NULL","Observations: Reported","NULL","1940","NULL","8","NULL","23","NULL","Indonesia"
267020,"Karangetang",16535,"Confirmed Eruption","NULL","2","NULL","NULL",1991,"NULL","7","<","2","NULL","Observations: Reported","NULL","1993","NULL","12",">","31","NULL","Indonesia"
267020,"Karangetang",16518,"Confirmed Eruption","NULL","2","NULL","NULL",1949,"NULL","9","NULL","14","NULL","Observations: Reported","NULL","NULL","NULL","NULL","NULL","NULL","NULL","Indonesia"
267020,"Karangetang",16541,"Confirmed Eruption","NULL","1","NULL","NULL",2006,"NULL","7","NULL","3","NULL","Observations: Reported","NULL","2007","NULL","10",">","16","15","Indonesia"
267020,"Karangetang",16505,"Confirmed Eruption","Crater V","2","NULL","NULL",1921,"NULL","3","NULL","0","NULL","Observations: Reported","NULL","1921","NULL","6",">","0","NULL","Indonesia"
267020,"Karangetang",16507,"Confirmed Eruption","NULL","2","NULL","NULL",1924,"NULL","5","NULL","0","NULL","Observations: Reported","NULL","NULL","NULL","NULL","NULL","NULL","NULL","Indonesia"
267020,"Karangetang",16526,"Confirmed Eruption","NULL","2","NULL","NULL",1970,"NULL","11","NULL","27","NULL","Observations: Reported","NULL","1971","NULL","3","NULL","16","15","Indonesia"
267020,"Karangetang",16509,"Confirmed Eruption","Crater IV","2","NULL","NULL",1930,"NULL","2","NULL","4","NULL","Observations: Reported","NULL","1930","NULL","2","NULL","6","NULL","Indonesia"
267020,"Karangetang",16497,"Confirmed Eruption","NULL","2","NULL","NULL",1864,"NULL","6","NULL","6","NULL","Observations: Reported","NULL","NULL","NULL","NULL","NULL","NULL","NULL","Indonesia"
267020,"Karangetang",16499,"Confirmed Eruption","Crater III","2","NULL","NULL",1886,"NULL","4","NULL","25","NULL","Observations: Reported","NULL","1886","NULL","6",">","19","NULL","Indonesia"
267020,"Karangetang",16515,"Confirmed Eruption","NULL","2","NULL","NULL",1947,"NULL","2","NULL","9","NULL","Observations: Reported","NULL","1947","NULL","2","NULL","9","NULL","Indonesia"
267020,"Karangetang",16522,"Confirmed Eruption","NULL","2","NULL","NULL",1961,"NULL","10","NULL","9","NULL","Observations: Reported","NULL","1961","NULL","10",">","19","NULL","Indonesia"
267020,"Karangetang",16531,"Confirmed Eruption","NULL","1","NULL","NULL",1980,"NULL","3","NULL","24","NULL","Observations: Reported","NULL","1980","NULL","9","NULL","13","NULL","Indonesia"
267020,"Karangetang",22574,"Confirmed Eruption","?Southern Crater","1","NULL","NULL",2018,"NULL","7","NULL","4","NULL","Observations: Satellite (visual)","NULL","2018","NULL","7","NULL","4","NULL","Indonesia"
267020,"Karangetang",16496,"Confirmed Eruption","NULL","2","NULL","NULL",1825,"NULL","0","NULL","0","NULL","Observations: Reported","NULL","NULL","NULL","NULL","NULL","NULL","NULL","Indonesia"
267020,"Karangetang",16530,"Confirmed Eruption","NNW flank, 1300 m (Kawah Maralebule)","1","NULL","NULL",1979,"NULL","5","NULL","31","NULL","Observations: Reported","NULL","1979","NULL","5","NULL","31","NULL","Indonesia"
267020,"Karangetang",16524,"Confirmed Eruption","NULL","2","NULL","NULL",1965,"NULL","4","NULL","5","4","Observations: Reported","NULL","1967","NULL","6","NULL","16","15","Indonesia"
267020,"Karangetang",16537,"Confirmed Eruption","NULL","1","NULL","NULL",1996,"NULL","10","<","1","NULL","Observations: Reported","NULL","1997","NULL","6",">","16","15","Indonesia"
267020,"Karangetang",16510,"Confirmed Eruption","NULL","2","NULL","NULL",1930,"NULL","11","?","0","NULL","Observations: Reported","NULL","NULL","NULL","NULL","NULL","NULL","NULL","Indonesia"
267020,"Karangetang",16540,"Confirmed Eruption","NULL","2","NULL","NULL",2004,"NULL","4","?","2","NULL","Observations: Reported","NULL","2005","NULL","8","?","5","NULL","Indonesia"
267020,"Karangetang",16504,"Confirmed Eruption","NULL","2","NULL","NULL",1905,"NULL","5","NULL","21","NULL","Observations: Reported","NULL","1905","NULL","5","NULL","22","NULL","Indonesia"
267020,"Karangetang",16498,"Confirmed Eruption","Crater II?","2","NULL","NULL",1883,"NULL","8","NULL","25","NULL","Observations: Reported","NULL","1883","NULL","8","NULL","26","NULL","Indonesia"
267020,"Karangetang",16506,"Confirmed Eruption","Crater IV","2","NULL","NULL",1922,"NULL","5","NULL","4","NULL","Observations: Reported","NULL","1922","NULL","12","NULL","13","NULL","Indonesia"
267020,"Karangetang",16525,"Confirmed Eruption","NULL","2","NULL","NULL",1967,"NULL","11","NULL","29","NULL","Observations: Reported","NULL","1967","NULL","12","NULL","2","NULL","Indonesia"
267020,"Karangetang",16529,"Confirmed Eruption","NULL","1","NULL","NULL",1978,"NULL","2","NULL","22","NULL","Observations: Reported","NULL","1978","NULL","12","NULL","18","NULL","Indonesia"
267020,"Karangetang",16536,"Confirmed Eruption","NULL","1","NULL","NULL",1995,"NULL","11","NULL","9","NULL","Observations: Reported","NULL","1995","NULL","12","NULL","17","NULL","Indonesia"
267020,"Karangetang",16502,"Confirmed Eruption","NULL","2","NULL","NULL",1899,"NULL","0","NULL","0","NULL","Observations: Reported","NULL","NULL","NULL","NULL","NULL","NULL","NULL","Indonesia"
267030,"Banua Wuhu",16546,"Confirmed Eruption","NULL","2","NULL","NULL",1889,"NULL","9","NULL","6","NULL","Observations: Reported","NULL","1889","NULL","9","NULL","9","NULL","Indonesia"
267030,"Banua Wuhu",16550,"Confirmed Eruption","NULL","3","NULL","NULL",1918,"NULL","7","NULL","18","NULL","Observations: Reported","NULL","1919","NULL","12","NULL","1","30","Indonesia"
267030,"Banua Wuhu",16549,"Confirmed Eruption","NULL","2","NULL","NULL",1904,"NULL","8","NULL","27","NULL","Observations: Reported","NULL","NULL","NULL","NULL","NULL","NULL","NULL","Indonesia"
267030,"Banua Wuhu",16547,"Confirmed Eruption","NULL","2","NULL","NULL",1895,"NULL","7","NULL","0","NULL","Observations: Reported","NULL","1895","NULL","12","NULL","26","5","Indonesia"
267030,"Banua Wuhu",16545,"Confirmed Eruption","NULL","2","NULL","NULL",1835,"NULL","4","NULL","23","NULL","Observations: Reported","NULL","1835","NULL","4","NULL","26","NULL","Indonesia"
267030,"Banua Wuhu",16548,"Confirmed Eruption","NULL","2","NULL","NULL",1904,"NULL","4","NULL","17","NULL","Observations: Reported","NULL","1904","NULL","4","NULL","18","NULL","Indonesia"
267040,"Awu",16566,"Confirmed Eruption","NULL","2","NULL","NULL",1930,"NULL","12","NULL","0","NULL","Observations: Reported","NULL","1931","NULL","12","NULL","0","NULL","Indonesia"
267040,"Awu",16563,"Confirmed Eruption","NULL","2","NULL","NULL",1913,"NULL","3","NULL","14","NULL","Observations: Reported","NULL","1913","NULL","3","NULL","14","NULL","Indonesia"
267040,"Awu",16557,"Confirmed Eruption","NULL","3","?","NULL",1856,"NULL","3","NULL","2","NULL","Observations: Reported","NULL","1856","NULL","3","NULL","17","NULL","Indonesia"
267040,"Awu",16565,"Confirmed Eruption","NULL","0","NULL","NULL",1922,"NULL","6","NULL","20","NULL","Observations: Reported","NULL","1922","NULL","9","NULL","0","NULL","Indonesia"
267040,"Awu",16567,"Confirmed Eruption","NULL","4","NULL","NULL",1966,"NULL","8","NULL","12","NULL","Observations: Reported","NULL","1966","NULL","10","NULL","16","15","Indonesia"
267040,"Awu",16558,"Confirmed Eruption","NULL","2","NULL","NULL",1875,"NULL","8","NULL","0","NULL","Observations: Reported","NULL","1875","NULL","8","NULL","0","NULL","Indonesia"
267040,"Awu",16559,"Confirmed Eruption","NULL","2","NULL","NULL",1883,"NULL","8","NULL","25","NULL","Observations: Reported","NULL","1883","NULL","8","NULL","26","NULL","Indonesia"
267040,"Awu",16562,"Confirmed Eruption","NULL","2","NULL","NULL",1893,"NULL","0","NULL","0","NULL","Observations: Reported","NULL","NULL","NULL","NULL","NULL","NULL","NULL","Indonesia"
267040,"Awu",16560,"Confirmed Eruption","NULL","2","NULL","NULL",1885,"NULL","8","NULL","18","NULL","Observations: Reported","NULL","NULL","NULL","NULL","NULL","NULL","NULL","Indonesia"
267040,"Awu",16569,"Confirmed Eruption","SE part of summit crater","1","NULL","NULL",1992,"NULL","4","NULL","7","9","Observations: Reported","NULL","NULL","NULL","NULL","NULL","NULL","NULL","Indonesia"
267040,"Awu",16570,"Confirmed Eruption","NULL","2","NULL","NULL",2004,"NULL","6","<","2","NULL","Observations: Reported","NULL","2004","NULL","8","?","16","15","Indonesia"
267040,"Awu",16564,"Confirmed Eruption","NULL","0","NULL","NULL",1921,"NULL","2","NULL","0","NULL","Observations: Reported","NULL","1921","NULL","10","NULL","1","90","Indonesia"
267040,"Awu",16555,"Confirmed Eruption","NULL","3","NULL","NULL",1711,"NULL","12","NULL","10","NULL","Observations: Reported","NULL","1711","NULL","12","NULL","16","NULL","Indonesia"
267040,"Awu",16556,"Confirmed Eruption","NULL","4","?","NULL",1812,"NULL","8","NULL","6","NULL","Observations: Reported","NULL","1812","NULL","8","NULL","8","NULL","Indonesia"
267040,"Awu",16553,"Confirmed Eruption","NULL","2","?","NULL",1646,"5","0","NULL","0","NULL","Observations: Reported","NULL","NULL","NULL","NULL","NULL","NULL","NULL","Indonesia"
267040,"Awu",16561,"Confirmed Eruption","NULL","3","NULL","NULL",1892,"NULL","6","NULL","7","NULL","Observations: Reported","NULL","1892","NULL","6","?","12","NULL","Indonesia"
268010,"Dukono",16576,"Confirmed Eruption","NULL","2","NULL","NULL",1901,"NULL","0","NULL","0","NULL","Observations: Reported","NULL","NULL","NULL","NULL","NULL","NULL","NULL","Indonesia"
268010,"Dukono",16577,"Confirmed Eruption","Malupang Magiwe and Malupang Warirang","3","NULL","NULL",1933,"NULL","8","NULL","13","NULL","Observations: Reported",">","2026","NULL","3","NULL","16","NULL","Indonesia"
268010,"Dukono",16574,"Confirmed Eruption","East flank of Tolo","NULL","NULL","NULL",1719,"150","0","NULL","0","NULL","Observations: Reported","NULL","NULL","NULL","NULL","NULL","NULL","NULL","Indonesia"
268010,"Dukono",16573,"Confirmed Eruption","NULL","3","NULL","NULL",1550,"NULL","11","NULL","20","20","Observations: Reported","NULL","NULL","NULL","NULL","NULL","NULL","NULL","Indonesia"
268010,"Dukono",16575,"Confirmed Eruption","NULL","2","NULL","?",1868,"NULL","0","NULL","0","NULL","Observations: Reported","NULL","NULL","NULL","NULL","NULL","NULL","NULL","Indonesia"
268030,"Ibu",16582,"Confirmed Eruption","NULL","1","NULL","NULL",2008,"NULL","4","NULL","5","NULL","Observations: Reported",">","2026","NULL","3","NULL","25","NULL","Indonesia"
268030,"Ibu",16579,"Confirmed Eruption","NULL","2","NULL","NULL",1998,"NULL","12","NULL","18","NULL","Observations: Reported","NULL","1999","NULL","9",">","16","15","Indonesia"
268030,"Ibu",16581,"Confirmed Eruption","NULL","0","?","NULL",2004,"NULL","5","?","16","15","Observations: Reported","NULL","2005","NULL","2","?","22","NULL","Indonesia"
268030,"Ibu",16580,"Confirmed Eruption","NULL","0","NULL","NULL",2001,"NULL","5","?","28","NULL","Observations: Reported","NULL","2001","NULL","10","?","3","NULL","Indonesia"
268030,"Ibu",16578,"Confirmed Eruption","NULL","2","NULL","NULL",1911,"NULL","8","NULL","30","NULL","Observations: Reported","NULL","1911","NULL","9","NULL","1","NULL","Indonesia"
268040,"Gamkonora",16595,"Confirmed Eruption","NULL","2","NULL","NULL",2007,"NULL","7","NULL","8","NULL","Observations: Reported","NULL","2007","NULL","7","?","16","NULL","Indonesia"
268040,"Gamkonora",16585,"Confirmed Eruption","NULL","2","NULL","NULL",1885,"5","0","NULL","0","NULL","Observations: Reported","NULL","NULL","NULL","NULL","NULL","NULL","NULL","Indonesia"
268040,"Gamkonora",16586,"Confirmed Eruption","NULL","2","?","NULL",1911,"NULL","0","NULL","0","NULL","Observations: Reported","NULL","NULL","NULL","NULL","NULL","NULL","NULL","Indonesia"
268040,"Gamkonora",16588,"Confirmed Eruption","NULL","1","?","NULL",1926,"NULL","6","NULL","0","NULL","Observations: Reported","NULL","NULL","NULL","NULL","NULL","NULL","NULL","Indonesia"
268040,"Gamkonora",16591,"Confirmed Eruption","NULL","2","NULL","NULL",1951,"NULL","7","NULL","2","182","Observations: Reported","NULL","NULL","NULL","NULL","NULL","NULL","NULL","Indonesia"
268040,"Gamkonora",16593,"Confirmed Eruption","NULL","1","NULL","NULL",1981,"NULL","3","NULL","4","NULL","Observations: Reported","NULL","1981","NULL","7","NULL","25","NULL","Indonesia"
268040,"Gamkonora",16592,"Confirmed Eruption","NULL","2","NULL","NULL",1952,"NULL","7","NULL","16","NULL","Observations: Reported","NULL","1952","NULL","9","NULL","5","4","Indonesia"
268040,"Gamkonora",16594,"Confirmed Eruption","NULL","1","NULL","NULL",1987,"NULL","4","NULL","13","NULL","Observations: Reported","NULL","1987","NULL","4","NULL","26","NULL","Indonesia"
268040,"Gamkonora",16590,"Confirmed Eruption","NULL","2","NULL","NULL",1950,"NULL","10","NULL","16","15","Observations: Reported","NULL","NULL","NULL","NULL","NULL","NULL","NULL","Indonesia"
268040,"Gamkonora",16587,"Confirmed Eruption","NULL","2","NULL","NULL",1917,"NULL","10","NULL","18","NULL","Observations: Reported","NULL","1917","NULL","10","NULL","18","NULL","Indonesia"
268040,"Gamkonora",16584,"Confirmed Eruption","NULL","5","?","NULL",1673,"NULL","5","NULL","20","NULL","Observations: Reported","NULL","NULL","NULL","NULL","NULL","NULL","NULL","Indonesia"
268040,"Gamkonora",16583,"Confirmed Eruption","NULL","3","^","NULL",1564,"NULL","12","NULL","31","365","Observations: Reported","NULL","NULL","NULL","NULL","NULL","NULL","NULL","Indonesia"
268040,"Gamkonora",16589,"Confirmed Eruption","NULL","2","NULL","NULL",1949,"NULL","0","NULL","0","NULL","Observations: Reported","NULL","NULL","NULL","NULL","NULL","NULL","NULL","Indonesia"
268060,"Gamalama",22295,"Confirmed Eruption","Summit crater","1","NULL","NULL",2018,"NULL","10","NULL","4","NULL","Observations: Reported","NULL","2018","NULL","10","NULL","6","NULL","Indonesia"
268060,"Gamalama",16615,"Confirmed Eruption","NULL","2","NULL","NULL",1773,"NULL","2","NULL","2","NULL","Observations: Reported","NULL","1773","NULL","2","NULL","7","NULL","Indonesia"
268060,"Gamalama",16621,"Confirmed Eruption","NULL","2","NULL","NULL",1814,"NULL","11","NULL","27","NULL","Observations: Reported","NULL","1814","NULL","11","NULL","28","NULL","Indonesia"
268060,"Gamalama",16607,"Confirmed Eruption","NULL","2","NULL","NULL",1676,"NULL","12","NULL","31","365","Observations: Reported","NULL","NULL","NULL","NULL","NULL","NULL","NULL","Indonesia"
268060,"Gamalama",22150,"Confirmed Eruption","Summit crater","1","NULL","NULL",2016,"NULL","8","NULL","3","NULL","Observations: Reported","NULL","2016","NULL","8","NULL","4","NULL","Indonesia"
268060,"Gamalama",16664,"Confirmed Eruption","NULL","2","NULL","NULL",1933,"NULL","11","NULL","12","NULL","Observations: Reported","NULL","NULL","NULL","NULL","NULL","NULL","NULL","Indonesia"
268060,"Gamalama",16670,"Confirmed Eruption","NULL","3","?","NULL",1990,"NULL","4","NULL","25","NULL","Observations: Reported","NULL","1990","NULL","4","NULL","26","NULL","Indonesia"
268060,"Gamalama",16633,"Confirmed Eruption","NULL","2","NULL","NULL",1843,"NULL","4","NULL","10","NULL","Observations: Reported","NULL","1843","NULL","5","NULL","27","NULL","Indonesia"
268060,"Gamalama",16672,"Confirmed Eruption","NULL","2","NULL","NULL",1993,"NULL","5","NULL","6","NULL","Observations: Reported","NULL","1993","NULL","5","NULL","21","NULL","Indonesia"
268060,"Gamalama",20766,"Confirmed Eruption","Summit crater","1","NULL","NULL",2012,"NULL","9","NULL","15","NULL","Observations: Reported","NULL","2012","NULL","9","NULL","17","NULL","Indonesia"
268060,"Gamalama",16598,"Confirmed Eruption","NULL","2","NULL","NULL",1561,"NULL","12","NULL","31","365","Observations: Reported","NULL","NULL","NULL","NULL","NULL","NULL","NULL","Indonesia"
268060,"Gamalama",16600,"Confirmed Eruption","NULL","3","NULL","NULL",1608,"NULL","7","NULL","18","NULL","Observations: Reported","NULL","1608","NULL","7","NULL","19","NULL","Indonesia"
268060,"Gamalama",16657,"Confirmed Eruption","NULL","2","NULL","NULL",1898,"NULL","5","NULL","14","NULL","Observations: Reported","NULL","1898","NULL","5","?","28","NULL","Indonesia"
268060,"Gamalama",16632,"Confirmed Eruption","NULL","1","NULL","NULL",1842,"NULL","10","NULL","6","NULL","Observations: Reported","NULL","1842","NULL","12","NULL","31","NULL","Indonesia"
268060,"Gamalama",16630,"Confirmed Eruption","NULL","3","NULL","NULL",1840,"NULL","2","NULL","2","NULL","Observations: Reported","NULL","1840","NULL","9","NULL","29","NULL","Indonesia"
268060,"Gamalama",16599,"Confirmed Eruption","NULL","2","NULL","NULL",1605,"NULL","5","NULL","0","NULL","Observations: Reported","NULL","NULL","NULL","NULL","NULL","NULL","NULL","Indonesia"
268060,"Gamalama",16652,"Confirmed Eruption","NULL","2","NULL","NULL",1884,"NULL","5","NULL","0","NULL","Observations: Reported","NULL","1884","NULL","5","NULL","0","NULL","Indonesia"
268060,"Gamalama",16619,"Confirmed Eruption","NULL","2","NULL","NULL",1811,"NULL","2","NULL","1","NULL","Observations: Reported","NULL","1811","NULL","5","NULL","0","NULL","Indonesia"
268060,"Gamalama",16647,"Confirmed Eruption","NULL","2","NULL","NULL",1864,"NULL","12","NULL","27","NULL","Observations: Reported","NULL","1865","NULL","1","NULL","2","NULL","Indonesia"
268060,"Gamalama",16612,"Confirmed Eruption","North flank","2","NULL","NULL",1763,"NULL","0","NULL","0","NULL","Observations: Reported","NULL","NULL","NULL","NULL","NULL","NULL","NULL","Indonesia"
268060,"Gamalama",16648,"Confirmed Eruption","NULL","1","NULL","NULL",1868,"NULL","3","NULL","13","NULL","Observations: Reported","NULL","1868","NULL","3","NULL","13","NULL","Indonesia"
268060,"Gamalama",16490,"Confirmed Eruption","NULL","3","^","NULL",1538,"NULL","0","NULL","0","NULL","Observations: Reported","NULL","NULL","NULL","NULL","NULL","NULL","NULL","Indonesia"
268060,"Gamalama",16674,"Confirmed Eruption","NULL","2","?","NULL",1996,"NULL","7","NULL","2","182","Observations: Reported","NULL","NULL","NULL","NULL","NULL","NULL","NULL","Indonesia"
268060,"Gamalama",16669,"Confirmed Eruption","NULL","2","NULL","NULL",1988,"NULL","2","NULL","12","NULL","Observations: Reported","NULL","1988","NULL","3","?","16","15","Indonesia"
268060,"Gamalama",16608,"Confirmed Eruption","NULL","2","NULL","NULL",1686,"NULL","9","?","0","NULL","Observations: Reported","NULL","1686","NULL","10",">","13","NULL","Indonesia"
268060,"Gamalama",16609,"Confirmed Eruption","NULL","3","^","NULL",1687,"NULL","5","NULL","10","NULL","Observations: Reported","NULL","1687","NULL","5","NULL","11","NULL","Indonesia"
268060,"Gamalama",20765,"Confirmed Eruption","Summit crater","2","NULL","NULL",2011,"NULL","12","NULL","5","NULL","Observations: Reported","NULL","2011","NULL","12","NULL","23","NULL","Indonesia"
268060,"Gamalama",16668,"Confirmed Eruption","NULL","3","NULL","NULL",1983,"NULL","8","NULL","9","NULL","Observations: Reported","NULL","1983","NULL","8","NULL","12","NULL","Indonesia"
268060,"Gamalama",16616,"Confirmed Eruption","NULL","2","NULL","NULL",1773,"NULL","10","NULL","21","NULL","Observations: Reported","NULL","1774","NULL","1","NULL","22","NULL","Indonesia"
268060,"Gamalama",16617,"Confirmed Eruption","Summit and NW flank (100 m)","3","NULL","NULL",1775,"NULL","8","NULL","20","NULL","Observations: Reported","NULL","1775","NULL","11","NULL","6","NULL","Indonesia"
268060,"Gamalama",16667,"Confirmed Eruption","NULL","2","NULL","NULL",1980,"NULL","9","NULL","4","NULL","Observations: Reported","NULL","1980","NULL","9","NULL","23","NULL","Indonesia"
268060,"Gamalama",16605,"Confirmed Eruption","NULL","2","NULL","NULL",1659,"NULL","6","NULL","0","NULL","Observations: Reported","NULL","NULL","NULL","NULL","NULL","NULL","NULL","Indonesia"
268060,"Gamalama",16640,"Confirmed Eruption","NULL","2","NULL","NULL",1849,"NULL","11","NULL","27","NULL","Observations: Reported","NULL","1850","NULL","11","NULL","19","NULL","Indonesia"
268060,"Gamalama",16597,"Confirmed Eruption","NULL","3","^","NULL",1510,"10","0","NULL","0","NULL","Observations: Reported","NULL","NULL","NULL","NULL","NULL","NULL","NULL","Indonesia"
268060,"Gamalama",16601,"Confirmed Eruption","NULL","2","NULL","NULL",1635,"NULL","3","NULL","29","NULL","Observations: Reported","NULL","NULL","NULL","NULL","NULL","NULL","NULL","Indonesia"
268060,"Gamalama",16665,"Confirmed Eruption","NULL","2","NULL","NULL",1938,"NULL","9","NULL","8","NULL","Observations: Reported","NULL","1938","NULL","9","NULL","8","NULL","Indonesia"
268060,"Gamalama",16627,"Confirmed Eruption","NULL","2","NULL","NULL",1835,"NULL","1","NULL","4","NULL","Observations: Reported","NULL","NULL","NULL","NULL","NULL","NULL","NULL","Indonesia"
268060,"Gamalama",16656,"Confirmed Eruption","NULL","1","NULL","NULL",1897,"NULL","9","NULL","7","NULL","Observations: Reported","NULL","1897","NULL","9","NULL","24","NULL","Indonesia"
268060,"Gamalama",16603,"Confirmed Eruption","NULL","2","NULL","NULL",1648,"NULL","6","NULL","15","NULL","Observations: Reported","NULL","1648","NULL","6","NULL","18","NULL","Indonesia"
268060,"Gamalama",16666,"Confirmed Eruption","East flank","2","NULL","NULL",1962,"NULL","12","NULL","31","NULL","Observations: Reported","NULL","1963","NULL","1","?","2","NULL","Indonesia"
268060,"Gamalama",16629,"Confirmed Eruption","NULL","2","NULL","NULL",1839,"NULL","1","NULL","29","NULL","Observations: Reported","NULL","1839","NULL","3","NULL","26","NULL","Indonesia"
268060,"Gamalama",16675,"Confirmed Eruption","NULL","2","NULL","NULL",2003,"NULL","7","NULL","31","NULL","Observations: Reported","NULL","2003","NULL","10","NULL","2","3","Indonesia"
268060,"Gamalama",21087,"Confirmed Eruption","Summit crater","2","NULL","NULL",2015,"NULL","7","NULL","16","NULL","Observations: Reported","NULL","2015","NULL","9","NULL","8","NULL","Indonesia"
268060,"Gamalama",16611,"Confirmed Eruption","NULL","2","NULL","NULL",1739,"NULL","0","NULL","0","NULL","Observations: Reported","NULL","NULL","NULL","NULL","NULL","NULL","NULL","Indonesia"
268060,"Gamalama",16626,"Confirmed Eruption","NULL","2","NULL","NULL",1833,"NULL","6","NULL","15","NULL","Observations: Reported","NULL","NULL","NULL","NULL","NULL","NULL","NULL","Indonesia"
268060,"Gamalama",16660,"Confirmed Eruption","NULL","1","NULL","NULL",1911,"NULL","9","NULL","2","NULL","Observations: Reported","NULL","1911","NULL","9","NULL","6","NULL","Indonesia"
268060,"Gamalama",16651,"Confirmed Eruption","NULL","2","NULL","NULL",1871,"NULL","8","NULL","7","NULL","Observations: Reported","NULL","1871","NULL","9","NULL","25","NULL","Indonesia"
268060,"Gamalama",16649,"Confirmed Eruption","NULL","2","NULL","NULL",1868,"NULL","11","NULL","13","NULL","Observations: Reported","NULL","1869","NULL","2","NULL","10","NULL","Indonesia"
268060,"Gamalama",16663,"Confirmed Eruption","NULL","2","NULL","NULL",1932,"NULL","11","NULL","10","NULL","Observations: Reported","NULL","1932","NULL","11","NULL","13","NULL","Indonesia"
268060,"Gamalama",16637,"Confirmed Eruption","NULL","2","NULL","NULL",1847,"NULL","2","NULL","7","NULL","Observations: Reported","NULL","1847","NULL","2","NULL","7","NULL","Indonesia"
268060,"Gamalama",16661,"Confirmed Eruption","NULL","1","NULL","NULL",1918,"NULL","8","NULL","0","NULL","Observations: Reported","NULL","1918","NULL","9","NULL","4","NULL","Indonesia"
268060,"Gamalama",16620,"Confirmed Eruption","NULL","2","NULL","NULL",1812,"NULL","9","NULL","7","NULL","Observations: Reported","NULL","1812","NULL","9","NULL","7","NULL","Indonesia"
268060,"Gamalama",16636,"Confirmed Eruption","NULL","2","NULL","NULL",1846,"NULL","5","NULL","19","NULL","Observations: Reported","NULL","1846","NULL","5","NULL","19","NULL","Indonesia"
268060,"Gamalama",16659,"Confirmed Eruption","NULL","2","NULL","NULL",1907,"NULL","11","NULL","17","NULL","Observations: Reported","NULL","1907","NULL","11","NULL","20","NULL","Indonesia"
268060,"Gamalama",16604,"Confirmed Eruption","NULL","3","^","NULL",1653,"NULL","12","NULL","31","365","Observations: Reported","NULL","NULL","NULL","NULL","NULL","NULL","NULL","Indonesia"
268060,"Gamalama",16643,"Confirmed Eruption","NULL","2","NULL","NULL",1862,"NULL","7","NULL","15","NULL","Observations: Reported","NULL","1862","NULL","10","NULL","0","NULL","Indonesia"
268060,"Gamalama",16610,"Confirmed Eruption","NULL","2","NULL","NULL",1737,"NULL","3","NULL","10","NULL","Observations: Reported","NULL","1737","NULL","3","NULL","13","NULL","Indonesia"
268060,"Gamalama",16639,"Confirmed Eruption","NULL","NULL","NULL","NULL",1847,"NULL","9","NULL","7","NULL","Observations: Reported","NULL","1847","NULL","9","NULL","7","NULL","Indonesia"
268060,"Gamalama",16645,"Confirmed Eruption","NULL","2","NULL","NULL",1864,"NULL","1","NULL","20","NULL","Observations: Reported","NULL","1864","NULL","2","NULL","17","NULL","Indonesia"
268060,"Gamalama",16613,"Confirmed Eruption","NULL","3","NULL","NULL",1770,"NULL","7","NULL","6","NULL","Observations: Reported","NULL","1770","NULL","12","NULL","9","NULL","Indonesia"
268060,"Gamalama",16673,"Confirmed Eruption","NULL","2","NULL","NULL",1994,"NULL","1","NULL","16","15","Observations: Reported","NULL","1994","NULL","10",">","15","NULL","Indonesia"
268060,"Gamalama",16625,"Confirmed Eruption","NULL","2","NULL","NULL",1831,"NULL","5","NULL","27","NULL","Observations: Reported","NULL","1831","NULL","6","NULL","27","NULL","Indonesia"
268060,"Gamalama",20989,"Confirmed Eruption","Summit crater","2","NULL","NULL",2014,"NULL","12","NULL","18","NULL","Observations: Reported","NULL","2014","NULL","12","NULL","25","NULL","Indonesia"
268060,"Gamalama",16654,"Confirmed Eruption","NULL","1","NULL","NULL",1895,"NULL","12","NULL","19","NULL","Observations: Reported","NULL","1895","NULL","12","NULL","19","NULL","Indonesia"
268060,"Gamalama",16662,"Confirmed Eruption","NULL","2","NULL","NULL",1923,"NULL","4","NULL","13","NULL","Observations: Reported","NULL","1923","NULL","5","NULL","6","NULL","Indonesia"
268060,"Gamalama",16628,"Confirmed Eruption","NULL","2","NULL","NULL",1838,"NULL","2","NULL","26","NULL","Observations: Reported","NULL","1838","NULL","5","NULL","0","NULL","Indonesia"
268060,"Gamalama",16614,"Confirmed Eruption","NULL","3","NULL","NULL",1771,"NULL","8","NULL","28","NULL","Observations: Reported","NULL","1772","NULL","10","NULL","9","NULL","Indonesia"
268061,"Kie Matubu",22545,"Confirmed Eruption","NULL","3","NULL","<",1210,"26","NULL","NULL","NULL","NULL","Isotopic: 14C (uncalibrated)","NULL","NULL","NULL","NULL","NULL","NULL","NULL","Indonesia"
268061,"Kie Matubu",22544,"Confirmed Eruption","NULL","3","NULL","NULL",-749,"77","NULL","NULL","NULL","NULL","Isotopic: 14C (calibrated)","NULL","NULL","NULL","NULL","NULL","NULL","NULL","Indonesia"
268070,"Kie Besi",16689,"Confirmed Eruption","NULL","3","NULL","NULL",1988,"NULL","7","NULL","29","NULL","Observations: Reported","NULL","1988","NULL","8","NULL","5","NULL","Indonesia"
268070,"Kie Besi",16688,"Confirmed Eruption","NULL","2","NULL","NULL",1890,"NULL","6","NULL","20","NULL","Observations: Reported","NULL","1890","NULL","6","NULL","30","NULL","Indonesia"
268070,"Kie Besi",16680,"Confirmed Eruption","NULL","4","?","NULL",1646,"NULL","7","NULL","19","NULL","Observations: Reported","NULL","1646","NULL","7","NULL","21","NULL","Indonesia"
268070,"Kie Besi",16685,"Confirmed Eruption","NULL","4","?","NULL",1861,"NULL","12","NULL","28","NULL","Observations: Reported","NULL","1862","NULL","10","NULL","0","NULL","Indonesia"
268070,"Kie Besi",16682,"Confirmed Eruption","NULL","4","?","NULL",1760,"NULL","9","NULL","22","NULL","Observations: Reported","NULL","1761","NULL","4",">","30","NULL","Indonesia"
268070,"Kie Besi",16687,"Confirmed Eruption","NULL","1","NULL","NULL",1864,"NULL","10","NULL","0","NULL","Observations: Reported","NULL","1864","NULL","10","NULL","0","NULL","Indonesia"
268070,"Kie Besi",16678,"Confirmed Eruption","NULL","3","^","<",1550,"NULL","0","NULL","0","NULL","Observations: Reported","NULL","NULL","NULL","NULL","NULL","NULL","NULL","Indonesia"
268070,"Kie Besi",16686,"Confirmed Eruption","NULL","1","NULL","NULL",1863,"NULL","8","NULL","25","NULL","Observations: Reported","NULL","1863","NULL","8","NULL","31","NULL","Indonesia"
