"Volcano Number","Volcano Name","Country","Volcanic Region Group","Volcanic Region","Volcano Landform","Primary Volcano Type","Activity Evidence","Last Known Eruption","Latitude","Longitude","Elevation (m)","Dominant Rock Type","Tectonic Setting"
"210801","South Harghita Mountains","Romania","European Volcanic Regions","Central European Volcanic Province","Minor","Lava dome(s)",NA,NA,"46.13","25.88","1289",NA,"Intraplate / Continental crust (>25 km)"
"210802","Persani Mountains","Romania","European Volcanic Regions","Central European Volcanic Province","Cluster","Volcanic field",NA,NA,"45.981999999999999","25.338999999999999","623",NA,"Intraplate / Continental crust (>25 km)"
"210803","Apuseni Mountains","Romania","European Volcanic Regions","Central European Volcanic Province","Cluster","Volcanic field",NA,NA,"45.93","22.88","353",NA,"Intraplate / Continental crust (>25 km)"
"210804","Lucaret Basalts","Romania","European Volcanic Regions","Central European Volcanic Province","Cluster","Fissure vent",NA,NA,"45.826000000000001","21.69","190",NA,"Intraplate / Continental crust (>25 km)"
"210805","Bakony-Balaton Highland","Hungary","European Volcanic Regions","Central European Volcanic Province","Cluster","Volcanic field",NA,NA,"46.92","17.63","600",NA,"Intraplate / Continental crust (>25 km)"
"210806","Little Hungarian Plain","Hungary","European Volcanic Regions","Central European Volcanic Province","Cluster","Volcanic field",NA,NA,"47.192","17.2","433",NA,"Intraplate / Continental crust (>25 km)"
"210807","Nograd-Southern Slovakia","Hungary-Slovakia","European Volcanic Regions","Central European Volcanic Province","Cluster","Volcanic field",NA,NA,"48.158999999999999","19.79","720",NA,"Intraplate / Continental crust (>25 km)"
"210809","Central Slovakia","Slovakia","European Volcanic Regions","Central European Volcanic Province","Cluster","Volcanic field",NA,NA,"48.402999999999999","18.876999999999999","1009",NA,"Intraplate / Continental crust (>25 km)"
"210810","Bruntal Volcanic Field","Czechia","European Volcanic Regions","Central European Volcanic Province","Cluster","Volcanic field",NA,NA,"49.88","17.475000000000001","780",NA,"Intraplate / Continental crust (>25 km)"
"210811","Cheb Basin","Czechia","European Volcanic Regions","Central European Volcanic Province","Cluster","Volcanic field",NA,NA,"49.97","12.391999999999999","585",NA,"Intraplate / Continental crust (>25 km)"
"210812","East Eifel Volcanic Field","Germany","European Volcanic Regions","Central European Volcanic Province","Cluster","Maar(s)",NA,NA,"50.4","7.3250000000000002","588",NA,"Rift zone / Continental crust (>25 km)"
"210813","Rodderberg","Germany","European Volcanic Regions","Central European Volcanic Province","Minor","Pyroclastic cone",NA,NA,"50.62","7.2","150",NA,"Rift zone / Continental crust (>25 km)"
"210814","Cofrentes","Spain","European Volcanic Regions","Western European Volcanic Province","Cluster","Volcanic field",NA,NA,"39.234999999999999","-1.0640000000000001","514",NA,"Unknown"
"210816","Columbretes, Islas","Spain","European Volcanic Regions","Western European Volcanic Province","Cluster","Volcanic field",NA,NA,"39.896000000000001","0.68600000000000005","33",NA,"Unknown"
"211003","Vulsini","Italy","European Volcanic Regions","Italian Peninsula Volcanic Provinces","Caldera","Caldera",NA,NA,"42.6","11.93","800","Trachyte / Trachydacite","Subduction zone / Continental crust (>25 km)"
"211800","Amiata","Italy","European Volcanic Regions","Italian Peninsula Volcanic Provinces","Minor","Lava dome(s)",NA,NA,"42.9","11.63","1738",NA,"Subduction zone / Continental crust (>25 km)"
"211801","Radicofani","Italy","European Volcanic Regions","Italian Peninsula Volcanic Provinces","Minor","Volcanic remnant",NA,NA,"42.899000000000001","11.769","891",NA,"Subduction zone / Continental crust (>25 km)"
"211802","Torre Alfina","Italy","European Volcanic Regions","Italian Peninsula Volcanic Provinces","Minor","Volcanic remnant",NA,NA,"42.753","11.943","575",NA,"Subduction zone / Continental crust (>25 km)"
"211803","San Venanzo","Italy","European Volcanic Regions","Italian Peninsula Volcanic Provinces","Minor","Maar",NA,NA,"42.862000000000002","12.266","466",NA,"Subduction zone / Continental crust (>25 km)"
"211804","Acquasparta","Italy","European Volcanic Regions","Italian Peninsula Volcanic Provinces","Cluster","Volcanic field",NA,NA,"42.65","12.3","0",NA,"Subduction zone / Continental crust (>25 km)"
"211805","Polino","Italy","European Volcanic Regions","Italian Peninsula Volcanic Provinces","Minor","Explosion crater(s)",NA,NA,"42.57","12.82","0",NA,"Subduction zone / Continental crust (>25 km)"
"211806","Cupaello","Italy","European Volcanic Regions","Italian Peninsula Volcanic Provinces","Minor","Pyroclastic cone",NA,NA,"42.43","12.93","650",NA,"Subduction zone / Continental crust (>25 km)"
"211807","Oricola-Carsoli","Italy","European Volcanic Regions","Italian Peninsula Volcanic Provinces","Cluster","Pyroclastic cone(s)",NA,NA,"42.15","13.08","0",NA,"Subduction zone / Continental crust (>25 km)"
"211808","Vico-Cimino Complex","Italy","European Volcanic Regions","Italian Peninsula Volcanic Provinces","Composite","Stratovolcano(es)",NA,NA,"42.366999999999997","12.188000000000001","1053",NA,"Subduction zone / Continental crust (>25 km)"
"211809","Sabatini Complex","Italy","European Volcanic Regions","Italian Peninsula Volcanic Provinces","Composite","Stratovolcano(es)",NA,NA,"42.17","12.22","612",NA,"Unknown"
"211810","Ernici, Monti","Italy","European Volcanic Regions","Italian Peninsula Volcanic Provinces","Cluster","Volcanic field",NA,NA,"41.58","13.33","0",NA,"Subduction zone / Continental crust (>25 km)"
"211811","Roccamonfina","Italy","European Volcanic Regions","Italian Peninsula Volcanic Provinces","Composite","Stratovolcano",NA,NA,"41.3","13.93","1066",NA,"Subduction zone / Continental crust (>25 km)"
"211812","Vulture, Monte","Italy","European Volcanic Regions","Italian Peninsula Volcanic Provinces","Composite","Stratovolcano",NA,NA,"40.92","15.67","1330",NA,"Subduction zone / Continental crust (>25 km)"
"211813","Ventotene","Italy","European Volcanic Regions","Italian Peninsula Volcanic Provinces","Composite","Stratovolcano(es)",NA,NA,"40.799999999999997","13.42","139",NA,"Subduction zone / Continental crust (>25 km)"
"211814","Pontine Islands","Italy","European Volcanic Regions","Italian Peninsula Volcanic Provinces","Minor","Lava dome(s)",NA,NA,"40.9","12.95","283",NA,"Subduction zone / Continental crust (>25 km)"
"211815","Logudoro","Italy","European Volcanic Regions","Western European Volcanic Province","Cluster","Volcanic field",NA,NA,"40.58","8.67","0",NA,"Unknown"
"211816","Salina","Italy","European Volcanic Regions","Aeolian Volcanic Arc","Composite","Stratovolcano(es)",NA,NA,"38.58","14.85","962",NA,"Subduction zone / Continental crust (>25 km)"
"211817","Filicudi","Italy","European Volcanic Regions","Aeolian Volcanic Arc","Composite","Stratovolcano(es)",NA,NA,"38.58","14.55","773",NA,"Subduction zone / Continental crust (>25 km)"
"211818","Alicudi","Italy","European Volcanic Regions","Aeolian Volcanic Arc","Composite","Stratovolcano",NA,NA,"38.549999999999997","14.33","675",NA,"Subduction zone / Continental crust (>25 km)"
"211819","Ustica","Italy","European Volcanic Regions","Sicily Volcanic Province","Composite","Stratovolcano(es)",NA,NA,"38.72","13.18","248",NA,"Subduction zone / Continental crust (>25 km)"
"211820","Iblei","Italy","European Volcanic Regions","Sicily Volcanic Province","Shield","Shield?",NA,NA,"37.116999999999997","14.821","825",NA,"Subduction zone / Continental crust (>25 km)"
"211821","Linosa","Italy","European Volcanic Regions","Sicily Volcanic Province","Minor","Pyroclastic cone(s)",NA,NA,"35.869999999999997","12.87","195",NA,"Rift zone / Continental crust (>25 km)"
"211822","Gaeta Bay Volcanic Field","Italy","European Volcanic Regions","Italian Peninsula Volcanic Provinces","Cluster","Volcanic field",NA,NA,"40.978000000000002","13.663","0",NA,"Subduction zone / Continental crust (>25 km)"
"212051","Yali","Greece","European Volcanic Regions","Hellenic Volcanic Arc","Composite","Lava dome(s)",NA,NA,"36.666600000000003","27.122399999999999","180","Rhyolite","Subduction zone / Continental crust (>25 km)"
"212800","Psathoura","Greece","European Volcanic Regions","Western Anatolian Volcanic Province","Minor","Lava dome",NA,NA,"39.5","24.18","10",NA,"Subduction zone / Continental crust (>25 km)"
"212801","Volos-Atalanti","Greece","European Volcanic Regions","Western Anatolian Volcanic Province","Cluster","Volcanic field",NA,NA,"39.033000000000001","22.8","900",NA,"Subduction zone / Continental crust (>25 km)"
"212802","Aegina","Greece","European Volcanic Regions","Hellenic Volcanic Arc","Cluster","Volcanic field",NA,NA,"37.75","23.5","530",NA,"Subduction zone / Continental crust (>25 km)"
"212803","Poros","Greece","European Volcanic Regions","Hellenic Volcanic Arc","Cluster","Fissure vent",NA,NA,"37.479999999999997","23.43","80",NA,"Subduction zone / Continental crust (>25 km)"
"212804","Antiparos","Greece","European Volcanic Regions","Hellenic Volcanic Arc","Minor","Pyroclastic cone(s)",NA,NA,"36.994999999999997","25.045999999999999","282",NA,"Subduction zone / Continental crust (>25 km)"
"212805","Kos","Greece","European Volcanic Regions","Hellenic Volcanic Arc","Caldera","Caldera(s)",NA,NA,"36.851999999999997","27.251000000000001","430",NA,"Subduction zone / Continental crust (>25 km)"
"213001","Karapinar Monogenetic Field","Turkiye","European Volcanic Regions","Western Anatolian Volcanic Province","Cluster","Volcanic field",NA,NA,"37.640700000000002","33.5901","1302","Trachyandesite / Basaltic Trachyandesite","Intraplate / Continental crust (>25 km)"
"213003","Derinkuyu Volcanic Complex","Turkiye","European Volcanic Regions","Western Anatolian Volcanic Province","Cluster","Lava dome",NA,NA,"38.35","34.556699999999999","2143","Rhyolite","Intraplate / Continental crust (>25 km)"
"213004","Nevsehir-Acigol Volcanic Complex","Turkiye","European Volcanic Regions","Western Anatolian Volcanic Province","Cluster","Complex",NA,NA,"38.536999999999999","34.621000000000002","1683","Rhyolite","Intraplate / Continental crust (>25 km)"
"213005","Egrikuyu Monogenetic Field","Turkiye","European Volcanic Regions","Western Anatolian Volcanic Province","Cluster","Volcanic field",NA,NA,"37.892000000000003","34.1113","1100",NA,"Intraplate / Continental crust (>25 km)"
"213021","Suphan Dagi","Turkiye","Arabia-Central Asia Volcanic Regions","Central Anatolian Volcanic Province","Composite","Stratovolcano",NA,NA,"38.930999999999997","42.832999999999998","4033","Trachyandesite / Basaltic Trachyandesite","Intraplate / Continental crust (>25 km)"
"213022","Girekol","Turkiye","Arabia-Central Asia Volcanic Regions","Central Anatolian Volcanic Province","Shield","Shield",NA,NA,"39.103999999999999","43.426000000000002","2145","Andesite / Basaltic Andesite","Intraplate / Continental crust (>25 km)"
"213023","Etrusk","Turkiye","Arabia-Central Asia Volcanic Regions","Central Anatolian Volcanic Province","Composite","Stratovolcano",NA,NA,"39.031999999999996","43.66","3100",NA,NA
"213060","Karasu Rift","Turkiye","Arabia-Central Asia Volcanic Regions","Northern Arabia Volcanic Province","Cluster","Volcanic field",NA,NA,"36.767000000000003","36.6","486",NA,"Rift zone / Intermediate crust (15-25 km)"
"213061","Ceyhan-Osmaniye","Turkiye","European Volcanic Regions","Western Anatolian Volcanic Province","Cluster","Volcanic field",NA,NA,"37","36.082999999999998","424",NA,"Unknown"
"213801","Golcuk","Turkiye","European Volcanic Regions","Western Anatolian Volcanic Province","Caldera","Caldera",NA,NA,"37.72","30.492000000000001","0",NA,"Intraplate / Continental crust (>25 km)"
"213803","Arpacay","Turkiye","Arabia-Central Asia Volcanic Regions","Caucasus Volcanic Province","Cluster","Volcanic field",NA,NA,"41","43.466999999999999","0",NA,"Intraplate / Continental crust (>25 km)"
"213804","Kisir Dagi","Turkiye","Arabia-Central Asia Volcanic Regions","Caucasus Volcanic Province","Composite","Unknown",NA,NA,"40.97","43.07","3192",NA,"Intraplate / Continental crust (>25 km)"
"214040","Keli Highland","Georgia","Arabia-Central Asia Volcanic Regions","Caucasus Volcanic Province","Cluster","Pyroclastic cone(s)",NA,NA,"42.45","44.25","3750","Andesite / Basaltic Andesite","Intraplate / Continental crust (>25 km)"
"214802","Akhuryan Valley","Armenia","Arabia-Central Asia Volcanic Regions","Caucasus Volcanic Province","Cluster","Volcanic field",NA,NA,"41.067","43.75","2251",NA,"Intraplate / Continental crust (>25 km)"
"214803","Shamiram Plateau","Armenia","Arabia-Central Asia Volcanic Regions","Caucasus Volcanic Province","Cluster","Volcanic field",NA,NA,"40.200000000000003","44.15","3300",NA,"Intraplate / Continental crust (>25 km)"
"214805","Southeast Syunik Upland","Armenia-Azerbaijan","Arabia-Central Asia Volcanic Regions","Caucasus Volcanic Province","Cluster","Volcanic field",NA,NA,"39.616999999999997","46.1","2400",NA,"Intraplate / Continental crust (>25 km)"
"214808","Dzau","Georgia","Arabia-Central Asia Volcanic Regions","Caucasus Volcanic Province","Cluster","Fissure vent",NA,NA,"42.404000000000003","44.003999999999998","1904",NA,NA
"221109","Mabda","Eritrea","Eastern Africa Volcanic Regions","Afar Rift Volcanic Province","Minor","Lava dome",NA,NA,"13.507999999999999","41.779000000000003","1554","Rhyolite","Rift zone / Intermediate crust (15-25 km)"
"221121","Borawli","Ethiopia","Eastern Africa Volcanic Regions","Afar Rift Volcanic Province","Minor","Lava dome(s)",NA,NA,"11.63","41.45","875","Rhyolite","Rift zone / Intermediate crust (15-25 km)"
"221224","Boku","Ethiopia","Eastern Africa Volcanic Regions","Main Ethiopian Rift Volcanic Province","Caldera","Caldera",NA,NA,"8.5500000000000007","39.274999999999999","1625",NA,"Rift zone / Continental crust (>25 km)"
"221292","Tepi","Ethiopia","Eastern Africa Volcanic Regions","Western Ethiopia Plateau Volcanic Province","Shield","Shield",NA,NA,"7.4240000000000004","35.43","2728","Basalt / Picro-Basalt","Intraplate / Continental crust (>25 km)"
"221293","Hobitcha Caldera","Ethiopia","Eastern Africa Volcanic Regions","Main Ethiopian Rift Volcanic Province","Caldera","Caldera",NA,NA,"6.8639999999999999","37.847000000000001","2156","Basalt / Picro-Basalt","Intraplate / Continental crust (>25 km)"
"221300","Chericha","Ethiopia","Eastern Africa Volcanic Regions","Main Ethiopian Rift Volcanic Province","Composite","Stratovolcano",NA,NA,"6.7119999999999997","38.085000000000001","1636","Rhyolite","Rift zone / Continental crust (>25 km)"
"221310","Tosa Sucha","Ethiopia","Eastern Africa Volcanic Regions","Main Ethiopian Rift Volcanic Province","Cluster","Pyroclastic cone(s)",NA,NA,"5.9669999999999996","37.628999999999998","1650","Basalt / Picro-Basalt","Rift zone / Continental crust (>25 km)"
"221335","Dilo-Dukana Volcanic Field","Ethiopia-Kenya","Eastern Africa Volcanic Regions","Kenyan Rift Volcanic Province","Cluster","Volcanic field",NA,NA,"4.0629999999999997","37.488","1111","Basalt / Picro-Basalt","Rift zone / Intermediate crust (15-25 km)"
"221800","Oyma","Ethiopia","Eastern Africa Volcanic Regions","Afar Rift Volcanic Province","Composite","Stratovolcano",NA,NA,"12.88","41.62","1041",NA,"Rift zone / Intermediate crust (15-25 km)"
"221801","Didolli","Ethiopia","Eastern Africa Volcanic Regions","Afar Rift Volcanic Province","Caldera","Caldera",NA,NA,"12.7","41.58","1191",NA,"Rift zone / Intermediate crust (15-25 km)"
"221802","Katahelu","Ethiopia","Eastern Africa Volcanic Regions","Afar Rift Volcanic Province","Minor","Cone",NA,NA,"12.551","41.503","1126",NA,"Rift zone / Intermediate crust (15-25 km)"
"221803","Ali Mela","Ethiopia","Eastern Africa Volcanic Regions","Afar Rift Volcanic Province","Minor","Cone",NA,NA,"12.718","41.396000000000001","1037",NA,"Rift zone / Intermediate crust (15-25 km)"
"221804","Dawa Ale-Quarry","Ethiopia","Eastern Africa Volcanic Regions","Afar Rift Volcanic Province","Composite","Stratovolcano",NA,NA,"12.75","41","0",NA,"Rift zone / Intermediate crust (15-25 km)"
"221805","Badi","Ethiopia","Eastern Africa Volcanic Regions","Afar Rift Volcanic Province","Composite","Stratovolcano",NA,NA,"12.387","40.366","1321",NA,"Rift zone / Intermediate crust (15-25 km)"
"221806","Gad Elu","Ethiopia","Eastern Africa Volcanic Regions","Afar Rift Volcanic Province","Composite","Stratovolcano",NA,NA,"12.407999999999999","41.06","1548",NA,"Rift zone / Intermediate crust (15-25 km)"
"221807","Ela","Ethiopia","Eastern Africa Volcanic Regions","Afar Rift Volcanic Province","Composite","Stratovolcano",NA,NA,"12.519","41.19","934",NA,"Rift zone / Intermediate crust (15-25 km)"
"221808","Asgura","Ethiopia","Eastern Africa Volcanic Regions","Afar Rift Volcanic Province","Composite","Stratovolcano",NA,NA,"11.75","40.9","0",NA,"Rift zone / Intermediate crust (15-25 km)"
"221809","Finini","Ethiopia","Eastern Africa Volcanic Regions","Afar Rift Volcanic Province","Composite","Stratovolcano",NA,NA,"11.98","41.35","0",NA,"Rift zone / Intermediate crust (15-25 km)"
"221810","Dalaha'ale","Ethiopia","Eastern Africa Volcanic Regions","Afar Rift Volcanic Province","Composite","Stratovolcano",NA,NA,"12.273999999999999","42.043999999999997","881",NA,"Rift zone / Intermediate crust (15-25 km)"
"221811","Data Gabalti","Ethiopia","Eastern Africa Volcanic Regions","Afar Rift Volcanic Province","Composite","Stratovolcano",NA,NA,"12.196999999999999","42.134999999999998","583",NA,"Rift zone / Intermediate crust (15-25 km)"
"221812","Egersuwa","Ethiopia","Eastern Africa Volcanic Regions","Afar Rift Volcanic Province","Minor","Lava dome(s)",NA,NA,"12.45","42.165999999999997","582",NA,"Rift zone / Intermediate crust (15-25 km)"
"221816","Zikwala","Ethiopia","Eastern Africa Volcanic Regions","Main Ethiopian Rift Volcanic Province","Composite","Stratovolcano",NA,NA,"8.5299999999999994","38.85","2989",NA,"Intraplate / Continental crust (>25 km)"
"221817","Ch'Ilalo","Ethiopia","Eastern Africa Volcanic Regions","Main Ethiopian Rift Volcanic Province","Composite","Stratovolcano",NA,NA,"7.92","39.270000000000003","4005",NA,"Intraplate / Continental crust (>25 km)"
"221818","Gademota Caldera","Ethiopia","Eastern Africa Volcanic Regions","Main Ethiopian Rift Volcanic Province","Caldera","Caldera",NA,NA,"7.88","38.6","2090",NA,"Intraplate / Continental crust (>25 km)"
"221819","Duguna","Ethiopia","Eastern Africa Volcanic Regions","Main Ethiopian Rift Volcanic Province","Composite","Stratovolcano",NA,NA,"6.95","38.07","2205",NA,"Intraplate / Continental crust (>25 km)"
"221822","Chew Bahir","Ethiopia","Eastern Africa Volcanic Regions","Kenyan Rift Volcanic Province","Minor","Pyroclastic cone(s)",NA,NA,"4.47","36.869999999999997","600",NA,"Rift zone / Intermediate crust (15-25 km)"
"221824","Undurer","Ethiopia","Eastern Africa Volcanic Regions","Afar Rift Volcanic Province","Composite","Stratovolcano",NA,NA,"12.170999999999999","41.396000000000001","1242",NA,"Rift zone / Intermediate crust (15-25 km)"
"221825","Babba'Olou","Djibouti","Eastern Africa Volcanic Regions","Afar Rift Volcanic Province","Composite","Stratovolcano",NA,NA,"11.55","42.133000000000003","1301",NA,"Rift zone / Intermediate crust (15-25 km)"
"222150","Kilimanjaro","Tanzania","Eastern Africa Volcanic Regions","Kenyan Rift Volcanic Province","Composite","Stratovolcano",NA,NA,"-3.07","37.35","5881","Phonolite","Rift zone / Continental crust (>25 km)"
"222161","Igwisi Hills","Tanzania","Eastern Africa Volcanic Regions","Tanzania Craton Volcanic Province","Minor","Pyroclastic cone(s)",NA,NA,"-4.8890000000000002","31.933","1146","Foidite","Intraplate / Continental crust (>25 km)"
"222162","Usangu Scarp Basalt","Tanzania","Eastern Africa Volcanic Regions","Rukwa Rift Volcanic Province","Minor","Pyroclastic cone",NA,NA,"-8.6240000000000006","33.582999999999998","1690","Basalt / Picro-Basalt","Rift zone / Continental crust (>25 km)"
"222163","SW Usangu Basin","Tanzania","Eastern Africa Volcanic Regions","Rukwa Rift Volcanic Province","Cluster","Lava dome(s)",NA,NA,"-8.75","33.799999999999997","2179","Phonolite","Rift zone / Continental crust (>25 km)"
"222165","Izumbwe-Mpoli","Tanzania","Eastern Africa Volcanic Regions","Rukwa Rift Volcanic Province","Minor","Pyroclastic cone(s)",NA,NA,"-8.9760000000000009","33.380000000000003","1568","Foidite","Rift zone / Continental crust (>25 km)"
"222800","Kulal","Kenya","Eastern Africa Volcanic Regions","Kenyan Rift Volcanic Province","Shield","Shield",NA,NA,"2.75","36.93","2285",NA,"Rift zone / Continental crust (>25 km)"
"222801","Asie","Kenya","Eastern Africa Volcanic Regions","Kenyan Rift Volcanic Province","Shield","Shield",NA,NA,"2.964","37.103999999999999","1056",NA,"Rift zone / Continental crust (>25 km)"
"222802","Huri Hills","Kenya","Eastern Africa Volcanic Regions","Kenyan Rift Volcanic Province","Shield","Shield",NA,NA,"3.5","37.75","1300",NA,"Rift zone / Continental crust (>25 km)"
"222803","Bogoria","Kenya","Eastern Africa Volcanic Regions","Kenyan Rift Volcanic Province","Shield","Shield",NA,NA,"0.25","36.08","1100",NA,"Rift zone / Continental crust (>25 km)"
"222804","Kilombe Caldera","Kenya","Eastern Africa Volcanic Regions","Kenyan Rift Volcanic Province","Caldera","Caldera",NA,NA,"-0.08","35.83","2550",NA,"Rift zone / Continental crust (>25 km)"
"222805","Nyokie, Ol Doinyo","Kenya","Eastern Africa Volcanic Regions","Kenyan Rift Volcanic Province","Minor","Tuff cone",NA,NA,"-1.8","36.380000000000003","1169",NA,"Rift zone / Continental crust (>25 km)"
"222806","Gelai","Tanzania","Eastern Africa Volcanic Regions","Kenyan Rift Volcanic Province","Shield","Shield",NA,NA,"-2.6","36.1","2942",NA,"Unknown"
"222807","Ketumbeine","Tanzania","Eastern Africa Volcanic Regions","Kenyan Rift Volcanic Province","Shield","Shield",NA,NA,"-2.88","36.22","2942",NA,"Rift zone / Continental crust (>25 km)"
"222808","Kerimasi","Tanzania","Eastern Africa Volcanic Regions","Kenyan Rift Volcanic Province","Composite","Stratovolcano",NA,NA,"-2.87","35.950000000000003","2600",NA,"Unknown"
"222809","Loolmalasin","Tanzania","Eastern Africa Volcanic Regions","Kenyan Rift Volcanic Province","Composite","Unknown",NA,NA,"-3.052","35.817","3627",NA,"Rift zone / Continental crust (>25 km)"
"222810","Sadiman","Tanzania","Eastern Africa Volcanic Regions","Kenyan Rift Volcanic Province","Composite","Stratovolcano",NA,NA,"-3.18","35.42","2865",NA,"Unknown"
"222811","Ngorongoro","Tanzania","Eastern Africa Volcanic Regions","Kenyan Rift Volcanic Province","Caldera","Caldera",NA,NA,"-3.17","35.57","2376",NA,"Unknown"
"222812","Sultan Hamud-Simba","Kenya","Eastern Africa Volcanic Regions","Kenyan Rift Volcanic Province","Cluster","Volcanic field",NA,NA,"-2.12","37.4","0",NA,"Rift zone / Continental crust (>25 km)"
"222813","Burko","Tanzania","Eastern Africa Volcanic Regions","Kenyan Rift Volcanic Province","Composite","Stratovolcano",NA,NA,"-3.3","36.22","2136",NA,"Unknown"
"222814","Kwaraha","Tanzania","Eastern Africa Volcanic Regions","Kenyan Rift Volcanic Province","Composite","Stratovolcano",NA,NA,"-4.2300000000000004","35.82","2415",NA,"Rift zone / Continental crust (>25 km)"
"222828","Porr","Kenya","Eastern Africa Volcanic Regions","Kenyan Rift Volcanic Province","Minor","Pyroclastic cone",NA,NA,"2.9","36.549999999999997","0",NA,"Rift zone / Continental crust (>25 km)"
"222829","Embagai","Tanzania","Eastern Africa Volcanic Regions","Kenyan Rift Volcanic Province","Caldera","Caldera",NA,NA,"-2.92","35.83","3220",NA,"Unknown"
"222830","Olmoti","Tanzania","Eastern Africa Volcanic Regions","Kenyan Rift Volcanic Province","Caldera","Caldera",NA,NA,"-3","35.65","3099",NA,"Unknown"
"222831","Hanang","Tanzania","Eastern Africa Volcanic Regions","Kenyan Rift Volcanic Province","Composite","Stratovolcano",NA,NA,"-4.43","35.4","3418",NA,"Unknown"
"223003","Katwe-Kikorongo Volcanic Field","Uganda","Eastern Africa Volcanic Regions","Albertine Rift Volcanic Province","Cluster","Volcanic field",NA,NA,"-0.08","29.92","1067","Foidite","Rift zone / Continental crust (>25 km)"
"223004","Bunyaruguru Volcanic Field","Uganda","Eastern Africa Volcanic Regions","Albertine Rift Volcanic Province","Cluster","Volcanic field",NA,NA,"-0.2044","30.142199999999999","1554","Foidite","Rift zone / Continental crust (>25 km)"
"223005","Katunga","Uganda","Eastern Africa Volcanic Regions","Albertine Rift Volcanic Province","Minor","Volcanic field",NA,NA,"-0.47099999999999997","30.190999999999999","1707","Foidite","Rift zone / Continental crust (>25 km)"
"223050","Visoke","DR Congo-Rwanda","Eastern Africa Volcanic Regions","Albertine Rift Volcanic Province","Composite","Stratovolcano",NA,NA,"-1.458","29.484999999999999","3696","Trachyandesite / Basaltic Trachyandesite","Rift zone / Continental crust (>25 km)"
"223055","Gahinga","Uganda-Rwanda","Eastern Africa Volcanic Regions","Albertine Rift Volcanic Province","Composite",NA,NA,NA,"-1.3864000000000001","29.645600000000002","3473",NA,"Rift zone / Continental crust (>25 km)"
"223060","Muhavura","Uganda-Rwanda","Eastern Africa Volcanic Regions","Albertine Rift Volcanic Province","Composite","Stratovolcano",NA,NA,"-1.3828","29.677800000000001","4103","Trachybasalt / Tephrite Basanite","Rift zone / Continental crust (>25 km)"
"223070","Bufumbira Volcanic Field","Uganda","Eastern Africa Volcanic Regions","Albertine Rift Volcanic Province","Cluster","Volcanic field",NA,NA,"-1.304","29.683","2100","Phono-tephrite /  Tephri-phonolite","Rift zone / Continental crust (>25 km)"
"223072","Central Virunga Volcanic Field","DR Congo-Rwanda","Eastern Africa Volcanic Regions","Albertine Rift Volcanic Province","Cluster","Volcanic field",NA,NA,"-1.4141999999999999","29.524999999999999","2763",NA,"Rift zone / Continental crust (>25 km)"
"223074","Southern Virunga Volcanic Field","Rwanda","Eastern Africa Volcanic Regions","Albertine Rift Volcanic Province","Cluster","Volcanic field",NA,NA,"-1.5806","29.362500000000001","2220",NA,"Rift zone / Continental crust (>25 km)"
"223080","Tshibinda Volcanic Field","DR Congo","Eastern Africa Volcanic Regions","Albertine Rift Volcanic Province","Cluster","Pyroclastic cone(s)",NA,NA,"-2.3199999999999998","28.75","1460","Basalt / Picro-Basalt","Rift zone / Continental crust (>25 km)"
"223800","Mikeno","DR Congo","Eastern Africa Volcanic Regions","Albertine Rift Volcanic Province","Composite","Stratovolcano",NA,NA,"-1.4630000000000001","29.419","4387",NA,"Rift zone / Continental crust (>25 km)"
"223801","Sabinyo","Uganda-Rwanda","Eastern Africa Volcanic Regions","Albertine Rift Volcanic Province","Composite","Stratovolcano",NA,NA,"-1.3879999999999999","29.591999999999999","3605",NA,"Unknown"
"224001","Sao Tome","Sao Tome and Principe","Northern Africa Volcanic Regions","Western Africa Volcanic Province","Shield","Shield",NA,NA,"0.2","6.58","2024","Basalt / Picro-Basalt","Intraplate / Oceanic crust (< 15 km)"
"224002","Gran Caldera de Luba","Equatorial Guinea","Northern Africa Volcanic Regions","Western Africa Volcanic Province","Caldera","Shield",NA,NA,"3.3569","8.5089000000000006","2266","Basalt / Picro-Basalt","Intraplate / Continental crust (>25 km)"
"224003","Biao, Pico","Equatorial Guinea","Northern Africa Volcanic Regions","Western Africa Volcanic Province","Shield","Shield",NA,NA,"3.3580999999999999","8.6256000000000004","2006","Basalt / Picro-Basalt","Intraplate / Continental crust (>25 km)"
"224012","Kumba Volcanic Field","Cameroon","Northern Africa Volcanic Regions","Western Africa Volcanic Province","Cluster","Volcanic field",NA,NA,"4.6079999999999997","9.2919999999999998","600",NA,"Intraplate / Continental crust (>25 km)"
"224020","Manengouba","Cameroon","Northern Africa Volcanic Regions","Western Africa Volcanic Province","Composite","Stratovolcano",NA,NA,"5.03","9.83","2411","Basalt / Picro-Basalt","Intraplate / Continental crust (>25 km)"
"224040","Ngaoundere Plateau","Cameroon","Northern Africa Volcanic Regions","Western Africa Volcanic Province","Cluster","Volcanic field",NA,NA,"7.25","13.67","1230","Trachybasalt / Tephrite Basanite","Intraplate / Continental crust (>25 km)"
"224050","Biu Plateau","Nigeria","Northern Africa Volcanic Regions","Western Africa Volcanic Province","Cluster","Volcanic field",NA,NA,"10.75","12.087999999999999","930","Basalt / Picro-Basalt","Intraplate / Continental crust (>25 km)"
"224060","Jos Plateau","Nigeria","Northern Africa Volcanic Regions","Western Africa Volcanic Province","Cluster","Volcanic field",NA,NA,"9.5","9","1177",NA,NA
"225007","Haruj","Libya","Northern Africa Volcanic Regions","East Central Sahara Volcanic Province","Cluster","Volcanic field",NA,NA,"27.25","17.5","1200","Basalt / Picro-Basalt","Intraplate / Continental crust (>25 km)"
"225008","Waw an Namous","Libya","Northern Africa Volcanic Regions","East Central Sahara Volcanic Province","Caldera","Caldera",NA,NA,"24.905999999999999","17.771999999999998","470","Basalt / Picro-Basalt","Intraplate / Continental crust (>25 km)"
"225800","Tin Taralle Volcanic Field","Niger","Northern Africa Volcanic Regions","West Central Sahara Volcanic Province","Cluster","Volcanic field",NA,NA,"18.27","9.33","0",NA,"Intraplate / Continental crust (>25 km)"
"225801","Cap-Vert","Senegal","Northern Africa Volcanic Regions","Senegalo-Mauritania Basin Volcanic Province","Minor","Volcanic field",NA,NA,"14.723800000000001","-17.501899999999999","106",NA,"Intraplate / Continental crust (>25 km)"
"225802","Oulmes Volcanic Field","Morocco","Northern Africa Volcanic Regions","Northwestern Africa Volcanic Province","Cluster","Volcanic field",NA,NA,"33.33","-6","0",NA,"Intraplate / Continental crust (>25 km)"
"225803","Rekkame Volcanic Field","Morocco","Northern Africa Volcanic Regions","Northwestern Africa Volcanic Province","Cluster","Explosion crater(s)",NA,NA,"33.17","-3.33","1500",NA,"Intraplate / Continental crust (>25 km)"
"225804","Nemours-Nedroma","Algeria","Northern Africa Volcanic Regions","Northwestern Africa Volcanic Province","Cluster","Volcanic field",NA,NA,"35.07","-2","444",NA,"Intraplate / Continental crust (>25 km)"
"225805","Tafna Beni Saf","Algeria","Northern Africa Volcanic Regions","Northwestern Africa Volcanic Province","Cluster","Volcanic field",NA,NA,"35.28","-1.45","480",NA,"Intraplate / Continental crust (>25 km)"
"225806","Gharyan Volcanic Field","Libya","Northern Africa Volcanic Regions","East Central Sahara Volcanic Province","Composite","Stratovolcano(es)",NA,NA,"32","13.25","850",NA,"Intraplate / Continental crust (>25 km)"
"225812","In Teria Volcanic Field","Algeria","Northern Africa Volcanic Regions","West Central Sahara Volcanic Province","Cluster","Tuff ring(s)",NA,NA,"25.084700000000002","8.0090000000000003","575",NA,"Intraplate / Continental crust (>25 km)"
"225813","Azrou Volcanic Field","Morocco","Northern Africa Volcanic Regions","Northwestern Africa Volcanic Province","Cluster","Volcanic field",NA,NA,"33.67","-5.17","1785",NA,"Intraplate / Continental crust (>25 km)"
"225814","Oujda Volcanic Field","Morocco","Northern Africa Volcanic Regions","Northwestern Africa Volcanic Province","Cluster","Volcanic field",NA,NA,"34.53","-3.3","700",NA,"Intraplate / Continental crust (>25 km)"
"225815","Mrit-Ment Volcanic Field","Morocco","Northern Africa Volcanic Regions","Northwestern Africa Volcanic Province","Cluster","Volcanic field",NA,NA,"33.47","-2.97","700",NA,"Intraplate / Continental crust (>25 km)"
"225816","Berguent Volcanic Field","Morocco","Northern Africa Volcanic Regions","Northwestern Africa Volcanic Province","Cluster","Volcanic field",NA,NA,"33.75","-2.4","1200",NA,"Intraplate / Continental crust (>25 km)"
"225817","Chott Tigri Volcanic Field","Morocco","Northern Africa Volcanic Regions","Northwestern Africa Volcanic Province","Cluster","Volcanic field",NA,NA,"32.92","-1.85","1388",NA,"Intraplate / Continental crust (>25 km)"
"225818","Chi, Tarso Emi","Chad","Northern Africa Volcanic Regions","East Central Sahara Volcanic Province","Cluster","Volcanic field",NA,NA,"21.22","18.52","2650",NA,"Intraplate / Continental crust (>25 km)"
"225819","Ahon, Tarso","Chad","Northern Africa Volcanic Regions","East Central Sahara Volcanic Province","Cluster","Volcanic field",NA,NA,"20.539000000000001","18.29","3325",NA,"Intraplate / Continental crust (>25 km)"
"230010","Kaukab","Syria","Arabia-Central Asia Volcanic Regions","Northern Arabia Volcanic Province","Cluster","Volcanic field",NA,NA,"36.536000000000001","40.857999999999997","516","Basalt / Picro-Basalt","Rift zone / Continental crust (>25 km)"
"230800","Tigris Lava Flows","Syria","Arabia-Central Asia Volcanic Regions","Northern Arabia Volcanic Province","Cluster","Volcanic field",NA,NA,"37.130000000000003","41.85","693",NA,"Rift zone / Continental crust (>25 km)"
"230801","Feidat el-Mieza","Syria","Arabia-Central Asia Volcanic Regions","Northern Arabia Volcanic Province","Minor","Volcanic field",NA,NA,"35.843000000000004","40.616999999999997","404",NA,"Rift zone / Continental crust (>25 km)"
"230802","Himmat el-Jazira","Syria","Arabia-Central Asia Volcanic Regions","Northern Arabia Volcanic Province","Cluster","Cone(s)",NA,NA,"35.707999999999998","39.966000000000001","473",NA,"Unknown"
"231015","Rahah-'Uwayrid, Harrat ar","Saudi Arabia","Arabia-Central Asia Volcanic Regions","Western Arabia Volcanic Province","Cluster","Volcanic field",NA,NA,"27.408000000000001","37.279000000000003","1700",NA,"Intraplate / Continental crust (>25 km)"
"231073","Baqarah, Jabal","Saudi Arabia","Arabia-Central Asia Volcanic Regions","Southwest Arabia Volcanic Province","Minor","Cone",NA,NA,"18.024000000000001","42.091999999999999","331",NA,"Intraplate / Continental crust (>25 km)"
"231806","Hutaymah, Harrat","Saudi Arabia","Arabia-Central Asia Volcanic Regions","Western Arabia Volcanic Province","Cluster","Volcanic field",NA,NA,"26.98","42.4","0",NA,"Intraplate / Continental crust (>25 km)"
"231807","Haylah, Jibal al","Saudi Arabia","Arabia-Central Asia Volcanic Regions","Southwest Arabia Volcanic Province","Minor","Cone",NA,NA,"18.515000000000001","42.051000000000002","761",NA,"Intraplate / Continental crust (>25 km)"
"232001","Sahand","Iran","Arabia-Central Asia Volcanic Regions","Caucasus Volcanic Province","Composite","Stratovolcano",NA,NA,"37.75","46.43","3707","Andesite / Basaltic Andesite","Intraplate / Continental crust (>25 km)"
"232002","Sabalan","Iran","Arabia-Central Asia Volcanic Regions","Caucasus Volcanic Province","Composite","Stratovolcano",NA,NA,"38.268000000000001","47.835000000000001","4784","Andesite / Basaltic Andesite","Intraplate / Continental crust (>25 km)"
"232003","Saray","Iran","Arabia-Central Asia Volcanic Regions","Caucasus Volcanic Province","Minor",NA,NA,NA,"37.860999999999997","45.476999999999997","2060",NA,"Intraplate / Continental crust (>25 km)"
"232020","Qal'eh Hasan Ali","Iran","Arabia-Central Asia Volcanic Regions","Central Asia Volcanic Province","Cluster","Maar(s)",NA,NA,"29.375","57.55","2400","Trachybasalt / Tephrite Basanite","Intraplate / Continental crust (>25 km)"
"232030","Bazman","Iran","Arabia-Central Asia Volcanic Regions","Central Asia Volcanic Province","Composite","Stratovolcano",NA,NA,"28.07","60","3490","Andesite / Basaltic Andesite","Intraplate / Continental crust (>25 km)"
"232040","Nader","Iran","Arabia-Central Asia Volcanic Regions","Central Asia Volcanic Province","Cluster","Volcanic field",NA,NA,"28.17","60.67","1500","Basalt / Picro-Basalt","Intraplate / Continental crust (>25 km)"
"232050","Taftan","Iran","Arabia-Central Asia Volcanic Regions","Central Asia Volcanic Province","Composite","Stratovolcano",NA,NA,"28.6","61.13","3940","Andesite / Basaltic Andesite","Intraplate / Continental crust (>25 km)"
"232060","Dacht-i-Navar Group","Afghanistan","Arabia-Central Asia Volcanic Regions","Central Asia Volcanic Province","Minor","Lava dome(s)",NA,NA,"33.950000000000003","67.92","3800","Trachyandesite / Basaltic Trachyandesite","Intraplate / Continental crust (>25 km)"
"232070","Vakak Group","Afghanistan","Arabia-Central Asia Volcanic Regions","Central Asia Volcanic Province","Cluster","Volcanic field",NA,NA,"34.25","67.97","3190","Dacite","Intraplate / Continental crust (>25 km)"
"232800","Bijar Volcanic Field","Iran","Arabia-Central Asia Volcanic Regions","Caucasus Volcanic Province","Cluster","Volcanic field",NA,NA,"35.582999999999998","47.8","0",NA,"Intraplate / Continental crust (>25 km)"
"232801","Sultan","Pakistan","Arabia-Central Asia Volcanic Regions","Central Asia Volcanic Province","Cluster","Volcanic field",NA,NA,"29.1","62.8","2333",NA,"Intraplate / Continental crust (>25 km)"
"232803","Kuh-e Ayyub Ansar","Iran","Arabia-Central Asia Volcanic Regions","Caucasus Volcanic Province","Minor","Lava dome",NA,NA,"36.320999999999998","47.25","2506",NA,"Intraplate / Continental crust (>25 km)"
"232806","Gandom Beryan","Iran","Arabia-Central Asia Volcanic Regions","Central Asia Volcanic Province","Minor","Unknown",NA,NA,"31.343","57.517000000000003","500",NA,"Intraplate / Continental crust (>25 km)"
"232807","Dehaj-Meduk","Iran","Arabia-Central Asia Volcanic Regions","Central Asia Volcanic Province","Cluster","Volcanic field",NA,NA,"30.33","55.5","0",NA,"Intraplate / Continental crust (>25 km)"
"232808","Shahsavaran","Iran","Arabia-Central Asia Volcanic Regions","Central Asia Volcanic Province","Cluster","Volcanic field",NA,NA,"28.152000000000001","59.280999999999999","0",NA,"Intraplate / Continental crust (>25 km)"
"232809","Zardolou Group","Afghanistan","Arabia-Central Asia Volcanic Regions","Central Asia Volcanic Province","Minor","Lava dome(s)",NA,NA,"33.25","67.92","3000",NA,"Intraplate / Continental crust (>25 km)"
"232810","Loman Volcano Group","Afghanistan","Arabia-Central Asia Volcanic Regions","Central Asia Volcanic Province","Minor","Lava dome(s)",NA,NA,"33.33","67.849999999999994","4559",NA,"Intraplate / Continental crust (>25 km)"
"232812","East Neh","Iran","Arabia-Central Asia Volcanic Regions","Central Asia Volcanic Province","Minor","Unknown",NA,NA,"31.332999999999998","60.125999999999998","0",NA,NA
"233011","Ambre","Madagascar","Somalian-Antarctic Volcanic Regions","Madagascar-Comoros Volcanic Province","Cluster","Volcanic field",NA,NA,"-12.6","49.15","1475","Basalt / Picro-Basalt","Intraplate / Continental crust (>25 km)"
"233012","Nosy Be","Madagascar","Somalian-Antarctic Volcanic Regions","Madagascar-Comoros Volcanic Province","Cluster","Volcanic field",NA,NA,"-13.3233","48.289400000000001","419","Foidite","Intraplate / Continental crust (>25 km)"
"233014","Itasy Volcanic Field","Madagascar","Somalian-Antarctic Volcanic Regions","Central Madagascar Volcanic Province","Cluster","Volcanic field",NA,NA,"-19.0306","46.644399999999997","1800","Trachyte / Trachydacite","Intraplate / Continental crust (>25 km)"
"233015","Vakinankaratra","Madagascar","Somalian-Antarctic Volcanic Regions","Central Madagascar Volcanic Province","Cluster","Volcanic field",NA,NA,"-19.850000000000001","46.942","2644","Trachybasalt / Tephrite Basanite","Intraplate / Continental crust (>25 km)"
"233030","Jumelles-Mwezi Volcanic Field","Union of the Comoros","Somalian-Antarctic Volcanic Regions","Madagascar-Comoros Volcanic Province","Cluster",NA,NA,NA,"-12.301399999999999","45.5792","-1500",NA,"Intraplate / Oceanic crust (< 15 km)"
"233800","Moheli","Union of the Comoros","Somalian-Antarctic Volcanic Regions","Madagascar-Comoros Volcanic Province","Shield","Shield",NA,NA,"-12.3","43.72","790",NA,"Intraplate / Oceanic crust (< 15 km)"
"233801","Anjouan","Union of the Comoros","Somalian-Antarctic Volcanic Regions","Madagascar-Comoros Volcanic Province","Shield","Shield",NA,NA,"-12.2","44.45","1595",NA,"Intraplate / Oceanic crust (< 15 km)"
"233802","Neiges, Piton des","France","Somalian-Antarctic Volcanic Regions","Reunion Hotspot Volcano Group","Shield","Shield",NA,NA,"-21.08","55.48","3070",NA,"Intraplate / Oceanic crust (< 15 km)"
"233803","Mauritius","Mauritius","Somalian-Antarctic Volcanic Regions","Reunion Hotspot Volcano Group","Shield","Shield",NA,NA,"-20.32","57.65","826",NA,"Intraplate / Oceanic crust (< 15 km)"
"233804","Rodriguez Island","Mauritius","Somalian-Antarctic Volcanic Regions","Rodriguez Fracture Zone Volcano Group","Shield","Shield",NA,NA,"-19.7","63.42","396",NA,"Intraplate / Oceanic crust (< 15 km)"
"241010","Kaikohe-Bay of Islands","New Zealand","Tonga-Kermadec Volcanic Regions","Western North Island Volcanic Province","Cluster","Volcanic field",NA,NA,"-35.299999999999997","173.9","388","Trachybasalt / Tephrite Basanite","Subduction zone / Continental crust (>25 km)"
"241011","Puhipuhi-Whangarei","New Zealand","Tonga-Kermadec Volcanic Regions","Western North Island Volcanic Province","Cluster","Volcanic field",NA,NA,"-35.75","174.27","397","Trachybasalt / Tephrite Basanite","Subduction zone / Continental crust (>25 km)"
"241060","Reporoa","New Zealand","Tonga-Kermadec Volcanic Regions","Taupo Volcanic Arc","Caldera","Caldera",NA,NA,"-38.42","176.33","592","Rhyolite","Subduction zone / Continental crust (>25 km)"
"241061","Maroa","New Zealand","Tonga-Kermadec Volcanic Regions","Taupo Volcanic Arc","Caldera","Caldera(s)",NA,NA,"-38.42","176.08","897","Rhyolite","Subduction zone / Continental crust (>25 km)"
"241129","Rumble II East","New Zealand","Tonga-Kermadec Volcanic Regions","Southern Kermadec Volcanic Arc","Composite","Stratovolcano",NA,NA,"-35.417999999999999","178.65199999999999","-1150",NA,NA
"241133","Thompson","New Zealand","Tonga-Kermadec Volcanic Regions","Southern Kermadec Volcanic Arc","Composite","Stratovolcano",NA,NA,"-35.284999999999997","178.863","-1250",NA,NA
"241134","Silent II West","New Zealand","Tonga-Kermadec Volcanic Regions","Southern Kermadec Volcanic Arc","Composite","Stratovolcano",NA,NA,"-35.168999999999997","178.90199999999999","-780",NA,NA
"241135","Silent II East","New Zealand","Tonga-Kermadec Volcanic Regions","Southern Kermadec Volcanic Arc","Composite","Stratovolcano",NA,NA,"-35.21","178.97800000000001","-1250",NA,NA
"241141","Yokosuka","New Zealand","Tonga-Kermadec Volcanic Regions","Southern Kermadec Volcanic Arc","Composite","Stratovolcano",NA,NA,"-34.709000000000003","178.54499999999999","-1060",NA,NA
"241142","Rapuhia","New Zealand","Tonga-Kermadec Volcanic Regions","Southern Kermadec Volcanic Arc","Composite","Stratovolcano",NA,NA,"-34.776000000000003","178.505","-650",NA,"Subduction zone / Oceanic crust (< 15 km)"
"241143","Giljanes","New Zealand","Tonga-Kermadec Volcanic Regions","Southern Kermadec Volcanic Arc","Composite","Stratovolcano",NA,NA,"-34.774999999999999","178.57900000000001","-700",NA,NA
"241151","Kibblewhite","New Zealand","Tonga-Kermadec Volcanic Regions","Southern Kermadec Volcanic Arc","Composite","Stratovolcano",NA,NA,"-34.576000000000001","179.262","-1000",NA,"Subduction zone / Oceanic crust (< 15 km)"
"241200","Sonne","New Zealand","Tonga-Kermadec Volcanic Regions","Middle Kermadec Volcanic Arc","Composite","Stratovolcano",NA,NA,"-34.076999999999998","179.57599999999999","-995",NA,NA
"241201","Ngatoroirangi","New Zealand","Tonga-Kermadec Volcanic Regions","Middle Kermadec Volcanic Arc","Composite","Stratovolcano",NA,NA,"-33.728999999999999","179.827","-340",NA,NA
"241202","Cole","New Zealand","Tonga-Kermadec Volcanic Regions","Middle Kermadec Volcanic Arc","Composite","Stratovolcano",NA,NA,"-33.411000000000001","179.953","-2400",NA,NA
"241203","Kuiwai","New Zealand","Tonga-Kermadec Volcanic Regions","Middle Kermadec Volcanic Arc","Composite","Stratovolcano",NA,NA,"-33.158999999999999","-179.95699999999999","-560",NA,NA
"241204","Haungaroa","New Zealand","Tonga-Kermadec Volcanic Regions","Middle Kermadec Volcanic Arc","Composite","Stratovolcano",NA,NA,"-32.616999999999997","-179.624","-660",NA,NA
"241205","Oliver-Speight","New Zealand","Tonga-Kermadec Volcanic Regions","Middle Kermadec Volcanic Arc","Composite","Complex",NA,NA,"-32.387999999999998","-179.59100000000001","-1840",NA,NA
"241800","Hautere","New Zealand","Southern Pacific Volcanic Regions","Macquarie Ridge Volcanic Province","Composite","Stratovolcano",NA,NA,"-46.572000000000003","166.898","275",NA,"Subduction zone / Continental crust (>25 km)"
"241802","South Auckland","New Zealand","Tonga-Kermadec Volcanic Regions","Western North Island Volcanic Province","Cluster","Shield(s)",NA,NA,"-37.369999999999997","174.92","314",NA,"Intraplate / Continental crust (>25 km)"
"241803","Mokohinau Islands","New Zealand","Tonga-Kermadec Volcanic Regions","Western North Island Volcanic Province","Cluster","Volcanic field",NA,NA,"-35.924999999999997","175.125","134",NA,"Subduction zone / Continental crust (>25 km)"
"241804","Little Barrier","New Zealand","Tonga-Kermadec Volcanic Regions","Western North Island Volcanic Province","Composite","Stratovolcano",NA,NA,"-36.197000000000003","175.078","711",NA,"Subduction zone / Continental crust (>25 km)"
"241807","South Coromandel Peninsula","New Zealand","Tonga-Kermadec Volcanic Regions","Western North Island Volcanic Province","Cluster","Volcanic field",NA,NA,"-37.25","175.78","795",NA,"Subduction zone / Continental crust (>25 km)"
"241809","Karioi","New Zealand","Tonga-Kermadec Volcanic Regions","Western North Island Volcanic Province","Composite","Stratovolcano",NA,NA,"-37.865000000000002","174.80199999999999","748",NA,"Subduction zone / Continental crust (>25 km)"
"241810","Pirongia","New Zealand","Tonga-Kermadec Volcanic Regions","Western North Island Volcanic Province","Composite","Stratovolcano",NA,NA,"-37.993000000000002","175.09800000000001","956",NA,"Subduction zone / Continental crust (>25 km)"
"241811","Kakepuku","New Zealand","Tonga-Kermadec Volcanic Regions","Western North Island Volcanic Province","Minor","Lava cone(s)",NA,NA,"-38.066000000000003","175.25","447",NA,"Subduction zone / Continental crust (>25 km)"
"241812","Kaitake","New Zealand","Tonga-Kermadec Volcanic Regions","Western North Island Volcanic Province","Composite","Stratovolcano",NA,NA,"-39.17","173.97","684",NA,"Subduction zone / Continental crust (>25 km)"
"241813","Pouakai","New Zealand","Tonga-Kermadec Volcanic Regions","Western North Island Volcanic Province","Composite","Stratovolcano",NA,NA,"-39.229999999999997","174.02","1399",NA,"Subduction zone / Continental crust (>25 km)"
"241815","Moutohora Island","New Zealand","Tonga-Kermadec Volcanic Regions","Taupo Volcanic Arc","Composite","Complex",NA,NA,"-37.854999999999997","176.97399999999999","352",NA,"Subduction zone / Continental crust (>25 km)"
"241816","Rotorua","New Zealand","Tonga-Kermadec Volcanic Regions","Taupo Volcanic Arc","Caldera","Caldera",NA,NA,"-38.08","176.27","757",NA,"Subduction zone / Continental crust (>25 km)"
"241817","Kapenga","New Zealand","Tonga-Kermadec Volcanic Regions","Taupo Volcanic Arc","Caldera","Caldera(s)",NA,NA,"-38.270000000000003","176.27","840",NA,"Subduction zone / Continental crust (>25 km)"
"241818","Mangakino","New Zealand","Tonga-Kermadec Volcanic Regions","Taupo Volcanic Arc","Caldera","Caldera",NA,NA,"-38.35","175.75","1165",NA,"Subduction zone / Continental crust (>25 km)"
"241819","Northern Tongariro Group","New Zealand","Tonga-Kermadec Volcanic Regions","Taupo Volcanic Arc","Composite","Stratovolcano(es)",NA,NA,"-38.979999999999997","175.7","1327",NA,"Subduction zone / Continental crust (>25 km)"
"241821","Rungapapa Knoll","New Zealand","Tonga-Kermadec Volcanic Regions","Taupo Volcanic Arc","Minor","Cone",NA,NA,"-37.546999999999997","176.98","0",NA,"Subduction zone / Continental crust (>25 km)"
"241822","Te Kawa","New Zealand","Tonga-Kermadec Volcanic Regions","Western North Island Volcanic Province","Minor","Cone",NA,NA,"-38.079000000000001","175.29499999999999","203",NA,"Subduction zone / Continental crust (>25 km)"
"241823","Maungatautari","New Zealand","Tonga-Kermadec Volcanic Regions","Taupo Volcanic Arc","Composite","Stratovolcano",NA,NA,"-38.018999999999998","175.57599999999999","793",NA,"Subduction zone / Continental crust (>25 km)"
"241824","Tauranga Volcanic Centre","New Zealand","Tonga-Kermadec Volcanic Regions","Taupo Volcanic Arc","Cluster","Volcanic field",NA,NA,"-37.832999999999998","176.1","200",NA,"Unknown"
"242031","Hinetapeka","New Zealand","Tonga-Kermadec Volcanic Regions","Northern Kermadec Volcanic Arc","Composite","Stratovolcano",NA,NA,"-28.831","-177.82599999999999","-140",NA,NA
"242032","Volcano OP","New Zealand","Tonga-Kermadec Volcanic Regions","Northern Kermadec Volcanic Arc","Composite","Stratovolcano",NA,NA,"-28.218","-177.69200000000001","-875",NA,NA
"242040","Putoto","New Zealand","Tonga-Kermadec Volcanic Regions","Northern Kermadec Volcanic Arc","Composite","Stratovolcano",NA,NA,"-27.856999999999999","-177.62100000000001","-260",NA,NA
"242041","Volcano Q","New Zealand","Tonga-Kermadec Volcanic Regions","Northern Kermadec Volcanic Arc","Composite","Stratovolcano",NA,NA,"-27.468","-177.506","-1200",NA,NA
"242042","Gamble","New Zealand","Tonga-Kermadec Volcanic Regions","Northern Kermadec Volcanic Arc","Composite","Stratovolcano",NA,NA,"-27.2","-177.41","-900",NA,NA
"242043","Rakahore","New Zealand","Tonga-Kermadec Volcanic Regions","Northern Kermadec Volcanic Arc","Composite","Stratovolcano",NA,NA,"-26.81","-177.4","-640",NA,NA
"242044","Hinepuia","New Zealand","Tonga-Kermadec Volcanic Regions","Northern Kermadec Volcanic Arc","Composite","Stratovolcano",NA,NA,"-26.39","-177.26","-850",NA,NA
"243002","Kermadec Arc at 25.2°S","Tonga","Tonga-Kermadec Volcanic Regions","Northern Kermadec Volcanic Arc","Composite","Stratovolcano",NA,NA,"-25.15","-177.18","-905",NA,"Subduction zone / Oceanic crust (< 15 km)"
"243003","Kermadec Arc at 25.4°S","Tonga","Tonga-Kermadec Volcanic Regions","Northern Kermadec Volcanic Arc","Composite","Stratovolcano",NA,NA,"-25.417999999999999","-177.10300000000001","-156",NA,"Subduction zone / Oceanic crust (< 15 km)"
"243004","Kermadec Arc at 24.6°S","Tonga","Tonga-Kermadec Volcanic Regions","Northern Kermadec Volcanic Arc","Composite","Stratovolcano",NA,NA,"-24.58","-176.92400000000001","-552",NA,"Subduction zone / Oceanic crust (< 15 km)"
"243005","Kermadec Arc at 24.5°S","Tonga","Tonga-Kermadec Volcanic Regions","Northern Kermadec Volcanic Arc","Composite","Stratovolcano",NA,NA,"-24.475000000000001","-176.923","-316",NA,"Subduction zone / Oceanic crust (< 15 km)"
"243006","Kermadec Arc at 24.2°S","Tonga","Tonga-Kermadec Volcanic Regions","Northern Kermadec Volcanic Arc","Composite","Stratovolcano",NA,NA,"-24.178000000000001","-176.887","-704",NA,"Subduction zone / Oceanic crust (< 15 km)"
"243007","Kermadec Arc at 23.9°S","Tonga","Tonga-Kermadec Volcanic Regions","Northern Kermadec Volcanic Arc","Composite","Stratovolcano",NA,NA,"-23.878","-176.78800000000001","-1114",NA,"Subduction zone / Oceanic crust (< 15 km)"
"243008","Kermadec Arc at 23.6°S","Tonga","Tonga-Kermadec Volcanic Regions","Northern Kermadec Volcanic Arc","Composite","Stratovolcano",NA,NA,"-23.581","-176.66300000000001","-508",NA,"Subduction zone / Oceanic crust (< 15 km)"
"243009","Tofua Arc at 21.8°S","Tonga","Tonga-Kermadec Volcanic Regions","Tofua Volcanic Arc","Composite","Stratovolcano",NA,NA,"-21.803999999999998","-175.941","-800",NA,"Subduction zone / Oceanic crust (< 15 km)"
"243012","Tofua Arc at 22.0°S","Tonga","Tonga-Kermadec Volcanic Regions","Tofua Volcanic Arc","Composite","Stratovolcano",NA,NA,"-22.061","-176.21","-500",NA,"Subduction zone / Oceanic crust (< 15 km)"
"243013","Tofua Arc at 22.1°S","Tonga","Tonga-Kermadec Volcanic Regions","Tofua Volcanic Arc","Composite","Stratovolcano",NA,NA,"-22.096","-176","-173",NA,"Subduction zone / Oceanic crust (< 15 km)"
"243014","Tofua Arc at 22.2°S","Tonga","Tonga-Kermadec Volcanic Regions","Tofua Volcanic Arc","Composite","Stratovolcano",NA,NA,"-22.219000000000001","-176.124","-497",NA,"Subduction zone / Oceanic crust (< 15 km)"
"243015","Ata Volcanic Complex","Tonga","Tonga-Kermadec Volcanic Regions","Tofua Volcanic Arc","Composite","Unknown",NA,NA,"-22.337","-176.21","274",NA,"Subduction zone / Oceanic crust (< 15 km)"
"243016","Tofua Arc at 22.5°S","Tonga","Tonga-Kermadec Volcanic Regions","Tofua Volcanic Arc","Composite","Stratovolcano",NA,NA,"-22.459","-176.351","-820",NA,"Subduction zone / Oceanic crust (< 15 km)"
"243017","Tofua Arc at 22.6°S","Tonga","Tonga-Kermadec Volcanic Regions","Tofua Volcanic Arc","Composite","Stratovolcano",NA,NA,"-22.632000000000001","-176.399","-229",NA,"Subduction zone / Oceanic crust (< 15 km)"
"243018","Tofua Arc at 22.8°S","Tonga","Tonga-Kermadec Volcanic Regions","Tofua Volcanic Arc","Composite","Stratovolcano",NA,NA,"-22.846","-176.43","-39",NA,"Subduction zone / Oceanic crust (< 15 km)"
"243019","Tofua Arc at 23.0°S","Tonga","Tonga-Kermadec Volcanic Regions","Tofua Volcanic Arc","Composite","Stratovolcano",NA,NA,"-22.981000000000002","-176.387","-962",NA,"Subduction zone / Oceanic crust (< 15 km)"
"243055","Feinga Seamount","Tonga","Tonga-Kermadec Volcanic Regions","Tofua Volcanic Arc","Composite","Complex",NA,NA,"-20.154","-175.16300000000001","-393",NA,"Subduction zone / Oceanic crust (< 15 km)"
"243056","Tofua Arc at 19.9°S","Tonga","Tonga-Kermadec Volcanic Regions","Tofua Volcanic Arc","Composite","Complex",NA,NA,"-19.912700000000001","-175.17590000000001","-920",NA,"Subduction zone / Oceanic crust (< 15 km)"
"243065","Tofua Arc at 19.4°S","Tonga","Tonga-Kermadec Volcanic Regions","Tofua Volcanic Arc","Composite","Stratovolcano",NA,NA,"-19.437999999999999","-174.952","-331",NA,"Subduction zone / Oceanic crust (< 15 km)"
"243095","Toku","Tonga","Tonga-Kermadec Volcanic Regions","Tofua Volcanic Arc","Composite","Stratovolcano",NA,NA,"-18.163","-174.18100000000001","21",NA,"Subduction zone / Oceanic crust (< 15 km)"
"243103","Niuatoputapu","Tonga","Tonga-Kermadec Volcanic Regions","Tofua Volcanic Arc","Composite","Stratovolcano",NA,NA,"-15.956","-173.78200000000001","141",NA,"Subduction zone / Oceanic crust (< 15 km)"
"243104","Tofua Arc at 16.2°S","Tonga","Tonga-Kermadec Volcanic Regions","Tofua Volcanic Arc","Composite","Stratovolcano",NA,NA,"-16.2","-173.92","-269",NA,"Subduction zone / Oceanic crust (< 15 km)"
"243105","Tofua Arc at 16.7°S","Tonga","Tonga-Kermadec Volcanic Regions","Tofua Volcanic Arc","Composite","Stratovolcano",NA,NA,"-16.655000000000001","-173.773","-12",NA,"Subduction zone / Oceanic crust (< 15 km)"
"243106","Tofua Arc at 17.0°S","Tonga","Tonga-Kermadec Volcanic Regions","Tofua Volcanic Arc","Composite","Stratovolcano",NA,NA,"-16.968","-173.84800000000001","-39",NA,"Subduction zone / Oceanic crust (< 15 km)"
"243107","Tofua Arc at 17.2°S","Tonga","Tonga-Kermadec Volcanic Regions","Tofua Volcanic Arc","Composite","Stratovolcano",NA,NA,"-17.231000000000002","-173.96199999999999","-95",NA,"Subduction zone / Oceanic crust (< 15 km)"
"243108","Tofua Arc at 17.6°S","Tonga","Tonga-Kermadec Volcanic Regions","Tofua Volcanic Arc","Composite","Stratovolcano",NA,NA,"-17.550999999999998","-174.154","-53",NA,"Subduction zone / Oceanic crust (< 15 km)"
"243109","Tofua Arc at 17.8°S","Tonga","Tonga-Kermadec Volcanic Regions","Tofua Volcanic Arc","Composite","Stratovolcano",NA,NA,"-17.841999999999999","-174.197","-226",NA,"Subduction zone / Oceanic crust (< 15 km)"
"243131","East Mata","Tonga","Tonga-Kermadec Volcanic Regions","Northeast Lau Basin Volcano Group","Composite","Compound",NA,NA,"-15.102","-173.67699999999999","-1286",NA,"Subduction zone / Oceanic crust (< 15 km)"
"243132","Northern Matas","Tonga","Tonga-Kermadec Volcanic Regions","Northeast Lau Basin Volcano Group","Cluster","Volcanic field",NA,NA,"-15.005000000000001","-173.79300000000001","-1855",NA,"Subduction zone / Oceanic crust (< 15 km)"
"243150","Niua Volcanic Complex","Tonga","Tonga-Kermadec Volcanic Regions","Northeast Lau Basin Volcano Group","Composite","Complex",NA,NA,"-15.122","-173.54900000000001","-677",NA,"Subduction zone / Oceanic crust (< 15 km)"
"244011","Northeast Bank","United States","Southern Pacific Volcanic Regions","Samoan Hotspot Volcano Group","Composite","Stratovolcano",NA,NA,"-14.061","-170.084","-57",NA,"Intraplate / Oceanic crust (< 15 km)"
"244012","Soso","United States","Southern Pacific Volcanic Regions","Samoan Hotspot Volcano Group","Composite","Stratovolcano",NA,NA,"-13.763999999999999","-170.23500000000001","-1814",NA,"Intraplate / Oceanic crust (< 15 km)"
"244013","Tamai","United States","Southern Pacific Volcanic Regions","Samoan Hotspot Volcano Group","Composite","Stratovolcano",NA,NA,"-13.746","-170.54300000000001","-2665",NA,"Intraplate / Oceanic crust (< 15 km)"
"244022","Tulaga","United States","Southern Pacific Volcanic Regions","Samoan Hotspot Volcano Group","Composite",NA,NA,NA,"-14.518000000000001","-170.024","-79",NA,"Intraplate / Oceanic crust (< 15 km)"
"244023","Malutut","United States","Southern Pacific Volcanic Regions","Samoan Hotspot Volcano Group","Composite","Stratovolcano",NA,NA,"-14.371","-170.17400000000001","-515",NA,"Intraplate / Oceanic crust (< 15 km)"
"244035","Tisa","United States","Southern Pacific Volcanic Regions","Samoan Hotspot Volcano Group","Composite","Stratovolcano",NA,NA,"-14.407","-171.221","-883",NA,"Intraplate / Oceanic crust (< 15 km)"
"244050","Wallis Islands","France","Southern Pacific Volcanic Regions","Vitiaz Lineament Volcanic Province","Shield","Shield(s)",NA,NA,"-13.275","-176.20599999999999","146","Basalt / Picro-Basalt","Subduction zone / Oceanic crust (< 15 km)"
"245020","Koro","Fiji","Southwestern Pacific Volcanic Regions","Fiji Volcanic Arc","Composite","Pyroclastic cone(s)",NA,NA,"-17.32","179.4","522","Basalt / Picro-Basalt","Subduction zone / Crustal thickness unknown"
"245800","Nairai","Fiji","Southwestern Pacific Volcanic Regions","Fiji Volcanic Arc","Composite","Complex",NA,NA,"-17.8","179.42","335",NA,"Subduction zone / Crustal thickness unknown"
"245801","Waikama","Fiji","Southwestern Pacific Volcanic Regions","Fiji Volcanic Arc","Composite","Complex",NA,NA,"-18.02","179.3","760",NA,"Subduction zone / Crustal thickness unknown"
"245802","Mago","Fiji","Tonga-Kermadec Volcanic Regions","Lau Ridge Volcanic Arc","Minor","Pyroclastic cone(s)",NA,NA,"-17.45","-179.15","0",NA,"Intraplate / Oceanic crust (< 15 km)"
"245803","Katafaga","Fiji","Tonga-Kermadec Volcanic Regions","Lau Ridge Volcanic Arc","Composite","Unknown",NA,NA,"-17.52","-178.72","0",NA,"Intraplate / Oceanic crust (< 15 km)"
"245804","Kabara","Fiji","Tonga-Kermadec Volcanic Regions","Lau Ridge Volcanic Arc","Composite","Unknown",NA,NA,"-18.95","-178.95","0",NA,"Intraplate / Oceanic crust (< 15 km)"
"250020","Baluan","Papua New Guinea","Southwestern Pacific Volcanic Regions","Bismarck Sea Volcanic Province","Composite","Stratovolcano",NA,NA,"-2.5577999999999999","147.285","246","Basalt / Picro-Basalt","Subduction zone / Continental crust (>25 km)"
"251011","Boisa","Papua New Guinea","Southwestern Pacific Volcanic Regions","Bismarck Volcanic Arc","Composite","Stratovolcano",NA,NA,"-3.9935","144.9658","205","Basalt / Picro-Basalt","Subduction zone / Continental crust (>25 km)"
"251800","Vokeo","Papua New Guinea","Southwestern Pacific Volcanic Regions","Bismarck Volcanic Arc","Composite","Stratovolcano",NA,NA,"-3.2","144.1","609",NA,"Subduction zone / Continental crust (>25 km)"
"251801","Viai","Papua New Guinea","Southwestern Pacific Volcanic Regions","Bismarck Volcanic Arc","Composite","Stratovolcano",NA,NA,"-3.39","144.404","58",NA,"Subduction zone / Continental crust (>25 km)"
"251802","Bagabag","Papua New Guinea","Southwestern Pacific Volcanic Regions","Bismarck Volcanic Arc","Composite","Stratovolcano",NA,NA,"-4.78","146.22999999999999","692",NA,"Subduction zone / Continental crust (>25 km)"
"251803","Crown Island","Papua New Guinea","Southwestern Pacific Volcanic Regions","Bismarck Volcanic Arc","Composite","Stratovolcano",NA,NA,"-5.117","146.952","298",NA,"Subduction zone / Continental crust (>25 km)"
"251804","Tolokiwa","Papua New Guinea","Southwestern Pacific Volcanic Regions","Bismarck Volcanic Arc","Composite","Stratovolcano",NA,NA,"-5.32","147.58000000000001","1372",NA,"Subduction zone / Continental crust (>25 km)"
"251805","Koil","Papua New Guinea","Southwestern Pacific Volcanic Regions","Bismarck Volcanic Arc","Composite","Stratovolcano",NA,NA,"-3.3559999999999999","144.208","0",NA,"Subduction zone / Continental crust (>25 km)"
"252021","Mundua","Papua New Guinea","Southwestern Pacific Volcanic Regions","Bismarck Sea Volcanic Province","Composite","Complex",NA,NA,"-4.6239999999999997","149.339","171","Basalt / Picro-Basalt","Subduction zone / Continental crust (>25 km)"
"252030","Garove","Papua New Guinea","Southwestern Pacific Volcanic Regions","Bismarck Sea Volcanic Province","Composite","Stratovolcano",NA,NA,"-4.6870000000000003","149.511","368","Andesite / Basaltic Andesite","Subduction zone / Oceanic crust (< 15 km)"
"252800","Tangi","Papua New Guinea","Southwestern Pacific Volcanic Regions","Bismarck Volcanic Arc","Composite","Stratovolcano",NA,NA,"-5.67","148.4","1524",NA,"Subduction zone / Continental crust (>25 km)"
"252801","Narage","Papua New Guinea","Southwestern Pacific Volcanic Regions","Bismarck Sea Volcanic Province","Composite","Stratovolcano",NA,NA,"-4.5469999999999997","149.113","307",NA,"Subduction zone / Oceanic crust (< 15 km)"
"252802","Bangum","Papua New Guinea","Southwestern Pacific Volcanic Regions","Bismarck Volcanic Arc","Composite","Stratovolcano",NA,NA,"-5.3449999999999998","149.94","988",NA,"Subduction zone / Continental crust (>25 km)"
"252803","Oto Group","Papua New Guinea","Southwestern Pacific Volcanic Regions","Bismarck Volcanic Arc","Composite","Stratovolcano(es)",NA,NA,"-5.5579999999999998","150.40700000000001","1277",NA,"Subduction zone / Continental crust (>25 km)"
"252804","Likuruanga","Papua New Guinea","Southwestern Pacific Volcanic Regions","Bismarck Volcanic Arc","Composite","Stratovolcano",NA,NA,"-4.9530000000000003","151.38499999999999","904",NA,"Subduction zone / Continental crust (>25 km)"
"252811","Unea","Papua New Guinea","Southwestern Pacific Volcanic Regions","Bismarck Sea Volcanic Province","Caldera","Caldera",NA,NA,"-4.8879999999999999","149.143","579",NA,"Subduction zone / Continental crust (>25 km)"
"252812","Lotomgan Group","Papua New Guinea","Southwestern Pacific Volcanic Regions","Bismarck Volcanic Arc","Minor","Pyroclastic cone(s)",NA,NA,"-5.22","150.07","555",NA,"Subduction zone / Continental crust (>25 km)"
"253000","Doma Peaks","Papua New Guinea","Southwestern Pacific Volcanic Regions","Eastern New Guinea Volcanic Province","Composite","Stratovolcano",NA,NA,"-5.9","143.15","3568","Andesite / Basaltic Andesite","Subduction zone / Continental crust (>25 km)"
"253001","Crater Mountain","Papua New Guinea","Southwestern Pacific Volcanic Regions","Eastern New Guinea Volcanic Province","Composite","Stratovolcano",NA,NA,"-6.5810000000000004","145.09100000000001","2950","Trachybasalt / Tephrite Basanite","Subduction zone / Continental crust (>25 km)"
"253002","Yelia","Papua New Guinea","Southwestern Pacific Volcanic Regions","Eastern New Guinea Volcanic Province","Composite","Stratovolcano",NA,NA,"-7.05","145.858","3384","Andesite / Basaltic Andesite","Subduction zone / Continental crust (>25 km)"
"253800","Kerewa","Papua New Guinea","Southwestern Pacific Volcanic Regions","Eastern New Guinea Volcanic Province","Composite","Stratovolcano",NA,NA,"-6.02","143.15","3700",NA,"Subduction zone / Continental crust (>25 km)"
"253801","Sisa","Papua New Guinea","Southwestern Pacific Volcanic Regions","Eastern New Guinea Volcanic Province","Composite","Stratovolcano",NA,NA,"-6.13","142.72999999999999","2650",NA,"Subduction zone / Continental crust (>25 km)"
"253802","Bosavi","Papua New Guinea","Southwestern Pacific Volcanic Regions","Eastern New Guinea Volcanic Province","Composite","Stratovolcano",NA,NA,"-6.58","142.82","2397",NA,"Subduction zone / Continental crust (>25 km)"
"253803","Darai Hills","Papua New Guinea","Southwestern Pacific Volcanic Regions","Eastern New Guinea Volcanic Province","Cluster","Volcanic field",NA,NA,"-6.8","143.08000000000001","500",NA,"Subduction zone / Continental crust (>25 km)"
"253804","Biwau Hills","Papua New Guinea","Southwestern Pacific Volcanic Regions","Eastern New Guinea Volcanic Province","Minor","Pyroclastic cone(s)",NA,NA,"-7.32","143.28","400",NA,"Subduction zone / Continental crust (>25 km)"
"253805","Sugarloaf","Papua New Guinea","Southwestern Pacific Volcanic Regions","Eastern New Guinea Volcanic Province","Cluster","Volcanic field",NA,NA,"-5.8205999999999998","143.80889999999999","3596",NA,"Subduction zone / Continental crust (>25 km)"
"253806","Hagen","Papua New Guinea","Southwestern Pacific Volcanic Regions","Eastern New Guinea Volcanic Province","Composite","Stratovolcano(es)",NA,NA,"-5.7465000000000002","144.04859999999999","3789",NA,"Subduction zone / Continental crust (>25 km)"
"253807","Giluwe","Papua New Guinea","Southwestern Pacific Volcanic Regions","Eastern New Guinea Volcanic Province","Shield","Shield",NA,NA,"-6.0431999999999997","143.88650000000001","4320",NA,"Subduction zone / Continental crust (>25 km)"
"253808","Ialibu","Papua New Guinea","Southwestern Pacific Volcanic Regions","Eastern New Guinea Volcanic Province","Composite","Stratovolcano",NA,NA,"-6.2340999999999998","144.07740000000001","3442",NA,"Subduction zone / Continental crust (>25 km)"
"253809","Murray","Papua New Guinea","Southwestern Pacific Volcanic Regions","Eastern New Guinea Volcanic Province","Composite","Stratovolcano",NA,NA,"-6.75","144.02000000000001","2254",NA,"Subduction zone / Continental crust (>25 km)"
"253810","Suaru","Papua New Guinea","Southwestern Pacific Volcanic Regions","Eastern New Guinea Volcanic Province","Composite","Stratovolcano",NA,NA,"-6.25","144.83000000000001","2667",NA,"Subduction zone / Continental crust (>25 km)"
"253811","Karimui","Papua New Guinea","Southwestern Pacific Volcanic Regions","Eastern New Guinea Volcanic Province","Composite","Stratovolcano",NA,NA,"-6.57","144.77000000000001","2561",NA,"Subduction zone / Continental crust (>25 km)"
"253812","Duau","Papua New Guinea","Southwestern Pacific Volcanic Regions","Eastern New Guinea Volcanic Province","Composite","Stratovolcano",NA,NA,"-6.92","144.58000000000001","1850",NA,"Subduction zone / Continental crust (>25 km)"
"253813","Favenc","Papua New Guinea","Southwestern Pacific Volcanic Regions","Eastern New Guinea Volcanic Province","Composite","Stratovolcano",NA,NA,"-6.97","144.68","1583",NA,"Subduction zone / Continental crust (>25 km)"
"253814","Aird Hills","Papua New Guinea","Southwestern Pacific Volcanic Regions","Eastern New Guinea Volcanic Province","Minor","Lava dome(s)",NA,NA,"-7.45","144.35","328",NA,"Subduction zone / Continental crust (>25 km)"
"253815","Trafalgar","Papua New Guinea","Southwestern Pacific Volcanic Regions","Trobriand Volcanic Province","Composite","Stratovolcano",NA,NA,"-9.17","149.16999999999999","1726",NA,"Subduction zone / Continental crust (>25 km)"
"254010","Lihir","Papua New Guinea","Southwestern Pacific Volcanic Regions","New Ireland Volcanic Province","Composite","Compound",NA,NA,"-3.1221999999999999","152.6","700","Trachybasalt / Tephrite Basanite","Subduction zone / Crustal thickness unknown"
"254020","Feni","Papua New Guinea","Southwestern Pacific Volcanic Regions","New Ireland Volcanic Province","Composite","Stratovolcano",NA,NA,"-4.0815000000000001","153.61930000000001","448","Phono-tephrite /  Tephri-phonolite","Subduction zone / Crustal thickness unknown"
"254800","Tabar","Papua New Guinea","Southwestern Pacific Volcanic Regions","New Ireland Volcanic Province","Composite","Stratovolcano",NA,NA,"-2.9481000000000002","152.03639999999999","607",NA,"Subduction zone / Crustal thickness unknown"
"254801","Tanga","Papua New Guinea","Southwestern Pacific Volcanic Regions","New Ireland Volcanic Province","Composite","Stratovolcano",NA,NA,"-3.4668999999999999","153.20099999999999","435",NA,"Subduction zone / Crustal thickness unknown"
"255000","Tore","Papua New Guinea","Southwestern Pacific Volcanic Regions","Bougainville Volcanic Arc","Minor","Lava cone",NA,NA,"-5.835","154.935","2175","Andesite / Basaltic Andesite","Subduction zone / Crustal thickness unknown"
"255062","Gallego","Solomon Islands","Southwestern Pacific Volcanic Regions","Solomon Volcanic Province","Cluster","Volcanic field",NA,NA,"-9.35","159.72999999999999","1000","Andesite / Basaltic Andesite","Subduction zone / Crustal thickness unknown"
"255800","Emperor Range","Papua New Guinea","Southwestern Pacific Volcanic Regions","Bougainville Volcanic Arc","Caldera","Caldera(s)",NA,NA,"-5.7","154.94999999999999","2040",NA,"Subduction zone / Crustal thickness unknown"
"255801","Numa Numa","Papua New Guinea","Southwestern Pacific Volcanic Regions","Bougainville Volcanic Arc","Composite","Stratovolcano",NA,NA,"-6.02","155.19200000000001","1567",NA,"Subduction zone / Crustal thickness unknown"
"255802","Bakanovi","Papua New Guinea","Southwestern Pacific Volcanic Regions","Bougainville Volcanic Arc","Composite","Stratovolcano",NA,NA,"-6.15","155.35","600",NA,"Subduction zone / Continental crust (>25 km)"
"255803","Nonda","Solomon Islands","Southwestern Pacific Volcanic Regions","Solomon Volcanic Province","Composite","Stratovolcano",NA,NA,"-7.67","156.6","760",NA,"Subduction zone / Crustal thickness unknown"
"255805","Kolombangara","Solomon Islands","Southwestern Pacific Volcanic Regions","Solomon Volcanic Province","Composite","Stratovolcano",NA,NA,"-7.97","157.08000000000001","1760",NA,"Subduction zone / Crustal thickness unknown"
"255806","Rendova","Solomon Islands","Southwestern Pacific Volcanic Regions","Solomon Volcanic Province","Composite","Stratovolcano",NA,NA,"-8.4700000000000006","157.33000000000001","1050",NA,"Subduction zone / Crustal thickness unknown"
"255807","Mbareke","Solomon Islands","Southwestern Pacific Volcanic Regions","Solomon Volcanic Province","Composite","Stratovolcano",NA,NA,"-8.5500000000000007","158.07","500",NA,"Subduction zone / Continental crust (>25 km)"
"255808","Vangunu","Solomon Islands","Southwestern Pacific Volcanic Regions","Solomon Volcanic Province","Composite","Stratovolcano",NA,NA,"-8.67","158","1040",NA,"Subduction zone / Crustal thickness unknown"
"255809","Nggatokae","Solomon Islands","Southwestern Pacific Volcanic Regions","Solomon Volcanic Province","Composite","Stratovolcano",NA,NA,"-8.7799999999999994","158.18","840",NA,"Subduction zone / Continental crust (>25 km)"
"257021","Mere Lava","Vanuatu","Southwestern Pacific Volcanic Regions","Vanuatu Volcanic Arc","Composite","Stratovolcano",NA,NA,"-14.458500000000001","168.04","1003","Basalt / Picro-Basalt","Subduction zone / Intermediate crust (15-25 km)"
"257061","Pomare","Vanuatu","Southwestern Pacific Volcanic Regions","Vanuatu Volcanic Arc","Composite","Stratovolcano",NA,NA,"-16.7241","168.2852","812",NA,"Subduction zone / Intermediate crust (15-25 km)"
"257062","Tavani Ruro","Vanuatu","Southwestern Pacific Volcanic Regions","Vanuatu Volcanic Arc","Composite","Stratovolcano",NA,NA,"-16.8004","168.4383","540",NA,"Subduction zone / Intermediate crust (15-25 km)"
"257075","Tongoa","Vanuatu","Southwestern Pacific Volcanic Regions","Vanuatu Volcanic Arc","Composite",NA,NA,NA,"-16.899999999999999","168.56110000000001","0",NA,"Subduction zone / Intermediate crust (15-25 km)"
"257080","Northeast Shepherd Islands","Vanuatu","Southwestern Pacific Volcanic Regions","Vanuatu Volcanic Arc","Composite","Stratovolcano(es)",NA,NA,"-17.000699999999998","168.636","513","Basalt / Picro-Basalt","Subduction zone / Intermediate crust (15-25 km)"
"257085","Vanuatu Arc at 18.2°S","Vanuatu","Southwestern Pacific Volcanic Regions","Vanuatu Volcanic Arc","Composite","Stratovolcano",NA,NA,"-18.196100000000001","168.82429999999999","-127",NA,"Subduction zone / Intermediate crust (15-25 km)"
"257110","Aneityum","Vanuatu","Southwestern Pacific Volcanic Regions","Vanuatu Volcanic Arc","Composite","Stratovolcano(es)",NA,NA,"-20.1875","169.8194","852","Basalt / Picro-Basalt","Subduction zone / Intermediate crust (15-25 km)"
"257800","Ureparapara","Vanuatu","Southwestern Pacific Volcanic Regions","Vanuatu Volcanic Arc","Composite","Stratovolcano",NA,NA,"-13.53","167.32","764",NA,"Subduction zone / Intermediate crust (15-25 km)"
"257801","Mota","Vanuatu","Southwestern Pacific Volcanic Regions","Vanuatu Volcanic Arc","Composite","Stratovolcano",NA,NA,"-13.85","167.68","411",NA,"Subduction zone / Intermediate crust (15-25 km)"
"257802","Merig","Vanuatu","Southwestern Pacific Volcanic Regions","Vanuatu Volcanic Arc","Composite","Stratovolcano",NA,NA,"-14.32","167.8","125",NA,"Subduction zone / Intermediate crust (15-25 km)"
"257803","Paama Island","Vanuatu","Southwestern Pacific Volcanic Regions","Vanuatu Volcanic Arc","Composite","Complex",NA,NA,"-16.47","168.23","544",NA,"Unknown"
"257804","Northern Efate","Vanuatu","Southwestern Pacific Volcanic Regions","Vanuatu Volcanic Arc","Cluster","Stratovolcano(es)",NA,NA,"-17.616700000000002","168.3792","500",NA,"Subduction zone / Intermediate crust (15-25 km)"
"257805","William","Vanuatu","Southwestern Pacific Volcanic Regions","Vanuatu Volcanic Arc","Composite","Stratovolcano",NA,NA,"-18.7","169.08","886",NA,"Subduction zone / Intermediate crust (15-25 km)"
"257806","Northwest Shepherd Islands","Vanuatu","Southwestern Pacific Volcanic Regions","Vanuatu Volcanic Arc","Composite","Complex",NA,NA,"-17.062999999999999","168.381","629",NA,"Unknown"
"257807","Pumpan","Vanuatu","Southwestern Pacific Volcanic Regions","Vanuatu Volcanic Arc","Composite","Stratovolcano",NA,NA,"-18.850000000000001","169.12","802",NA,"Subduction zone / Intermediate crust (15-25 km)"
"257808","Melkum","Vanuatu","Southwestern Pacific Volcanic Regions","Vanuatu Volcanic Arc","Composite","Stratovolcano(es)",NA,NA,"-18.850000000000001","169.05","758",NA,"Subduction zone / Intermediate crust (15-25 km)"
"257809","East Tanna","Vanuatu","Southwestern Pacific Volcanic Regions","Vanuatu Volcanic Arc","Composite","Stratovolcano",NA,NA,"-19.420000000000002","169.45","552",NA,"Subduction zone / Continental crust (>25 km)"
"257810","Southern Shepherd Islands","Vanuatu","Southwestern Pacific Volcanic Regions","Vanuatu Volcanic Arc","Composite","Stratovolcano",NA,NA,"-17.252500000000001","168.42449999999999","343",NA,"Subduction zone / Intermediate crust (15-25 km)"
"258005","Volsmar","Vanuatu","Southwestern Pacific Volcanic Regions","Vanuatu Volcanic Arc","Cluster","Volcanic field",NA,NA,"-21.4847","170.21809999999999","-1600",NA,"Rift zone / Oceanic crust (< 15 km)"
"259800","Maer Volcanic Province","Australia","Eastern Australia Volcanic Regions","Northeastern Australia Volcanic Province","Cluster","Pyroclastic cone(s)",NA,NA,"-9.7170000000000005","143.833","171",NA,"Intraplate / Continental crust (>25 km)"
"259801","Piebald Volcanic Province","Australia","Eastern Australia Volcanic Regions","Northeastern Australia Volcanic Province","Cluster","Shield(s)",NA,NA,"-15.23","145.03","420",NA,"Intraplate / Continental crust (>25 km)"
"259802","Mclean Volcanic Province","Australia","Eastern Australia Volcanic Regions","Northeastern Australia Volcanic Province","Cluster","Pyroclastic cone(s)",NA,NA,"-15.87","144.83000000000001","610",NA,"Intraplate / Continental crust (>25 km)"
"259803","Atherton Basalt Province","Australia","Eastern Australia Volcanic Regions","Northeastern Australia Volcanic Province","Cluster","Shield(s)",NA,NA,"-17.3","145.72","1160",NA,"Intraplate / Continental crust (>25 km)"
"259805","Fox","Australia","Eastern Australia Volcanic Regions","Northeastern Australia Volcanic Province","Minor","Pyroclastic cone",NA,NA,"-18.850000000000001","145.80000000000001","840",NA,"Intraplate / Continental crust (>25 km)"
"259806","Chudleigh Volcanic Province","Australia","Eastern Australia Volcanic Regions","Northeastern Australia Volcanic Province","Cluster","Shield(s)",NA,NA,"-19.73","144.19999999999999","1000",NA,"Intraplate / Continental crust (>25 km)"
"259807","Nulla Volcanic Province","Australia","Eastern Australia Volcanic Regions","Northeastern Australia Volcanic Province","Cluster","Shield(s)",NA,NA,"-19.82","145.08000000000001","840",NA,"Intraplate / Continental crust (>25 km)"
"259808","Sturgeon Volcanic Province","Australia","Eastern Australia Volcanic Regions","Northeastern Australia Volcanic Province","Shield","Shield(s)",NA,NA,"-20.350000000000001","144.25","0",NA,"Intraplate / Continental crust (>25 km)"
"259809","Bundaberg-Boyne Province","Australia","Eastern Australia Volcanic Regions","East Central Australia Volcanic Provinces","Minor","Pyroclastic cone(s)",NA,NA,"-25.58","151.87","330",NA,"Intraplate / Continental crust (>25 km)"
"260001","Narcondam","India","Sunda-Banda Volcanic Regions","Andaman Volcanic Province","Composite","Stratovolcano",NA,NA,"13.4452","94.261700000000005","722","Andesite / Basaltic Andesite","Subduction zone / Continental crust (>25 km)"
"261020","Seulawah Agam","Indonesia","Sunda-Banda Volcanic Regions","Sunda Volcanic Arc","Composite","Stratovolcano",NA,NA,"5.4471999999999996","95.655500000000004","1309","Andesite / Basaltic Andesite","Subduction zone / Continental crust (>25 km)"
"261090","Toba","Indonesia","Sunda-Banda Volcanic Regions","Sunda Volcanic Arc","Caldera","Caldera",NA,NA,"2.6082999999999998","98.841700000000003","2157","Dacite","Subduction zone / Continental crust (>25 km)"
"261101","Imun","Indonesia","Sunda-Banda Volcanic Regions","Sunda Volcanic Arc","Minor","Lava cone",NA,NA,"2.1560000000000001","98.933999999999997","1503","Dacite","Subduction zone / Continental crust (>25 km)"
"261110","Sibualbuali","Indonesia","Sunda-Banda Volcanic Regions","Sunda Volcanic Arc","Composite","Stratovolcano",NA,NA,"1.556","99.254999999999995","1819","Dacite","Subduction zone / Continental crust (>25 km)"
"261111","Lubuk Raya","Indonesia","Sunda-Banda Volcanic Regions","Sunda Volcanic Arc","Composite","Stratovolcano",NA,NA,"1.478","99.209000000000003","1862","Andesite / Basaltic Andesite","Subduction zone / Continental crust (>25 km)"
"261131","Sarik-Gajah","Indonesia","Sunda-Banda Volcanic Regions","Sunda Volcanic Arc","Minor (Silicic)","Pyroclastic cone(s)",NA,NA,"7.3999999999999996E-2","100.18899999999999","737","Andesite / Basaltic Andesite","Subduction zone / Continental crust (>25 km)"
"261171","Kunyit","Indonesia","Sunda-Banda Volcanic Regions","Sunda Volcanic Arc","Composite","Stratovolcano",NA,NA,"-2.274","101.483","2151","Dacite","Subduction zone / Continental crust (>25 km)"
"261200","Hulu Lais, Bukit","Indonesia","Sunda-Banda Volcanic Regions","Sunda Volcanic Arc","Composite","Compound",NA,NA,"-3.2469999999999999","102.239","2122","Basalt / Picro-Basalt","Subduction zone / Continental crust (>25 km)"
"261201","Lumut, Bukit","Indonesia","Sunda-Banda Volcanic Regions","Sunda Volcanic Arc","Composite","Stratovolcano",NA,NA,"-3.2240000000000002","102.205","1738",NA,"Subduction zone / Continental crust (>25 km)"
"261202","Tiga, Bukit","Indonesia","Sunda-Banda Volcanic Regions","Sunda Volcanic Arc","Composite","Stratovolcano",NA,NA,"-3.3079999999999998","102.256","1629",NA,"Subduction zone / Continental crust (>25 km)"
"261210","Daun, Bukit","Indonesia","Sunda-Banda Volcanic Regions","Sunda Volcanic Arc","Composite","Stratovolcano(es)",NA,NA,"-3.38","102.37","2467","Basalt / Picro-Basalt","Subduction zone / Continental crust (>25 km)"
"261250","Besar","Indonesia","Sunda-Banda Volcanic Regions","Sunda Volcanic Arc","Composite","Stratovolcano?",NA,NA,"-4.4370000000000003","103.67100000000001","1900","Andesite / Basaltic Andesite","Subduction zone / Continental crust (>25 km)"
"261260","Sekincau Belirang","Indonesia","Sunda-Banda Volcanic Regions","Sunda Volcanic Arc","Composite","Caldera(s)",NA,NA,"-5.1070000000000002","104.31699999999999","1717","Andesite / Basaltic Andesite","Subduction zone / Continental crust (>25 km)"
"261280","Ulubelu","Indonesia","Sunda-Banda Volcanic Regions","Sunda Volcanic Arc","Caldera","Caldera",NA,NA,"-5.3339999999999996","104.59","849","Andesite / Basaltic Andesite","Subduction zone / Continental crust (>25 km)"
"261285","Pesawaran-Ratai","Indonesia","Sunda-Banda Volcanic Regions","Sunda Volcanic Arc","Composite","Stratovolcano",NA,NA,"-5.5049999999999999","105.093","1575",NA,NA
"261290","Rajabasa","Indonesia","Sunda-Banda Volcanic Regions","Sunda Volcanic Arc","Composite","Stratovolcano",NA,NA,"-5.7803000000000004","105.6314","1282","Andesite / Basaltic Andesite","Subduction zone / Continental crust (>25 km)"
"261800","Pulau Weh","Indonesia","Sunda-Banda Volcanic Regions","Sunda Volcanic Arc","Composite","Stratovolcano",NA,NA,"5.82","95.28","617",NA,"Subduction zone / Continental crust (>25 km)"
"261801","Olim","Indonesia","Sunda-Banda Volcanic Regions","Sunda Volcanic Arc","Cluster","Fissure vent(s)",NA,NA,"5.2","96.18","0",NA,"Subduction zone / Continental crust (>25 km)"
"261802","Teu Minas","Indonesia","Sunda-Banda Volcanic Regions","Sunda Volcanic Arc","Composite","Stratovolcano",NA,NA,"5.17","96.43","0",NA,"Subduction zone / Continental crust (>25 km)"
"261803","Geureugoh","Indonesia","Sunda-Banda Volcanic Regions","Sunda Volcanic Arc","Cluster","Fissure vent(s)",NA,NA,"5.15","96.67","0",NA,"Subduction zone / Continental crust (>25 km)"
"261805","Tudeuk, Gunung","Indonesia","Sunda-Banda Volcanic Regions","Sunda Volcanic Arc","Minor","Lava dome",NA,NA,"5","96.57","0",NA,"Subduction zone / Continental crust (>25 km)"
"261806","Nama Salah","Indonesia","Sunda-Banda Volcanic Regions","Sunda Volcanic Arc","Unknown","Unknown",NA,NA,"4.6500000000000004","96.78","0",NA,"Subduction zone / Continental crust (>25 km)"
"261807","Telago, Gunung","Indonesia","Sunda-Banda Volcanic Regions","Sunda Volcanic Arc","Unknown","Unknown",NA,NA,"4.47","96.82","1930",NA,"Subduction zone / Continental crust (>25 km)"
"261808","Sembuang, Gunung","Indonesia","Sunda-Banda Volcanic Regions","Sunda Volcanic Arc","Minor","Explosion crater",NA,NA,"4.62","97.42","0",NA,"Subduction zone / Continental crust (>25 km)"
"261809","Geureudong","Indonesia","Sunda-Banda Volcanic Regions","Sunda Volcanic Arc","Composite","Stratovolcano",NA,NA,"4.8129999999999997","96.82","2885",NA,"Subduction zone / Continental crust (>25 km)"
"261810","Kembar","Indonesia","Sunda-Banda Volcanic Regions","Sunda Volcanic Arc","Shield","Shield",NA,NA,"3.85","97.664000000000001","2245",NA,"Subduction zone / Continental crust (>25 km)"
"261811","Bekulap","Indonesia","Sunda-Banda Volcanic Regions","Sunda Volcanic Arc","Minor","Lava dome(s) ?",NA,NA,"3.2879999999999998","98.350999999999999","1782",NA,"Subduction zone / Continental crust (>25 km)"
"261812","Takur-Takur","Indonesia","Sunda-Banda Volcanic Regions","Sunda Volcanic Arc","Unknown","Unknown",NA,NA,"3.222","98.626999999999995","1499",NA,"Subduction zone / Continental crust (>25 km)"
"261813","Tenaroh, Bukit","Indonesia","Sunda-Banda Volcanic Regions","Sunda Volcanic Arc","Unknown","Unknown",NA,NA,"3.12","98.63","0",NA,"Subduction zone / Continental crust (>25 km)"
"261814","Simbolon","Indonesia","Sunda-Banda Volcanic Regions","Sunda Volcanic Arc","Composite","Stratovolcano",NA,NA,"3.02","98.9","1509",NA,"Subduction zone / Continental crust (>25 km)"
"261816","Martimbang","Indonesia","Sunda-Banda Volcanic Regions","Sunda Volcanic Arc","Composite","Stratovolcano",NA,NA,"1.96","98.968000000000004","1669",NA,"Subduction zone / Continental crust (>25 km)"
"261817","Maninjau","Indonesia","Sunda-Banda Volcanic Regions","Sunda Volcanic Arc","Caldera","Caldera",NA,NA,"-0.35","100.2","1724",NA,"Subduction zone / Crustal thickness unknown"
"261818","Telor, Bukit","Indonesia","Sunda-Banda Volcanic Regions","Sunda Volcanic Arc","Minor","Pyroclastic cone",NA,NA,"-1.2450000000000001","103.523","38",NA,"Subduction zone / Continental crust (>25 km)"
"261819","Masurai","Indonesia","Sunda-Banda Volcanic Regions","Sunda Volcanic Arc","Composite","Stratovolcano",NA,NA,"-2.5030000000000001","101.858","2916",NA,"Subduction zone / Continental crust (>25 km)"
"261820","Raja","Indonesia","Sunda-Banda Volcanic Regions","Sunda Volcanic Arc","Unknown","Unknown",NA,NA,"-4.83","104.08","1643",NA,"Subduction zone / Continental crust (>25 km)"
"261821","Pesagi","Indonesia","Sunda-Banda Volcanic Regions","Sunda Volcanic Arc","Unknown","Unknown",NA,NA,"-4.9233000000000002","104.14619999999999","2201",NA,"Unknown"
"261822","Sukadana Basalts","Indonesia","Sunda-Banda Volcanic Regions","Sunda Volcanic Arc","Cluster","Fissure vent",NA,NA,"-5.25","105.65","300",NA,"Subduction zone / Continental crust (>25 km)"
"261823","Simacak, Uruk","Indonesia","Sunda-Banda Volcanic Regions","Sunda Volcanic Arc","Composite","Stratovolcano",NA,NA,"3.2370000000000001","98.433000000000007","1908",NA,NA
"261824","Barus","Indonesia","Sunda-Banda Volcanic Regions","Sunda Volcanic Arc","Composite","Stratovolcano",NA,NA,"3.2040000000000002","98.563999999999993","1969",NA,NA
"261858","Seulawah Inong","Indonesia","Sunda-Banda Volcanic Regions","Sunda Volcanic Arc","Unknown","Unknown",NA,NA,"5.43","95.77","730",NA,"Unknown"
"261859","Melintang","Indonesia","Sunda-Banda Volcanic Regions","Sunda Volcanic Arc","Composite","Stratovolcano",NA,NA,"-0.32","100.67","2262",NA,"Subduction zone / Continental crust (>25 km)"
"261861","Tujuh","Indonesia","Sunda-Banda Volcanic Regions","Sunda Volcanic Arc","Composite","Stratovolcano",NA,NA,"-1.7","101.42","2732",NA,"Subduction zone / Continental crust (>25 km)"
"261862","Runcing","Indonesia","Sunda-Banda Volcanic Regions","Sunda Volcanic Arc","Unknown","Unknown",NA,NA,"-1.7549999999999999","101.627","1789",NA,"Subduction zone / Continental crust (>25 km)"
"261863","Isau-Isau","Indonesia","Sunda-Banda Volcanic Regions","Sunda Volcanic Arc","Unknown","Unknown",NA,NA,"-3.9670000000000001","103.643","1422",NA,"Subduction zone / Continental crust (>25 km)"
"261864","Nanti, Bukit","Indonesia","Sunda-Banda Volcanic Regions","Sunda Volcanic Arc","Unknown","Unknown",NA,NA,"-4.2","103.85","1619",NA,"Unknown"
"261865","Tanggamus","Indonesia","Sunda-Banda Volcanic Regions","Sunda Volcanic Arc","Composite","Stratovolcano",NA,NA,"-5.4269999999999996","104.675","2079",NA,"Unknown"
"263080","Wayang-Windu","Indonesia","Sunda-Banda Volcanic Regions","Sunda Volcanic Arc","Minor","Lava dome",NA,NA,"-7.2130000000000001","107.637","2184","Andesite / Basaltic Andesite","Subduction zone / Continental crust (>25 km)"
"263081","Malabar","Indonesia","Sunda-Banda Volcanic Regions","Sunda Volcanic Arc","Composite","Stratovolcano",NA,NA,"-7.1319999999999997","107.639","2307","Andesite / Basaltic Andesite","Subduction zone / Continental crust (>25 km)"
"263110","Kendang","Indonesia","Sunda-Banda Volcanic Regions","Sunda Volcanic Arc","Composite","Stratovolcano",NA,NA,"-7.2450000000000001","107.709","2594","Andesite / Basaltic Andesite","Subduction zone / Continental crust (>25 km)"
"263160","Putri, Gunung","Indonesia","Sunda-Banda Volcanic Regions","Sunda Volcanic Arc","Minor","Lava dome",NA,NA,"-7.2690000000000001","107.973","1796","Andesite / Basaltic Andesite","Subduction zone / Continental crust (>25 km)"
"263230","Ungaran","Indonesia","Sunda-Banda Volcanic Regions","Sunda Volcanic Arc","Composite","Stratovolcano",NA,NA,"-7.1875999999999998","110.3455","2033","Trachyandesite / Basaltic Trachyandesite","Subduction zone / Continental crust (>25 km)"
"263231","Telomoyo","Indonesia","Sunda-Banda Volcanic Regions","Sunda Volcanic Arc","Composite","Stratovolcano",NA,NA,"-7.3613","110.3998","1891","Andesite / Basaltic Andesite","Subduction zone / Continental crust (>25 km)"
"263251","Muria","Indonesia","Sunda-Banda Volcanic Regions","Sunda Volcanic Arc","Composite","Stratovolcano",NA,NA,"-6.62","110.88","1625","Trachybasalt / Tephrite Basanite","Subduction zone / Continental crust (>25 km)"
"263270","Wilis","Indonesia","Sunda-Banda Volcanic Regions","Sunda Volcanic Arc","Composite","Stratovolcano",NA,NA,"-7.8079999999999998","111.758","2563","Andesite / Basaltic Andesite","Subduction zone / Continental crust (>25 km)"
"263275","Pandan","Indonesia","Sunda-Banda Volcanic Regions","Sunda Volcanic Arc","Composite","Cone",NA,NA,"-7.4592000000000001","111.7997","908",NA,"Unknown"
"263292","Malang Plain","Indonesia","Sunda-Banda Volcanic Regions","Sunda Volcanic Arc","Cluster","Maar(s)",NA,NA,"-8.0670000000000002","112.733","662","No Data (checked)","Subduction zone / Continental crust (>25 km)"
"263321","Lurus","Indonesia","Sunda-Banda Volcanic Regions","Sunda Volcanic Arc","Composite","Complex",NA,NA,"-7.7389999999999999","113.58","507","Andesite / Basaltic Andesite","Subduction zone / Continental crust (>25 km)"
"263800","Endut","Indonesia","Sunda-Banda Volcanic Regions","Sunda Volcanic Arc","Composite","Stratovolcano",NA,NA,"-6.62","106.37","1297",NA,"Subduction zone / Continental crust (>25 km)"
"263801","Halimun","Indonesia","Sunda-Banda Volcanic Regions","Sunda Volcanic Arc","Composite","Stratovolcano",NA,NA,"-6.72","106.45","1929",NA,"Unknown"
"263802","Halimun-Talaga","Indonesia","Sunda-Banda Volcanic Regions","Sunda Volcanic Arc","Composite","Stratovolcano",NA,NA,"-6.8460000000000001","106.563","1741",NA,"Unknown"
"263803","Kancana","Indonesia","Sunda-Banda Volcanic Regions","Sunda Volcanic Arc","Composite","Stratovolcano",NA,NA,"-6.8970000000000002","107.041","1213",NA,"Unknown"
"263804","Tilu","Indonesia","Sunda-Banda Volcanic Regions","Sunda Volcanic Arc","Composite","Stratovolcano",NA,NA,"-7.1559999999999997","107.529","2042",NA,"Unknown"
"263806","Cakrabuana","Indonesia","Sunda-Banda Volcanic Regions","Sunda Volcanic Arc","Composite","Stratovolcano",NA,NA,"-7.03","108.13","1721",NA,"Subduction zone / Continental crust (>25 km)"
"263807","Lasem","Indonesia","Sunda-Banda Volcanic Regions","Sunda Volcanic Arc","Composite","Stratovolcano",NA,NA,"-6.68","111.52","806",NA,"Unknown"
"263808","Ringgit","Indonesia","Sunda-Banda Volcanic Regions","Sunda Volcanic Arc","Composite","Stratovolcano",NA,NA,"-7.72","113.85","1250",NA,"Unknown"
"263809","Kaledong","Indonesia","Sunda-Banda Volcanic Regions","Sunda Volcanic Arc","Minor","Lava dome",NA,NA,"-7.0529999999999999","107.908","1235",NA,"Unknown"
"263810","Gede","Indonesia","Sunda-Banda Volcanic Regions","Sunda Volcanic Arc","Unknown","Unknown",NA,NA,"-5.93","106.07","595",NA,"Unknown"
"263811","Cibugis","Indonesia","Sunda-Banda Volcanic Regions","Sunda Volcanic Arc","Composite","Stratovolcano",NA,NA,"-6.5","106.57","613",NA,"Unknown"
"263812","Kendeng","Indonesia","Sunda-Banda Volcanic Regions","Sunda Volcanic Arc","Composite","Stratovolcano",NA,NA,"-6.7679999999999998","106.526","1732",NA,"Subduction zone / Continental crust (>25 km)"
"263813","Sanggabuana","Indonesia","Sunda-Banda Volcanic Regions","Sunda Volcanic Arc","Composite","Stratovolcano",NA,NA,"-6.58","107.22","1291",NA,"Unknown"
"263814","Kancana","Indonesia","Sunda-Banda Volcanic Regions","Sunda Volcanic Arc","Composite","Stratovolcano",NA,NA,"-7.32","107.63","2182",NA,"Unknown"
"263815","Mandalagiri","Indonesia","Sunda-Banda Volcanic Regions","Sunda Volcanic Arc","Composite","Stratovolcano",NA,NA,"-7.4","107.78","1831",NA,"Unknown"
"263816","Cikuray","Indonesia","Sunda-Banda Volcanic Regions","Sunda Volcanic Arc","Composite","Stratovolcano",NA,NA,"-7.3220000000000001","107.86","2784",NA,"Unknown"
"263817","Mandalawangi","Indonesia","Sunda-Banda Volcanic Regions","Sunda Volcanic Arc","Composite","Stratovolcano",NA,NA,"-7.0579999999999998","107.864","1631",NA,"Unknown"
"263818","Canlancang","Indonesia","Sunda-Banda Volcanic Regions","Sunda Volcanic Arc","Unknown","Unknown",NA,NA,"-6.9580000000000002","107.95","1651",NA,"Unknown"
"263819","Sedakeling","Indonesia","Sunda-Banda Volcanic Regions","Sunda Volcanic Arc","Composite","Stratovolcano",NA,NA,"-7.12","108.03","1676",NA,"Unknown"
"263820","Sawal","Indonesia","Sunda-Banda Volcanic Regions","Sunda Volcanic Arc","Composite","Stratovolcano",NA,NA,"-7.18","108.27","1764",NA,"Unknown"
"263821","Selokaki","Indonesia","Sunda-Banda Volcanic Regions","Sunda Volcanic Arc","Composite","Stratovolcano",NA,NA,"-7.83","112.35","1083",NA,"Unknown"
"263822","Argowayang","Indonesia","Sunda-Banda Volcanic Regions","Sunda Volcanic Arc","Composite","Stratovolcano",NA,NA,"-7.77","112.43","2198",NA,"Unknown"
"263823","Haruman","Indonesia","Sunda-Banda Volcanic Regions","Sunda Volcanic Arc","Minor","Lava dome",NA,NA,"-7.0739999999999998","107.943","1195",NA,"Unknown"
"264070","Poco Leok","Indonesia","Sunda-Banda Volcanic Regions","Sunda Volcanic Arc","Composite","Stratovolcano",NA,NA,"-8.68","120.48","1675","Andesite / Basaltic Andesite","Subduction zone / Crustal thickness unknown"
"264170","Ilimuda","Indonesia","Sunda-Banda Volcanic Regions","Sunda Volcanic Arc","Composite","Stratovolcano",NA,NA,"-8.4789999999999992","122.761","881","Andesite / Basaltic Andesite","Subduction zone / Crustal thickness unknown"
"264200","Lereboleng","Indonesia","Sunda-Banda Volcanic Regions","Sunda Volcanic Arc","Composite","Complex",NA,NA,"-8.3650000000000002","122.833","1111","Andesite / Basaltic Andesite","Subduction zone / Crustal thickness unknown"
"264830","Merbuk","Indonesia","Sunda-Banda Volcanic Regions","Sunda Volcanic Arc","Unknown","Unknown",NA,NA,"-8.2260000000000009","114.65300000000001","1359",NA,"Subduction zone / Continental crust (>25 km)"
"264831","Patas","Indonesia","Sunda-Banda Volcanic Regions","Sunda Volcanic Arc","Unknown","Unknown",NA,NA,"-8.2609999999999992","114.81699999999999","1390",NA,"Subduction zone / Continental crust (>25 km)"
"264833","Seraja","Indonesia","Sunda-Banda Volcanic Regions","Sunda Volcanic Arc","Unknown","Unknown",NA,NA,"-8.3770000000000007","115.654","1142",NA,"Subduction zone / Continental crust (>25 km)"
"264834","Punikan","Indonesia","Sunda-Banda Volcanic Regions","Sunda Volcanic Arc","Unknown","Unknown",NA,NA,"-8.4700000000000006","116.13","1490",NA,"Unknown"
"264836","Lambuwu, Doro","Indonesia","Sunda-Banda Volcanic Regions","Sunda Volcanic Arc","Composite","Stratovolcano",NA,NA,"-8.3620000000000001","118.497","1602",NA,"Subduction zone / Continental crust (>25 km)"
"264837","Maria, Doro","Indonesia","Sunda-Banda Volcanic Regions","Sunda Volcanic Arc","Unknown","Unknown",NA,NA,"-8.4830000000000005","118.92400000000001","1423",NA,"Subduction zone / Continental crust (>25 km)"
"264838","Saboke, Doro","Indonesia","Sunda-Banda Volcanic Regions","Sunda Volcanic Arc","Unknown","Unknown",NA,NA,"-8.68","119.12","1000",NA,"Subduction zone / Continental crust (>25 km)"
"264839","Gilibanta","Indonesia","Sunda-Banda Volcanic Regions","Sunda Volcanic Arc","Composite","Stratovolcano?",NA,NA,"-8.42","119.32","363",NA,"Subduction zone / Continental crust (>25 km)"
"264840","Otota, Doro","Indonesia","Sunda-Banda Volcanic Regions","Sunda Volcanic Arc","Unknown","Unknown",NA,NA,"-8.7200000000000006","119.42","518",NA,"Subduction zone / Continental crust (>25 km)"
"264841","Ora, Doro","Indonesia","Sunda-Banda Volcanic Regions","Sunda Volcanic Arc","Unknown","Unknown",NA,NA,"-8.75","119.67","668",NA,"Subduction zone / Continental crust (>25 km)"
"264842","Beliling","Indonesia","Sunda-Banda Volcanic Regions","Sunda Volcanic Arc","Unknown","Unknown",NA,NA,"-8.6199999999999992","119.97","1153",NA,"Subduction zone / Continental crust (>25 km)"
"264843","Sangenges","Indonesia","Sunda-Banda Volcanic Regions","Sunda Volcanic Arc","Composite","Stratovolcano",NA,NA,"-8.58","117.122","1824",NA,NA
"264845","Tarowa","Indonesia","Sunda-Banda Volcanic Regions","Sunda Volcanic Arc","Caldera","Caldera",NA,NA,"-8.7040000000000006","118.161","755",NA,NA
"265030","Utara Wetar","Indonesia","Sunda-Banda Volcanic Regions","Inner Banda Volcanic Arc","Composite","Stratovolcano",NA,NA,"-6.6349999999999998","126.66","239","Andesite / Basaltic Andesite","Subduction zone / Oceanic crust (< 15 km)"
"266070","Tondano Caldera","Indonesia","Western Pacific Volcanic Regions","Sangihe Volcanic Arc","Caldera","Caldera",NA,NA,"1.23","124.83","1202","Andesite / Basaltic Andesite","Subduction zone / Continental crust (>25 km)"
"267005","Biaro","Indonesia","Western Pacific Volcanic Regions","Sangihe Volcanic Arc","Composite","Unknown",NA,NA,"2.1027999999999998","125.36669999999999","310",NA,"Subduction zone / Oceanic crust (< 15 km)"
"267012","Tahulandang","Indonesia","Western Pacific Volcanic Regions","Sangihe Volcanic Arc","Caldera","Caldera",NA,NA,"2.3532999999999999","125.4119","782",NA,"Subduction zone / Oceanic crust (< 15 km)"
"267019","Tamata","Indonesia","Western Pacific Volcanic Regions","Sangihe Volcanic Arc","Composite","Stratovolcano",NA,NA,"2.7183000000000002","125.3823","1088",NA,"Subduction zone / Oceanic crust (< 15 km)"
"267022","Makalehi","Indonesia","Western Pacific Volcanic Regions","Sangihe Volcanic Arc","Composite","Stratovolcano",NA,NA,"2.7364000000000002","125.16759999999999","181",NA,"Subduction zone / Oceanic crust (< 15 km)"
"267036","Kalama","Indonesia","Western Pacific Volcanic Regions","Sangihe Volcanic Arc","Composite","Stratovolcano",NA,NA,"3.2410000000000001","125.4635","344",NA,"Subduction zone / Oceanic crust (< 15 km)"
"267060","Lipang","Indonesia","Western Pacific Volcanic Regions","Sangihe Volcanic Arc","Composite","Stratovolcano",NA,NA,"3.911","125.39","126",NA,"Subduction zone / Oceanic crust (< 15 km)"
"267065","Napo Taroare","Indonesia","Western Pacific Volcanic Regions","Sangihe Volcanic Arc","Composite","Stratovolcano",NA,NA,"4.048","125.345","0",NA,"Subduction zone / Oceanic crust (< 15 km)"
"267070","Kawalusu","Indonesia","Western Pacific Volcanic Regions","Sangihe Volcanic Arc","Composite","Stratovolcano",NA,NA,"4.2320000000000002","125.32899999999999","239",NA,"Subduction zone / Oceanic crust (< 15 km)"
"267075","North Kawio","Indonesia","Western Pacific Volcanic Regions","Sangihe Volcanic Arc","Composite","Complex",NA,NA,"4.6840000000000002","125.468","109",NA,"Subduction zone / Oceanic crust (< 15 km)"
"267090","Kawio Barat","Indonesia","Western Pacific Volcanic Regions","Sangihe Volcanic Arc","Composite","Stratovolcano",NA,NA,"4.6749999999999998","125.08799999999999","-1874",NA,"Subduction zone / Oceanic crust (< 15 km)"
"268015","Mamuya","Indonesia","Western Pacific Volcanic Regions","Halmahera Volcanic Arc","Composite","Cone",NA,NA,"1.7825","127.9182","923",NA,"Subduction zone / Oceanic crust (< 15 km)"
"268064","Telaga","Indonesia","Western Pacific Volcanic Regions","Halmahera Volcanic Arc","Caldera","Caldera",NA,NA,"0.72250000000000003","127.42700000000001","712",NA,"Subduction zone / Oceanic crust (< 15 km)"
"268071","Tigalalu","Indonesia","Western Pacific Volcanic Regions","Halmahera Volcanic Arc","Composite","Stratovolcano",NA,NA,"7.0000000000000007E-2","127.42","422","Andesite / Basaltic Andesite","Subduction zone / Oceanic crust (< 15 km)"
"268072","Amasing","Indonesia","Western Pacific Volcanic Regions","Halmahera Volcanic Arc","Composite","Stratovolcano(es)",NA,NA,"-0.52490000000000003","127.4956","1006","Andesite / Basaltic Andesite","Subduction zone / Oceanic crust (< 15 km)"
"268073","Bibinoi","Indonesia","Western Pacific Volcanic Regions","Halmahera Volcanic Arc","Composite","Stratovolcano(es)",NA,NA,"-0.76100000000000001","127.72499999999999","932","Andesite / Basaltic Andesite","Subduction zone / Oceanic crust (< 15 km)"
"268800","Hamiding","Indonesia","Western Pacific Volcanic Regions","Halmahera Volcanic Arc","Composite","Unknown",NA,NA,"1.62","127.82","1204",NA,"Subduction zone / Oceanic crust (< 15 km)"
"269010","Tawau Hills","Malaysia","Western Pacific Volcanic Regions","Negros-Sulu Volcanic Arc","Cluster","Pyroclastic cone",NA,NA,"4.383","117.95","1077","Basalt / Picro-Basalt","Subduction zone / Continental crust (>25 km)"
"269814","Mostyn","Malaysia","Western Pacific Volcanic Regions","Negros-Sulu Volcanic Arc","Cluster","Fissure vent(s) ?",NA,NA,"4.5999999999999996","118.18","0",NA,"Intraplate / Continental crust (>25 km)"
"270010","Jolo","Philippines","Western Pacific Volcanic Regions","Negros-Sulu Volcanic Arc","Cluster","Pyroclastic cone(s)",NA,NA,"6","121.125","811","Basalt / Picro-Basalt","Subduction zone / Crustal thickness unknown"
"271010","Balut","Philippines","Western Pacific Volcanic Regions","Mindanao Volcanic Province","Composite","Stratovolcano",NA,NA,"5.3979999999999997","125.376","840","Andesite / Basaltic Andesite","Subduction zone / Continental crust (>25 km)"
"271030","Apo","Philippines","Western Pacific Volcanic Regions","Mindanao Volcanic Province","Composite","Stratovolcano",NA,NA,"6.9889999999999999","125.26900000000001","2938","Andesite / Basaltic Andesite","Subduction zone / Continental crust (>25 km)"
"271050","Latukan","Philippines","Western Pacific Volcanic Regions","Mindanao Volcanic Province","Composite","Stratovolcano",NA,NA,"7.6539999999999999","124.438","2280","Basalt / Picro-Basalt","Subduction zone / Continental crust (>25 km)"
"271061","Kalatungan","Philippines","Western Pacific Volcanic Regions","Mindanao Volcanic Province","Composite","Stratovolcano",NA,NA,"7.95","124.8","2824","Basalt / Picro-Basalt","Subduction zone / Continental crust (>25 km)"
"271071","Malindang","Philippines","Western Pacific Volcanic Regions","Mindanao Volcanic Province","Composite","Stratovolcano",NA,NA,"8.2200000000000006","123.63","2404","Basalt / Picro-Basalt","Subduction zone / Continental crust (>25 km)"
"271072","Balatukan","Philippines","Western Pacific Volcanic Regions","Mindanao Volcanic Province","Composite","Compound",NA,NA,"8.77","124.98","2450","Basalt / Picro-Basalt","Subduction zone / Continental crust (>25 km)"
"271090","Paco-Maniayao","Philippines","Western Pacific Volcanic Regions","Eastern Philippine Volcanic Arc","Composite","Stratovolcano",NA,NA,"9.593","125.52","664","Andesite / Basaltic Andesite","Subduction zone / Continental crust (>25 km)"
"271800","Blit","Philippines","Western Pacific Volcanic Regions","Mindanao Volcanic Province","Unknown","Unknown",NA,NA,"6.9580000000000002","124.23","1198",NA,"Subduction zone / Continental crust (>25 km)"
"271801","Quezon","Philippines","Western Pacific Volcanic Regions","Mindanao Volcanic Province","Minor","Lava dome(s)",NA,NA,"6.58","124.62","652",NA,"Subduction zone / Continental crust (>25 km)"
"271802","Kitabud","Philippines","Western Pacific Volcanic Regions","Mindanao Volcanic Province","Unknown","Unknown",NA,NA,"7.2850000000000001","124.66200000000001","1167",NA,"Subduction zone / Continental crust (>25 km)"
"271803","Imbing","Philippines","Western Pacific Volcanic Regions","Negros-Sulu Volcanic Arc","Composite","Stratovolcano(es)",NA,NA,"7.68","123.23","700",NA,"Subduction zone / Continental crust (>25 km)"
"271804","Kaladis","Philippines","Western Pacific Volcanic Regions","Negros-Sulu Volcanic Arc","Composite","Stratovolcano",NA,NA,"7.58","122.97","0",NA,"Subduction zone / Continental crust (>25 km)"
"271805","Ampiro","Philippines","Western Pacific Volcanic Regions","Mindanao Volcanic Province","Composite","Stratovolcano?",NA,NA,"8.3879999999999999","123.63","1532",NA,"Subduction zone / Continental crust (>25 km)"
"272010","Cuernos de Negros","Philippines","Western Pacific Volcanic Regions","Negros-Sulu Volcanic Arc","Composite","Complex",NA,NA,"9.25","123.17","1862","Andesite / Basaltic Andesite","Subduction zone / Continental crust (>25 km)"
"272030","Mandalagan","Philippines","Western Pacific Volcanic Regions","Negros-Sulu Volcanic Arc","Composite","Complex",NA,NA,"10.65","123.25","1885","Andesite / Basaltic Andesite","Subduction zone / Continental crust (>25 km)"
"272040","Silay","Philippines","Western Pacific Volcanic Regions","Negros-Sulu Volcanic Arc","Composite","Stratovolcano",NA,NA,"10.770099999999999","123.233","1510","Andesite / Basaltic Andesite","Subduction zone / Continental crust (>25 km)"
"272070","Mahagnao","Philippines","Western Pacific Volcanic Regions","Eastern Philippine Volcanic Arc","Composite","Stratovolcano",NA,NA,"10.8805","124.8651","834","Andesite / Basaltic Andesite","Subduction zone / Continental crust (>25 km)"
"272800","Nelangaapan","Philippines","Western Pacific Volcanic Regions","Eastern Philippine Volcanic Arc","Unknown","Unknown",NA,NA,"9.9320000000000004","125.27","687",NA,"Subduction zone / Continental crust (>25 km)"
"272801","Ilihan","Philippines","Western Pacific Volcanic Regions","Eastern Philippine Volcanic Arc","Unknown","Unknown",NA,NA,"10.483000000000001","125.122","903",NA,"Subduction zone / Continental crust (>25 km)"
"272802","Alto","Philippines","Western Pacific Volcanic Regions","Eastern Philippine Volcanic Arc","Composite","Compound",NA,NA,"11.108000000000001","124.75","1350",NA,"Subduction zone / Continental crust (>25 km)"
"272803","Cancajanag","Philippines","Western Pacific Volcanic Regions","Eastern Philippine Volcanic Arc","Minor","Lava dome(s)",NA,NA,"11.07","124.78","900",NA,"Subduction zone / Continental crust (>25 km)"
"272804","Maripipi","Philippines","Western Pacific Volcanic Regions","Eastern Philippine Volcanic Arc","Unknown","Unknown",NA,NA,"11.8","124.33","924",NA,"Subduction zone / Continental crust (>25 km)"
"272805","Hingatungan","Philippines","Western Pacific Volcanic Regions","Eastern Philippine Volcanic Arc","Composite","Stratovolcano",NA,NA,"10.593999999999999","125.101","796",NA,"Subduction zone / Continental crust (>25 km)"
"272806","Lobi","Philippines","Western Pacific Volcanic Regions","Eastern Philippine Volcanic Arc","Composite","Stratovolcano",NA,NA,"11.013","124.812","1302",NA,"Subduction zone / Continental crust (>25 km)"
"272807","Pacdahauan","Philippines","Western Pacific Volcanic Regions","Eastern Philippine Volcanic Arc","Unknown","Unknown",NA,NA,"11.404","124.509","628",NA,"Subduction zone / Continental crust (>25 km)"
"273020","Pocdol Mountains","Philippines","Western Pacific Volcanic Regions","Eastern Philippine Volcanic Arc","Composite","Compound",NA,NA,"13.05","123.958","1102","Andesite / Basaltic Andesite","Subduction zone / Continental crust (>25 km)"
"273031","Masaraga","Philippines","Western Pacific Volcanic Regions","Eastern Philippine Volcanic Arc","Composite","Stratovolcano",NA,NA,"13.309900000000001","123.59780000000001","1294","Andesite / Basaltic Andesite","Subduction zone / Continental crust (>25 km)"
"273044","Malindig","Philippines","Western Pacific Volcanic Regions","Luzon Volcanic Arc","Composite","Stratovolcano",NA,NA,"13.24","122.018","1157","Andesite / Basaltic Andesite","Subduction zone / Continental crust (>25 km)"
"273080","Laguna Caldera","Philippines","Western Pacific Volcanic Regions","Luzon Volcanic Arc","Caldera","Caldera",NA,NA,"14.42","121.27","743","Andesite / Basaltic Andesite","Subduction zone / Continental crust (>25 km)"
"273081","Mariveles","Philippines","Western Pacific Volcanic Regions","Luzon Volcanic Arc","Composite","Stratovolcano",NA,NA,"14.526999999999999","120.482","1388","Andesite / Basaltic Andesite","Subduction zone / Continental crust (>25 km)"
"273082","Natib","Philippines","Western Pacific Volcanic Regions","Luzon Volcanic Arc","Composite","Stratovolcano",NA,NA,"14.72","120.4","1253","Andesite / Basaltic Andesite","Subduction zone / Continental crust (>25 km)"
"273084","Arayat","Philippines","Western Pacific Volcanic Regions","Luzon Volcanic Arc","Composite","Stratovolcano",NA,NA,"15.2","120.742","1026","Basalt / Picro-Basalt","Subduction zone / Continental crust (>25 km)"
"273085","Amorong Group","Philippines","Western Pacific Volcanic Regions","Luzon Volcanic Arc","Cluster","Volcanic field",NA,NA,"15.824999999999999","120.742","369","Trachyandesite / Basaltic Trachyandesite","Subduction zone / Continental crust (>25 km)"
"273086","Santo Tomas","Philippines","Western Pacific Volcanic Regions","Luzon Volcanic Arc","Composite","Stratovolcano",NA,NA,"16.329999999999998","120.55","2260","Andesite / Basaltic Andesite","Subduction zone / Continental crust (>25 km)"
"273800","Gate Mountains","Philippines","Western Pacific Volcanic Regions","Eastern Philippine Volcanic Arc","Unknown","Unknown",NA,NA,"12.6","123.997","559",NA,"Subduction zone / Continental crust (>25 km)"
"273801","Malinao","Philippines","Western Pacific Volcanic Regions","Eastern Philippine Volcanic Arc","Composite","Stratovolcano",NA,NA,"13.416","123.608","1548",NA,"Subduction zone / Continental crust (>25 km)"
"273802","Sangay","Philippines","Western Pacific Volcanic Regions","Eastern Philippine Volcanic Arc","Unknown","Unknown",NA,NA,"13.52","123.53","0",NA,"Subduction zone / Continental crust (>25 km)"
"273803","Cone-Culasi","Philippines","Western Pacific Volcanic Regions","Eastern Philippine Volcanic Arc","Cluster","Volcanic field",NA,NA,"13.92","123.02","959",NA,"Subduction zone / Continental crust (>25 km)"
"273804","Labo","Philippines","Western Pacific Volcanic Regions","Eastern Philippine Volcanic Arc","Composite","Compound",NA,NA,"14.02","122.792","1544",NA,"Subduction zone / Continental crust (>25 km)"
"273805","Dagit-Dagitan","Philippines","Western Pacific Volcanic Regions","Luzon Volcanic Arc","Composite","Stratovolcano",NA,NA,"13.53","121.078","364",NA,"Subduction zone / Continental crust (>25 km)"
"273806","Panay","Philippines","Western Pacific Volcanic Regions","Luzon Volcanic Arc","Composite","Stratovolcano",NA,NA,"13.723000000000001","120.893","501",NA,"Subduction zone / Continental crust (>25 km)"
"273807","Malepunyo","Philippines","Western Pacific Volcanic Regions","Luzon Volcanic Arc","Composite","Stratovolcano",NA,NA,"13.961499999999999","121.24679999999999","987",NA,"Subduction zone / Continental crust (>25 km)"
"273808","Anilao Hill","Philippines","Western Pacific Volcanic Regions","Luzon Volcanic Arc","Minor","Pyroclastic cone",NA,NA,"13.9","121.18","358",NA,"Subduction zone / Continental crust (>25 km)"
"273809","Cariliao","Philippines","Western Pacific Volcanic Regions","Luzon Volcanic Arc","Composite","Stratovolcano",NA,NA,"14.13","120.75","656",NA,"Subduction zone / Continental crust (>25 km)"
"273810","Corregidor","Philippines","Western Pacific Volcanic Regions","Luzon Volcanic Arc","Caldera","Caldera",NA,NA,"14.4","120.58","173",NA,"Subduction zone / Continental crust (>25 km)"
"274035","Balintang","Philippines","Western Pacific Volcanic Regions","Luzon Volcanic Arc","Composite","Stratovolcano",NA,NA,"19.9574","122.1442","115",NA,"Subduction zone / Crustal thickness unknown"
"274070","Diogo","Philippines","Western Pacific Volcanic Regions","Luzon Volcanic Arc","Composite","Compound",NA,NA,"20.708500000000001","121.9297","260",NA,"Subduction zone / Crustal thickness unknown"
"274075","Mabudis-Siayan","Philippines","Western Pacific Volcanic Regions","Luzon Volcanic Arc","Composite","Compound",NA,NA,"20.917400000000001","121.91070000000001","199",NA,"Subduction zone / Crustal thickness unknown"
"274080","Y'Ami-North","Philippines","Western Pacific Volcanic Regions","Luzon Volcanic Arc","Composite","Compound",NA,NA,"21.0868","121.94199999999999","213",NA,"Subduction zone / Crustal thickness unknown"
"274085","Hsiaolanyu","Taiwan","Western Pacific Volcanic Regions","Luzon Volcanic Arc","Composite","Compound",NA,NA,"21.9529","121.6123","148",NA,"Subduction zone / Crustal thickness unknown"
"274090","Lutao","Taiwan","Western Pacific Volcanic Regions","Luzon Volcanic Arc","Composite","Compound",NA,NA,"22.658000000000001","121.4927","268",NA,"Subduction zone / Crustal thickness unknown"
"274800","Matarem","Philippines","Western Pacific Volcanic Regions","Luzon Volcanic Arc","Composite","Compound",NA,NA,"20.38","121.93","459",NA,"Subduction zone / Crustal thickness unknown"
"275010","Leizhou Bandao","China","Eastern Asia Volcanic Regions","Southeast Asia Volcanic Province","Cluster","Volcanic field",NA,NA,"20.78","110.17","259","Basalt / Picro-Basalt","Intraplate / Continental crust (>25 km)"
"275030","Toroeng Prong","Vietnam","Eastern Asia Volcanic Regions","Southeast Asia Volcanic Province","Unknown","Pyroclastic cone",NA,NA,"14.733000000000001","108.483","800","Basalt / Picro-Basalt","Intraplate / Continental crust (>25 km)"
"275040","Haut Dong Nai","Vietnam","Eastern Asia Volcanic Regions","Southeast Asia Volcanic Province","Cluster","Volcanic field",NA,NA,"11.617000000000001","108.017","1000","Basalt / Picro-Basalt","Intraplate / Continental crust (>25 km)"
"275050","Bas Dong Nai","Vietnam","Eastern Asia Volcanic Regions","Southeast Asia Volcanic Province","Cluster","Volcanic field",NA,NA,"10.833","107.283","392","Basalt / Picro-Basalt","Intraplate / Continental crust (>25 km)"
"275090","Lower Chindwin","Burma (Myanmar)","Eastern Asia Volcanic Regions","Southeast Asia Volcanic Province","Cluster","Volcanic field",NA,NA,"22.28","95.1","385","Basalt / Picro-Basalt","Intraplate / Continental crust (>25 km)"
"275100","Singu Plateau","Burma (Myanmar)","Eastern Asia Volcanic Regions","Southeast Asia Volcanic Province","Cluster","Fissure vent(s)",NA,NA,"22.7","95.98","507","Trachyandesite / Basaltic Trachyandesite","Intraplate / Continental crust (>25 km)"
"275800","Weizhoudao","China","Eastern Asia Volcanic Regions","Southeast Asia Volcanic Province","Shield","Shield",NA,NA,"21.05","109.13","0",NA,"Intraplate / Continental crust (>25 km)"
"275801","Nghia Dan Volcanic Plateau","Vietnam","Eastern Asia Volcanic Regions","Southeast Asia Volcanic Province","Cluster","Volcanic field",NA,NA,"19.45","105.53","0",NA,"Unknown"
"275803","Vinkh-Linkh","Vietnam","Eastern Asia Volcanic Regions","Southeast Asia Volcanic Province","Minor","Cone",NA,NA,"17.079999999999998","107.05","0",NA,"Unknown"
"275804","Ban Chay Plateau","Cambodia-Vietnam","Eastern Asia Volcanic Regions","Southeast Asia Volcanic Province","Cluster","Volcanic field",NA,NA,"13.882999999999999","107.4","0",NA,"Intraplate / Continental crust (>25 km)"
"275805","Pleiku-Bantour Volcanic Field","Vietnam","Eastern Asia Volcanic Regions","Southeast Asia Volcanic Province","Cluster","Cone(s)",NA,NA,"13.85","108.1","1028",NA,"Intraplate / Continental crust (>25 km)"
"275806","Darlac Volcanic Field","Vietnam","Eastern Asia Volcanic Regions","Southeast Asia Volcanic Province","Cluster","Cone(s)",NA,NA,"12.88","108.2","0",NA,"Intraplate / Continental crust (>25 km)"
"275807","Bas Song Be","Vietnam","Eastern Asia Volcanic Regions","Southeast Asia Volcanic Province","Cluster","Volcanic field",NA,NA,"11.67","106.67","0",NA,"Intraplate / Continental crust (>25 km)"
"275808","Pailin","Cambodia","Eastern Asia Volcanic Regions","Southeast Asia Volcanic Province","Unknown","Unknown",NA,NA,"12.9","102.6","0",NA,"Intraplate / Continental crust (>25 km)"
"275809","Cham","Cambodia","Eastern Asia Volcanic Regions","Southeast Asia Volcanic Province","Unknown","Unknown",NA,NA,"12.1","105.6","0",NA,"Intraplate / Continental crust (>25 km)"
"275810","Chup","Cambodia","Eastern Asia Volcanic Regions","Southeast Asia Volcanic Province","Unknown","Unknown",NA,NA,"11.9","105.82","0",NA,"Intraplate / Continental crust (>25 km)"
"275811","Snoul","Cambodia","Eastern Asia Volcanic Regions","Southeast Asia Volcanic Province","Unknown","Unknown",NA,NA,"12.1","106.4","0",NA,"Intraplate / Continental crust (>25 km)"
"275812","Haut Song Be","Cambodia","Eastern Asia Volcanic Regions","Southeast Asia Volcanic Province","Cluster","Volcanic field",NA,NA,"12.05","107.25","0",NA,"Intraplate / Continental crust (>25 km)"
"275813","Bolaven Plateau","Laos","Eastern Asia Volcanic Regions","Southeast Asia Volcanic Province","Cluster","Fissure vent(s)",NA,NA,"15.141999999999999","106.45","1350",NA,"Intraplate / Continental crust (>25 km)"
"275814","Buriram","Thailand","Eastern Asia Volcanic Regions","Southeast Asia Volcanic Province","Unknown","Unknown",NA,NA,"15","103","0",NA,"Intraplate / Continental crust (>25 km)"
"275815","Chanthaburi","Thailand","Eastern Asia Volcanic Regions","Southeast Asia Volcanic Province","Unknown","Unknown",NA,NA,"12.5","102.2","0",NA,"Intraplate / Continental crust (>25 km)"
"275816","Lampang","Thailand","Eastern Asia Volcanic Regions","Southeast Asia Volcanic Province","Unknown","Unknown",NA,NA,"18.3","99.6","0",NA,"Intraplate / Continental crust (>25 km)"
"275817","Ban Chiang Khian","Thailand","Eastern Asia Volcanic Regions","Southeast Asia Volcanic Province","Unknown","Unknown",NA,NA,"19.8","100","0",NA,"Intraplate / Continental crust (>25 km)"
"275818","Ban Hui Sai","Thailand","Eastern Asia Volcanic Regions","Southeast Asia Volcanic Province","Unknown","Unknown",NA,NA,"20.3","100.3","0",NA,"Intraplate / Continental crust (>25 km)"
"275819","Kuantan Basalt","Malaysia","Eastern Asia Volcanic Regions","Southeast Asia Volcanic Province","Minor","Cone",NA,NA,"3.8860000000000001","103.36499999999999","10",NA,"Unknown"
"275820","Medaw Island","Burma (Myanmar)","Eastern Asia Volcanic Regions","Southeast Asia Volcanic Province","Cluster","Fissure vent(s)",NA,NA,"11.72","98.67","115",NA,"Intraplate / Continental crust (>25 km)"
"275821","Thaton","Burma (Myanmar)","Eastern Asia Volcanic Regions","Southeast Asia Volcanic Province","Cluster","Fissure vent(s)",NA,NA,"17.420000000000002","96.95","30",NA,"Subduction zone / Continental crust (>25 km)"
"275823","Namyong","Burma (Myanmar)","Eastern Asia Volcanic Regions","Southeast Asia Volcanic Province","Cluster","Fissure vent(s)",NA,NA,"25.68","96.43","508",NA,"Subduction zone / Continental crust (>25 km)"
"275834","Gaojianshi","China","Eastern Asia Volcanic Regions","Southeast Asia Volcanic Province","Unknown","Unknown",NA,NA,"17","112.5","0",NA,"Intraplate / Oceanic crust (< 15 km)"
"275835","Bokeo Volcanic Plateau","Cambodia","Eastern Asia Volcanic Regions","Southeast Asia Volcanic Province","Cluster","Volcanic field",NA,NA,"13.75","107.092","500",NA,"Intraplate / Continental crust (>25 km)"
"281801","Tsaolingshan","Taiwan","Western Pacific Volcanic Regions","Ryukyu Volcanic Arc","Shield","Shield",NA,NA,"24.83","121.28","347",NA,"Subduction zone / Continental crust (>25 km)"
"281802","Chilung Group","Taiwan","Western Pacific Volcanic Regions","Ryukyu Volcanic Arc","Minor","Lava dome(s)",NA,NA,"25.08","121.85","729",NA,"Subduction zone / Continental crust (>25 km)"
"281803","Huapinghsu","Taiwan","Western Pacific Volcanic Regions","Ryukyu Volcanic Arc","Composite","Stratovolcano",NA,NA,"25.423999999999999","121.946","51",NA,"Subduction zone / Continental crust (>25 km)"
"281804","Mienhuayu","Taiwan","Western Pacific Volcanic Regions","Ryukyu Volcanic Arc","Composite","Stratovolcano",NA,NA,"25.484000000000002","122.10599999999999","29",NA,"Subduction zone / Continental crust (>25 km)"
"281805","Pengchiahsu","Taiwan","Western Pacific Volcanic Regions","Ryukyu Volcanic Arc","Composite","Stratovolcano",NA,NA,"25.63","122.08","120",NA,"Subduction zone / Continental crust (>25 km)"
"282041","Kogajajima","Japan","Western Pacific Volcanic Regions","Ryukyu Volcanic Arc","Minor","Lava dome(s)",NA,NA,"29.879000000000001","129.625","301","Andesite / Basaltic Andesite","Subduction zone / Oceanic crust (< 15 km)"
"282800","Kobi-sho","Japan","Western Pacific Volcanic Regions","Ryukyu Volcanic Arc","Composite","Stratovolcano",NA,NA,"25.919","123.682","117",NA,"Subduction zone / Oceanic crust (< 15 km)"
"282801","Gajajima","Japan","Western Pacific Volcanic Regions","Ryukyu Volcanic Arc","Composite","Stratovolcano",NA,NA,"29.904","129.541","452",NA,"Subduction zone / Oceanic crust (< 15 km)"
"282802","Kuroshima","Japan","Western Pacific Volcanic Regions","Ryukyu Volcanic Arc","Composite","Stratovolcano",NA,NA,"30.824999999999999","129.94","622",NA,"Subduction zone / Continental crust (>25 km)"
"282804","Sendai","Japan","Western Pacific Volcanic Regions","Ryukyu Volcanic Arc","Minor","Pyroclastic cone",NA,NA,"31.731000000000002","130.45099999999999","677",NA,"Subduction zone / Continental crust (>25 km)"
"282805","Satsuma Maruyama","Japan","Western Pacific Volcanic Regions","Ryukyu Volcanic Arc","Minor","Lava dome",NA,NA,"31.798999999999999","130.411","218",NA,"Subduction zone / Continental crust (>25 km)"
"282806","Imuta","Japan","Western Pacific Volcanic Regions","Ryukyu Volcanic Arc","Minor","Lava dome(s)",NA,NA,"31.818999999999999","130.46299999999999","509",NA,"Subduction zone / Continental crust (>25 km)"
"282807","Hokusatsu","Japan","Western Pacific Volcanic Regions","Ryukyu Volcanic Arc","Minor","Pyroclastic cone",NA,NA,"31.872","130.608","703",NA,"Subduction zone / Continental crust (>25 km)"
"282808","Kakuto","Japan","Western Pacific Volcanic Regions","Ryukyu Volcanic Arc","Caldera","Caldera",NA,NA,"32.042000000000002","130.767","0",NA,"Subduction zone / Continental crust (>25 km)"
"282809","Sone","Japan","Western Pacific Volcanic Regions","Nankai Volcanic Arc","Minor","Pyroclastic cone",NA,NA,"33.052999999999997","129.083","143",NA,"Subduction zone / Continental crust (>25 km)"
"282810","Ojikajima","Japan","Western Pacific Volcanic Regions","Nankai Volcanic Arc","Shield","Shield(s)",NA,NA,"33.198999999999998","129.05099999999999","95",NA,"Subduction zone / Continental crust (>25 km)"
"282811","Taradake","Japan","Western Pacific Volcanic Regions","Nankai Volcanic Arc","Composite","Stratovolcano",NA,NA,"32.984000000000002","130.07900000000001","1076",NA,"Unknown"
"282812","Kinpo","Japan","Western Pacific Volcanic Regions","Nankai Volcanic Arc","Composite","Stratovolcano",NA,NA,"32.811","130.64099999999999","665",NA,"Unknown"
"282813","Yabakei","Japan","Western Pacific Volcanic Regions","Nankai Volcanic Arc","Caldera","Caldera",NA,NA,"33.168999999999997","131.221","800",NA,"Subduction zone / Continental crust (>25 km)"
"282814","Haneyama","Japan","Western Pacific Volcanic Regions","Nankai Volcanic Arc","Shield","Shield",NA,NA,"33.228000000000002","131.13300000000001","1140",NA,"Subduction zone / Continental crust (>25 km)"
"282815","Hohi","Japan","Western Pacific Volcanic Regions","Nankai Volcanic Arc","Composite","Stratovolcano(es)",NA,NA,"33.283999999999999","131.31899999999999","1236",NA,"Subduction zone / Continental crust (>25 km)"
"282816","Futago","Japan","Western Pacific Volcanic Regions","Nankai Volcanic Arc","Minor","Lava dome(s)",NA,NA,"33.58","131.60400000000001","720",NA,"Subduction zone / Continental crust (>25 km)"
"282817","Himeshima Volcanic Group","Japan","Western Pacific Volcanic Regions","Nankai Volcanic Arc","Minor","Lava dome(s)",NA,NA,"33.718000000000004","131.66900000000001","267",NA,"Unknown"
"282818","Kurose","Japan","Western Pacific Volcanic Regions","Nankai Volcanic Arc","Unknown","Volcanic remnant",NA,NA,"33.695","130.233","8",NA,"Subduction zone / Continental crust (>25 km)"
"282819","Iki Volcanic Group","Japan","Western Pacific Volcanic Regions","Nankai Volcanic Arc","Cluster","Pyroclastic cone(s)",NA,NA,"33.738","129.71199999999999","213",NA,"Subduction zone / Continental crust (>25 km)"
"282820","Tokara Hirase","Japan","Western Pacific Volcanic Regions","Ryukyu Volcanic Arc","Unknown","Unknown",NA,NA,"30.036000000000001","130.05799999999999","27",NA,"Subduction zone / Oceanic crust (< 15 km)"
"283003","Oki-Dogo","Japan","Western Pacific Volcanic Regions","Nankai Volcanic Arc","Unknown","Shield",NA,NA,"36.176000000000002","133.334","151","Basalt / Picro-Basalt","Subduction zone / Continental crust (>25 km)"
"283071","Washiba-Kumonotaira","Japan","Western Pacific Volcanic Regions","Nankai Volcanic Arc","Shield","Shield(s)",NA,NA,"36.408000000000001","137.59399999999999","2924","Andesite / Basaltic Andesite","Subduction zone / Continental crust (>25 km)"
"283800","Mutsurejima","Japan","Western Pacific Volcanic Regions","Nankai Volcanic Arc","Minor","Pyroclastic cone(s)",NA,NA,"33.973999999999997","130.86600000000001","104",NA,"Subduction zone / Continental crust (>25 km)"
"283801","Shikuma","Japan","Western Pacific Volcanic Regions","Nankai Volcanic Arc","Minor","Lava dome(s)",NA,NA,"34.097999999999999","131.761","504",NA,"Subduction zone / Continental crust (>25 km)"
"283802","Tokuyama-Mitake","Japan","Western Pacific Volcanic Regions","Nankai Volcanic Arc","Minor","Lava dome",NA,NA,"34.189","131.84399999999999","790",NA,"Subduction zone / Continental crust (>25 km)"
"283803","Sengoku","Japan","Western Pacific Volcanic Regions","Nankai Volcanic Arc","Minor","Lava dome(s)",NA,NA,"34.186","131.76","661",NA,"Subduction zone / Continental crust (>25 km)"
"283804","Chojagahara","Japan","Western Pacific Volcanic Regions","Nankai Volcanic Arc","Minor","Pyroclastic cone",NA,NA,"34.271000000000001","131.66900000000001","390",NA,"Subduction zone / Continental crust (>25 km)"
"283805","Aonoyama","Japan","Western Pacific Volcanic Regions","Nankai Volcanic Arc","Minor","Lava dome(s)",NA,NA,"34.459000000000003","131.798","908",NA,"Subduction zone / Continental crust (>25 km)"
"283806","Oetakayama","Japan","Western Pacific Volcanic Regions","Nankai Volcanic Arc","Minor","Lava dome(s)",NA,NA,"35.061","132.43100000000001","808",NA,"Subduction zone / Continental crust (>25 km)"
"283807","Yokote","Japan","Western Pacific Volcanic Regions","Nankai Volcanic Arc","Minor","Pyroclastic cone(s)",NA,NA,"35.201000000000001","133.267","967",NA,"Subduction zone / Continental crust (>25 km)"
"283808","Noro","Japan","Western Pacific Volcanic Regions","Nankai Volcanic Arc","Minor","Pyroclastic cone",NA,NA,"35.409999999999997","133.18199999999999","180",NA,"Subduction zone / Continental crust (>25 km)"
"283809","Daikonjima","Japan","Western Pacific Volcanic Regions","Nankai Volcanic Arc","Minor","Pyroclastic cone",NA,NA,"35.493000000000002","133.17400000000001","42",NA,"Subduction zone / Continental crust (>25 km)"
"283810","Tsuruta","Japan","Western Pacific Volcanic Regions","Nankai Volcanic Arc","Minor","Pyroclastic cone(s)",NA,NA,"35.338000000000001","133.422","301",NA,"Subduction zone / Continental crust (>25 km)"
"283811","Daisen","Japan","Western Pacific Volcanic Regions","Nankai Volcanic Arc","Composite","Stratovolcano",NA,NA,"35.368000000000002","133.54900000000001","1729",NA,"Subduction zone / Continental crust (>25 km)"
"283812","Ogino-Sen","Japan","Western Pacific Volcanic Regions","Nankai Volcanic Arc","Minor","Pyroclastic cone(s)",NA,NA,"35.436999999999998","134.44399999999999","1310",NA,"Subduction zone / Continental crust (>25 km)"
"283813","Takara","Japan","Western Pacific Volcanic Regions","Nankai Volcanic Arc","Shield","Shield",NA,NA,"35.343000000000004","134.922","350",NA,"Subduction zone / Continental crust (>25 km)"
"283814","Nanzaki","Japan","Northwestern Pacific Volcanic Regions","Izu Volcanic Arc","Minor","Pyroclastic cone",NA,NA,"34.603999999999999","138.83199999999999","106",NA,"Subduction zone / Continental crust (>25 km)"
"283815","Jaishi","Japan","Northwestern Pacific Volcanic Regions","Izu Volcanic Arc","Shield","Shield",NA,NA,"34.71","138.786","520",NA,"Subduction zone / Continental crust (>25 km)"
"283816","Tanaba","Japan","Northwestern Pacific Volcanic Regions","Izu Volcanic Arc","Composite","Stratovolcano",NA,NA,"34.906999999999996","138.852","1035",NA,"Subduction zone / Continental crust (>25 km)"
"283817","Daruma","Japan","Northwestern Pacific Volcanic Regions","Izu Volcanic Arc","Composite","Stratovolcano",NA,NA,"34.951999999999998","138.84299999999999","982",NA,"Subduction zone / Continental crust (>25 km)"
"283818","Tenshi","Japan","Northwestern Pacific Volcanic Regions","Izu Volcanic Arc","Composite","Stratovolcano",NA,NA,"34.923999999999999","138.96799999999999","608",NA,"Subduction zone / Continental crust (>25 km)"
"283819","Usami","Japan","Northwestern Pacific Volcanic Regions","Izu Volcanic Arc","Composite","Stratovolcano",NA,NA,"34.968000000000004","139.06299999999999","592",NA,"Subduction zone / Continental crust (>25 km)"
"283820","Taga","Japan","Northwestern Pacific Volcanic Regions","Izu Volcanic Arc","Composite","Stratovolcano",NA,NA,"35.078000000000003","139.03100000000001","798",NA,"Subduction zone / Continental crust (>25 km)"
"283821","Yugawara","Japan","Northwestern Pacific Volcanic Regions","Izu Volcanic Arc","Composite","Stratovolcano",NA,NA,"35.173000000000002","139.029","1004",NA,"Subduction zone / Continental crust (>25 km)"
"283822","Ashitaka","Japan","Northwestern Pacific Volcanic Regions","Izu Volcanic Arc","Composite","Stratovolcano",NA,NA,"35.238","138.79400000000001","1504",NA,"Subduction zone / Continental crust (>25 km)"
"283823","Kurofuji","Japan","Northwestern Pacific Volcanic Regions","Northeast Japan Volcanic Arc","Composite","Stratovolcano(es)",NA,NA,"35.799999999999997","138.51300000000001","1764",NA,"Subduction zone / Continental crust (>25 km)"
"283824","Yatsugatake","Japan","Northwestern Pacific Volcanic Regions","Northeast Japan Volcanic Arc","Composite","Stratovolcano(es)",NA,NA,"35.968000000000004","138.37299999999999","2899",NA,"Subduction zone / Continental crust (>25 km)"
"283825","Kirigamine","Japan","Northwestern Pacific Volcanic Regions","Northeast Japan Volcanic Arc","Shield","Shield",NA,NA,"36.1","138.19999999999999","1925",NA,"Subduction zone / Continental crust (>25 km)"
"283826","Utsukushigahara","Japan","Northwestern Pacific Volcanic Regions","Northeast Japan Volcanic Arc","Shield","Shield",NA,NA,"36.222999999999999","138.11099999999999","2034",NA,"Subduction zone / Continental crust (>25 km)"
"283827","Ueno","Japan","Western Pacific Volcanic Regions","Nankai Volcanic Arc","Shield","Shield",NA,NA,"35.590000000000003","137.505","606",NA,"Subduction zone / Continental crust (>25 km)"
"283828","Yuga-mine","Japan","Western Pacific Volcanic Regions","Nankai Volcanic Arc","Minor","Lava dome",NA,NA,"35.802","137.28399999999999","1067",NA,"Subduction zone / Continental crust (>25 km)"
"283829","Eboshi-Washigatake","Japan","Western Pacific Volcanic Regions","Nankai Volcanic Arc","Composite","Stratovolcano",NA,NA,"35.936999999999998","136.97399999999999","1672",NA,"Subduction zone / Continental crust (>25 km)"
"283830","Bishamondake","Japan","Western Pacific Volcanic Regions","Nankai Volcanic Arc","Composite","Stratovolcano",NA,NA,"35.936","136.79499999999999","1386",NA,"Subduction zone / Continental crust (>25 km)"
"283831","Dainichigatake","Japan","Western Pacific Volcanic Regions","Nankai Volcanic Arc","Composite","Stratovolcano",NA,NA,"35.997999999999998","136.84100000000001","1709",NA,"Subduction zone / Continental crust (>25 km)"
"283832","Ryohaku Maruyama","Japan","Western Pacific Volcanic Regions","Nankai Volcanic Arc","Composite","Stratovolcano",NA,NA,"36.045999999999999","136.80000000000001","1786",NA,"Subduction zone / Continental crust (>25 km)"
"283833","Gankyoji","Japan","Western Pacific Volcanic Regions","Nankai Volcanic Arc","Composite","Stratovolcano",NA,NA,"36.054000000000002","136.74299999999999","1691",NA,"Subduction zone / Continental crust (>25 km)"
"283834","Kyogatake","Japan","Western Pacific Volcanic Regions","Nankai Volcanic Arc","Composite","Stratovolcano(es)",NA,NA,"36.042999999999999","136.625","1671",NA,"Subduction zone / Continental crust (>25 km)"
"283835","Dainichiyama","Japan","Western Pacific Volcanic Regions","Nankai Volcanic Arc","Composite","Stratovolcano",NA,NA,"36.15","136.5","1369",NA,"Subduction zone / Continental crust (>25 km)"
"283836","Tomuro","Japan","Western Pacific Volcanic Regions","Nankai Volcanic Arc","Minor","Lava dome(s)",NA,NA,"36.527999999999999","136.75","548",NA,"Subduction zone / Continental crust (>25 km)"
"283837","Kamitakara","Japan","Northwestern Pacific Volcanic Regions","Northeast Japan Volcanic Arc","Unknown","Unknown",NA,NA,"36.200000000000003","137.50200000000001","1831",NA,"Subduction zone / Continental crust (>25 km)"
"283838","Hodakadake","Japan","Western Pacific Volcanic Regions","Nankai Volcanic Arc","Caldera","Caldera",NA,NA,"36.286000000000001","137.65100000000001","3190",NA,"Subduction zone / Continental crust (>25 km)"
"283839","Momisawadake","Japan","Western Pacific Volcanic Regions","Nankai Volcanic Arc","Unknown","Unknown",NA,NA,"36.363999999999997","137.61099999999999","2755",NA,"Subduction zone / Continental crust (>25 km)"
"283840","Kaminoroka","Japan","Western Pacific Volcanic Regions","Nankai Volcanic Arc","Unknown","Unknown",NA,NA,"36.470999999999997","137.59899999999999","2465",NA,"Subduction zone / Continental crust (>25 km)"
"283841","Shirouma-Oike","Japan","Northwestern Pacific Volcanic Regions","Northeast Japan Volcanic Arc","Composite","Stratovolcano(es)",NA,NA,"36.786000000000001","137.80199999999999","2469",NA,"Subduction zone / Continental crust (>25 km)"
"283842","Madarao","Japan","Northwestern Pacific Volcanic Regions","Northeast Japan Volcanic Arc","Composite","Stratovolcano",NA,NA,"36.834000000000003","138.27799999999999","1382",NA,"Subduction zone / Continental crust (>25 km)"
"283843","Kurohime","Japan","Northwestern Pacific Volcanic Regions","Northeast Japan Volcanic Arc","Composite","Stratovolcano",NA,NA,"36.81","138.13","2053",NA,"Subduction zone / Continental crust (>25 km)"
"283844","Iizuna","Japan","Northwestern Pacific Volcanic Regions","Northeast Japan Volcanic Arc","Composite","Stratovolcano",NA,NA,"36.735999999999997","138.137","1917",NA,"Subduction zone / Continental crust (>25 km)"
"283845","Motodori","Japan","Northwestern Pacific Volcanic Regions","Northeast Japan Volcanic Arc","Minor","Lava dome",NA,NA,"36.716999999999999","138.24700000000001","745",NA,"Subduction zone / Continental crust (>25 km)"
"283846","Minakami","Japan","Northwestern Pacific Volcanic Regions","Northeast Japan Volcanic Arc","Minor","Lava dome",NA,NA,"36.551000000000002","138.226","659",NA,"Subduction zone / Continental crust (>25 km)"
"283847","Eboshi","Japan","Northwestern Pacific Volcanic Regions","Northeast Japan Volcanic Arc","Composite","Stratovolcano",NA,NA,"36.43","138.38999999999999","2227",NA,"Subduction zone / Continental crust (>25 km)"
"283848","Hanamagari","Japan","Northwestern Pacific Volcanic Regions","Northeast Japan Volcanic Arc","Composite","Stratovolcano(es)",NA,NA,"36.408000000000001","138.649","1757",NA,"Subduction zone / Continental crust (>25 km)"
"283849","Azumayasan","Japan","Northwestern Pacific Volcanic Regions","Northeast Japan Volcanic Arc","Composite","Stratovolcano",NA,NA,"36.540999999999997","138.41200000000001","2323",NA,"Subduction zone / Continental crust (>25 km)"
"283850","Omeshidake","Japan","Northwestern Pacific Volcanic Regions","Northeast Japan Volcanic Arc","Composite","Stratovolcano",NA,NA,"36.625999999999998","138.46100000000001","2160",NA,"Subduction zone / Continental crust (>25 km)"
"283851","Takayashiro","Japan","Northwestern Pacific Volcanic Regions","Northeast Japan Volcanic Arc","Composite","Stratovolcano",NA,NA,"36.795999999999999","138.40700000000001","1351",NA,"Subduction zone / Continental crust (>25 km)"
"283852","Sekita","Japan","Northwestern Pacific Volcanic Regions","Northeast Japan Volcanic Arc","Composite","Stratovolcano?",NA,NA,"36.973999999999997","138.386","1289",NA,"Subduction zone / Continental crust (>25 km)"
"283853","Kenashi","Japan","Northwestern Pacific Volcanic Regions","Northeast Japan Volcanic Arc","Composite","Stratovolcano",NA,NA,"36.895000000000003","138.489","1650",NA,"Subduction zone / Continental crust (>25 km)"
"283854","Torikabuto","Japan","Northwestern Pacific Volcanic Regions","Northeast Japan Volcanic Arc","Composite","Stratovolcano",NA,NA,"36.835999999999999","138.58699999999999","2038",NA,"Subduction zone / Continental crust (>25 km)"
"283855","Naeba","Japan","Northwestern Pacific Volcanic Regions","Northeast Japan Volcanic Arc","Composite","Stratovolcano",NA,NA,"36.843000000000004","138.69399999999999","2145",NA,"Subduction zone / Continental crust (>25 km)"
"283856","Iiji","Japan","Northwestern Pacific Volcanic Regions","Northeast Japan Volcanic Arc","Composite","Stratovolcano",NA,NA,"36.953000000000003","138.83600000000001","1112",NA,"Subduction zone / Continental crust (>25 km)"
"283857","Masugata","Japan","Northwestern Pacific Volcanic Regions","Northeast Japan Volcanic Arc","Minor","Pyroclastic cone",NA,NA,"37.075000000000003","138.833","749",NA,"Subduction zone / Continental crust (>25 km)"
"283858","Komochi-Onoko","Japan","Northwestern Pacific Volcanic Regions","Northeast Japan Volcanic Arc","Composite","Stratovolcano(es)",NA,NA,"36.588999999999999","139.001","1296",NA,"Subduction zone / Continental crust (>25 km)"
"283859","Sukai-Kesemaru","Japan","Northwestern Pacific Volcanic Regions","Northeast Japan Volcanic Arc","Composite","Stratovolcano(es)",NA,NA,"36.686999999999998","139.34","2144",NA,"Subduction zone / Continental crust (>25 km)"
"283860","Numanokami","Japan","Northwestern Pacific Volcanic Regions","Northeast Japan Volcanic Arc","Composite","Stratovolcano",NA,NA,"36.771999999999998","139.279","1541",NA,"Subduction zone / Continental crust (>25 km)"
"283861","Hotaka","Japan","Northwestern Pacific Volcanic Regions","Northeast Japan Volcanic Arc","Composite","Stratovolcano",NA,NA,"36.802","139.136","2158",NA,"Subduction zone / Continental crust (>25 km)"
"283862","Ayame-daira","Japan","Northwestern Pacific Volcanic Regions","Northeast Japan Volcanic Arc","Composite","Stratovolcano(es)",NA,NA,"36.895000000000003","139.24299999999999","1969",NA,"Subduction zone / Continental crust (>25 km)"
"283863","Kinunuma-Nenakusa","Japan","Northwestern Pacific Volcanic Regions","Northeast Japan Volcanic Arc","Minor","Lava dome(s)",NA,NA,"36.880000000000003","139.375","2141",NA,"Subduction zone / Continental crust (>25 km)"
"283864","Nyoho-Akanagi","Japan","Northwestern Pacific Volcanic Regions","Northeast Japan Volcanic Arc","Composite","Stratovolcano",NA,NA,"36.808","139.54","2483",NA,"Subduction zone / Continental crust (>25 km)"
"283865","Futamata","Japan","Northwestern Pacific Volcanic Regions","Northeast Japan Volcanic Arc","Composite","Stratovolcano",NA,NA,"37.243000000000002","139.97","1544",NA,"Subduction zone / Continental crust (>25 km)"
"283866","Aizu Nunobiki","Japan","Northwestern Pacific Volcanic Regions","Northeast Japan Volcanic Arc","Composite","Stratovolcano",NA,NA,"37.320999999999998","140.018","1108",NA,"Subduction zone / Continental crust (>25 km)"
"283867","Asakusa","Japan","Northwestern Pacific Volcanic Regions","Northeast Japan Volcanic Arc","Composite","Stratovolcano",NA,NA,"37.341000000000001","139.23699999999999","1585",NA,"Subduction zone / Continental crust (>25 km)"
"283868","Sumon","Japan","Northwestern Pacific Volcanic Regions","Northeast Japan Volcanic Arc","Composite","Stratovolcano",NA,NA,"37.395000000000003","139.13999999999999","1537",NA,"Subduction zone / Continental crust (>25 km)"
"283869","Sunagohara","Japan","Northwestern Pacific Volcanic Regions","Northeast Japan Volcanic Arc","Caldera","Caldera",NA,NA,"37.454000000000001","139.68799999999999","729",NA,"Subduction zone / Continental crust (>25 km)"
"283870","Nekoma","Japan","Northwestern Pacific Volcanic Regions","Northeast Japan Volcanic Arc","Composite","Stratovolcano",NA,NA,"37.616999999999997","140.011","1404",NA,"Subduction zone / Continental crust (>25 km)"
"283871","Aoso","Japan","Northwestern Pacific Volcanic Regions","Northeast Japan Volcanic Arc","Composite","Stratovolcano",NA,NA,"38.082000000000001","140.61099999999999","820",NA,"Subduction zone / Continental crust (>25 km)"
"283872","Shirataka","Japan","Northwestern Pacific Volcanic Regions","Northeast Japan Volcanic Arc","Composite","Stratovolcano",NA,NA,"38.22","140.17599999999999","994",NA,"Subduction zone / Continental crust (>25 km)"
"283873","Ganto-Kamuro","Japan","Northwestern Pacific Volcanic Regions","Northeast Japan Volcanic Arc","Composite","Stratovolcano(es)",NA,NA,"38.195999999999998","140.47999999999999","1485",NA,"Subduction zone / Continental crust (>25 km)"
"283874","Adachi","Japan","Northwestern Pacific Volcanic Regions","Northeast Japan Volcanic Arc","Minor","Pyroclastic cone",NA,NA,"38.218000000000004","140.654","0",NA,"Subduction zone / Continental crust (>25 km)"
"283875","Daito","Japan","Northwestern Pacific Volcanic Regions","Northeast Japan Volcanic Arc","Composite","Stratovolcano",NA,NA,"38.298999999999999","140.52699999999999","1366",NA,"Subduction zone / Continental crust (>25 km)"
"283876","Funagata","Japan","Northwestern Pacific Volcanic Regions","Northeast Japan Volcanic Arc","Composite","Stratovolcano(es)",NA,NA,"38.453000000000003","140.62299999999999","1500",NA,"Subduction zone / Continental crust (>25 km)"
"283877","Gassan","Japan","Northwestern Pacific Volcanic Regions","Northeast Japan Volcanic Arc","Composite","Stratovolcano",NA,NA,"38.545999999999999","140.03","1984",NA,"Subduction zone / Continental crust (>25 km)"
"283878","Mukaimachi","Japan","Northwestern Pacific Volcanic Regions","Northeast Japan Volcanic Arc","Caldera","Caldera",NA,NA,"38.75","140.52000000000001","657",NA,"Subduction zone / Continental crust (>25 km)"
"283879","Onikobe","Japan","Northwestern Pacific Volcanic Regions","Northeast Japan Volcanic Arc","Caldera","Caldera",NA,NA,"38.83","140.69499999999999","769",NA,"Subduction zone / Continental crust (>25 km)"
"283880","Takamatsu","Japan","Northwestern Pacific Volcanic Regions","Northeast Japan Volcanic Arc","Composite","Stratovolcano",NA,NA,"38.965000000000003","140.61000000000001","1348",NA,"Subduction zone / Continental crust (>25 km)"
"283881","Kobinai","Japan","Northwestern Pacific Volcanic Regions","Northeast Japan Volcanic Arc","Composite","Stratovolcano",NA,NA,"39.018000000000001","140.523","1004",NA,"Subduction zone / Continental crust (>25 km)"
"283882","Yakeishi","Japan","Northwestern Pacific Volcanic Regions","Northeast Japan Volcanic Arc","Composite","Stratovolcano",NA,NA,"39.161000000000001","140.83199999999999","1548",NA,"Subduction zone / Continental crust (>25 km)"
"283883","Tazawa","Japan","Northwestern Pacific Volcanic Regions","Northeast Japan Volcanic Arc","Caldera","Caldera(?)",NA,NA,"39.718000000000004","140.66499999999999","249",NA,"Subduction zone / Continental crust (>25 km)"
"283884","Kayo","Japan","Northwestern Pacific Volcanic Regions","Northeast Japan Volcanic Arc","Composite","Stratovolcano",NA,NA,"39.804000000000002","140.73400000000001","1254",NA,"Subduction zone / Continental crust (>25 km)"
"283885","Nyuto-Takakura","Japan","Northwestern Pacific Volcanic Regions","Northeast Japan Volcanic Arc","Composite","Stratovolcano(es)",NA,NA,"39.802","140.84200000000001","1478",NA,"Subduction zone / Continental crust (>25 km)"
"283886","Tamagawa","Japan","Northwestern Pacific Volcanic Regions","Northeast Japan Volcanic Arc","Caldera","Caldera",NA,NA,"39.896999999999998","140.78100000000001","1300",NA,"Subduction zone / Continental crust (>25 km)"
"283887","Moriyoshi","Japan","Northwestern Pacific Volcanic Regions","Northeast Japan Volcanic Arc","Composite","Stratovolcano",NA,NA,"39.973999999999997","140.547","1454",NA,"Subduction zone / Continental crust (>25 km)"
"283888","Kanpu","Japan","Northwestern Pacific Volcanic Regions","Northeast Japan Volcanic Arc","Composite","Stratovolcano",NA,NA,"39.930999999999997","139.87899999999999","355",NA,"Subduction zone / Continental crust (>25 km)"
"283889","Nanashigure","Japan","Northwestern Pacific Volcanic Regions","Northeast Japan Volcanic Arc","Minor","Lava dome",NA,NA,"40.066000000000003","141.10900000000001","1063",NA,"Subduction zone / Continental crust (>25 km)"
"283890","Tashiro","Japan","Northwestern Pacific Volcanic Regions","Northeast Japan Volcanic Arc","Composite","Stratovolcano",NA,NA,"40.426000000000002","140.41200000000001","1178",NA,"Subduction zone / Continental crust (>25 km)"
"283891","Okiura","Japan","Northwestern Pacific Volcanic Regions","Northeast Japan Volcanic Arc","Caldera","Caldera",NA,NA,"40.57","140.72999999999999","985",NA,"Subduction zone / Continental crust (>25 km)"
"283892","Mutsu-Hiuchidake","Japan","Northwestern Pacific Volcanic Regions","Northeast Japan Volcanic Arc","Composite","Stratovolcano",NA,NA,"41.436","141.05600000000001","781",NA,"Subduction zone / Continental crust (>25 km)"
"283896","Kannabe","Japan","Western Pacific Volcanic Regions","Nankai Volcanic Arc","Shield","Shield",NA,NA,"35.503999999999998","134.678","460",NA,"Subduction zone / Continental crust (>25 km)"
"283897","Daira-Komagatake","Japan","Northwestern Pacific Volcanic Regions","Northeast Japan Volcanic Arc","Composite","Stratovolcano",NA,NA,"40.409999999999997","140.255","1158",NA,"Subduction zone / Continental crust (>25 km)"
"283898","Dorobu","Japan","Northwestern Pacific Volcanic Regions","Northeast Japan Volcanic Arc","Caldera","Caldera",NA,NA,"36.898000000000003","139.57900000000001","1322",NA,NA
"284043","Mikura Seamount","Japan","Northwestern Pacific Volcanic Regions","Izu Volcanic Arc","Composite","Stratovolcano",NA,NA,"33.725000000000001","139.40799999999999","-321",NA,"Subduction zone / Oceanic crust (< 15 km)"
"284086","Nichiyo Seamount","Japan","Northwestern Pacific Volcanic Regions","Ogasawara Volcanic Arc","Composite","Stratovolcano",NA,NA,"29.481999999999999","140.327","-1042",NA,"Subduction zone / Crustal thickness unknown"
"284087","Getsuyo Seamount","Japan","Northwestern Pacific Volcanic Regions","Ogasawara Volcanic Arc","Composite","Stratovolcano",NA,NA,"29.306000000000001","140.471","-1095",NA,"Subduction zone / Crustal thickness unknown"
"284088","Kayo Seamount","Japan","Northwestern Pacific Volcanic Regions","Ogasawara Volcanic Arc","Composite","Stratovolcano",NA,NA,"29.064","140.53700000000001","-814",NA,"Subduction zone / Crustal thickness unknown"
"284089","Kinyo Seamount","Japan","Northwestern Pacific Volcanic Regions","Ogasawara Volcanic Arc","Composite","Stratovolcano",NA,NA,"28.084","140.80199999999999","-838",NA,"Subduction zone / Crustal thickness unknown"
"284122","Syoyo Ridge","Japan","Northwestern Pacific Volcanic Regions","Mariana Volcanic Arc","Composite","Complex",NA,NA,"22.545999999999999","142.863","-481",NA,"Subduction zone / Oceanic crust (< 15 km)"
"284144","Kasuga 3","United States","Northwestern Pacific Volcanic Regions","Mariana Volcanic Arc","Composite","Stratovolcano",NA,NA,"21.399000000000001","143.626","-1325",NA,NA
"284145","Eifuku","United States","Northwestern Pacific Volcanic Regions","Mariana Volcanic Arc","Composite","Stratovolcano",NA,NA,"21.408999999999999","144.161","-551",NA,NA
"284146","South Daikoku","United States","Northwestern Pacific Volcanic Regions","Mariana Volcanic Arc","Composite","Stratovolcano",NA,NA,"21.023","144.52500000000001","-301",NA,"Subduction zone / Oceanic crust (< 15 km)"
"284147","Chamorro","United States","Northwestern Pacific Volcanic Regions","Mariana Volcanic Arc","Unknown",NA,NA,NA,"20.81","144.70400000000001","-804",NA,"Subduction zone / Oceanic crust (< 15 km)"
"284151","Cheref","United States","Northwestern Pacific Volcanic Regions","Mariana Volcanic Arc","Composite","Stratovolcano",NA,NA,"19.405999999999999","145.46799999999999","-2800",NA,"Subduction zone / Oceanic crust (< 15 km)"
"284152","Poyo","United States","Northwestern Pacific Volcanic Regions","Mariana Volcanic Arc","Composite","Stratovolcano",NA,NA,"19.222999999999999","145.524","-2830",NA,"Subduction zone / Oceanic crust (< 15 km)"
"284800","Udonejima","Japan","Northwestern Pacific Volcanic Regions","Izu Volcanic Arc","Composite","Stratovolcano",NA,NA,"34.469000000000001","139.297","209",NA,"Subduction zone / Oceanic crust (< 15 km)"
"284801","Onoharajima","Japan","Northwestern Pacific Volcanic Regions","Izu Volcanic Arc","Minor","Lava dome",NA,NA,"34.045000000000002","139.387","114",NA,"Subduction zone / Oceanic crust (< 15 km)"
"284802","Inambajima","Japan","Northwestern Pacific Volcanic Regions","Izu Volcanic Arc","Minor","Lava dome",NA,NA,"33.648000000000003","139.30199999999999","74",NA,"Subduction zone / Oceanic crust (< 15 km)"
"284803","Tracey Seamount","United States","Northwestern Pacific Volcanic Regions","Mariana Volcanic Arc","Composite","Stratovolcano",NA,NA,"13.65","144.41999999999999","-900",NA,"Subduction zone / Crustal thickness unknown"
"285062","Shikaribetsu Group","Japan","Northwestern Pacific Volcanic Regions","Kuril Volcanic Arc","Cluster","Lava dome(s)",NA,NA,"43.267000000000003","143.1","1401","Andesite / Basaltic Andesite","Subduction zone / Continental crust (>25 km)"
"285800","Oshima Maruyama","Japan","Northwestern Pacific Volcanic Regions","Northeast Japan Volcanic Arc","Composite","Stratovolcano",NA,NA,"41.54","140.375","855",NA,"Subduction zone / Continental crust (>25 km)"
"285801","Hakodateyama","Japan","Northwestern Pacific Volcanic Regions","Northeast Japan Volcanic Arc","Composite","Stratovolcano",NA,NA,"41.756999999999998","140.708","333",NA,"Subduction zone / Continental crust (>25 km)"
"285802","Zenikame","Japan","Northwestern Pacific Volcanic Regions","Northeast Japan Volcanic Arc","Caldera","Caldera",NA,NA,"41.706000000000003","140.81399999999999","-30",NA,"Subduction zone / Continental crust (>25 km)"
"285803","Esan Maruyama","Japan","Northwestern Pacific Volcanic Regions","Northeast Japan Volcanic Arc","Composite","Stratovolcano",NA,NA,"41.848999999999997","141.09700000000001","691",NA,"Subduction zone / Continental crust (>25 km)"
"285804","Yokotsu","Japan","Northwestern Pacific Volcanic Regions","Northeast Japan Volcanic Arc","Composite","Stratovolcano",NA,NA,"41.935000000000002","140.77500000000001","1167",NA,"Subduction zone / Continental crust (>25 km)"
"285805","Nigorikawa","Japan","Northwestern Pacific Volcanic Regions","Northeast Japan Volcanic Arc","Caldera","Caldera",NA,NA,"42.12","140.44999999999999","356",NA,"Subduction zone / Continental crust (>25 km)"
"285806","Okushiri-Katsumayama","Japan","Northwestern Pacific Volcanic Regions","Northeast Japan Volcanic Arc","Shield","Shield",NA,NA,"42.192999999999998","139.46799999999999","428",NA,"Subduction zone / Continental crust (>25 km)"
"285807","Kariba","Japan","Northwestern Pacific Volcanic Regions","Northeast Japan Volcanic Arc","Composite","Stratovolcano",NA,NA,"42.610999999999997","139.94399999999999","1520",NA,"Subduction zone / Continental crust (>25 km)"
"285808","Washibetsu","Japan","Northwestern Pacific Volcanic Regions","Northeast Japan Volcanic Arc","Composite","Stratovolcano",NA,NA,"42.433","141.00700000000001","911",NA,"Subduction zone / Continental crust (>25 km)"
"285809","Raiden","Japan","Northwestern Pacific Volcanic Regions","Northeast Japan Volcanic Arc","Composite","Stratovolcano(es)",NA,NA,"42.901000000000003","140.47300000000001","1212",NA,"Subduction zone / Continental crust (>25 km)"
"285810","Akaigawa","Japan","Northwestern Pacific Volcanic Regions","Northeast Japan Volcanic Arc","Composite","Stratovolcano",NA,NA,"43.08","140.82","725",NA,"Subduction zone / Continental crust (>25 km)"
"285811","Shiribetsu","Japan","Northwestern Pacific Volcanic Regions","Northeast Japan Volcanic Arc","Composite","Stratovolcano",NA,NA,"42.767000000000003","140.916","1107",NA,"Subduction zone / Continental crust (>25 km)"
"285812","Orofure-Raiba","Japan","Northwestern Pacific Volcanic Regions","Northeast Japan Volcanic Arc","Composite","Stratovolcano(es)",NA,NA,"42.563000000000002","141.09100000000001","1231",NA,"Subduction zone / Continental crust (>25 km)"
"285813","Horohoro-Tokushumbetsu","Japan","Northwestern Pacific Volcanic Regions","Northeast Japan Volcanic Arc","Composite","Stratovolcano(es)",NA,NA,"42.631","141.14599999999999","1322",NA,"Subduction zone / Continental crust (>25 km)"
"285814","Soranuma","Japan","Northwestern Pacific Volcanic Regions","Northeast Japan Volcanic Arc","Shield","Shield",NA,NA,"42.863","141.25700000000001","1251",NA,"Subduction zone / Continental crust (>25 km)"
"285815","Sapporo","Japan","Northwestern Pacific Volcanic Regions","Northeast Japan Volcanic Arc","Shield","Shield",NA,NA,"42.898000000000003","141.20400000000001","1294",NA,"Subduction zone / Continental crust (>25 km)"
"285816","Tomuraushi Volcanic Group","Japan","Northwestern Pacific Volcanic Regions","Kuril Volcanic Arc","Composite","Stratovolcano(es)",NA,NA,"43.524999999999999","142.852","2141",NA,"Subduction zone / Continental crust (>25 km)"
"285817","Chubetsu","Japan","Northwestern Pacific Volcanic Regions","Kuril Volcanic Arc","Composite","Stratovolcano",NA,NA,"43.588999999999999","142.898","1963",NA,"Subduction zone / Continental crust (>25 km)"
"285818","Niseikaushuppe","Japan","Northwestern Pacific Volcanic Regions","Kuril Volcanic Arc","Composite","Stratovolcano",NA,NA,"43.777000000000001","142.989","1883",NA,"Subduction zone / Continental crust (>25 km)"
"285819","Tengu-Hirayama","Japan","Northwestern Pacific Volcanic Regions","Kuril Volcanic Arc","Composite","Stratovolcano(es)",NA,NA,"43.776000000000003","143.01599999999999","1796",NA,"Subduction zone / Continental crust (>25 km)"
"285820","Shiitokoro","Japan","Northwestern Pacific Volcanic Regions","Kuril Volcanic Arc","Minor","Lava dome",NA,NA,"43.61","143.184","1336",NA,"Subduction zone / Continental crust (>25 km)"
"285821","Kumaneshiri","Japan","Northwestern Pacific Volcanic Regions","Kuril Volcanic Arc","Composite","Stratovolcano(es)",NA,NA,"43.52","143.23699999999999","1635",NA,"Subduction zone / Continental crust (>25 km)"
"285822","Tokachi-Mitsumata","Japan","Northwestern Pacific Volcanic Regions","Kuril Volcanic Arc","Caldera","Caldera",NA,NA,"43.52","143.15","700",NA,"Subduction zone / Continental crust (>25 km)"
"285823","Tokachi-Eboshi","Japan","Northwestern Pacific Volcanic Regions","Kuril Volcanic Arc","Minor","Lava dome(s)",NA,NA,"43.375999999999998","143.13300000000001","1291",NA,"Subduction zone / Continental crust (>25 km)"
"285824","Birao","Japan","Northwestern Pacific Volcanic Regions","Kuril Volcanic Arc","Composite","Stratovolcano(es)",NA,NA,"43.497999999999998","144.40799999999999","554",NA,"Subduction zone / Continental crust (>25 km)"
"285825","Samakkenupuri","Japan","Northwestern Pacific Volcanic Regions","Kuril Volcanic Arc","Composite","Stratovolcano",NA,NA,"43.680999999999997","144.73599999999999","1063",NA,"Subduction zone / Continental crust (>25 km)"
"285826","Musa","Japan","Northwestern Pacific Volcanic Regions","Kuril Volcanic Arc","Composite","Stratovolcano(es)",NA,NA,"43.676000000000002","144.886","1006",NA,"Subduction zone / Continental crust (>25 km)"
"285827","Shari","Japan","Northwestern Pacific Volcanic Regions","Kuril Volcanic Arc","Composite","Stratovolcano",NA,NA,"43.762999999999998","144.72200000000001","1545",NA,"Subduction zone / Continental crust (>25 km)"
"285828","Unabetsu","Japan","Northwestern Pacific Volcanic Regions","Kuril Volcanic Arc","Composite","Stratovolcano",NA,NA,"43.874000000000002","144.881","1419",NA,"Subduction zone / Continental crust (>25 km)"
"285829","Onnebetsu","Japan","Northwestern Pacific Volcanic Regions","Kuril Volcanic Arc","Composite","Stratovolcano",NA,NA,"43.991","145.017","1331",NA,"Subduction zone / Continental crust (>25 km)"
"285830","Shiretoko","Japan","Northwestern Pacific Volcanic Regions","Kuril Volcanic Arc","Composite","Stratovolcano",NA,NA,"44.23","145.27799999999999","1254",NA,"Subduction zone / Continental crust (>25 km)"
"285839","Oshima-Kojima","Japan","Northwestern Pacific Volcanic Regions","Northeast Japan Volcanic Arc","Composite","Stratovolcano",NA,NA,"41.354999999999997","139.81100000000001","282",NA,"Subduction zone / Continental crust (>25 km)"
"290041","Moekeshiwan [Lvinaya Past]","Japan - administered by Russia","Northwestern Pacific Volcanic Regions","Kuril Volcanic Arc","Caldera","Stratovolcano",NA,NA,"44.607999999999997","146.994","495","Andesite / Basaltic Andesite","Subduction zone / Intermediate crust (15-25 km)"
"290061","Kuril Arc at 45.0°N","Japan - administered by Russia","Northwestern Pacific Volcanic Regions","Kuril Volcanic Arc","Composite","Stratovolcano",NA,NA,"45.016599999999997","147.02449999999999","-126","No Data (checked)","Subduction zone / Intermediate crust (15-25 km)"
"290091","Rucharu [Golets-Tornyi Group]","Japan - administered by Russia","Northwestern Pacific Volcanic Regions","Kuril Volcanic Arc","Minor","Pyroclastic cone(s)",NA,NA,"45.25","148.30000000000001","442","Andesite / Basaltic Andesite","Subduction zone / Intermediate crust (15-25 km)"
"290110","Rakkibetsudake [Demon]","Japan - administered by Russia","Northwestern Pacific Volcanic Regions","Kuril Volcanic Arc","Composite","Stratovolcano",NA,NA,"45.500999999999998","148.86080000000001","1167","No Data (checked)","Subduction zone / Intermediate crust (15-25 km)"
"290112","Rudakov","Russia","Northwestern Pacific Volcanic Regions","Kuril Volcanic Arc","Composite","Stratovolcano",NA,NA,"45.871899999999997","149.82329999999999","532","Andesite / Basaltic Andesite","Subduction zone / Intermediate crust (15-25 km)"
"290113","Tri Sestry","Russia","Northwestern Pacific Volcanic Regions","Kuril Volcanic Arc","Composite","Stratovolcano",NA,NA,"45.925600000000003","149.9222","998","Andesite / Basaltic Andesite","Subduction zone / Intermediate crust (15-25 km)"
"290160","Arkhangelsky","Russia","Northwestern Pacific Volcanic Regions","Kuril Volcanic Arc","Composite","Stratovolcano",NA,NA,"46.516500000000001","151.41239999999999","-360","No Data (checked)","Subduction zone / Oceanic crust (< 15 km)"
"290800","Urbich Caldera","Japan - administered by Russia","Northwestern Pacific Volcanic Regions","Kuril Volcanic Arc","Caldera","Caldera(s)",NA,NA,"44.6252","147.20050000000001","716",NA,"Subduction zone / Continental crust (>25 km)"
"290802","Tsirk","Japan - administered by Russia","Northwestern Pacific Volcanic Regions","Kuril Volcanic Arc","Caldera","Caldera",NA,NA,"45.4","148.58000000000001","853",NA,"Unknown"
"290804","Antipin","Russia","Northwestern Pacific Volcanic Regions","Kuril Volcanic Arc","Composite","Stratovolcano",NA,NA,"46.15","150.22999999999999","1120",NA,"Unknown"
"290805","Gora Desantnaya","Russia","Northwestern Pacific Volcanic Regions","Kuril Volcanic Arc","Composite","Stratovolcano",NA,NA,"46.192","150.369","847",NA,"Unknown"
"290806","Brontona Island","Russia","Northwestern Pacific Volcanic Regions","Kuril Volcanic Arc","Unknown","Unknown",NA,NA,"46.720999999999997","150.733","0",NA,"Subduction zone / Intermediate crust (15-25 km)"
"290807","Ikanmikot","Russia","Northwestern Pacific Volcanic Regions","Kuril Volcanic Arc","Composite","Stratovolcano",NA,NA,"46.963999999999999","152.07","614",NA,"Unknown"
"290808","Kuntomintar","Russia","Northwestern Pacific Volcanic Regions","Kuril Volcanic Arc","Composite","Stratovolcano",NA,NA,"48.75","154.02000000000001","828",NA,"Subduction zone / Intermediate crust (15-25 km)"
"290809","Shestakov","Russia","Northwestern Pacific Volcanic Regions","Kuril Volcanic Arc","Composite","Stratovolcano",NA,NA,"49.482399999999998","154.75890000000001","678",NA,"Unknown"
"290810","Avos' Rocks","Russia","Northwestern Pacific Volcanic Regions","Kuril Volcanic Arc","Unknown","Unknown",NA,NA,"49.72","154.12","35",NA,"Unknown"
"290811","Makanru Island","Russia","Northwestern Pacific Volcanic Regions","Kuril Volcanic Arc","Composite","Stratovolcano",NA,NA,"49.784999999999997","154.429","1136",NA,"Unknown"
"300001","Mashkovtsev","Russia","Northwestern Pacific Volcanic Regions","Kuril Volcanic Arc","Composite","Stratovolcano",NA,NA,"51.1","156.72","503","Basalt / Picro-Basalt","Subduction zone / Continental crust (>25 km)"
"300041","Kell","Russia","Northwestern Pacific Volcanic Regions","Kuril Volcanic Arc","Composite","Stratovolcano(es)",NA,NA,"51.65","157.35","900","Basalt / Picro-Basalt","Subduction zone / Continental crust (>25 km)"
"300042","Belenkaya","Russia","Northwestern Pacific Volcanic Regions","Kuril Volcanic Arc","Composite","Stratovolcano",NA,NA,"51.75","157.27000000000001","892","Basalt / Picro-Basalt","Subduction zone / Continental crust (>25 km)"
"300054","Piratkovsky","Russia","Northwestern Pacific Volcanic Regions","Kuril Volcanic Arc","Composite","Stratovolcano",NA,NA,"52.113","157.84899999999999","1322","No Data (checked)","Subduction zone / Continental crust (>25 km)"
"300055","Ostanets","Russia","Northwestern Pacific Volcanic Regions","Kuril Volcanic Arc","Shield","Shield(s)",NA,NA,"52.146000000000001","157.322","719","Basalt / Picro-Basalt","Subduction zone / Continental crust (>25 km)"
"300056","Otdelniy","Russia","Northwestern Pacific Volcanic Regions","Kuril Volcanic Arc","Shield","Pyroclastic cone(s)",NA,NA,"52.220999999999997","157.435","814","Basalt / Picro-Basalt","Subduction zone / Continental crust (>25 km)"
"300057","Golaya","Russia","Northwestern Pacific Volcanic Regions","Kuril Volcanic Arc","Composite","Stratovolcano",NA,NA,"52.262999999999998","157.78700000000001","858","Basalt / Picro-Basalt","Subduction zone / Continental crust (>25 km)"
"300087","Karymshina","Russia","Northwestern Pacific Volcanic Regions","Kuril Volcanic Arc","Caldera","Caldera",NA,NA,"52.8","158","1200","Basalt / Picro-Basalt","Subduction zone / Continental crust (>25 km)"
"300201","Schmidt","Russia","Northwestern Pacific Volcanic Regions","Eastern Kamchatka Volcanic Arc","Shield","Shield",NA,NA,"54.92","160.63","2020","Basalt / Picro-Basalt","Subduction zone / Continental crust (>25 km)"
"300290","Maly Payalpan","Russia","Northwestern Pacific Volcanic Regions","Central Kamchatka Volcanic Arc","Shield","Shield(s)",NA,NA,"55.82","157.97999999999999","1802","Andesite / Basaltic Andesite","Subduction zone / Continental crust (>25 km)"
"300300","Bolshoi Payalpan","Russia","Northwestern Pacific Volcanic Regions","Central Kamchatka Volcanic Arc","Shield","Shield(s)",NA,NA,"55.88","157.78","1906","Andesite / Basaltic Andesite","Subduction zone / Continental crust (>25 km)"
"300310","Plosky","Russia","Northwestern Pacific Volcanic Regions","Central Kamchatka Volcanic Arc","Shield","Shield",NA,NA,"55.186500000000002","158.47839999999999","1200","Basalt / Picro-Basalt","Subduction zone / Continental crust (>25 km)"
"300320","Akhtang","Russia","Northwestern Pacific Volcanic Regions","Central Kamchatka Volcanic Arc","Shield","Shield",NA,NA,"55.43","158.65","1956","Basalt / Picro-Basalt","Subduction zone / Continental crust (>25 km)"
"300330","Kozyrevsky","Russia","Northwestern Pacific Volcanic Regions","Central Kamchatka Volcanic Arc","Shield","Shield",NA,NA,"55.637","158.36799999999999","2004","Basalt / Picro-Basalt","Subduction zone / Continental crust (>25 km)"
"300340","Romanovka","Russia","Northwestern Pacific Volcanic Regions","Central Kamchatka Volcanic Arc","Composite","Stratovolcano",NA,NA,"55.65","158.80000000000001","1442","Basalt / Picro-Basalt","Subduction zone / Continental crust (>25 km)"
"300350","Uksichan","Russia","Northwestern Pacific Volcanic Regions","Central Kamchatka Volcanic Arc","Shield","Shield",NA,NA,"56.08","158.38","1692","Basalt / Picro-Basalt","Subduction zone / Continental crust (>25 km)"
"300370","Kulkev","Russia","Northwestern Pacific Volcanic Regions","Central Kamchatka Volcanic Arc","Shield","Shield",NA,NA,"56.37","158.37","915","Basalt / Picro-Basalt","Subduction zone / Continental crust (>25 km)"
"300380","Geodesistov","Russia","Northwestern Pacific Volcanic Regions","Central Kamchatka Volcanic Arc","Shield","Shield",NA,NA,"56.33","158.66999999999999","1170","Basalt / Picro-Basalt","Subduction zone / Continental crust (>25 km)"
"300390","Anaun","Russia","Northwestern Pacific Volcanic Regions","Central Kamchatka Volcanic Arc","Composite","Stratovolcano",NA,NA,"56.32","158.83000000000001","1828","Basalt / Picro-Basalt","Subduction zone / Continental crust (>25 km)"
"300400","Krainy","Russia","Northwestern Pacific Volcanic Regions","Central Kamchatka Volcanic Arc","Shield","Shield",NA,NA,"56.37","159.03","1554","Basalt / Picro-Basalt","Subduction zone / Continental crust (>25 km)"
"300410","Kekurny","Russia","Northwestern Pacific Volcanic Regions","Central Kamchatka Volcanic Arc","Shield","Shield(s)",NA,NA,"56.4","158.85","1377","Basalt / Picro-Basalt","Subduction zone / Continental crust (>25 km)"
"300420","Eggella","Russia","Northwestern Pacific Volcanic Regions","Central Kamchatka Volcanic Arc","Shield","Shield",NA,NA,"56.57","158.52000000000001","1046","Basalt / Picro-Basalt","Subduction zone / Continental crust (>25 km)"
"300440","Verkhovoy","Russia","Northwestern Pacific Volcanic Regions","Central Kamchatka Volcanic Arc","Shield","Shield",NA,NA,"56.52","159.53","1400","Basalt / Picro-Basalt","Subduction zone / Continental crust (>25 km)"
"300460","Cherny","Russia","Northwestern Pacific Volcanic Regions","Central Kamchatka Volcanic Arc","Composite","Stratovolcano",NA,NA,"56.82","159.66999999999999","1778","Basalt / Picro-Basalt","Subduction zone / Continental crust (>25 km)"
"300470","Pogranychny","Russia","Northwestern Pacific Volcanic Regions","Central Kamchatka Volcanic Arc","Shield","Shield(s)",NA,NA,"56.85","159.80000000000001","1427","Basalt / Picro-Basalt","Subduction zone / Continental crust (>25 km)"
"300480","Zaozerny","Russia","Northwestern Pacific Volcanic Regions","Central Kamchatka Volcanic Arc","Shield","Shield(s)",NA,NA,"56.88","159.94999999999999","1349","Basalt / Picro-Basalt","Subduction zone / Continental crust (>25 km)"
"300490","Bliznets","Russia","Northwestern Pacific Volcanic Regions","Central Kamchatka Volcanic Arc","Composite","Stratovolcano",NA,NA,"56.97","159.78","1244","Basalt / Picro-Basalt","Subduction zone / Continental crust (>25 km)"
"300500","Kebeney","Russia","Northwestern Pacific Volcanic Regions","Central Kamchatka Volcanic Arc","Shield","Shield",NA,NA,"57.1","159.93","1527","Basalt / Picro-Basalt","Subduction zone / Continental crust (>25 km)"
"300510","Fedotych","Russia","Northwestern Pacific Volcanic Regions","Central Kamchatka Volcanic Arc","Shield","Shield",NA,NA,"57.13","160.4","965","Basalt / Picro-Basalt","Subduction zone / Continental crust (>25 km)"
"300530","Leutongey","Russia","Northwestern Pacific Volcanic Regions","Central Kamchatka Volcanic Arc","Shield","Shield",NA,NA,"57.305999999999997","159.827","1318","Basalt / Picro-Basalt","Subduction zone / Continental crust (>25 km)"
"300540","Tuzovsky","Russia","Northwestern Pacific Volcanic Regions","Central Kamchatka Volcanic Arc","Shield","Shield(s)",NA,NA,"57.32","159.96700000000001","1516","Basalt / Picro-Basalt","Subduction zone / Continental crust (>25 km)"
"300570","Mezhdusopochny","Russia","Northwestern Pacific Volcanic Regions","Central Kamchatka Volcanic Arc","Shield","Shield",NA,NA,"57.47","160.25","1641","Basalt / Picro-Basalt","Subduction zone / Continental crust (>25 km)"
"300580","Shishel","Russia","Northwestern Pacific Volcanic Regions","Central Kamchatka Volcanic Arc","Shield","Shield",NA,NA,"57.45","160.37","2525","Basalt / Picro-Basalt","Subduction zone / Continental crust (>25 km)"
"300600","Alngey","Russia","Northwestern Pacific Volcanic Regions","Central Kamchatka Volcanic Arc","Composite","Stratovolcano",NA,NA,"57.701999999999998","160.41800000000001","1822","Basalt / Picro-Basalt","Subduction zone / Continental crust (>25 km)"
"300610","Uka","Russia","Northwestern Pacific Volcanic Regions","Central Kamchatka Volcanic Arc","Shield","Shield",NA,NA,"57.706000000000003","160.59","1607","Basalt / Picro-Basalt","Subduction zone / Continental crust (>25 km)"
"300620","Kaileney","Russia","Northwestern Pacific Volcanic Regions","Central Kamchatka Volcanic Arc","Shield","Shield",NA,NA,"57.8","160.66999999999999","1582","Basalt / Picro-Basalt","Subduction zone / Continental crust (>25 km)"
"300630","Plosky","Russia","Northwestern Pacific Volcanic Regions","Central Kamchatka Volcanic Arc","Shield","Shield",NA,NA,"57.83","160.25","1255","Basalt / Picro-Basalt","Subduction zone / Continental crust (>25 km)"
"300640","Bely","Russia","Northwestern Pacific Volcanic Regions","Central Kamchatka Volcanic Arc","Shield","Shield(s)",NA,NA,"57.88","160.53","2080","Basalt / Picro-Basalt","Subduction zone / Continental crust (>25 km)"
"300660","Snezhniy","Russia","Northwestern Pacific Volcanic Regions","Central Kamchatka Volcanic Arc","Shield","Shield",NA,NA,"58.02","160.80000000000001","2169","Basalt / Picro-Basalt","Subduction zone / Continental crust (>25 km)"
"300670","Iktunup","Russia","Northwestern Pacific Volcanic Regions","Central Kamchatka Volcanic Arc","Shield","Shield(s)",NA,NA,"58.08","160.77000000000001","2300","Basalt / Picro-Basalt","Subduction zone / Continental crust (>25 km)"
"300690","Snegovoy","Russia","Northwestern Pacific Volcanic Regions","Central Kamchatka Volcanic Arc","Shield","Shield",NA,NA,"58.2","160.97","2169","Basalt / Picro-Basalt","Subduction zone / Continental crust (>25 km)"
"300710","Iettunup","Russia","Northwestern Pacific Volcanic Regions","Central Kamchatka Volcanic Arc","Shield","Shield(s)",NA,NA,"58.4","161.08000000000001","1340","Basalt / Picro-Basalt","Subduction zone / Continental crust (>25 km)"
"300720","Voyampolsky","Russia","Northwestern Pacific Volcanic Regions","Central Kamchatka Volcanic Arc","Shield","Shield(s)",NA,NA,"58.374000000000002","160.631","1103","Basalt / Picro-Basalt","Subduction zone / Continental crust (>25 km)"
"300800","Vysokii","Russia","Northwestern Pacific Volcanic Regions","Kuril Volcanic Arc","Composite","Stratovolcano",NA,NA,"51.116","156.892","708",NA,"Subduction zone / Continental crust (>25 km)"
"300801","Tumanniy","Russia","Northwestern Pacific Volcanic Regions","Kuril Volcanic Arc","Shield","Shield",NA,NA,"51.191000000000003","156.93899999999999","681",NA,"Subduction zone / Continental crust (>25 km)"
"300802","Ded i Baba","Russia","Northwestern Pacific Volcanic Regions","Kuril Volcanic Arc","Shield","Shield",NA,NA,"51.3","156.58000000000001","1032",NA,"Subduction zone / Continental crust (>25 km)"
"300803","Tretya Rechka","Russia","Northwestern Pacific Volcanic Regions","Kuril Volcanic Arc","Shield","Shield",NA,NA,"51.4","156.57","754",NA,"Subduction zone / Continental crust (>25 km)"
"300808","Kuzheten","Russia","Northwestern Pacific Volcanic Regions","Kuril Volcanic Arc","Shield","Shield",NA,NA,"51.82","157.22","925",NA,"Subduction zone / Continental crust (>25 km)"
"300809","Vostochnaya Khodutka","Russia","Northwestern Pacific Volcanic Regions","Kuril Volcanic Arc","Shield","Shield(s)",NA,NA,"51.93","157.72999999999999","0",NA,"Subduction zone / Continental crust (>25 km)"
"300810","Zheltiy","Russia","Northwestern Pacific Volcanic Regions","Kuril Volcanic Arc","Composite","Stratovolcano",NA,NA,"51.93","157.6","792",NA,"Subduction zone / Continental crust (>25 km)"
"300811","Kuzanek","Russia","Northwestern Pacific Volcanic Regions","Kuril Volcanic Arc","Shield","Shield",NA,NA,"51.93","157.18","968",NA,"Subduction zone / Continental crust (>25 km)"
"300813","Igolki","Russia","Northwestern Pacific Volcanic Regions","Kuril Volcanic Arc","Shield","Shield(s)",NA,NA,"52.02","156.88","707",NA,"Subduction zone / Continental crust (>25 km)"
"300814","Skalistiy","Russia","Northwestern Pacific Volcanic Regions","Kuril Volcanic Arc","Shield","Shield",NA,NA,"52.02","157.18","1005",NA,"Subduction zone / Continental crust (>25 km)"
"300815","Perevalny","Russia","Northwestern Pacific Volcanic Regions","Kuril Volcanic Arc","Shield","Shield",NA,NA,"52.13","157.78","0",NA,"Subduction zone / Continental crust (>25 km)"
"300816","Krugliy","Russia","Northwestern Pacific Volcanic Regions","Kuril Volcanic Arc","Shield","Shield",NA,NA,"52.16","157.63999999999999","1052",NA,"Subduction zone / Continental crust (>25 km)"
"300817","Savan","Russia","Northwestern Pacific Volcanic Regions","Kuril Volcanic Arc","Shield","Shield",NA,NA,"52.21","157.28","901",NA,"Subduction zone / Continental crust (>25 km)"
"300818","Malaya Ipelka","Russia","Northwestern Pacific Volcanic Regions","Kuril Volcanic Arc","Composite","Complex",NA,NA,"52.28","156.72999999999999","0",NA,"Subduction zone / Continental crust (>25 km)"
"300819","Kamen","Russia","Northwestern Pacific Volcanic Regions","Kuril Volcanic Arc","Composite","Stratovolcano",NA,NA,"52.286999999999999","157.655","850",NA,"Subduction zone / Continental crust (>25 km)"
"300820","Ploskiy","Russia","Northwestern Pacific Volcanic Regions","Kuril Volcanic Arc","Composite","Stratovolcano",NA,NA,"52.37","157.62","877",NA,"Subduction zone / Continental crust (>25 km)"
"300821","Udochka","Russia","Northwestern Pacific Volcanic Regions","Kuril Volcanic Arc","Shield","Shield",NA,NA,"52.5","157.19999999999999","891",NA,"Subduction zone / Continental crust (>25 km)"
"300822","Bolshaya Ipelka","Russia","Northwestern Pacific Volcanic Regions","Kuril Volcanic Arc","Shield","Shield",NA,NA,"52.63","156.97","1194",NA,"Subduction zone / Continental crust (>25 km)"
"300823","Tolmachev","Russia","Northwestern Pacific Volcanic Regions","Kuril Volcanic Arc","Composite","Stratovolcano(es)",NA,NA,"52.55","157.72999999999999","1118",NA,"Subduction zone / Continental crust (>25 km)"
"300830","Aak","Russia","Northwestern Pacific Volcanic Regions","Eastern Kamchatka Volcanic Arc","Composite","Stratovolcano(es)",NA,NA,"53.38","158.66999999999999","2319",NA,"Subduction zone / Continental crust (>25 km)"
"300831","Kupol","Russia","Northwestern Pacific Volcanic Regions","Eastern Kamchatka Volcanic Arc","Composite","Stratovolcano",NA,NA,"53.5","158.65","0",NA,"Subduction zone / Continental crust (>25 km)"
"300832","Kitkhoysky","Russia","Northwestern Pacific Volcanic Regions","Eastern Kamchatka Volcanic Arc","Shield","Shield(s)",NA,NA,"53.584000000000003","158.56","1350",NA,"Subduction zone / Continental crust (>25 km)"
"300833","Vershinsky","Russia","Northwestern Pacific Volcanic Regions","Eastern Kamchatka Volcanic Arc","Composite","Stratovolcano",NA,NA,"53.6","158.69999999999999","1812",NA,"Subduction zone / Continental crust (>25 km)"
"300834","Skalistiy","Russia","Northwestern Pacific Volcanic Regions","Eastern Kamchatka Volcanic Arc","Unknown","Unknown",NA,NA,"53.626600000000003","159.2912","0",NA,"Subduction zone / Continental crust (>25 km)"
"300840","Zhupanovskiye Vostriyaky","Russia","Northwestern Pacific Volcanic Regions","Eastern Kamchatka Volcanic Arc","Composite","Stratovolcano",NA,NA,"53.8","159.28","1684",NA,"Subduction zone / Continental crust (>25 km)"
"300841","Ditmara","Russia","Northwestern Pacific Volcanic Regions","Eastern Kamchatka Volcanic Arc","Composite","Stratovolcano",NA,NA,"53.87","159.53","1389",NA,"Subduction zone / Continental crust (>25 km)"
"300842","Krainy","Russia","Northwestern Pacific Volcanic Regions","Eastern Kamchatka Volcanic Arc","Composite","Stratovolcano",NA,NA,"53.95","159.33000000000001","1199",NA,"Subduction zone / Continental crust (>25 km)"
"300843","Razlaty","Russia","Northwestern Pacific Volcanic Regions","Eastern Kamchatka Volcanic Arc","Composite","Stratovolcano",NA,NA,"54.02","159.38","0",NA,"Subduction zone / Continental crust (>25 km)"
"300846","Unana","Russia","Northwestern Pacific Volcanic Regions","Eastern Kamchatka Volcanic Arc","Composite","Stratovolcano",NA,NA,"54.63","159.72","2131",NA,"Subduction zone / Continental crust (>25 km)"
"300847","Adamozhets","Russia","Northwestern Pacific Volcanic Regions","Eastern Kamchatka Volcanic Arc","Minor","Cone",NA,NA,"54.688000000000002","159.483","1502",NA,"Subduction zone / Continental crust (>25 km)"
"300848","Bogachensky","Russia","Northwestern Pacific Volcanic Regions","Eastern Kamchatka Volcanic Arc","Shield","Shield",NA,NA,"55.13","160.9","0",NA,"Subduction zone / Continental crust (>25 km)"
"300849","Piip","Russia","Northwestern Pacific Volcanic Regions","Eastern Kamchatka Volcanic Arc","Shield","Shield",NA,NA,"55.319000000000003","160.667","2059",NA,"Subduction zone / Continental crust (>25 km)"
"300850","Konechnaya","Russia","Northwestern Pacific Volcanic Regions","Eastern Kamchatka Volcanic Arc","Shield","Shield",NA,NA,"55.23","160.97","0",NA,"Subduction zone / Continental crust (>25 km)"
"300851","Konradi","Russia","Northwestern Pacific Volcanic Regions","Eastern Kamchatka Volcanic Arc","Composite","Stratovolcano",NA,NA,"55.08","160.53","1912",NA,"Subduction zone / Continental crust (>25 km)"
"300852","Sokol","Russia","Northwestern Pacific Volcanic Regions","Eastern Kamchatka Volcanic Arc","Composite","Stratovolcano",NA,NA,"55.2","160.52000000000001","1711",NA,"Subduction zone / Continental crust (>25 km)"
"300853","Tumrok","Russia","Northwestern Pacific Volcanic Regions","Eastern Kamchatka Volcanic Arc","Shield","Shield",NA,NA,"55.37","160.87","2197",NA,"Subduction zone / Continental crust (>25 km)"
"300856","Iult","Russia","Northwestern Pacific Volcanic Regions","Eastern Kamchatka Volcanic Arc","Composite","Stratovolcano",NA,NA,"55.23","160.58699999999999","1857",NA,"Subduction zone / Continental crust (>25 km)"
"300859","Zarechny","Russia","Northwestern Pacific Volcanic Regions","Eastern Kamchatka Volcanic Arc","Caldera","Caldera(s)",NA,NA,"56.38","160.83000000000001","760",NA,"Subduction zone / Continental crust (>25 km)"
"300860","Kharchinsky","Russia","Northwestern Pacific Volcanic Regions","Eastern Kamchatka Volcanic Arc","Composite","Stratovolcano",NA,NA,"56.424999999999997","160.82499999999999","1410",NA,"Unknown"
"300861","Eastern Kamchatka Arc at 56.5°N","Russia","Northwestern Pacific Volcanic Regions","Eastern Kamchatka Volcanic Arc","Cluster","Pyroclastic cone(s)",NA,NA,"56.53","160.87","200",NA,"Subduction zone / Continental crust (>25 km)"
"300863","Lyzyk","Russia","Northwestern Pacific Volcanic Regions","Central Kamchatka Volcanic Arc","Minor","Unknown",NA,NA,"57.23","161.52000000000001","0",NA,"Subduction zone / Continental crust (>25 km)"
"300864","Uchkoren","Russia","Northwestern Pacific Volcanic Regions","Central Kamchatka Volcanic Arc","Composite","Unknown",NA,NA,"57.27","161.35","0",NA,"Subduction zone / Continental crust (>25 km)"
"300867","Lauchachan","Russia","Northwestern Pacific Volcanic Regions","Eastern Kamchatka Volcanic Arc","Shield","Shield",NA,NA,"55.35","157.1","1018",NA,"Subduction zone / Continental crust (>25 km)"
"300868","Prodolny","Russia","Northwestern Pacific Volcanic Regions","Eastern Kamchatka Volcanic Arc","Shield","Shield(s)",NA,NA,"55.45","157.25","1505",NA,"Subduction zone / Continental crust (>25 km)"
"300869","Kobalan","Russia","Northwestern Pacific Volcanic Regions","Eastern Kamchatka Volcanic Arc","Composite","Stratovolcano",NA,NA,"55.43","157.37","1174",NA,"Subduction zone / Continental crust (>25 km)"
"300870","Tynua","Russia","Northwestern Pacific Volcanic Regions","Central Kamchatka Volcanic Arc","Shield","Shield(s)",NA,NA,"55.85","157.87","1727",NA,"Subduction zone / Continental crust (>25 km)"
"300871","Etopan","Russia","Northwestern Pacific Volcanic Regions","Central Kamchatka Volcanic Arc","Shield","Shield",NA,NA,"55.97","157.63","1264",NA,"Subduction zone / Continental crust (>25 km)"
"300872","Kimitina","Russia","Northwestern Pacific Volcanic Regions","Central Kamchatka Volcanic Arc","Composite","Stratovolcano",NA,NA,"55.25","158.18","1438",NA,"Subduction zone / Continental crust (>25 km)"
"300873","Central Kamchatka Arc at 55.5°N","Russia","Northwestern Pacific Volcanic Regions","Central Kamchatka Volcanic Arc","Shield","Shield",NA,NA,"55.52","158.43","2140",NA,"Subduction zone / Continental crust (>25 km)"
"300874","Ochchamo","Russia","Northwestern Pacific Volcanic Regions","Central Kamchatka Volcanic Arc","Shield","Shield",NA,NA,"55.62","158.15","2136",NA,"Subduction zone / Continental crust (>25 km)"
"300875","Bolshoy Kozyrevsky","Russia","Northwestern Pacific Volcanic Regions","Central Kamchatka Volcanic Arc","Shield","Shield",NA,NA,"55.6","158.52000000000001","1672",NA,"Subduction zone / Continental crust (>25 km)"
"300876","Bolshaya Romanovka","Russia","Northwestern Pacific Volcanic Regions","Central Kamchatka Volcanic Arc","Shield","Shield",NA,NA,"55.73","158.77000000000001","1821",NA,"Subduction zone / Continental crust (>25 km)"
"300877","Central Kamchatka Arc at 55.9°N","Russia","Northwestern Pacific Volcanic Regions","Central Kamchatka Volcanic Arc","Composite","Stratovolcano(es)",NA,NA,"55.88","158.83000000000001","1821",NA,"Subduction zone / Continental crust (>25 km)"
"300878","Bongabti","Russia","Northwestern Pacific Volcanic Regions","Central Kamchatka Volcanic Arc","Shield","Shield",NA,NA,"55.83","158.32","1790",NA,"Subduction zone / Continental crust (>25 km)"
"300879","Nosichan","Russia","Northwestern Pacific Volcanic Regions","Central Kamchatka Volcanic Arc","Shield","Shield",NA,NA,"56.08","157.75","1105",NA,"Subduction zone / Continental crust (>25 km)"
"300880","Buduli","Russia","Northwestern Pacific Volcanic Regions","Central Kamchatka Volcanic Arc","Shield","Shield",NA,NA,"56.4","158.69999999999999","1477",NA,"Subduction zone / Continental crust (>25 km)"
"300881","Kopkan","Russia","Northwestern Pacific Volcanic Regions","Central Kamchatka Volcanic Arc","Shield","Shield(s)",NA,NA,"56.48","158.83000000000001","1120",NA,"Subduction zone / Continental crust (>25 km)"
"300882","Yanpat","Russia","Northwestern Pacific Volcanic Regions","Central Kamchatka Volcanic Arc","Shield","Shield(s)",NA,NA,"56.53","158.80000000000001","1205",NA,"Subduction zone / Continental crust (>25 km)"
"300883","Chavycha","Russia","Northwestern Pacific Volcanic Regions","Central Kamchatka Volcanic Arc","Shield","Shield(s)",NA,NA,"56.55","158.65","1190",NA,"Subduction zone / Continental crust (>25 km)"
"300884","Malaya Ketepana","Russia","Northwestern Pacific Volcanic Regions","Central Kamchatka Volcanic Arc","Shield","Shield",NA,NA,"56.68","158.47","1230",NA,"Unknown"
"300885","Bolshoy Ketepana","Russia","Northwestern Pacific Volcanic Regions","Central Kamchatka Volcanic Arc","Shield","Shield",NA,NA,"57.05","158.37","1521",NA,"Subduction zone / Continental crust (>25 km)"
"300886","Central Kamchatka Arc at 57.0°N","Russia","Northwestern Pacific Volcanic Regions","Central Kamchatka Volcanic Arc","Shield","Shield",NA,NA,"56.97","158.75","0",NA,"Subduction zone / Continental crust (>25 km)"
"300887","Ovalny","Russia","Northwestern Pacific Volcanic Regions","Central Kamchatka Volcanic Arc","Shield","Shield",NA,NA,"56.98","158.97999999999999","732",NA,"Unknown"
"300888","Tigilsky","Russia","Northwestern Pacific Volcanic Regions","Central Kamchatka Volcanic Arc","Shield","Shield",NA,NA,"56.811999999999998","159.11099999999999","1362",NA,"Subduction zone / Continental crust (>25 km)"
"300889","Perevalovyi","Russia","Northwestern Pacific Volcanic Regions","Central Kamchatka Volcanic Arc","Shield","Shield",NA,NA,"56.57","159.35","1328",NA,"Subduction zone / Continental crust (>25 km)"
"300890","Maly Alney","Russia","Northwestern Pacific Volcanic Regions","Central Kamchatka Volcanic Arc","Composite","Stratovolcano(es)",NA,NA,"56.47","159.77000000000001","1858",NA,"Subduction zone / Continental crust (>25 km)"
"300891","Maly Chekchebonay","Russia","Northwestern Pacific Volcanic Regions","Central Kamchatka Volcanic Arc","Shield","Shield",NA,NA,"56.8","159.44999999999999","1247",NA,"Subduction zone / Continental crust (>25 km)"
"300892","Bolshoy Chekchebonay","Russia","Northwestern Pacific Volcanic Regions","Central Kamchatka Volcanic Arc","Shield","Shield",NA,NA,"56.92","159.41999999999999","1391",NA,"Subduction zone / Continental crust (>25 km)"
"300893","Kireunsky","Russia","Northwestern Pacific Volcanic Regions","Central Kamchatka Volcanic Arc","Shield","Shield",NA,NA,"56.78","159.75","1925",NA,"Subduction zone / Continental crust (>25 km)"
"300894","Dvukhyurtochny","Russia","Northwestern Pacific Volcanic Regions","Central Kamchatka Volcanic Arc","Shield","Shield",NA,NA,"56.82","159.88","1631",NA,"Subduction zone / Continental crust (>25 km)"
"300895","Central Kamchatka Arc at 56.9°N","Russia","Northwestern Pacific Volcanic Regions","Central Kamchatka Volcanic Arc","Minor","Lava dome(s)",NA,NA,"56.93","159.94999999999999","0",NA,"Subduction zone / Continental crust (>25 km)"
"300896","Kalgauch","Russia","Northwestern Pacific Volcanic Regions","Central Kamchatka Volcanic Arc","Composite","Stratovolcano",NA,NA,"56.93","159.72999999999999","1206",NA,"Subduction zone / Continental crust (>25 km)"
"300897","Kunkhilok","Russia","Northwestern Pacific Volcanic Regions","Central Kamchatka Volcanic Arc","Composite","Stratovolcano",NA,NA,"57.320999999999998","160.47999999999999","1151",NA,"Subduction zone / Continental crust (>25 km)"
"300898","Shlen","Russia","Northwestern Pacific Volcanic Regions","Central Kamchatka Volcanic Arc","Shield","Shield",NA,NA,"57.48","159.57","1001",NA,"Subduction zone / Continental crust (>25 km)"
"300899","Pirozhnikova","Russia","Northwestern Pacific Volcanic Regions","Central Kamchatka Volcanic Arc","Composite","Stratovolcano",NA,NA,"57.53","160.339","1646",NA,"Subduction zone / Continental crust (>25 km)"
"300900","Kamenisty","Russia","Northwestern Pacific Volcanic Regions","Central Kamchatka Volcanic Arc","Composite","Stratovolcano",NA,NA,"57.65","160.43","1762",NA,"Subduction zone / Continental crust (>25 km)"
"300901","Tekletunup","Russia","Northwestern Pacific Volcanic Regions","Central Kamchatka Volcanic Arc","Shield","Shield",NA,NA,"57.75","160.22999999999999","1395",NA,"Subduction zone / Continental crust (>25 km)"
"300902","Ulvaney","Russia","Northwestern Pacific Volcanic Regions","Central Kamchatka Volcanic Arc","Shield","Shield",NA,NA,"57.78","160.62","1445",NA,"Subduction zone / Continental crust (>25 km)"
"300903","Mutny","Russia","Northwestern Pacific Volcanic Regions","Central Kamchatka Volcanic Arc","Shield","Shield",NA,NA,"57.72","160.37","1345",NA,"Subduction zone / Continental crust (>25 km)"
"300904","Khuvkhoitun","Russia","Northwestern Pacific Volcanic Regions","Central Kamchatka Volcanic Arc","Composite","Complex",NA,NA,"57.92","160.65","2618",NA,"Subduction zone / Continental crust (>25 km)"
"300905","Keveney","Russia","Northwestern Pacific Volcanic Regions","Central Kamchatka Volcanic Arc","Shield","Shield",NA,NA,"58.05","160.72999999999999","1887",NA,"Subduction zone / Continental crust (>25 km)"
"300906","Langtutkin","Russia","Northwestern Pacific Volcanic Regions","Central Kamchatka Volcanic Arc","Shield","Shield",NA,NA,"58.23","161.1","1545",NA,"Subduction zone / Continental crust (>25 km)"
"301801","Anjuisky","Russia","Eastern Asia Volcanic Regions","Northern Russia Volcanic Province","Minor","Pyroclastic cone(s)",NA,NA,"67.153999999999996","165.82","1560",NA,"Intraplate / Continental crust (>25 km)"
"301805","Balagan-Tas","Russia","Eastern Asia Volcanic Regions","Northern Russia Volcanic Province","Minor","Pyroclastic cone(s)",NA,NA,"65.959000000000003","145.893","993",NA,"Intraplate / Continental crust (>25 km)"
"302040","Vitim Volcanic Field","Russia","Eastern Asia Volcanic Regions","Baikal Rift Volcanic Province","Cluster","Volcanic field",NA,NA,"53.75","113.25","1250","Basalt / Picro-Basalt","Unknown"
"302050","Tunkin Depression","Russia","Eastern Asia Volcanic Regions","Baikal Rift Volcanic Province","Cluster","Volcanic field",NA,NA,"51.5","102.5","1200","Trachybasalt / Tephrite Basanite","Rift zone / Continental crust (>25 km)"
"302070","East Tuva Volcanic Field","Russia","Eastern Asia Volcanic Regions","Baikal Rift Volcanic Province","Cluster","Volcanic field",NA,NA,"52.433","98.302999999999997","2765","Trachybasalt / Tephrite Basanite","Rift zone / Continental crust (>25 km)"
"302800","Dgida Basin","Russia","Eastern Asia Volcanic Regions","Baikal Rift Volcanic Province","Cluster","Pyroclastic cone(s)",NA,NA,"50.52","103.25","1500",NA,"Rift zone / Continental crust (>25 km)"
"303020","Khanuy Gol Volcanic Field","Mongolia","Eastern Asia Volcanic Regions","Baikal Rift Volcanic Province","Cluster","Volcanic field",NA,NA,"48.67","102.75","1886","Trachyandesite / Basaltic Trachyandesite","Intraplate / Continental crust (>25 km)"
"303040","Dariganga Volcanic Field","Mongolia","Eastern Asia Volcanic Regions","Central East Asia Volcanic Province","Cluster","Volcanic field",NA,NA,"45.753999999999998","114.279","1778","Basalt / Picro-Basalt","Intraplate / Continental crust (>25 km)"
"304040","Henglianghu-Dongyuehu Volcanic Field","China","Eastern Asia Volcanic Regions","Northern Tibetan Plateau Volcanic Province","Cluster","Volcanic field",NA,NA,"34.732199999999999","89.135300000000001","5400","Phonolite","Intraplate / Continental crust (>25 km)"
"304050","Bukendaban","China","Eastern Asia Volcanic Regions","Northern Tibetan Plateau Volcanic Province","Composite","Complex",NA,NA,"36.0244","90.865700000000004","6830",NA,"Unknown"
"304060","Weixueshan","China","Eastern Asia Volcanic Regions","Northern Tibetan Plateau Volcanic Province","Minor (Silicic)","Cone(s)",NA,NA,"36.224400000000003","90.151700000000005","5187",NA,"Unknown"
"304070","Laohukou","China","Eastern Asia Volcanic Regions","Northern Tibetan Plateau Volcanic Province","Minor (Basaltic)","Cone(s)",NA,NA,"36.433300000000003","89.513199999999998","4860",NA,"Unknown"
"304080","Jindingshan","China","Eastern Asia Volcanic Regions","Northern Tibetan Plateau Volcanic Province","Minor (Silicic)","Lava cone",NA,NA,"36.692799999999998","86.073899999999995","5072",NA,"Unknown"
"304803","Heishibeihu","China","Eastern Asia Volcanic Regions","Northern Tibetan Plateau Volcanic Province","Minor","Unknown",NA,NA,"35.468600000000002","82.891300000000001","5529",NA,"Intraplate / Continental crust (>25 km)"
"305801","Jianghui Group","China","Eastern Asia Volcanic Regions","Central East Asia Volcanic Province","Minor","Pyroclastic cone",NA,NA,"31.95","118.95","0",NA,"Unknown"
"305802","Nushan","China","Eastern Asia Volcanic Regions","Central East Asia Volcanic Province","Minor","Cone",NA,NA,"33.119999999999997","118.75","0",NA,"Unknown"
"305803","Datong-Fengzen","China","Eastern Asia Volcanic Regions","Central East Asia Volcanic Province","Cluster","Volcanic field",NA,NA,"40","113.28","1882",NA,"Intraplate / Continental crust (>25 km)"
"305806","Dalainuoer","China","Eastern Asia Volcanic Regions","Central East Asia Volcanic Province","Cluster","Pyroclastic cone(s)",NA,NA,"44","115.5","0",NA,"Intraplate / Continental crust (>25 km)"
"305809","Erkeshan","China","Eastern Asia Volcanic Regions","Central East Asia Volcanic Province","Minor","Pyroclastic cone(s)",NA,NA,"48.055999999999997","126.261","416",NA,"Intraplate / Continental crust (>25 km)"
"305832","Longhai","China","Eastern Asia Volcanic Regions","Central East Asia Volcanic Province","Unknown","Unknown",NA,NA,"24.5","117.5","0",NA,"Intraplate / Continental crust (>25 km)"
"305833","Yichuan","China","Eastern Asia Volcanic Regions","Central East Asia Volcanic Province","Cluster","Volcanic field",NA,NA,"34","113","0",NA,"Intraplate / Continental crust (>25 km)"
"305834","Tangy'n","China","Eastern Asia Volcanic Regions","Central East Asia Volcanic Province","Unknown","Unknown",NA,NA,"35.25","114.5","0",NA,"Intraplate / Continental crust (>25 km)"
"305835","Huixian","China","Eastern Asia Volcanic Regions","Central East Asia Volcanic Province","Unknown","Unknown",NA,NA,"36","115.25","0",NA,"Intraplate / Continental crust (>25 km)"
"305840","Heibei Plain","China","Eastern Asia Volcanic Regions","Central East Asia Volcanic Province","Unknown","Unknown",NA,NA,"38","117.5","0",NA,"Intraplate / Continental crust (>25 km)"
"305845","Chifeng","China","Eastern Asia Volcanic Regions","Central East Asia Volcanic Province","Unknown","Unknown",NA,NA,"42.25","118.5","0",NA,"Intraplate / Continental crust (>25 km)"
"305847","Nuomin","China","Eastern Asia Volcanic Regions","Central East Asia Volcanic Province","Cluster","Pyroclastic cone(s)",NA,NA,"49.616999999999997","123.717","906",NA,"Unknown"
"305849","Jianshan","China","Eastern Asia Volcanic Regions","Central East Asia Volcanic Province","Shield","Shield",NA,NA,"48.890999999999998","125.61499999999999","399",NA,"Unknown"
"305852","Dunhua","China","Eastern Asia Volcanic Regions","Central East Asia Volcanic Province","Unknown","Unknown",NA,NA,"43.162999999999997","127.93899999999999","826",NA,"Intraplate / Continental crust (>25 km)"
"305853","Yitong Group","China","Eastern Asia Volcanic Regions","Central East Asia Volcanic Province","Minor","Lava dome(s)",NA,NA,"43.33","125.25","389",NA,"Unknown"
"305854","Fanjiatung Group","China","Eastern Asia Volcanic Regions","Central East Asia Volcanic Province","Minor","Cone(s)",NA,NA,"43.75","125.17","283",NA,"Unknown"
"305855","Kuandian","China","Eastern Asia Volcanic Regions","Central East Asia Volcanic Province","Minor","Pyroclastic cone(s)",NA,NA,"40.75","124.67","513",NA,"Unknown"
"306020","Ch'uga-ryong","North Korea-South Korea","Eastern Asia Volcanic Regions","Central East Asia Volcanic Province","Shield","Shield",NA,NA,"38.466700000000003","127.2833","400","Basalt / Picro-Basalt","Intraplate / Continental crust (>25 km)"
"306800","Kilchu-Myongch'on","North Korea","Eastern Asia Volcanic Regions","Central East Asia Volcanic Province","Cluster","Volcanic field",NA,NA,"41","129.69999999999999","0",NA,"Intraplate / Continental crust (>25 km)"
"306801","Koksan-Singye","North Korea","Eastern Asia Volcanic Regions","Central East Asia Volcanic Province","Shield","Shield",NA,NA,"38.65","126.6","230",NA,"Intraplate / Continental crust (>25 km)"
"311150","Sergief","United States","North America Volcanic Regions","Aleutian Ridge Volcanic Arc","Composite","Stratovolcano",NA,NA,"52.05","-174.95","560","No Data (checked)","Subduction zone / Intermediate crust (15-25 km)"
"311370","Isanotski Peaks","United States","North America Volcanic Regions","Aleutian Ridge Volcanic Arc","Composite","Stratovolcano",NA,NA,"54.765000000000001","-163.72300000000001","2446","No Data (checked)","Subduction zone / Continental crust (>25 km)"
"311800","Adagdak","United States","North America Volcanic Regions","Aleutian Ridge Volcanic Arc","Composite","Stratovolcano",NA,NA,"51.988","-176.59200000000001","610",NA,"Subduction zone / Intermediate crust (15-25 km)"
"311803","Gilbert","United States","North America Volcanic Regions","Aleutian Ridge Volcanic Arc","Composite","Stratovolcano",NA,NA,"54.25","-165.65","818",NA,"Subduction zone / Intermediate crust (15-25 km)"
"312801","Trader Mountain","United States","North America Volcanic Regions","Aleutian Ridge Volcanic Arc","Composite","Stratovolcano",NA,NA,"55.564999999999998","-161.94399999999999","775",NA,"Subduction zone / Continental crust (>25 km)"
"312803","Blue Mountain","United States","North America Volcanic Regions","Alaska Peninsula Volcanic Arc","Cluster","Volcanic field",NA,NA,"57.72","-156.84700000000001","541",NA,"Subduction zone / Continental crust (>25 km)"
"312804","Gertrude Creek","United States","North America Volcanic Regions","Alaska Peninsula Volcanic Arc","Minor","Pyroclastic cone",NA,NA,"58.033999999999999","-156.14599999999999","437",NA,"Subduction zone / Continental crust (>25 km)"
"312805","Devils Desk","United States","North America Volcanic Regions","Alaska Peninsula Volcanic Arc","Composite","Stratovolcano",NA,NA,"58.473999999999997","-154.30600000000001","1955",NA,"Subduction zone / Continental crust (>25 km)"
"312806","Savonovski River Cluster","United States","North America Volcanic Regions","Alaska Peninsula Volcanic Arc","Composite","Stratovolcano(es)",NA,NA,"58.55","-154.5","1298",NA,"Subduction zone / Continental crust (>25 km)"
"313800","Double Glacier","United States","North America Volcanic Regions","Alaska Peninsula Volcanic Arc","Minor","Lava dome(s)",NA,NA,"60.68","-152.62","1239",NA,"Subduction zone / Continental crust (>25 km)"
"314020","Nunivak Island","United States","North America Volcanic Regions","Northern Alaska-Bering Sea Volcanic Province","Cluster","Shield",NA,NA,"60.02","-166.33","511","Basalt / Picro-Basalt","Intraplate / Continental crust (>25 km)"
"314050","Kookooligit Mountains","United States","North America Volcanic Regions","Northern Alaska-Bering Sea Volcanic Province","Shield","Shield",NA,NA,"63.6","-170.43","673","Basalt / Picro-Basalt","Intraplate / Continental crust (>25 km)"
"314800","St. George","United States","North America Volcanic Regions","Northern Alaska-Bering Sea Volcanic Province","Cluster","Volcanic field",NA,NA,"56.58","-169.58","288",NA,"Intraplate / Continental crust (>25 km)"
"314803","Togiak Valley","United States","North America Volcanic Regions","Northern Alaska-Bering Sea Volcanic Province","Cluster","Volcanic field",NA,NA,"59.2","-160.08000000000001","300",NA,"Intraplate / Continental crust (>25 km)"
"314804","Ingrichuak Hills","United States","North America Volcanic Regions","Northern Alaska-Bering Sea Volcanic Province","Minor","Pyroclastic cone(s)",NA,NA,"62.22","-164.3","188",NA,"Intraplate / Continental crust (>25 km)"
"314805","Selawik Hills","United States","North America Volcanic Regions","Northern Alaska-Bering Sea Volcanic Province","Cluster","Pyroclastic cone(s)",NA,NA,"66.033000000000001","-160.06700000000001","365",NA,"Intraplate / Continental crust (>25 km)"
"314806","Espenberg","United States","North America Volcanic Regions","Northern Alaska-Bering Sea Volcanic Province","Cluster","Volcanic field",NA,NA,"66.349999999999994","-164.33","243",NA,"Intraplate / Continental crust (>25 km)"
"315010","Sanford","United States","North America Volcanic Regions","Wrangell Volcanic Arc","Shield","Shield",NA,NA,"62.213000000000001","-144.13","4959","Andesite / Basaltic Andesite","Intraplate / Continental crust (>25 km)"
"315021","Gordon","United States","North America Volcanic Regions","Wrangell Volcanic Arc","Minor","Pyroclastic cone(s)",NA,NA,"62.131500000000003","-143.089","2760","Basalt / Picro-Basalt","Subduction zone / Continental crust (>25 km)"
"315055","Addington Volcanic Field","United States","North America Volcanic Regions","Queen Charlotte Volcano Group","Cluster","Volcanic field",NA,NA,"55.44","-134.16999999999999","-74",NA,"Unknown"
"315100","Maclaren River Volcanic Field","United States","North America Volcanic Regions","Northern Cordilleran Volcanic Province","Minor","Volcanic field",NA,NA,"63.136899999999997","-146.32","1470",NA,"Unknown"
"315800","Prindle","United States","North America Volcanic Regions","Northern Cordilleran Volcanic Province","Minor","Pyroclastic cone",NA,NA,"63.716000000000001","-141.63399999999999","1245",NA,"Intraplate / Continental crust (>25 km)"
"315801","Capital","United States","North America Volcanic Regions","Wrangell Volcanic Arc","Shield","Shield",NA,NA,"62.43","-144.12","2356",NA,"Subduction zone / Continental crust (>25 km)"
"315802","Jumbo Dome","United States","North America Volcanic Regions","Alaska Peninsula Volcanic Arc","Minor","Lava dome",NA,NA,"63.966000000000001","-148.685","1369",NA,"Intraplate / Continental crust (>25 km)"
"315803","Drum","United States","North America Volcanic Regions","Wrangell Volcanic Arc","Composite","Stratovolcano",NA,NA,"62.12","-144.63","3661",NA,"Intraplate / Continental crust (>25 km)"
"315804","Tanada","United States","North America Volcanic Regions","Wrangell Volcanic Arc","Shield","Shield",NA,NA,"62.3","-143.52000000000001","2816",NA,"Subduction zone / Continental crust (>25 km)"
"315805","Jarvis","United States","North America Volcanic Regions","Wrangell Volcanic Arc","Composite","Stratovolcano",NA,NA,"62.024000000000001","-143.619","4112",NA,"Subduction zone / Continental crust (>25 km)"
"315808","Basalt Knob","United States","North America Volcanic Regions","Queen Charlotte Volcano Group","Minor","Cone",NA,NA,"58.03","-136.33000000000001","100",NA,"Intraplate / Continental crust (>25 km)"
"315809","Skookum Creek","United States","North America Volcanic Regions","Wrangell Volcanic Arc","Cluster","Lava dome(s)",NA,NA,"62.4","-143.14699999999999","2172",NA,"Intraplate / Continental crust (>25 km)"
"320130","Satah Mountain","Canada","North America Volcanic Regions","Interior Western Canada Volcanic Province","Cluster","Volcanic field",NA,NA,"52.417000000000002","-124.617","1923","Trachybasalt / Tephrite Basanite","Intraplate / Continental crust (>25 km)"
"320135","Baldface Mountain","Canada","North America Volcanic Regions","Interior Western Canada Volcanic Province","Cluster","Volcanic field",NA,NA,"52.741999999999997","-124.458","1798",NA,"Intraplate / Continental crust (>25 km)"
"320804","Kawdy Metah","Canada","North America Volcanic Regions","Northern Cordilleran Volcanic Province","Cluster","Volcanic field",NA,NA,"59.02","-131.15","1950",NA,"Intraplate / Continental crust (>25 km)"
"320805","Dark Mountain","Canada","North America Volcanic Regions","Northern Cordilleran Volcanic Province","Cluster","Volcanic field",NA,NA,"58.52","-129.6","1972",NA,"Intraplate / Continental crust (>25 km)"
"320806","Klastline Group","Canada","North America Volcanic Regions","Northern Cordilleran Volcanic Province","Cluster","Pyroclastic cone(s)",NA,NA,"57.88","-130.19999999999999","1980",NA,"Intraplate / Continental crust (>25 km)"
"320807","Hogum Range","Canada","North America Volcanic Regions","Northern Cordilleran Volcanic Province","Cluster","Volcanic field",NA,NA,"56.15","-126.7","2020",NA,"Intraplate / Continental crust (>25 km)"
"320808","Alice Arm","Canada","North America Volcanic Regions","Northern Cordilleran Volcanic Province","Cluster","Volcanic field",NA,NA,"55.43","-129.37","0",NA,"Intraplate / Continental crust (>25 km)"
"320809","Itcha Range","Canada","North America Volcanic Regions","Interior Western Canada Volcanic Province","Cluster","Shield",NA,NA,"52.667000000000002","-124.833","2371",NA,"Intraplate / Continental crust (>25 km)"
"320810","Chilcotin Group-North","Canada","North America Volcanic Regions","Interior Western Canada Volcanic Province","Cluster","Volcanic field",NA,NA,"51.45","-122.33","1800",NA,"Intraplate / Continental crust (>25 km)"
"320812","Squamish","Canada","North America Volcanic Regions","Garibaldi Volcanic Arc","Cluster","Volcanic field",NA,NA,"49.65","-123.22","790",NA,"Subduction zone / Continental crust (>25 km)"
"320813","Chilcotin Group-South","Canada","North America Volcanic Regions","Interior Western Canada Volcanic Province","Cluster","Volcanic field",NA,NA,"50.15","-119.62","2100",NA,"Subduction zone / Continental crust (>25 km)"
"320817","Quesnel Cone Group","Canada","North America Volcanic Regions","Interior Western Canada Volcanic Province","Minor","Pyroclastic cone(s)",NA,NA,"52.5","-121.17","1646",NA,"Intraplate / Continental crust (>25 km)"
"321800","Tumac Mountain","United States","North America Volcanic Regions","High Cascades Volcanic Arc","Minor","Pyroclastic cone",NA,NA,"46.713000000000001","-121.352","1932",NA,"Subduction zone / Continental crust (>25 km)"
"321801","Goat Rocks","United States","North America Volcanic Regions","High Cascades Volcanic Arc","Composite","Stratovolcano",NA,NA,"46.5","-121.4","2494",NA,"Subduction zone / Continental crust (>25 km)"
"321802","Marble Mountain","United States","North America Volcanic Regions","High Cascades Volcanic Arc","Shield","Shield",NA,NA,"46.109000000000002","-122.129","1255",NA,"Subduction zone / Continental crust (>25 km)"
"321803","Simcoe","United States","North America Volcanic Regions","High Cascades Volcanic Arc","Cluster","Volcanic field",NA,NA,"46.1","-120.9","1775",NA,"Subduction zone / Continental crust (>25 km)"
"322130","Lava Mountain","United States","North America Volcanic Regions","High Lava Plains Volcanic Province","Cluster","Volcanic field",NA,NA,"43.472000000000001","-120.754","1711","Basalt / Picro-Basalt","Rift zone / Continental crust (>25 km)"
"322140","Four Craters Lava Field","United States","North America Volcanic Regions","High Lava Plains Volcanic Province","Cluster","Volcanic field",NA,NA,"43.360999999999997","-120.669","1501","Basalt / Picro-Basalt","Rift zone / Continental crust (>25 km)"
"322800","Boring Lava","United States","North America Volcanic Regions","High Cascades Volcanic Arc","Cluster","Volcanic field",NA,NA,"45.3","-122.5","1236",NA,"Subduction zone / Continental crust (>25 km)"
"322801","Defiance","United States","North America Volcanic Regions","High Cascades Volcanic Arc","Shield","Shield",NA,NA,"45.649000000000001","-121.723","1512",NA,"Subduction zone / Continental crust (>25 km)"
"322802","Lost Lake Butte","United States","North America Volcanic Regions","High Cascades Volcanic Arc","Shield","Shield",NA,NA,"45.496000000000002","-121.79600000000001","1362",NA,"Subduction zone / Continental crust (>25 km)"
"322803","Wilson","United States","North America Volcanic Regions","High Cascades Volcanic Arc","Shield","Shield(s)",NA,NA,"45.066000000000003","-121.658","1707",NA,"Subduction zone / Continental crust (>25 km)"
"322804","Olallie Butte","United States","North America Volcanic Regions","High Cascades Volcanic Arc","Shield","Shield(s)",NA,NA,"44.82","-121.75","2199",NA,"Subduction zone / Continental crust (>25 km)"
"322805","Three Fingered Jack","United States","North America Volcanic Regions","High Cascades Volcanic Arc","Shield","Shield(s)",NA,NA,"44.48","-121.842","2390",NA,"Subduction zone / Continental crust (>25 km)"
"322806","Black Butte","United States","North America Volcanic Regions","High Cascades Volcanic Arc","Composite","Stratovolcano",NA,NA,"44.4","-121.63","1962",NA,"Subduction zone / Continental crust (>25 km)"
"322807","Washington","United States","North America Volcanic Regions","High Cascades Volcanic Arc","Shield","Shield",NA,NA,"44.332000000000001","-121.837","2376",NA,"Subduction zone / Continental crust (>25 km)"
"322808","Black Crater","United States","North America Volcanic Regions","High Cascades Volcanic Arc","Shield","Shield(s)",NA,NA,"44.265999999999998","-121.749","2210",NA,"Subduction zone / Continental crust (>25 km)"
"322809","Scott Mountain","United States","North America Volcanic Regions","High Cascades Volcanic Arc","Shield","Shield",NA,NA,"44.241","-121.91500000000001","1864",NA,"Subduction zone / Continental crust (>25 km)"
"322810","Tumalo","United States","North America Volcanic Regions","High Cascades Volcanic Arc","Minor","Lava dome(s)",NA,NA,"44.098999999999997","-121.541","1955",NA,"Subduction zone / Continental crust (>25 km)"
"322811","Broken Top","United States","North America Volcanic Regions","High Cascades Volcanic Arc","Composite","Stratovolcano",NA,NA,"44.08","-121.7","2797",NA,"Subduction zone / Continental crust (>25 km)"
"322812","Williamson Mountain","United States","North America Volcanic Regions","High Cascades Volcanic Arc","Shield","Shield(s)",NA,NA,"43.923999999999999","-121.825","1921",NA,"Subduction zone / Continental crust (>25 km)"
"322813","Irish Mountain","United States","North America Volcanic Regions","High Cascades Volcanic Arc","Shield","Shield",NA,NA,"43.850999999999999","-121.97499999999999","2101",NA,"Subduction zone / Continental crust (>25 km)"
"322814","Taylor Butte","United States","North America Volcanic Regions","High Cascades Volcanic Arc","Shield","Shield",NA,NA,"43.805","-122.018","1775",NA,"Subduction zone / Continental crust (>25 km)"
"322815","Cultus Mountain","United States","North America Volcanic Regions","High Cascades Volcanic Arc","Shield","Shield",NA,NA,"43.819000000000003","-121.871","2060",NA,"Subduction zone / Continental crust (>25 km)"
"322816","Wuksi Butte-Twin Lakes","United States","North America Volcanic Regions","High Cascades Volcanic Arc","Cluster","Volcanic field",NA,NA,"43.77","-121.77","1590",NA,"Subduction zone / Continental crust (>25 km)"
"322817","Cupit Mary Mountain","United States","North America Volcanic Regions","High Cascades Volcanic Arc","Shield","Shield",NA,NA,"43.731000000000002","-122.11","1879",NA,"Subduction zone / Continental crust (>25 km)"
"322818","Fuji Mountain","United States","North America Volcanic Regions","High Cascades Volcanic Arc","Shield","Shield(s)",NA,NA,"43.658999999999999","-122.10299999999999","2177",NA,"Subduction zone / Continental crust (>25 km)"
"322819","Maiden Peak","United States","North America Volcanic Regions","High Cascades Volcanic Arc","Shield","Shield(s)",NA,NA,"43.627000000000002","-121.965","2383",NA,"Subduction zone / Continental crust (>25 km)"
"322820","Red Top Mountain","United States","North America Volcanic Regions","High Cascades Volcanic Arc","Shield","Shield(s)",NA,NA,"43.51","-122.03","2118",NA,"Subduction zone / Continental crust (>25 km)"
"322821","Cowhorn Mountain","United States","North America Volcanic Regions","High Cascades Volcanic Arc","Shield","Shield(s)",NA,NA,"43.4","-122.054","2336",NA,"Subduction zone / Continental crust (>25 km)"
"322822","Cappy Mountain","United States","North America Volcanic Regions","High Cascades Volcanic Arc","Composite","Stratovolcano",NA,NA,"43.31","-121.979","2253",NA,"Subduction zone / Continental crust (>25 km)"
"322823","China Hat-East Butte","United States","North America Volcanic Regions","High Lava Plains Volcanic Province","Minor","Lava dome(s)",NA,NA,"43.680999999999997","-121.03400000000001","2004",NA,"Rift zone / Continental crust (>25 km)"
"322824","Quartz Mountain","United States","North America Volcanic Regions","High Lava Plains Volcanic Province","Minor","Lava dome",NA,NA,"43.628999999999998","-120.899","1885",NA,"Rift zone / Continental crust (>25 km)"
"322825","Fort Rock Volcanic Field","United States","North America Volcanic Regions","High Lava Plains Volcanic Province","Cluster","Maar(s)",NA,NA,"43.392000000000003","-121.142","1712",NA,"Subduction zone / Continental crust (>25 km)"
"322826","Diamond Peak","United States","North America Volcanic Regions","High Cascades Volcanic Arc","Shield","Shield",NA,NA,"43.521000000000001","-122.148","2665",NA,"Subduction zone / Continental crust (>25 km)"
"322827","Thielsen","United States","North America Volcanic Regions","High Cascades Volcanic Arc","Shield","Shield",NA,NA,"43.152999999999999","-122.065","2799",NA,"Subduction zone / Continental crust (>25 km)"
"322828","Bailey","United States","North America Volcanic Regions","High Cascades Volcanic Arc","Shield","Shield",NA,NA,"43.155000000000001","-122.21899999999999","2551",NA,"Subduction zone / Continental crust (>25 km)"
"322829","Goose Nest","United States","North America Volcanic Regions","High Cascades Volcanic Arc","Shield","Shield",NA,NA,"42.787999999999997","-122.154","2213",NA,"Subduction zone / Continental crust (>25 km)"
"322830","Big Bunchgrass","United States","North America Volcanic Regions","High Cascades Volcanic Arc","Minor","Pyroclastic cone",NA,NA,"42.703000000000003","-122.194","2024",NA,"Subduction zone / Continental crust (>25 km)"
"322831","Imagination Peak","United States","North America Volcanic Regions","High Cascades Volcanic Arc","Minor","Pyroclastic cone",NA,NA,"42.552","-122.20099999999999","1986",NA,"Subduction zone / Continental crust (>25 km)"
"322832","Sprague River Valley","United States","North America Volcanic Regions","Basin and Range Volcanic Province","Cluster","Shield(s)",NA,NA,"42.5","-121.5","1300",NA,"Intraplate / Continental crust (>25 km)"
"322833","Pelican Butte","United States","North America Volcanic Regions","High Cascades Volcanic Arc","Shield","Shield",NA,NA,"42.52","-122.13","2449",NA,"Subduction zone / Continental crust (>25 km)"
"322834","McLoughlin","United States","North America Volcanic Regions","High Cascades Volcanic Arc","Composite","Stratovolcano",NA,NA,"42.445","-122.315","2894",NA,"Subduction zone / Continental crust (>25 km)"
"322835","Brown Mountain","United States","North America Volcanic Regions","High Cascades Volcanic Arc","Shield","Shield",NA,NA,"42.365000000000002","-122.27","2228",NA,"Subduction zone / Continental crust (>25 km)"
"322836","Silver Creek","United States","North America Volcanic Regions","High Lava Plains Volcanic Province","Cluster","Volcanic field",NA,NA,"43.4","-119.5","1375",NA,"Intraplate / Continental crust (>25 km)"
"322837","Saddle Butte","United States","North America Volcanic Regions","High Lava Plains Volcanic Province","Cluster","Volcanic field",NA,NA,"43","-117.8","1700",NA,"Rift zone / Continental crust (>25 km)"
"322838","Lava Butte","United States","North America Volcanic Regions","High Lava Plains Volcanic Province","Shield","Shield(s)",NA,NA,"43.000999999999998","-117.422","1447",NA,"Rift zone / Continental crust (>25 km)"
"322841","Mountain Lakes","United States","North America Volcanic Regions","High Cascades Volcanic Arc","Cluster","Volcanic field",NA,NA,"42.32","-122.08","2502",NA,"Subduction zone / Continental crust (>25 km)"
"322842","Jackies Butte","United States","North America Volcanic Regions","High Lava Plains Volcanic Province","Cluster","Volcanic field",NA,NA,"42.606000000000002","-117.589","1418",NA,"Rift zone / Continental crust (>25 km)"
"323030","Brushy Butte","United States","North America Volcanic Regions","Basin and Range Volcanic Province","Shield","Shield",NA,NA,"41.177999999999997","-121.44499999999999","1168","Basalt / Picro-Basalt","Subduction zone / Continental crust (>25 km)"
"323040","Twin Buttes","United States","North America Volcanic Regions","Basin and Range Volcanic Province","Cluster","Pyroclastic cone(s)",NA,NA,"40.777000000000001","-121.59099999999999","1631","Basalt / Picro-Basalt","Subduction zone / Continental crust (>25 km)"
"323050","Silver Lake Volcanic Field","United States","North America Volcanic Regions","Basin and Range Volcanic Province","Cluster","Volcanic field",NA,NA,"40.731000000000002","-121.84099999999999","1535","Basalt / Picro-Basalt","Subduction zone / Continental crust (>25 km)"
"323060","Tumble Buttes","United States","North America Volcanic Regions","Basin and Range Volcanic Province","Minor","Pyroclastic cone(s)",NA,NA,"40.68","-121.55","2191","Andesite / Basaltic Andesite","Subduction zone / Continental crust (>25 km)"
"323090","Eagle Lake Field","United States","North America Volcanic Regions","Basin and Range Volcanic Province","Cluster","Fissure vent(s)",NA,NA,"40.630000000000003","-120.83","1652","Basalt / Picro-Basalt","Subduction zone / Continental crust (>25 km)"
"323170","Golden Trout Creek","United States","North America Volcanic Regions","Basin and Range Volcanic Province","Cluster","Volcanic field",NA,NA,"36.357999999999997","-118.32","2886","Basalt / Picro-Basalt","Rift zone / Continental crust (>25 km)"
"323180","Coso Volcanic Field","United States","North America Volcanic Regions","Basin and Range Volcanic Province","Cluster","Lava dome(s)",NA,NA,"36.03","-117.82","2400","Rhyolite","Rift zone / Continental crust (>25 km)"
"323190","Lavic Lake","United States","North America Volcanic Regions","Basin and Range Volcanic Province","Cluster","Volcanic field",NA,NA,"34.75","-116.625","1495","Basalt / Picro-Basalt","Rift zone / Continental crust (>25 km)"
"323800","Copco Lake","United States","North America Volcanic Regions","High Cascades Volcanic Arc","Minor","Pyroclastic cone(s)",NA,NA,"41.97","-122.33","975",NA,"Subduction zone / Continental crust (>25 km)"
"323801","Goosenest","United States","North America Volcanic Regions","High Cascades Volcanic Arc","Shield","Shield",NA,NA,"41.722000000000001","-122.22","2528",NA,"Subduction zone / Continental crust (>25 km)"
"323802","Whaleback","United States","North America Volcanic Regions","High Cascades Volcanic Arc","Shield","Shield",NA,NA,"41.527999999999999","-122.14","2605",NA,"Subduction zone / Continental crust (>25 km)"
"323803","Rainbow Mountain","United States","North America Volcanic Regions","High Cascades Volcanic Arc","Composite","Stratovolcano",NA,NA,"41.473999999999997","-121.956","2323",NA,"Subduction zone / Continental crust (>25 km)"
"323804","Hackamore","United States","North America Volcanic Regions","Basin and Range Volcanic Province","Cluster","Volcanic field",NA,NA,"41.67","-121.17","1703",NA,"Subduction zone / Continental crust (>25 km)"
"323805","Big Cave","United States","North America Volcanic Regions","Basin and Range Volcanic Province","Shield","Shield",NA,NA,"40.954999999999998","-121.36499999999999","1259",NA,"Subduction zone / Continental crust (>25 km)"
"323806","Cinder Butte","United States","North America Volcanic Regions","Basin and Range Volcanic Province","Shield","Shield",NA,NA,"40.869999999999997","-121.49","1337",NA,"Subduction zone / Continental crust (>25 km)"
"323807","Burney Mountain","United States","North America Volcanic Regions","Basin and Range Volcanic Province","Minor","Lava dome(s)",NA,NA,"40.805999999999997","-121.628","2397",NA,"Subduction zone / Continental crust (>25 km)"
"323808","Snow Mountain","United States","North America Volcanic Regions","Basin and Range Volcanic Province","Composite","Stratovolcano",NA,NA,"40.762999999999998","-121.798","2077",NA,"Subduction zone / Continental crust (>25 km)"
"323809","Magee Peak","United States","North America Volcanic Regions","Basin and Range Volcanic Province","Composite","Stratovolcano",NA,NA,"40.698","-121.619","2647",NA,"Subduction zone / Continental crust (>25 km)"
"323810","Blacks Mountain","United States","North America Volcanic Regions","Basin and Range Volcanic Province","Shield","Shield",NA,NA,"40.774999999999999","-121.191","2220",NA,"Subduction zone / Continental crust (>25 km)"
"323811","Potato Butte","United States","North America Volcanic Regions","Basin and Range Volcanic Province","Cluster","Shield(s)",NA,NA,"40.630000000000003","-121.43","1532",NA,"Subduction zone / Continental crust (>25 km)"
"323812","Latour Butte","United States","North America Volcanic Regions","Basin and Range Volcanic Province","Minor","Lava cone",NA,NA,"40.607999999999997","-121.709","2054",NA,"Subduction zone / Continental crust (>25 km)"
"323813","Caribou","United States","North America Volcanic Regions","Basin and Range Volcanic Province","Cluster","Volcanic field",NA,NA,"40.6","-121.15","2309",NA,"Subduction zone / Continental crust (>25 km)"
"323814","Red Lake Mountain","United States","North America Volcanic Regions","Basin and Range Volcanic Province","Minor","Pyroclastic cone",NA,NA,"40.570999999999998","-121.59399999999999","2036",NA,"Subduction zone / Continental crust (>25 km)"
"323815","Table Mountain","United States","North America Volcanic Regions","Basin and Range Volcanic Province","Composite","Stratovolcano",NA,NA,"40.557000000000002","-121.55","2097",NA,"Subduction zone / Continental crust (>25 km)"
"323816","Black Butte","United States","North America Volcanic Regions","Basin and Range Volcanic Province","Minor","Pyroclastic cone",NA,NA,"40.450000000000003","-122","813",NA,"Subduction zone / Continental crust (>25 km)"
"323817","Dittmar","United States","North America Volcanic Regions","Basin and Range Volcanic Province","Composite","Stratovolcano",NA,NA,"40.453000000000003","-121.34699999999999","2328",NA,"Subduction zone / Continental crust (>25 km)"
"323818","Sifford Mountain","United States","North America Volcanic Regions","Basin and Range Volcanic Province","Shield","Shield",NA,NA,"40.415999999999997","-121.41200000000001","2149",NA,"Subduction zone / Continental crust (>25 km)"
"323819","Maidu","United States","North America Volcanic Regions","Basin and Range Volcanic Province","Composite","Stratovolcano",NA,NA,"40.299999999999997","-121.62","2123",NA,"Subduction zone / Continental crust (>25 km)"
"323820","Inskip Hill","United States","North America Volcanic Regions","Basin and Range Volcanic Province","Minor","Pyroclastic cone(s)",NA,NA,"40.341000000000001","-121.943","945",NA,"Subduction zone / Continental crust (>25 km)"
"323821","Sutter Buttes","United States","North America Volcanic Regions","California Coast Ranges Volcano Group","Minor","Lava dome(s)",NA,NA,"39.206000000000003","-121.821","645",NA,"Subduction zone / Continental crust (>25 km)"
"323822","Long Valley","United States","North America Volcanic Regions","Basin and Range Volcanic Province","Caldera","Caldera",NA,NA,"37.700000000000003","-118.87","3390",NA,"Rift zone / Continental crust (>25 km)"
"323823","Big Pine Volcanic Field","United States","North America Volcanic Regions","Basin and Range Volcanic Province","Minor","Pyroclastic cone(s)",NA,NA,"37.049999999999997","-118.25","1950",NA,"Subduction zone / Continental crust (>25 km)"
"323824","Lava Mountains Volcanic Field","United States","North America Volcanic Regions","Basin and Range Volcanic Province","Minor","Lava dome(s)",NA,NA,"35.5","-117.5","1510",NA,"Unknown"
"323825","Cima Lava Field","United States","North America Volcanic Regions","Basin and Range Volcanic Province","Cluster","Volcanic field",NA,NA,"35.270000000000003","-115.75","1509",NA,"Rift zone / Continental crust (>25 km)"
"323826","Amboy","United States","North America Volcanic Regions","Basin and Range Volcanic Province","Minor","Pyroclastic cone",NA,NA,"34.549999999999997","-115.78","288",NA,"Rift zone / Continental crust (>25 km)"
"323827","Pinto Basin-Salton Creek","United States","North America Volcanic Regions","Basin and Range Volcanic Province","Cluster","Volcanic field",NA,NA,"33.9","-115.63","600",NA,"Subduction zone / Continental crust (>25 km)"
"324800","Sinker Butte","United States","North America Volcanic Regions","High Lava Plains Volcanic Province","Shield","Shield",NA,NA,"43.25","-116.62","1012",NA,"Rift zone / Continental crust (>25 km)"
"324801","Mountain Home-Kuna Lava Field","United States","North America Volcanic Regions","High Lava Plains Volcanic Province","Minor","Pyroclastic cone(s)",NA,NA,"43.2","-115.98","1040",NA,"Subduction zone / Continental crust (>25 km)"
"324802","Grande, Cerro","United States","North America Volcanic Regions","Yellowstone-Snake River Hotspot Volcano Group","Cluster","Fissure vent(s)",NA,NA,"43.45","-112.83","0",NA,"Rift zone / Continental crust (>25 km)"
"324803","Blackfoot Volcanic Field","United States","North America Volcanic Regions","Yellowstone-Snake River Hotspot Volcano Group","Cluster","Volcanic field",NA,NA,"42.77","-111.6433","2185",NA,"Intraplate / Continental crust (>25 km)"
"324804","Menan Buttes","United States","North America Volcanic Regions","Yellowstone-Snake River Hotspot Volcano Group","Minor","Tuff cone(s)",NA,NA,"43.773299999999999","-111.96939999999999","1713",NA,"Rift zone / Continental crust (>25 km)"
"325010","Yellowstone","United States","North America Volcanic Regions","Yellowstone-Snake River Hotspot Volcano Group","Caldera","Caldera(s)",NA,NA,"44.43","-110.67","2805","Rhyolite","Rift zone / Continental crust (>25 km)"
"325802","Leucite Hills","United States","North America Volcanic Regions","Basin and Range Volcanic Province","Cluster","Volcanic field",NA,NA,"41.8","-108.9","0",NA,"Rift zone / Continental crust (>25 km)"
"326800","Buffalo Valley","United States","North America Volcanic Regions","Basin and Range Volcanic Province","Cluster","Volcanic field",NA,NA,"40.35","-117.3","1750",NA,"Rift zone / Continental crust (>25 km)"
"326801","Steamboat Springs","United States","North America Volcanic Regions","Basin and Range Volcanic Province","Minor","Lava dome(s)",NA,NA,"39.375","-119.72","1415",NA,"Rift zone / Continental crust (>25 km)"
"326802","Aurora-Bodie","United States","North America Volcanic Regions","Basin and Range Volcanic Province","Cluster","Volcanic field",NA,NA,"38.32","-118.88","2365",NA,"Rift zone / Continental crust (>25 km)"
"326803","Lunar Crater","United States","North America Volcanic Regions","Basin and Range Volcanic Province","Cluster","Pyroclastic cone(s)",NA,NA,"38.479999999999997","-115.97","2255",NA,"Rift zone / Continental crust (>25 km)"
"326804","Clayton Valley","United States","North America Volcanic Regions","Basin and Range Volcanic Province","Minor","Pyroclastic cone",NA,NA,"37.82","-117.62","1490",NA,"Rift zone / Continental crust (>25 km)"
"326805","Crater Flat","United States","North America Volcanic Regions","Basin and Range Volcanic Province","Cluster","Volcanic field",NA,NA,"36.770000000000003","-116.55","1127",NA,"Rift zone / Continental crust (>25 km)"
"326810","Sheldon-Antelope","United States","North America Volcanic Regions","Basin and Range Volcanic Province","Cluster","Volcanic field",NA,NA,"41.8","-119.1","0",NA,"Rift zone / Continental crust (>25 km)"
"327010","Santa Clara","United States","North America Volcanic Regions","Basin and Range Volcanic Province","Cluster","Volcanic field",NA,NA,"37.256999999999998","-113.625","1465","Trachybasalt / Tephrite Basanite","Rift zone / Continental crust (>25 km)"
"327030","Bald Knoll","United States","North America Volcanic Regions","Basin and Range Volcanic Province","Minor","Pyroclastic cone(s)",NA,NA,"37.328000000000003","-112.408","2135","Basalt / Picro-Basalt","Rift zone / Continental crust (>25 km)"
"327800","Kolob","United States","North America Volcanic Regions","Basin and Range Volcanic Province","Cluster","Volcanic field",NA,NA,"37.33","-113.12","2727",NA,"Rift zone / Continental crust (>25 km)"
"327801","Mineral Mountains-Cove Fort","United States","North America Volcanic Regions","Basin and Range Volcanic Province","Cluster","Volcanic field",NA,NA,"38.58","-112.67","2770",NA,"Rift zone / Continental crust (>25 km)"
"327802","Smelter Knolls","United States","North America Volcanic Regions","Basin and Range Volcanic Province","Minor","Lava dome(s)",NA,NA,"39.433999999999997","-112.857","1555",NA,"Rift zone / Continental crust (>25 km)"
"327803","Fumarole Butte","United States","North America Volcanic Regions","Basin and Range Volcanic Province","Shield","Shield",NA,NA,"39.616","-112.803","1609",NA,"Rift zone / Continental crust (>25 km)"
"327810","Potrillo Volcanic Field","United States","North America Volcanic Regions","Basin and Range Volcanic Province","Cluster","Pyroclastic cone(s)",NA,NA,"31.98","-107.13","1695",NA,"Unknown"
"327811","Jornada del Muerto","United States","North America Volcanic Regions","Basin and Range Volcanic Province","Shield","Shield",NA,NA,"33.53","-106.87","1555",NA,"Rift zone / Continental crust (>25 km)"
"327813","Lucero","United States","North America Volcanic Regions","Basin and Range Volcanic Province","Cluster","Volcanic field",NA,NA,"34.42","-107.2","2395",NA,"Rift zone / Continental crust (>25 km)"
"327814","Taylor Volcanic Field","United States","North America Volcanic Regions","Basin and Range Volcanic Province","Composite","Stratovolcano",NA,NA,"35.33","-107.45","3460",NA,"Unknown"
"327815","Cat Hills","United States","North America Volcanic Regions","Basin and Range Volcanic Province","Cluster","Volcanic field",NA,NA,"34.83","-106.83","1750",NA,"Rift zone / Continental crust (>25 km)"
"327816","Albuquerque Volcanic Field","United States","North America Volcanic Regions","Basin and Range Volcanic Province","Cluster","Volcanic field",NA,NA,"35.119999999999997","-106.75","1800",NA,"Rift zone / Continental crust (>25 km)"
"327817","Valles Caldera","United States","North America Volcanic Regions","Basin and Range Volcanic Province","Caldera","Caldera",NA,NA,"35.908000000000001","-106.517","3441",NA,"Rift zone / Continental crust (>25 km)"
"327818","Taos Plateau","United States","North America Volcanic Regions","Basin and Range Volcanic Province","Cluster","Volcanic field",NA,NA,"36.83","-105.83","3087",NA,"Rift zone / Continental crust (>25 km)"
"327819","Ocate","United States","North America Volcanic Regions","Basin and Range Volcanic Province","Cluster","Volcanic field",NA,NA,"36.119999999999997","-104.75","3000",NA,"Rift zone / Continental crust (>25 km)"
"327820","Raton-Clayton","United States","North America Volcanic Regions","Basin and Range Volcanic Province","Cluster","Volcanic field",NA,NA,"36.42","-104.08","3350",NA,"Rift zone / Continental crust (>25 km)"
"328800","McCoy","United States","North America Volcanic Regions","Basin and Range Volcanic Province","Minor","Pyroclastic cone(s)",NA,NA,"39.97","-106.7","2402",NA,"Rift zone / Continental crust (>25 km)"
"328801","Willow Peak","United States","North America Volcanic Regions","Basin and Range Volcanic Province","Minor","Pyroclastic cone",NA,NA,"39.661999999999999","-107.17","3061",NA,"Rift zone / Continental crust (>25 km)"
"329801","Sentinel Plain","United States","North America Volcanic Regions","Basin and Range Volcanic Province","Cluster","Volcanic field",NA,NA,"32.799999999999997","-113.2","160",NA,"Rift zone / Continental crust (>25 km)"
"329802","Springerville Volcanic Field","United States","North America Volcanic Regions","Basin and Range Volcanic Province","Cluster","Volcanic field",NA,NA,"34.192","-109.629","3091",NA,"Unknown"
"329803","San Carlos","United States","North America Volcanic Regions","Basin and Range Volcanic Province","Cluster","Volcanic field",NA,NA,"33.25","-110.25","1000",NA,"Rift zone / Continental crust (>25 km)"
"329804","Geronimo","United States","North America Volcanic Regions","Basin and Range Volcanic Province","Cluster","Volcanic field",NA,NA,"32.5","-109.25","1300",NA,"Rift zone / Continental crust (>25 km)"
"331025","Vance Segment","Undersea Features","Eastern Pacific Volcanic Regions","Northeast Pacific Rifts Volcanic Province","Cluster","Fissure vent",NA,NA,"45.3","-130.1","-1985",NA,"Rift zone / Oceanic crust (< 15 km)"
"331033","Central Segment","United States","Eastern Pacific Volcanic Regions","Northeast Pacific Rifts Volcanic Province","Cluster","Fissure vent",NA,NA,"41.78","-127.10899999999999","-3300",NA,"Rift zone / Intermediate crust (15-25 km)"
"331034","Phoenix Segment","United States","Eastern Pacific Volcanic Regions","Northeast Pacific Rifts Volcanic Province","Cluster","Fissure vent",NA,NA,"41.404000000000003","-127.38","-3000",NA,"Rift zone / Intermediate crust (15-25 km)"
"331100","Tuzo Wilson Knolls","Canada","Eastern Pacific Volcanic Regions","Kodiak-Bowie Hotspot Volcano Group","Minor","Lava dome?",NA,NA,"51.38","-131.03","-1400",NA,"Intraplate / Oceanic crust (< 15 km)"
"331200","Bowie Seamount","Canada","Eastern Pacific Volcanic Regions","Kodiak-Bowie Hotspot Volcano Group","Minor","Lava dome",NA,NA,"53.3","-135.65","-30",NA,"Intraplate / Oceanic crust (< 15 km)"
"332080","Kaena","United States","Eastern Pacific Volcanic Regions","Hawaiian-Emperor Hotspot Volcano Group","Shield","Shield",NA,NA,"21.821999999999999","-158.77199999999999","-1200","No Data (checked)","Intraplate / Oceanic crust (< 15 km)"
"332800","Kohala","United States","Eastern Pacific Volcanic Regions","Hawaiian-Emperor Hotspot Volcano Group","Shield","Shield",NA,NA,"20.079999999999998","-155.72","1668",NA,"Intraplate / Oceanic crust (< 15 km)"
"332801","Kahoolawe","United States","Eastern Pacific Volcanic Regions","Hawaiian-Emperor Hotspot Volcano Group","Shield","Shield",NA,NA,"20.57","-156.57","450",NA,"Intraplate / Oceanic crust (< 15 km)"
"332802","Mahukona","United States","Eastern Pacific Volcanic Regions","Hawaiian-Emperor Hotspot Volcano Group","Minor","Cone",NA,NA,"20.170000000000002","-156.41999999999999","-1080",NA,"Intraplate / Oceanic crust (< 15 km)"
"332803","West Maui","United States","Eastern Pacific Volcanic Regions","Hawaiian-Emperor Hotspot Volcano Group","Shield","Shield",NA,NA,"20.88","-156.6","1764",NA,"Intraplate / Oceanic crust (< 15 km)"
"332804","Lanai","United States","Eastern Pacific Volcanic Regions","Hawaiian-Emperor Hotspot Volcano Group","Shield","Shield",NA,NA,"20.82","-156.85","1021",NA,"Intraplate / Oceanic crust (< 15 km)"
"332805","East Molokai","United States","Eastern Pacific Volcanic Regions","Hawaiian-Emperor Hotspot Volcano Group","Shield","Shield",NA,NA,"21.12","-156.87","1506",NA,"Intraplate / Oceanic crust (< 15 km)"
"332806","West Molokai","United States","Eastern Pacific Volcanic Regions","Hawaiian-Emperor Hotspot Volcano Group","Shield","Shield",NA,NA,"21.15","-157.16999999999999","418",NA,"Intraplate / Oceanic crust (< 15 km)"
"332807","Koolau","United States","Eastern Pacific Volcanic Regions","Hawaiian-Emperor Hotspot Volcano Group","Shield","Shield",NA,NA,"21.37","-157.80000000000001","941",NA,"Intraplate / Oceanic crust (< 15 km)"
"332808","Waianae","United States","Eastern Pacific Volcanic Regions","Hawaiian-Emperor Hotspot Volcano Group","Shield","Shield",NA,NA,"21.52","-158.15","1220",NA,"Intraplate / Oceanic crust (< 15 km)"
"332809","Kauai","United States","Eastern Pacific Volcanic Regions","Hawaiian-Emperor Hotspot Volcano Group","Shield","Shield",NA,NA,"22.07","-159.5","1668",NA,"Intraplate / Oceanic crust (< 15 km)"
"332810","Niihau","United States","Eastern Pacific Volcanic Regions","Hawaiian-Emperor Hotspot Volcano Group","Shield","Shield",NA,NA,"21.95","-160.08000000000001","390",NA,"Intraplate / Oceanic crust (< 15 km)"
"332811","Kaula","United States","Eastern Pacific Volcanic Regions","Hawaiian-Emperor Hotspot Volcano Group","Shield","Shield",NA,NA,"21.67","-160.55000000000001","194",NA,"Intraplate / Oceanic crust (< 15 km)"
"333800","Hiva Oa","France","Southern Pacific Volcanic Regions","Marquesas Hotspot Volcanic Group","Shield","Shield",NA,NA,"-9.7799999999999994","-139.03","1067",NA,"Intraplate / Oceanic crust (< 15 km)"
"333801","Fatu Hiva","France","Southern Pacific Volcanic Regions","Marquesas Hotspot Volcanic Group","Shield","Shield",NA,NA,"-10.47","-138.65","955",NA,"Intraplate / Oceanic crust (< 15 km)"
"333802","Moorea","France","Southern Pacific Volcanic Regions","Society Islands Hotspot Volcano Group","Shield","Shield",NA,NA,"-17.552","-149.82300000000001","1138",NA,"Intraplate / Oceanic crust (< 15 km)"
"333803","Tahiti-Nui","France","Southern Pacific Volcanic Regions","Society Islands Hotspot Volcano Group","Shield","Shield",NA,NA,"-17.696000000000002","-149.523","1631",NA,"Intraplate / Oceanic crust (< 15 km)"
"333804","Tahiti-Iti","France","Southern Pacific Volcanic Regions","Society Islands Hotspot Volcano Group","Shield","Shield",NA,NA,"-17.797999999999998","-149.23699999999999","1169",NA,"Intraplate / Oceanic crust (< 15 km)"
"333805","Aitutaki","New Zealand","Southern Pacific Volcanic Regions","Austral-Cook Hotspot Volcano Group","Shield","Shield",NA,NA,"-18.899999999999999","-159.77000000000001","124",NA,"Intraplate / Oceanic crust (< 15 km)"
"333806","Rarotonga","New Zealand","Southern Pacific Volcanic Regions","Austral-Cook Hotspot Volcano Group","Shield","Shield",NA,NA,"-21.23","-159.75","639",NA,"Intraplate / Oceanic crust (< 15 km)"
"333807","Rurutu","France","Southern Pacific Volcanic Regions","Austral-Cook Hotspot Volcano Group","Shield","Shield",NA,NA,"-22.45","-151.35","394",NA,"Intraplate / Oceanic crust (< 15 km)"
"333808","Pitcairn","United Kingdom","Southern Pacific Volcanic Regions","Pitcairn Hotspot Volcano Group","Shield","Shield",NA,NA,"-25.068000000000001","-130.113","313",NA,"Intraplate / Oceanic crust (< 15 km)"
"335010","Antipodes Island","New Zealand","Southern Pacific Volcanic Regions","Campbell Plateau Volcanic Province","Minor","Pyroclastic cone(s)",NA,NA,"-49.683999999999997","178.78100000000001","359","Basalt / Picro-Basalt","Intraplate / Oceanic crust (< 15 km)"
"335040","Pacific-Antarctic Ridge at 50.5°S","Undersea Features","Southern Pacific Volcanic Regions","Pacific-Antarctic Ridge Volcanic Province","Minor","Cone",NA,NA,"-50.457000000000001","-139.154","-594",NA,"Unknown"
"341000","Prieto, Cerro","Mexico","Eastern Pacific Volcanic Regions","Gulf of California Rift Volcanic Province","Minor","Lava dome",NA,NA,"32.417999999999999","-115.30500000000001","223","Dacite","Rift zone / Continental crust (>25 km)"
"341002","San Quintin Volcanic Field","Mexico","Eastern Pacific Volcanic Regions","Gulf of California Rift Volcanic Province","Cluster","Pyroclastic cone(s)",NA,NA,"30.466999999999999","-116.012","260","Trachybasalt / Tephrite Basanite","Rift zone / Continental crust (>25 km)"
"341005","Coronado","Mexico","Eastern Pacific Volcanic Regions","Gulf of California Rift Volcanic Province","Composite","Stratovolcano",NA,NA,"29.088999999999999","-113.515","443","No Data (checked)","Rift zone / Continental crust (>25 km)"
"341010","Tres Virgenes","Mexico","Eastern Pacific Volcanic Regions","Gulf of California Rift Volcanic Province","Composite","Stratovolcano(es)",NA,NA,"27.47","-112.59099999999999","1934","Andesite / Basaltic Andesite","Rift zone / Continental crust (>25 km)"
"341023","Isabel, Isla","Mexico","North America Volcanic Regions","Basin and Range Volcanic Province","Minor","Tuff cone(s)",NA,NA,"21.847999999999999","-105.886","95","Basalt / Picro-Basalt","Subduction zone / Continental crust (>25 km)"
"341081","Papayo","Mexico","Middle America-Caribbean Volcanic Regions","Trans-Mexican Volcanic Arc","Minor","Lava dome",NA,NA,"19.308","-98.7","3600","Dacite","Subduction zone / Continental crust (>25 km)"
"341094","Atlixcos, Los","Mexico","Middle America-Caribbean Volcanic Regions","Trans-Mexican Volcanic Arc","Shield","Shield",NA,NA,"19.809999999999999","-96.527000000000001","775","Basalt / Picro-Basalt","Subduction zone / Continental crust (>25 km)"
"341096","Cofre de Perote","Mexico","Middle America-Caribbean Volcanic Regions","Trans-Mexican Volcanic Arc","Composite","Compound",NA,NA,"19.492000000000001","-97.15","4282","Andesite / Basaltic Andesite","Subduction zone / Continental crust (>25 km)"
"341097","Gloria, La","Mexico","Middle America-Caribbean Volcanic Regions","Trans-Mexican Volcanic Arc","Cluster","Volcanic field",NA,NA,"19.329999999999998","-97.25","3500","Andesite / Basaltic Andesite","Subduction zone / Continental crust (>25 km)"
"341098","Cumbres,  Las","Mexico","Middle America-Caribbean Volcanic Regions","Trans-Mexican Volcanic Arc","Composite","Stratovolcano",NA,NA,"19.149999999999999","-97.27","3931","Andesite / Basaltic Andesite","Subduction zone / Continental crust (>25 km)"
"341800","Leon, Cerro","Mexico","Eastern Pacific Volcanic Regions","Gulf of California Rift Volcanic Province","Minor","Cone",NA,NA,"30.227","-114.655","280",NA,"Rift zone / Continental crust (>25 km)"
"341801","San Ignacio Volcanic Field","Mexico","Eastern Pacific Volcanic Regions","Gulf of California Rift Volcanic Province","Cluster","Volcanic field",NA,NA,"27.632999999999999","-113.05","1500",NA,"Rift zone / Oceanic crust (< 15 km)"
"341802","Aguajito, El","Mexico","Eastern Pacific Volcanic Regions","Gulf of California Rift Volcanic Province","Caldera","Caldera",NA,NA,"27.553999999999998","-112.55200000000001","1274",NA,"Rift zone / Continental crust (>25 km)"
"341803","Reforma, La","Mexico","Eastern Pacific Volcanic Regions","Gulf of California Rift Volcanic Province","Caldera","Caldera",NA,NA,"27.507999999999999","-112.392","1300",NA,"Rift zone / Continental crust (>25 km)"
"341804","Pulpito, Punta","Mexico","Eastern Pacific Volcanic Regions","Gulf of California Rift Volcanic Province","Minor","Lava dome",NA,NA,"26.516999999999999","-111.444","131",NA,"Rift zone / Continental crust (>25 km)"
"341805","Mencenares, Cerro","Mexico","Eastern Pacific Volcanic Regions","Gulf of California Rift Volcanic Province","Minor","Lava dome(s)",NA,NA,"26.28","-111.47","790",NA,"Rift zone / Continental crust (>25 km)"
"341806","Moctezuma Volcanic Field","Mexico","North America Volcanic Regions","Basin and Range Volcanic Province","Cluster","Volcanic field",NA,NA,"29.63","-109.52","0",NA,"Unknown"
"341807","Camargo Volcanic Field","Mexico","North America Volcanic Regions","Basin and Range Volcanic Province","Cluster","Pyroclastic cone(s)",NA,NA,"27.75","-104.42","1900",NA,"Intraplate / Continental crust (>25 km)"
"341808","Santo Domingo Volcanic Field","Mexico","North America Volcanic Regions","Basin and Range Volcanic Province","Cluster","Maar(s)",NA,NA,"22.83","-100.08","1550",NA,"Intraplate / Continental crust (>25 km)"
"341809","Ventura Volcanic Field","Mexico","North America Volcanic Regions","Basin and Range Volcanic Province","Cluster","Maar(s)",NA,NA,"22.35","-100.7","2035",NA,"Intraplate / Continental crust (>25 km)"
"341810","San Juan","Mexico","Middle America-Caribbean Volcanic Regions","Trans-Mexican Volcanic Arc","Composite","Stratovolcano(es)",NA,NA,"21.47","-104.97","2240",NA,"Subduction zone / Continental crust (>25 km)"
"341811","Navajas, Las","Mexico","Middle America-Caribbean Volcanic Regions","Trans-Mexican Volcanic Arc","Shield","Shield",NA,NA,"21.530999999999999","-104.729","1680",NA,"Subduction zone / Continental crust (>25 km)"
"341812","Santa Maria del Oro","Mexico","Middle America-Caribbean Volcanic Regions","Trans-Mexican Volcanic Arc","Minor","Maar",NA,NA,"21.370999999999999","-104.571","1120",NA,"Subduction zone / Continental crust (>25 km)"
"341813","Tepetiltic","Mexico","Middle America-Caribbean Volcanic Regions","Trans-Mexican Volcanic Arc","Composite","Stratovolcano",NA,NA,"21.27","-104.7","2020",NA,"Subduction zone / Continental crust (>25 km)"
"341814","San Pedro","Mexico","Middle America-Caribbean Volcanic Regions","Trans-Mexican Volcanic Arc","Caldera","Caldera",NA,NA,"21.17","-104.73","2000",NA,"Subduction zone / Continental crust (>25 km)"
"341815","San Sebastian Volcanic Field","Mexico","Middle America-Caribbean Volcanic Regions","Trans-Mexican Volcanic Arc","Cluster","Pyroclastic cone(s)",NA,NA,"20.83","-104.82","1780",NA,"Subduction zone / Continental crust (>25 km)"
"341816","Volcanes, Los","Mexico","Middle America-Caribbean Volcanic Regions","Trans-Mexican Volcanic Arc","Cluster","Volcanic field",NA,NA,"20.329999999999998","-104.5","2080",NA,"Subduction zone / Continental crust (>25 km)"
"341817","Northern Atenguillo","Mexico","Middle America-Caribbean Volcanic Regions","Trans-Mexican Volcanic Arc","Cluster","Shield(s)",NA,NA,"20.75","-104.5","1700",NA,"Subduction zone / Continental crust (>25 km)"
"341818","Tequila","Mexico","Middle America-Caribbean Volcanic Regions","Trans-Mexican Volcanic Arc","Composite","Stratovolcano",NA,NA,"20.788","-103.84699999999999","2920",NA,"Subduction zone / Continental crust (>25 km)"
"341819","Northern Guadalajara Mesa","Mexico","Middle America-Caribbean Volcanic Regions","Trans-Mexican Volcanic Arc","Cluster","Lava dome(s)",NA,NA,"20.88","-103.4","1820",NA,"Subduction zone / Continental crust (>25 km)"
"341820","Primavera, Sierra la","Mexico","Middle America-Caribbean Volcanic Regions","Trans-Mexican Volcanic Arc","Caldera","Caldera",NA,NA,"20.62","-103.52","2270",NA,"Subduction zone / Continental crust (>25 km)"
"341821","Southern Guadalajara","Mexico","Middle America-Caribbean Volcanic Regions","Trans-Mexican Volcanic Arc","Cluster","Volcanic field",NA,NA,"20.524999999999999","-103.242","2160",NA,"Subduction zone / Continental crust (>25 km)"
"341822","Acatlan Volcanic Field","Mexico","Middle America-Caribbean Volcanic Regions","Trans-Mexican Volcanic Arc","Caldera","Volcanic field",NA,NA,"20.45","-103.57","1990",NA,"Subduction zone / Continental crust (>25 km)"
"341823","Cantaro, Volcan el","Mexico","Middle America-Caribbean Volcanic Regions","Trans-Mexican Volcanic Arc","Composite","Stratovolcano",NA,NA,"19.72","-103.63","2920",NA,"Subduction zone / Continental crust (>25 km)"
"341824","Azufres, Los","Mexico","Middle America-Caribbean Volcanic Regions","Trans-Mexican Volcanic Arc","Caldera","Caldera",NA,NA,"19.850000000000001","-100.63","3400",NA,"Subduction zone / Continental crust (>25 km)"
"341825","Tlaloc","Mexico","Middle America-Caribbean Volcanic Regions","Trans-Mexican Volcanic Arc","Composite","Stratovolcano",NA,NA,"19.411000000000001","-98.712999999999994","4120",NA,"Subduction zone / Continental crust (>25 km)"
"341826","Telapon","Mexico","Middle America-Caribbean Volcanic Regions","Trans-Mexican Volcanic Arc","Composite","Stratovolcano",NA,NA,"19.37","-98.72","4080",NA,"Subduction zone / Continental crust (>25 km)"
"341827","Acoculco","Mexico","Middle America-Caribbean Volcanic Regions","Trans-Mexican Volcanic Arc","Caldera","Caldera",NA,NA,"19.97","-98.2","3020",NA,"Subduction zone / Continental crust (>25 km)"
"341828","Grande, Cerro","Mexico","Middle America-Caribbean Volcanic Regions","Trans-Mexican Volcanic Arc","Cluster","Volcanic field",NA,NA,"19.62","-97.93","3050",NA,"Subduction zone / Continental crust (>25 km)"
"341830","San Martin Pajapan","Mexico","Middle America-Caribbean Volcanic Regions","Trans-Mexican Volcanic Arc","Composite","Stratovolcano(es)",NA,NA,"18.303000000000001","-94.73","1250",NA,"Subduction zone / Continental crust (>25 km)"
"341831","Apas-Navenchauc","Mexico","Middle America-Caribbean Volcanic Regions","Chiapanecan Volcanic Arc","Caldera","Caldera(s)",NA,NA,"16.716000000000001","-92.786000000000001","0",NA,"Subduction zone / Continental crust (>25 km)"
"341832","Huitepec","Mexico","Middle America-Caribbean Volcanic Regions","Chiapanecan Volcanic Arc","Minor","Lava dome",NA,NA,"16.742999999999999","-92.694000000000003","2744",NA,"Subduction zone / Continental crust (>25 km)"
"341833","Mispia","Mexico","Middle America-Caribbean Volcanic Regions","Chiapanecan Volcanic Arc","Minor","Lava dome(s)",NA,NA,"16.446999999999999","-92.539000000000001","1750",NA,"Subduction zone / Continental crust (>25 km)"
"341836","Aldama Volcanic Field","Mexico","North America Volcanic Regions","Basin and Range Volcanic Province","Cluster","Volcanic field",NA,NA,"23.2","-98.02","600",NA,"Intraplate / Continental crust (>25 km)"
"341837","Flores, Los","Mexico","North America Volcanic Regions","Basin and Range Volcanic Province","Cluster","Volcanic field",NA,NA,"22.58","-99.38","520",NA,"Intraplate / Continental crust (>25 km)"
"341838","Apan-Tezontepec","Mexico","Middle America-Caribbean Volcanic Regions","Trans-Mexican Volcanic Arc","Cluster","Volcanic field",NA,NA,"19.75","-98.5","3100",NA,"Subduction zone / Continental crust (>25 km)"
"342190","Ipala","Guatemala","Middle America-Caribbean Volcanic Regions","Central America Volcanic Arc","Composite","Stratovolcano",NA,NA,"14.557399999999999","-89.639799999999994","1650","Basalt / Picro-Basalt","Subduction zone / Continental crust (>25 km)"
"342200","Chiquimula Volcanic Field","Guatemala","Middle America-Caribbean Volcanic Regions","Central America Volcanic Arc","Cluster","Volcanic field",NA,NA,"14.83","-89.55","1192","Basalt / Picro-Basalt","Subduction zone / Continental crust (>25 km)"
"342800","Santo Tomas-Zunil","Guatemala","Middle America-Caribbean Volcanic Regions","Central America Volcanic Arc","Composite","Stratovolcano(es)",NA,NA,"14.71","-91.478999999999999","3542",NA,"Subduction zone / Continental crust (>25 km)"
"342801","Cuxliquel","Guatemala","Middle America-Caribbean Volcanic Regions","Central America Volcanic Arc","Minor","Lava dome(s)",NA,NA,"14.888999999999999","-91.397999999999996","3029",NA,"Subduction zone / Continental crust (>25 km)"
"342802","Barahona","Guatemala","Middle America-Caribbean Volcanic Regions","Central America Volcanic Arc","Caldera","Caldera(s)",NA,NA,"14.55","-90.78","2282",NA,"Subduction zone / Continental crust (>25 km)"
"342803","Pueblo Nuevo Viñas","Guatemala","Middle America-Caribbean Volcanic Regions","Central America Volcanic Arc","Composite","Stratovolcano",NA,NA,"14.199","-90.504999999999995","1939",NA,"Subduction zone / Continental crust (>25 km)"
"342804","Piedra Grande","Guatemala","Middle America-Caribbean Volcanic Regions","Central America Volcanic Arc","Composite","Stratovolcano(es)",NA,NA,"14.25","-90.4","1640",NA,"Subduction zone / Continental crust (>25 km)"
"342805","Ixhuatan","Guatemala","Middle America-Caribbean Volcanic Regions","Central America Volcanic Arc","Composite","Complex",NA,NA,"14.161","-90.286000000000001","1675",NA,"Subduction zone / Continental crust (>25 km)"
"342806","Ayarza","Guatemala","Middle America-Caribbean Volcanic Regions","Central America Volcanic Arc","Caldera","Caldera(s)",NA,NA,"14.42","-90.12","1409",NA,"Subduction zone / Continental crust (>25 km)"
"342807","Alutate, Cerro","Guatemala","Middle America-Caribbean Volcanic Regions","Central America Volcanic Arc","Composite","Stratovolcano",NA,NA,"14.647","-90.144000000000005","2116",NA,"Subduction zone / Continental crust (>25 km)"
"342808","Guistepeque Volcanic Field","Guatemala","Middle America-Caribbean Volcanic Regions","Central America Volcanic Arc","Cluster","Pyroclastic cone(s)",NA,NA,"14.5","-89.733000000000004","1358",NA,"Subduction zone / Continental crust (>25 km)"
"342809","Siete Orejas","Guatemala","Middle America-Caribbean Volcanic Regions","Central America Volcanic Arc","Composite","Stratovolcano",NA,NA,"14.82","-91.62","3370",NA,"Subduction zone / Continental crust (>25 km)"
"342810","San Pedro","Guatemala","Middle America-Caribbean Volcanic Regions","Central America Volcanic Arc","Composite","Stratovolcano",NA,NA,"14.656000000000001","-91.266999999999996","3020",NA,"Subduction zone / Continental crust (>25 km)"
"342811","Jumay Volcanic Field","Guatemala","Middle America-Caribbean Volcanic Regions","Central America Volcanic Arc","Composite","Stratovolcano",NA,NA,"14.694000000000001","-89.992999999999995","2174",NA,"Subduction zone / Continental crust (>25 km)"
"342812","Ananopa, Cerro","Guatemala","Middle America-Caribbean Volcanic Regions","Central America Volcanic Arc","Cluster","Volcanic field",NA,NA,"14.9","-89.93","386",NA,"Subduction zone / Continental crust (>25 km)"
"342813","Redondo, Cerro","El Salvador-Guatemala","Middle America-Caribbean Volcanic Regions","Central America Volcanic Arc","Shield","Shield(s)",NA,NA,"14.263","-89.609300000000005","764",NA,"Subduction zone / Continental crust (>25 km)"
"343001","San Diego","El Salvador","Middle America-Caribbean Volcanic Regions","Central America Volcanic Arc","Cluster","Volcanic field",NA,NA,"14.27","-89.48","781","Basalt / Picro-Basalt","Subduction zone / Continental crust (>25 km)"
"343052","Guazapa","El Salvador","Middle America-Caribbean Volcanic Regions","Central America Volcanic Arc","Composite","Stratovolcano",NA,NA,"13.9","-89.12","1438","Basalt / Picro-Basalt","Subduction zone / Continental crust (>25 km)"
"343071","Apastepeque Field","El Salvador","Middle America-Caribbean Volcanic Regions","Central America Volcanic Arc","Cluster","Volcanic field",NA,NA,"13.6958","-88.772199999999998","700","Dacite","Subduction zone / Continental crust (>25 km)"
"343110","Conchagua","El Salvador","Middle America-Caribbean Volcanic Regions","Central America Volcanic Arc","Composite","Stratovolcano",NA,NA,"13.275","-87.844999999999999","1225","Basalt / Picro-Basalt","Subduction zone / Continental crust (>25 km)"
"343120","Conchaguita","El Salvador","Middle America-Caribbean Volcanic Regions","Central America Volcanic Arc","Composite","Stratovolcano",NA,NA,"13.228999999999999","-87.766999999999996","505","Basalt / Picro-Basalt","Subduction zone / Continental crust (>25 km)"
"343160","Utila Volcanic Center","Honduras","Middle America-Caribbean Volcanic Regions","Central America Volcanic Arc","Minor","Pyroclastic cone(s)",NA,NA,"16.113","-86.888000000000005","51","Basalt / Picro-Basalt","Subduction zone / Continental crust (>25 km)"
"343800","Masahuat Volcanic Field","El Salvador","Middle America-Caribbean Volcanic Regions","Central America Volcanic Arc","Composite","Stratovolcano",NA,NA,"14.2","-89.4","1005",NA,"Subduction zone / Continental crust (>25 km)"
"343801","Tablas, Cerro las","El Salvador","Middle America-Caribbean Volcanic Regions","Central America Volcanic Arc","Composite","Stratovolcano(es)",NA,NA,"14.07","-89.4","782",NA,"Subduction zone / Continental crust (>25 km)"
"343802","Limones Volcanic Field, Los","El Salvador","Middle America-Caribbean Volcanic Regions","Central America Volcanic Arc","Minor","Pyroclastic cone(s)",NA,NA,"14.05","-89.13","420",NA,"Subduction zone / Continental crust (>25 km)"
"343803","Cacahuatique, Cerro","El Salvador","Middle America-Caribbean Volcanic Regions","Central America Volcanic Arc","Composite","Stratovolcano",NA,NA,"13.75","-88.2","1500",NA,"Subduction zone / Continental crust (>25 km)"
"343804","Buena Vista, Cerro","El Salvador","Middle America-Caribbean Volcanic Regions","Central America Volcanic Arc","Composite","Stratovolcano",NA,NA,"13.25","-88.15","750",NA,"Subduction zone / Continental crust (>25 km)"
"343805","Yayantique, Cerro","El Salvador","Middle America-Caribbean Volcanic Regions","Central America Volcanic Arc","Composite","Stratovolcano(es)",NA,NA,"13.435","-87.998999999999995","613",NA,"Subduction zone / Continental crust (>25 km)"
"343806","La Union Norte Volcanic Field","El Salvador","Middle America-Caribbean Volcanic Regions","Central America Volcanic Arc","Cluster","Volcanic field",NA,NA,"13.67","-87.82","377",NA,"Subduction zone / Continental crust (>25 km)"
"343807","Zacatillo, Isla","El Salvador","Middle America-Caribbean Volcanic Regions","Central America Volcanic Arc","Minor","Pyroclastic cone(s)",NA,NA,"13.295","-87.760999999999996","158",NA,"Subduction zone / Continental crust (>25 km)"
"343815","Lolotique, Cerro","El Salvador","Middle America-Caribbean Volcanic Regions","Central America Volcanic Arc","Unknown","Unknown",NA,NA,"13.558999999999999","-88.364000000000004","804",NA,"Subduction zone / Continental crust (>25 km)"
"343816","Meanguera, Isla","El Salvador","Middle America-Caribbean Volcanic Regions","Central America Volcanic Arc","Composite","Stratovolcano(es)",NA,NA,"13.19","-87.72","468",NA,"Subduction zone / Continental crust (>25 km)"
"343817","Izopo, Montaña de","Honduras","Middle America-Caribbean Volcanic Regions","Central America Volcanic Arc","Shield","Shield(s)",NA,NA,"13.92","-87.15","2020",NA,"Subduction zone / Continental crust (>25 km)"
"343818","Hule, Cerro de","Honduras","Middle America-Caribbean Volcanic Regions","Central America Volcanic Arc","Shield","Shield",NA,NA,"13.95","-87.23","1725",NA,"Subduction zone / Continental crust (>25 km)"
"343819","Gavilantepeque, Cerro","Honduras","Middle America-Caribbean Volcanic Regions","Central America Volcanic Arc","Shield","Shield",NA,NA,"14","-87.18","1280",NA,"Subduction zone / Continental crust (>25 km)"
"343820","Pedregal, El","Honduras","Middle America-Caribbean Volcanic Regions","Central America Volcanic Arc","Shield","Shield",NA,NA,"14.1","-87.27","1593",NA,"Subduction zone / Continental crust (>25 km)"
"343821","Calanterique, Cerro","Honduras","Middle America-Caribbean Volcanic Regions","Central America Volcanic Arc","Minor","Lava cone",NA,NA,"14.6","-87.87","0",NA,"Subduction zone / Continental crust (>25 km)"
"344060","Rota","Nicaragua","Middle America-Caribbean Volcanic Regions","Central America Volcanic Arc","Composite","Stratovolcano",NA,NA,"12.55","-86.75","832","Andesite / Basaltic Andesite","Subduction zone / Continental crust (>25 km)"
"344130","Maderas","Nicaragua","Middle America-Caribbean Volcanic Regions","Central America Volcanic Arc","Composite","Stratovolcano",NA,NA,"11.446","-85.515000000000001","1394","Trachyandesite / Basaltic Trachyandesite","Subduction zone / Continental crust (>25 km)"
"344131","Esteli","Nicaragua","Middle America-Caribbean Volcanic Regions","Central America Volcanic Arc","Cluster","Fissure vent(s)",NA,NA,"13.17","-86.4","899","Basalt / Picro-Basalt","Subduction zone / Continental crust (>25 km)"
"344132","Ciguatepe, Cerro el","Nicaragua","Middle America-Caribbean Volcanic Regions","Central America Volcanic Arc","Composite","Stratovolcano",NA,NA,"12.5351","-86.143900000000002","603","Basalt / Picro-Basalt","Subduction zone / Continental crust (>25 km)"
"344133","Lajas, Las","Nicaragua","Middle America-Caribbean Volcanic Regions","Central America Volcanic Arc","Caldera","Caldera",NA,NA,"12.304500000000001","-85.729299999999995","926","Basalt / Picro-Basalt","Subduction zone / Continental crust (>25 km)"
"344140","Azul, Volcan","Nicaragua","Middle America-Caribbean Volcanic Regions","Central America Volcanic Arc","Minor","Pyroclastic cone(s)",NA,NA,"12.548999999999999","-83.968000000000004","203","Trachybasalt / Tephrite Basanite","Subduction zone / Intermediate crust (15-25 km)"
"344801","Malpaisillo","Nicaragua","Middle America-Caribbean Volcanic Regions","Central America Volcanic Arc","Unknown","Pyroclastic shield",NA,NA,"12.58","-86.6","181",NA,"Subduction zone / Continental crust (>25 km)"
"344802","Apoyo","Nicaragua","Middle America-Caribbean Volcanic Regions","Central America Volcanic Arc","Caldera","Caldera",NA,NA,"11.92","-86.03","600",NA,"Subduction zone / Continental crust (>25 km)"
"344803","San Jacinto, Cerro","Nicaragua","Middle America-Caribbean Volcanic Regions","Central America Volcanic Arc","Composite","Stratovolcano",NA,NA,"12.37","-86.02","300",NA,"Subduction zone / Continental crust (>25 km)"
"344805","Tambor Grande","Nicaragua","Middle America-Caribbean Volcanic Regions","Central America Volcanic Arc","Caldera","Caldera",NA,NA,"10.97","-84.08","648",NA,"Subduction zone / Intermediate crust (15-25 km)"
"345800","Chopo, Cerro","Costa Rica","Middle America-Caribbean Volcanic Regions","Central America Volcanic Arc","Minor","Pyroclastic cone",NA,NA,"10.472","-85.07","402",NA,"Subduction zone / Continental crust (>25 km)"
"345801","Tilaran, Cerro","Costa Rica","Middle America-Caribbean Volcanic Regions","Central America Volcanic Arc","Shield","Shield",NA,NA,"10.4665","-84.976500000000001","636",NA,"Subduction zone / Continental crust (>25 km)"
"345802","Perdidos, Los","Costa Rica","Middle America-Caribbean Volcanic Regions","Central America Volcanic Arc","Caldera","Caldera",NA,NA,"10.403","-84.674999999999997","1357",NA,"Subduction zone / Continental crust (>25 km)"
"345803","Poco Sol, Laguna","Costa Rica","Middle America-Caribbean Volcanic Regions","Central America Volcanic Arc","Minor","Explosion crater(?)",NA,NA,"10.35","-84.67","789",NA,"Subduction zone / Continental crust (>25 km)"
"345804","San Miguel, Cerro","Costa Rica","Middle America-Caribbean Volcanic Regions","Central America Volcanic Arc","Minor","Lava dome",NA,NA,"10.022","-84.707999999999998","414",NA,"Subduction zone / Continental crust (>25 km)"
"345805","Mercedes, Cerro las","Costa Rica","Middle America-Caribbean Volcanic Regions","Central America Volcanic Arc","Minor","Pyroclastic cone",NA,NA,"10.97","-84.35","190",NA,"Rift zone / Oceanic crust (< 15 km)"
"345806","Negro, Cerro","Costa Rica","Middle America-Caribbean Volcanic Regions","Central America Volcanic Arc","Shield","Shield",NA,NA,"10.462","-83.855000000000004","136",NA,"Subduction zone / Continental crust (>25 km)"
"345807","Colorado, Lomas de","Costa Rica","Middle America-Caribbean Volcanic Regions","Central America Volcanic Arc","Shield","Shield(s)",NA,NA,"10.657999999999999","-83.721000000000004","229",NA,"Subduction zone / Continental crust (>25 km)"
"345808","Tortuguero","Costa Rica","Middle America-Caribbean Volcanic Regions","Central America Volcanic Arc","Minor","Pyroclastic cone",NA,NA,"10.586","-83.53","119",NA,"Unknown"
"345809","Sierpe, Lomas de","Costa Rica","Middle America-Caribbean Volcanic Regions","Central America Volcanic Arc","Shield","Shield(s)",NA,NA,"10.375999999999999","-83.545000000000002","311",NA,"Subduction zone / Continental crust (>25 km)"
"345810","Durika","Costa Rica","Middle America-Caribbean Volcanic Regions","Central America Volcanic Arc","Minor","Lava dome(s)",NA,NA,"9.3740000000000006","-83.302000000000007","3257",NA,"Subduction zone / Continental crust (>25 km)"
"345811","Coco, Isla del","Costa Rica","Eastern Pacific Volcanic Regions","Cocos Ridge Volcanic Province","Shield","Shield",NA,NA,"5.53","-87.081999999999994","575",NA,"Intraplate / Oceanic crust (< 15 km)"
"346030","Valle, El","Panama","Middle America-Caribbean Volcanic Regions","Central America Volcanic Arc","Composite","Stratovolcano",NA,NA,"8.6071000000000009","-80.127799999999993","1185","Dacite","Subduction zone / Continental crust (>25 km)"
"346800","Tisingal","Panama","Middle America-Caribbean Volcanic Regions","Central America Volcanic Arc","Composite","Stratovolcano",NA,NA,"8.8800000000000008","-82.67","2986",NA,"Subduction zone / Continental crust (>25 km)"
"346801","Yeguada, La","Panama","Middle America-Caribbean Volcanic Regions","Central America Volcanic Arc","Composite","Stratovolcano",NA,NA,"8.4700000000000006","-80.819999999999993","1297",NA,"Subduction zone / Continental crust (>25 km)"
"351001","San Diego","Colombia","South America Volcanic Regions","Northern Andean Volcanic Arc","Minor","Maar",NA,NA,"5.65","-74.960999999999999","1163",NA,NA
"351002","Escondido, El","Colombia","South America Volcanic Regions","Northern Andean Volcanic Arc","Minor","Lava dome",NA,NA,"5.5140000000000002","-75.043000000000006","1620",NA,NA
"351062","Petacas","Colombia","South America Volcanic Regions","Northern Andean Volcanic Arc","Minor","Lava dome",NA,NA,"1.6214999999999999","-76.842500000000001","4007","No Data (checked)","Subduction zone / Continental crust (>25 km)"
"351800","Santa Rosa","Colombia","South America Volcanic Regions","Northern Andean Volcanic Arc","Shield","Shield",NA,NA,"4.8","-75.457999999999998","4584",NA,"Subduction zone / Continental crust (>25 km)"
"351801","Quindio, Nevado del","Colombia","South America Volcanic Regions","Northern Andean Volcanic Arc","Composite","Stratovolcano",NA,NA,"4.7009999999999996","-75.385999999999996","4756",NA,"Subduction zone / Continental crust (>25 km)"
"351807","Merenberg-Pensil Volcanic Field","Colombia","South America Volcanic Regions","Northern Andean Volcanic Arc","Cluster","Volcanic field",NA,NA,"2.2189000000000001","-76.116699999999994","2500",NA,"Subduction zone / Continental crust (>25 km)"
"351808","San Augustin-Isnos","Colombia","South America Volcanic Regions","Northern Andean Volcanic Arc","Cluster","Volcanic field",NA,NA,"1.92","-76.23","1900",NA,"Subduction zone / Continental crust (>25 km)"
"351809","Cutanga","Colombia","South America Volcanic Regions","Northern Andean Volcanic Arc","Caldera","Unknown",NA,NA,"1.875","-76.525000000000006","3900",NA,"Subduction zone / Continental crust (>25 km)"
"351810","Animas","Colombia","South America Volcanic Regions","Northern Andean Volcanic Arc","Composite","Stratovolcano",NA,NA,"1.5680000000000001","-76.856999999999999","4180",NA,"Subduction zone / Continental crust (>25 km)"
"352800","Yanaurcu de Pinan","Ecuador","South America Volcanic Regions","Northern Andean Volcanic Arc","Composite","Stratovolcano",NA,NA,"0.48399999999999999","-78.328999999999994","4535",NA,"Subduction zone / Continental crust (>25 km)"
"352801","Pilavo","Ecuador","South America Volcanic Regions","Northern Andean Volcanic Arc","Composite","Stratovolcano",NA,NA,"0.52600000000000002","-78.364999999999995","4254",NA,"Subduction zone / Continental crust (>25 km)"
"352802","Cotacachi","Ecuador","South America Volcanic Regions","Northern Andean Volcanic Arc","Composite","Stratovolcano",NA,NA,"0.36399999999999999","-78.350999999999999","4939",NA,"Subduction zone / Continental crust (>25 km)"
"352803","Cusin","Ecuador","South America Volcanic Regions","Northern Andean Volcanic Arc","Composite","Stratovolcano",NA,NA,"0.127","-78.153999999999996","3989",NA,"Subduction zone / Continental crust (>25 km)"
"352804","Chalpatan","Ecuador","South America Volcanic Regions","Northern Andean Volcanic Arc","Caldera","Caldera",NA,NA,"0.71099999999999997","-77.784000000000006","3624",NA,"Subduction zone / Continental crust (>25 km)"
"352805","Chiltazon","Ecuador","South America Volcanic Regions","Northern Andean Volcanic Arc","Composite","Stratovolcano",NA,NA,"0.68700000000000006","-78.021000000000001","3967",NA,"Subduction zone / Continental crust (>25 km)"
"352806","Iguan","Ecuador","South America Volcanic Regions","Northern Andean Volcanic Arc","Composite","Stratovolcano",NA,NA,"0.621","-78.007000000000005","3870",NA,"Subduction zone / Continental crust (>25 km)"
"352807","Pambamarca","Ecuador","South America Volcanic Regions","Northern Andean Volcanic Arc","Composite","Stratovolcano",NA,NA,"-7.5999999999999998E-2","-78.206999999999994","4076",NA,"Subduction zone / Continental crust (>25 km)"
"352808","Casitagua","Ecuador","South America Volcanic Regions","Northern Andean Volcanic Arc","Composite","Stratovolcano",NA,NA,"-3.5999999999999997E-2","-78.48","3501",NA,"Subduction zone / Continental crust (>25 km)"
"352809","Puntas, Cerro","Ecuador","South America Volcanic Regions","Northern Andean Volcanic Arc","Composite","Stratovolcano",NA,NA,"-0.17399999999999999","-78.2","4348",NA,"Subduction zone / Continental crust (>25 km)"
"352810","Ilalo","Ecuador","South America Volcanic Regions","Northern Andean Volcanic Arc","Composite","Stratovolcano",NA,NA,"-0.25900000000000001","-78.418000000000006","3185",NA,"Subduction zone / Continental crust (>25 km)"
"352811","Pasochoa","Ecuador","South America Volcanic Regions","Northern Andean Volcanic Arc","Composite","Stratovolcano",NA,NA,"-0.46200000000000002","-78.477999999999994","4199",NA,"Subduction zone / Continental crust (>25 km)"
"352812","Pan de Azucar","Ecuador","South America Volcanic Regions","Northern Andean Volcanic Arc","Composite","Stratovolcano",NA,NA,"-0.43","-77.72","3482",NA,"Subduction zone / Continental crust (>25 km)"
"352813","Sincholagua","Ecuador","South America Volcanic Regions","Northern Andean Volcanic Arc","Composite","Stratovolcano",NA,NA,"-0.53400000000000003","-78.370999999999995","4893",NA,"Subduction zone / Continental crust (>25 km)"
"352814","Ruminahui","Ecuador","South America Volcanic Regions","Northern Andean Volcanic Arc","Composite","Stratovolcano",NA,NA,"-0.57799999999999996","-78.504000000000005","4712",NA,"Subduction zone / Continental crust (>25 km)"
"352815","Corazon","Ecuador","South America Volcanic Regions","Northern Andean Volcanic Arc","Composite","Stratovolcano",NA,NA,"-0.52800000000000002","-78.658000000000001","4786",NA,"Subduction zone / Continental crust (>25 km)"
"352816","Santa Cruz","Ecuador","South America Volcanic Regions","Northern Andean Volcanic Arc","Composite","Stratovolcano",NA,NA,"-0.64800000000000002","-78.631","3945",NA,"Subduction zone / Continental crust (>25 km)"
"352817","Putzalagua","Ecuador","South America Volcanic Regions","Northern Andean Volcanic Arc","Minor","Lava dome",NA,NA,"-0.96199999999999997","-78.56","3512",NA,"Subduction zone / Continental crust (>25 km)"
"352818","Sagoatoa","Ecuador","South America Volcanic Regions","Northern Andean Volcanic Arc","Composite","Stratovolcano",NA,NA,"-1.151","-78.665999999999997","4153",NA,"Subduction zone / Continental crust (>25 km)"
"352819","Llimpi","Ecuador","South America Volcanic Regions","Northern Andean Volcanic Arc","Composite","Stratovolcano",NA,NA,"-1.381","-78.572000000000003","3732",NA,"Subduction zone / Continental crust (>25 km)"
"352820","Puyo","Ecuador","South America Volcanic Regions","Northern Andean Volcanic Arc","Minor","Pyroclastic cone(s)",NA,NA,"-1.4590000000000001","-77.917000000000002","1072",NA,"Subduction zone / Continental crust (>25 km)"
"352821","Carihuairazo","Ecuador","South America Volcanic Regions","Northern Andean Volcanic Arc","Composite","Stratovolcano",NA,NA,"-1.4039999999999999","-78.75","5102",NA,"Subduction zone / Continental crust (>25 km)"
"352822","Igualata","Ecuador","South America Volcanic Regions","Northern Andean Volcanic Arc","Composite","Stratovolcano",NA,NA,"-1.49","-78.638999999999996","4430",NA,"Subduction zone / Continental crust (>25 km)"
"352823","Calpi","Ecuador","South America Volcanic Regions","Northern Andean Volcanic Arc","Minor","Tuff cone(s)",NA,NA,"-1.6339999999999999","-78.727999999999994","3215",NA,"Subduction zone / Continental crust (>25 km)"
"352824","Altar","Ecuador","South America Volcanic Regions","Northern Andean Volcanic Arc","Composite","Stratovolcano",NA,NA,"-1.67","-78.42","5321",NA,"Unknown"
"352826","Chalupas","Ecuador","South America Volcanic Regions","Northern Andean Volcanic Arc","Caldera","Caldera",NA,NA,"-0.80400000000000005","-78.3","4812",NA,"Subduction zone / Continental crust (>25 km)"
"353800","Isla Darwin","Ecuador","Eastern Pacific Volcanic Regions","Northern Galapagos Volcanic Province","Shield","Shield",NA,NA,"1.62","-92","168",NA,"Rift zone / Oceanic crust (< 15 km)"
"353801","Isla Wolf","Ecuador","Eastern Pacific Volcanic Regions","Northern Galapagos Volcanic Province","Shield","Shield",NA,NA,"1.37","-91.8","253",NA,"Rift zone / Oceanic crust (< 15 km)"
"353802","Rabida","Ecuador","Eastern Pacific Volcanic Regions","Galapagos Hotspot Volcano Group","Minor","Lava dome(s)",NA,NA,"-0.41299999999999998","-90.707999999999998","338",NA,"Rift zone / Oceanic crust (< 15 km)"
"353803","Pinzon","Ecuador","Eastern Pacific Volcanic Regions","Galapagos Hotspot Volcano Group","Shield","Shield",NA,NA,"-0.6","-90.68","458",NA,"Rift zone / Oceanic crust (< 15 km)"
"353804","Santa Fe","Ecuador","Eastern Pacific Volcanic Regions","Galapagos Hotspot Volcano Group","Shield","Shield",NA,NA,"-0.80600000000000005","-90.07","200",NA,"Rift zone / Oceanic crust (< 15 km)"
"353805","Floreana","Ecuador","Eastern Pacific Volcanic Regions","Galapagos Hotspot Volcano Group","Shield","Shield",NA,NA,"-1.3","-90.45","640",NA,"Rift zone / Oceanic crust (< 15 km)"
"353807","Roca Redonda","Ecuador","Eastern Pacific Volcanic Regions","Galapagos Hotspot Volcano Group","Shield","Shield",NA,NA,"0.27","-91.63","67",NA,"Rift zone / Oceanic crust (< 15 km)"
"354002","Sara Sara","Peru","South America Volcanic Regions","Central Andean Volcanic Arc","Composite","Stratovolcano",NA,NA,"-15.3299","-73.445599999999999","5490","Andesite / Basaltic Andesite","Subduction zone / Continental crust (>25 km)"
"354007","Chachani Volcanic Complex","Peru","South America Volcanic Regions","Central Andean Volcanic Arc","Cluster","Stratovolcano",NA,NA,"-16.179200000000002","-71.529200000000003","6059","Andesite / Basaltic Andesite","Subduction zone / Continental crust (>25 km)"
"354008","Yura Volcanic Field","Peru","South America Volcanic Regions","Central Andean Volcanic Arc","Cluster","Volcanic field",NA,NA,"-16.213000000000001","-71.724999999999994","3175","Andesite / Basaltic Andesite","Subduction zone / Continental crust (>25 km)"
"354801","Huambutillo-Rumicola","Peru","South America Volcanic Regions","Central Andean Volcanic Arc","Unknown","Unknown",NA,NA,"-13.58","-71.72","0",NA,"Subduction zone / Continental crust (>25 km)"
"354802","Firura, Nevados","Peru","South America Volcanic Regions","Central Andean Volcanic Arc","Composite","Stratovolcano(es)",NA,NA,"-15.23","-72.63","5498",NA,"Subduction zone / Continental crust (>25 km)"
"354803","Solimana","Peru","South America Volcanic Regions","Central Andean Volcanic Arc","Composite","Stratovolcano",NA,NA,"-15.4","-72.900000000000006","6093",NA,"Subduction zone / Continental crust (>25 km)"
"354804","Purupuruni, Cerros","Peru","South America Volcanic Regions","Central Andean Volcanic Arc","Minor","Lava dome(s)",NA,NA,"-17.258700000000001","-69.821600000000004","4591",NA,"Subduction zone / Continental crust (>25 km)"
"355010","Tacora","Chile","South America Volcanic Regions","Central Andean Volcanic Arc","Composite","Stratovolcano(es)",NA,NA,"-17.7209","-69.772800000000004","5960","Andesite / Basaltic Andesite","Subduction zone / Continental crust (>25 km)"
"355021","Tambo Quemado","Bolivia","South America Volcanic Regions","Central Andean Volcanic Arc","Shield","Shield(pyroclastic)",NA,NA,"-18.62","-68.75","4215","Rhyolite","Subduction zone / Continental crust (>25 km)"
"355035","Jayu Khota, Laguna","Bolivia","South America Volcanic Regions","Central Andean Volcanic Arc","Minor","Maar(s)",NA,NA,"-19.463000000000001","-67.432000000000002","3650","Basalt / Picro-Basalt","Subduction zone / Continental crust (>25 km)"
"355036","Jatun Mundo Quri Warani","Bolivia","South America Volcanic Regions","Central Andean Volcanic Arc","Minor","Lava dome(s)",NA,NA,"-19.78","-66.48","5438","Dacite","Subduction zone / Continental crust (>25 km)"
"355042","Pampa Luxsar","Bolivia","South America Volcanic Regions","Central Andean Volcanic Arc","Cluster","Volcanic field",NA,NA,"-20.85","-68.2","5543","Andesite / Basaltic Andesite","Subduction zone / Continental crust (>25 km)"
"355060","Ollague","Chile-Bolivia","South America Volcanic Regions","Central Andean Volcanic Arc","Composite","Stratovolcano",NA,NA,"-21.3","-68.180000000000007","5868","Andesite / Basaltic Andesite","Subduction zone / Continental crust (>25 km)"
"355061","Azufre, Cerro del","Chile","South America Volcanic Regions","Central Andean Volcanic Arc","Composite","Stratovolcano",NA,NA,"-21.786999999999999","-68.236999999999995","5846","Andesite / Basaltic Andesite","Subduction zone / Continental crust (>25 km)"
"355065","Inacalari","Chile-Bolivia","South America Volcanic Regions","Central Andean Volcanic Arc","Composite","Stratovolcano",NA,NA,"-21.981000000000002","-68.070999999999998","5618",NA,"Subduction zone / Continental crust (>25 km)"
"355070","San Pedro-San Pablo","Chile","South America Volcanic Regions","Central Andean Volcanic Arc","Composite","Stratovolcano(es)",NA,NA,"-21.888000000000002","-68.391000000000005","6142","Andesite / Basaltic Andesite","Subduction zone / Continental crust (>25 km)"
"355097","Overo, Cerro","Chile","South America Volcanic Regions","Central Andean Volcanic Arc","Minor","Maar",NA,NA,"-23.52","-67.662000000000006","4576","Andesite / Basaltic Andesite","Subduction zone / Continental crust (>25 km)"
"355106","Negros de Aras","Chile","South America Volcanic Regions","Central Andean Volcanic Arc","Cluster","Pyroclastic cone(s)",NA,NA,"-24.18","-68.25","3500","Andesite / Basaltic Andesite","Subduction zone / Continental crust (>25 km)"
"355140","Copiapo","Chile","South America Volcanic Regions","Central Andean Volcanic Arc","Composite","Stratovolcano",NA,NA,"-27.3","-69.13","6052","Dacite","Subduction zone / Continental crust (>25 km)"
"355150","Tuzgle","Argentina","South America Volcanic Regions","Central Andean Volcanic Arc","Composite","Stratovolcano",NA,NA,"-24.0562","-66.478999999999999","5486","Dacite","Subduction zone / Continental crust (>25 km)"
"355180","Antofagasta Volcanic Field","Argentina","South America Volcanic Regions","Central Andean Volcanic Arc","Cluster","Volcanic field",NA,NA,"-26.12","-67.400000000000006","3495","Andesite / Basaltic Andesite","Subduction zone / Continental crust (>25 km)"
"355805","Lexone","Chile","South America Volcanic Regions","Central Andean Volcanic Arc","Minor","Lava dome(s)",NA,NA,"-17.87","-69.48","5340",NA,"Subduction zone / Continental crust (>25 km)"
"355806","Anallajsi, Nevado","Bolivia","South America Volcanic Regions","Central Andean Volcanic Arc","Composite","Stratovolcano",NA,NA,"-17.920000000000002","-68.92","5750",NA,"Subduction zone / Continental crust (>25 km)"
"355807","Pucara, Cerro","Bolivia","South America Volcanic Regions","Central Andean Volcanic Arc","Cluster","Volcanic field",NA,NA,"-16.236000000000001","-69.471000000000004","4080",NA,"Unknown"
"355808","Patilla Pata","Bolivia","South America Volcanic Regions","Central Andean Volcanic Arc","Composite","Stratovolcano",NA,NA,"-18.05","-69.03","5300",NA,"Subduction zone / Continental crust (>25 km)"
"355809","Sajama, Nevado del","Bolivia","South America Volcanic Regions","Central Andean Volcanic Arc","Composite","Stratovolcano",NA,NA,"-18.100000000000001","-68.88","6542",NA,"Subduction zone / Continental crust (>25 km)"
"355810","Larancagua, Volcan","Chile","South America Volcanic Regions","Central Andean Volcanic Arc","Composite","Stratovolcano",NA,NA,"-18.02","-69.08","5580",NA,"Unknown"
"355811","Caquena","Chile","South America Volcanic Regions","Central Andean Volcanic Arc","Minor","Lava dome(s)",NA,NA,"-18.07","-69.22","0",NA,"Subduction zone / Continental crust (>25 km)"
"355812","Vilacollo","Chile","South America Volcanic Regions","Central Andean Volcanic Arc","Minor","Pyroclastic cone(s)",NA,NA,"-18.241","-69.307000000000002","4688",NA,"Subduction zone / Continental crust (>25 km)"
"355813","Acotango","Chile-Bolivia","South America Volcanic Regions","Central Andean Volcanic Arc","Composite","Stratovolcano(es)",NA,NA,"-18.37","-69.05","6052",NA,"Subduction zone / Continental crust (>25 km)"
"355814","Arintica","Chile","South America Volcanic Regions","Central Andean Volcanic Arc","Composite","Stratovolcano(es)",NA,NA,"-18.75","-69.05","5597",NA,"Subduction zone / Continental crust (>25 km)"
"355815","Rochaculla-Inca Camacha","Bolivia","South America Volcanic Regions","Central Andean Volcanic Arc","Composite","Stratovolcano(es)",NA,NA,"-18.8","-68.3","5300",NA,"Unknown"
"355817","Tatajachura, Cerro","Chile","South America Volcanic Regions","Central Andean Volcanic Arc","Composite","Stratovolcano",NA,NA,"-19.5","-69.12","5240",NA,"Unknown"
"355818","Cariquima, Cerro","Chile","South America Volcanic Regions","Central Andean Volcanic Arc","Composite","Stratovolcano",NA,NA,"-19.55","-68.680000000000007","5365",NA,"Subduction zone / Continental crust (>25 km)"
"355819","Porquesa","Chile","South America Volcanic Regions","Central Andean Volcanic Arc","Minor","Lava dome(s)",NA,NA,"-19.957999999999998","-68.73","5190",NA,"Subduction zone / Continental crust (>25 km)"
"355820","Napa, Cerro","Chile","South America Volcanic Regions","Central Andean Volcanic Arc","Composite","Stratovolcano",NA,NA,"-20.52","-68.680000000000007","5145",NA,"Unknown"
"355822","Copa-Ocana","Chile","South America Volcanic Regions","Central Andean Volcanic Arc","Composite","Stratovolcano(es)",NA,NA,"-20.643000000000001","-68.438999999999993","5299",NA,"Unknown"
"355823","Aucanquilcha","Chile","South America Volcanic Regions","Central Andean Volcanic Arc","Composite","Stratovolcano",NA,NA,"-21.22","-68.47","6176",NA,"Subduction zone / Continental crust (>25 km)"
"355824","San Agustin, Cerro","Bolivia","South America Volcanic Regions","Central Andean Volcanic Arc","Composite","Stratovolcano",NA,NA,"-21.25","-67.75","4980",NA,"Subduction zone / Continental crust (>25 km)"
"355825","Cañapa","Chile","South America Volcanic Regions","Central Andean Volcanic Arc","Composite","Stratovolcano",NA,NA,"-21.5","-68.12","5630",NA,"Subduction zone / Continental crust (>25 km)"
"355826","Ascotan, Cerro","Chile","South America Volcanic Regions","Central Andean Volcanic Arc","Composite","Stratovolcano",NA,NA,"-21.68","-68.12","5473",NA,"Unknown"
"355827","Escala","Bolivia","South America Volcanic Regions","Central Andean Volcanic Arc","Minor","Lava dome",NA,NA,"-21.6","-66.88","4000",NA,"Subduction zone / Continental crust (>25 km)"
"355828","Moiro, Cerro","Bolivia","South America Volcanic Regions","Central Andean Volcanic Arc","Minor","Pyroclastic cone",NA,NA,"-21.68","-67.47","4250",NA,"Subduction zone / Continental crust (>25 km)"
"355829","Chascon, Cerro","Bolivia","South America Volcanic Regions","Central Andean Volcanic Arc","Minor","Lava dome",NA,NA,"-21.88","-67.900000000000006","5125",NA,"Subduction zone / Continental crust (>25 km)"
"355830","Apagado","Chile","South America Volcanic Regions","Central Andean Volcanic Arc","Composite","Stratovolcano",NA,NA,"-22.05","-67.97","5680",NA,"Unknown"
"355831","Paniri","Chile","South America Volcanic Regions","Central Andean Volcanic Arc","Composite","Stratovolcano",NA,NA,"-22.059000000000001","-68.227999999999994","5946",NA,"Subduction zone / Continental crust (>25 km)"
"355832","Leon, Cerro del","Chile","South America Volcanic Regions","Central Andean Volcanic Arc","Composite","Stratovolcano(es)",NA,NA,"-22.141999999999999","-68.108000000000004","5754",NA,"Subduction zone / Continental crust (>25 km)"
"355833","Deslinde","Chile","South America Volcanic Regions","Central Andean Volcanic Arc","Composite","Stratovolcano",NA,NA,"-22.27","-67.97","5651",NA,"Unknown"
"355834","Linzor, Volcan","Chile-Bolivia","South America Volcanic Regions","Central Andean Volcanic Arc","Composite","Stratovolcano",NA,NA,"-22.18","-67.95","5680",NA,"Subduction zone / Continental crust (>25 km)"
"355835","Jorcada","Bolivia","South America Volcanic Regions","Central Andean Volcanic Arc","Cluster","Stratovolcano",NA,NA,"-22.08","-67.77","5750",NA,"Subduction zone / Continental crust (>25 km)"
"355836","Quetena","Bolivia","South America Volcanic Regions","Central Andean Volcanic Arc","Cluster","Fissure vent",NA,NA,"-22.25","-67.42","5730",NA,"Subduction zone / Continental crust (>25 km)"
"355837","Sunequera","Bolivia","South America Volcanic Regions","Central Andean Volcanic Arc","Shield","Shield",NA,NA,"-21.98","-67.23","5899",NA,"Subduction zone / Continental crust (>25 km)"
"355838","Uturuncu","Bolivia","South America Volcanic Regions","Central Andean Volcanic Arc","Composite","Stratovolcano",NA,NA,"-22.27","-67.180000000000007","6008",NA,"Subduction zone / Continental crust (>25 km)"
"355840","Tatio, Volcan","Chile","South America Volcanic Regions","Central Andean Volcanic Arc","Composite","Stratovolcano",NA,NA,"-22.42","-68.02","5314",NA,"Unknown"
"355841","Volcan, El","Chile","South America Volcanic Regions","Central Andean Volcanic Arc","Composite","Stratovolcano",NA,NA,"-22.33","-67.97","5100",NA,"Subduction zone / Continental crust (>25 km)"
"355842","Tocorpuri, Cerros de","Chile-Bolivia","South America Volcanic Regions","Central Andean Volcanic Arc","Composite","Stratovolcano",NA,NA,"-22.439","-67.888000000000005","5808",NA,"Subduction zone / Continental crust (>25 km)"
"355843","Zapaleri, Cerro","Chile","South America Volcanic Regions","Central Andean Volcanic Arc","Composite","Stratovolcano",NA,NA,"-22.82","-67.180000000000007","5643",NA,"Unknown"
"355844","Poquis","Chile","South America Volcanic Regions","Central Andean Volcanic Arc","Composite","Stratovolcano",NA,NA,"-23.02","-67.05","5770",NA,"Unknown"
"355845","Curutu","Chile","South America Volcanic Regions","Central Andean Volcanic Arc","Composite","Stratovolcano",NA,NA,"-23.17","-67.069999999999993","5394",NA,"Unknown"
"355846","Losloyo","Chile","South America Volcanic Regions","Central Andean Volcanic Arc","Composite","Stratovolcano",NA,NA,"-23.13","-67.37","5343",NA,"Unknown"
"355847","Potor","Chile","South America Volcanic Regions","Central Andean Volcanic Arc","Composite","Stratovolcano",NA,NA,"-23.2","-67.67","5318",NA,"Unknown"
"355848","Hecar","Chile","South America Volcanic Regions","Central Andean Volcanic Arc","Composite","Stratovolcano",NA,NA,"-23.23","-67.75","5029",NA,"Unknown"
"355849","Verde, Laguna","Chile","South America Volcanic Regions","Central Andean Volcanic Arc","Composite","Stratovolcano",NA,NA,"-23.251999999999999","-67.709999999999994","5464",NA,"Subduction zone / Continental crust (>25 km)"
"355850","Rio Negro, Cerro de","Chile","South America Volcanic Regions","Central Andean Volcanic Arc","Composite","Stratovolcano",NA,NA,"-23.398","-67.581999999999994","5067",NA,"Unknown"
"355851","Tumisa","Chile","South America Volcanic Regions","Central Andean Volcanic Arc","Composite","Stratovolcano",NA,NA,"-23.46","-67.81","5638",NA,"Unknown"
"355852","Lejia","Chile","South America Volcanic Regions","Central Andean Volcanic Arc","Composite","Stratovolcano",NA,NA,"-23.555","-67.763999999999996","5774",NA,"Unknown"
"355853","Miscanti","Chile","South America Volcanic Regions","Central Andean Volcanic Arc","Composite","Stratovolcano",NA,NA,"-23.67","-67.72","5613",NA,"Unknown"
"355854","Laco","Chile","South America Volcanic Regions","Central Andean Volcanic Arc","Minor","Lava dome",NA,NA,"-23.818000000000001","-67.5","5314",NA,"Unknown"
"355855","Incaguasi","Chile","South America Volcanic Regions","Central Andean Volcanic Arc","Unknown","Unknown",NA,NA,"-24.03","-67.53","5689",NA,"Unknown"
"355856","Capur","Chile","South America Volcanic Regions","Central Andean Volcanic Arc","Composite","Stratovolcano",NA,NA,"-24.02","-67.849999999999994","5216",NA,"Unknown"
"355857","Aguas Delgadas","Chile","South America Volcanic Regions","Central Andean Volcanic Arc","Composite","Stratovolcano",NA,NA,"-24.45","-68.400000000000006","0",NA,"Subduction zone / Continental crust (>25 km)"
"355858","Niebla, Cerro de la","Chile","South America Volcanic Regions","Central Andean Volcanic Arc","Composite","Compound",NA,NA,"-25.25","-68.63","4500",NA,"Unknown"
"355859","Azufre, El","Chile","South America Volcanic Regions","Central Andean Volcanic Arc","Unknown","Unknown",NA,NA,"-25.37","-68.88","5480",NA,"Unknown"
"355860","Piedra Parada","Chile","South America Volcanic Regions","Central Andean Volcanic Arc","Composite","Stratovolcano",NA,NA,"-26.4","-68.75","5920",NA,"Subduction zone / Continental crust (>25 km)"
"355861","San Francisco","Chile","South America Volcanic Regions","Central Andean Volcanic Arc","Composite","Stratovolcano",NA,NA,"-26.919","-68.263000000000005","6032",NA,"Subduction zone / Continental crust (>25 km)"
"355862","Tres Cruces","Chile","South America Volcanic Regions","Central Andean Volcanic Arc","Composite","Stratovolcano",NA,NA,"-27.08","-68.8","6620",NA,"Subduction zone / Continental crust (>25 km)"
"355863","Patos, Los","Chile","South America Volcanic Regions","Central Andean Volcanic Arc","Composite","Stratovolcano",NA,NA,"-27.27","-69","6250",NA,"Subduction zone / Continental crust (>25 km)"
"355864","Queva, Nevado","Argentina","South America Volcanic Regions","Central Andean Volcanic Arc","Unknown","Unknown",NA,NA,"-24.309000000000001","-66.731999999999999","6134",NA,"Subduction zone / Continental crust (>25 km)"
"355865","Tocomar","Argentina","South America Volcanic Regions","Central Andean Volcanic Arc","Cluster","Unknown",NA,NA,"-24.2","-66.5","4950",NA,"Intraplate / Continental crust (>25 km)"
"355866","Gemelos-Saladillo","Argentina","South America Volcanic Regions","Central Andean Volcanic Arc","Minor","Pyroclastic cone(s)",NA,NA,"-24.75","-66.17","0",NA,"Intraplate / Continental crust (>25 km)"
"355867","Antofalla","Argentina","South America Volcanic Regions","Central Andean Volcanic Arc","Composite","Stratovolcano(es)",NA,NA,"-25.55","-67.92","6409",NA,"Subduction zone / Continental crust (>25 km)"
"355868","Galan, Cerro","Argentina","South America Volcanic Regions","Central Andean Volcanic Arc","Caldera","Caldera",NA,NA,"-25.93","-66.92","6000",NA,"Subduction zone / Continental crust (>25 km)"
"355869","Colorado, Cerro","Argentina","South America Volcanic Regions","Central Andean Volcanic Arc","Composite","Stratovolcano",NA,NA,"-26.18","-68.37","6049",NA,"Subduction zone / Continental crust (>25 km)"
"355870","Incapillo","Argentina","South America Volcanic Regions","Central Andean Volcanic Arc","Caldera","Caldera",NA,NA,"-27.9","-68.8","5750",NA,"Subduction zone / Continental crust (>25 km)"
"356010","San Felix","Chile","Southern Pacific Volcanic Regions","San Felix Hotspot Volcano Group","Shield","Shield",NA,NA,"-26.294","-80.111999999999995","159","Trachybasalt / Tephrite Basanite","Intraplate / Oceanic crust (< 15 km)"
"356020","Robinson Crusoe","Chile","Southern Pacific Volcanic Regions","Juan Fernandez Hotspot Volcano Group","Shield","Shield(s)",NA,NA,"-33.658000000000001","-78.849999999999994","922","Basalt / Picro-Basalt","Intraplate / Oceanic crust (< 15 km)"
"356040","Seamount JF6","Chile","Southern Pacific Volcanic Regions","Juan Fernandez Hotspot Volcano Group","Minor","Lava dome?",NA,NA,"-33.427","-76.87","-642","No Data (checked)","Intraplate / Oceanic crust (< 15 km)"
"356800","Salas y Gomez","Chile","Southern Pacific Volcanic Regions","Salas y Gómez Ridge Volcano Group","Shield","Shield?",NA,NA,"-26.47","-105.47","15",NA,"Intraplate / Oceanic crust (< 15 km)"
"356801","Alexander Selkirk","Chile","Southern Pacific Volcanic Regions","Juan Fernandez Hotspot Volcano Group","Shield","Shield",NA,NA,"-33.762999999999998","-80.811000000000007","1266",NA,"Intraplate / Oceanic crust (< 15 km)"
"357067","Domuyo","Argentina","South America Volcanic Regions","Southern Andean Volcanic Arc","Composite","Stratovolcano",NA,NA,"-36.637999999999998","-70.432000000000002","4702","Dacite","Subduction zone / Continental crust (>25 km)"
"357071","Cochiquito Volcanic Group","Argentina","South America Volcanic Regions","Southern Andean Volcanic Arc","Composite","Stratovolcano(es)",NA,NA,"-36.738999999999997","-69.834000000000003","1435","Basalt / Picro-Basalt","Subduction zone / Continental crust (>25 km)"
"357081","Trolon","Argentina","South America Volcanic Regions","Southern Andean Volcanic Arc","Minor","Lava dome(s)",NA,NA,"-37.738","-70.906000000000006","2360","Dacite","Subduction zone / Continental crust (>25 km)"
"357092","Marinaqui, Laguna","Chile","South America Volcanic Regions","Southern Andean Volcanic Arc","Minor","Pyroclastic cone(s)",NA,NA,"-38.301000000000002","-71.108000000000004","2186","Andesite / Basaltic Andesite","Subduction zone / Continental crust (>25 km)"
"357101","Tralihue","Argentina","South America Volcanic Regions","Southern Andean Volcanic Arc","Composite","Stratovolcano",NA,NA,"-38.509","-70.897999999999996","2448","Trachyandesite / Basaltic Trachyandesite","Intraplate / Continental crust (>25 km)"
"357152","Pantoja, Cerro","Chile-Argentina","South America Volcanic Regions","Southern Andean Volcanic Arc","Composite","Stratovolcano",NA,NA,"-40.768000000000001","-71.942999999999998","1897","Basalt / Picro-Basalt","Subduction zone / Continental crust (>25 km)"
"357800","Tupungato","Chile-Argentina","South America Volcanic Regions","Southern Andean Volcanic Arc","Composite","Stratovolcano",NA,NA,"-33.359000000000002","-69.77","6570",NA,"Subduction zone / Continental crust (>25 km)"
"357801","Piuquenes, Nevado de los","Chile-Argentina","South America Volcanic Regions","Southern Andean Volcanic Arc","Composite","Stratovolcano",NA,NA,"-33.520000000000003","-69.83","6019",NA,"Subduction zone / Continental crust (>25 km)"
"357802","Northern Mendoza Volcanic Field","Argentina","South America Volcanic Regions","Southern Andean Volcanic Arc","Cluster","Volcanic field",NA,NA,"-34.67","-69","0",NA,"Intraplate / Continental crust (>25 km)"
"357803","Llancanelo Volcanic Field","Argentina","South America Volcanic Regions","Southern Andean Volcanic Arc","Cluster","Pyroclastic cone(s)",NA,NA,"-35.75","-69.25","1876",NA,"Subduction zone / Continental crust (>25 km)"
"357804","Puelche Volcanic Field","Chile","South America Volcanic Regions","Southern Andean Volcanic Arc","Cluster","Volcanic field",NA,NA,"-35.78","-70.48","3140",NA,"Subduction zone / Continental crust (>25 km)"
"357805","Sordo Lucas","Chile","South America Volcanic Regions","Southern Andean Volcanic Arc","Composite","Stratovolcano",NA,NA,"-34.987000000000002","-70.456000000000003","3349",NA,"Subduction zone / Continental crust (>25 km)"
"357806","Nevado, Cerro","Argentina","South America Volcanic Regions","Southern Andean Volcanic Arc","Cluster","Volcanic field",NA,NA,"-35.58","-68.489000000000004","3791",NA,"Intraplate / Continental crust (>25 km)"
"357807","Auca Mahuida Volcanic Field","Argentina","South America Volcanic Regions","Southern Andean Volcanic Arc","Cluster","Volcanic field",NA,NA,"-37.738","-68.924000000000007","2243",NA,"Intraplate / Continental crust (>25 km)"
"357808","Nevada, Sierra","Chile","South America Volcanic Regions","Southern Andean Volcanic Arc","Composite","Stratovolcano",NA,NA,"-38.58","-71.58","2554",NA,"Subduction zone / Continental crust (>25 km)"
"357809","Pino Hachado","Argentina","South America Volcanic Regions","Southern Andean Volcanic Arc","Caldera","Caldera",NA,NA,"-38.679000000000002","-70.813999999999993","2017",NA,"Intraplate / Continental crust (>25 km)"
"357810","Trautrén, Cerro","Chile-Argentina","South America Volcanic Regions","Southern Andean Volcanic Arc","Composite","Stratovolcano(es)",NA,NA,"-39.17","-71.400000000000006","1846",NA,"Subduction zone / Continental crust (>25 km)"
"357812","Maichín, Cerro","Chile","South America Volcanic Regions","Southern Andean Volcanic Arc","Composite","Stratovolcano",NA,NA,"-39.35","-71.55","0",NA,"Subduction zone / Continental crust (>25 km)"
"357813","Quinchilca","Chile","South America Volcanic Regions","Southern Andean Volcanic Arc","Composite","Stratovolcano(es)",NA,NA,"-39.68","-72.007999999999996","1632",NA,"Subduction zone / Continental crust (>25 km)"
"358021","Cuernos del Diablo","Chile","South America Volcanic Regions","Southern Andean Volcanic Arc","Composite","Stratovolcano",NA,NA,"-41.363","-72.004999999999995","1846","Basalt / Picro-Basalt","Subduction zone / Continental crust (>25 km)"
"358058","Rio Murta","Chile","South America Volcanic Regions","Southern Andean Volcanic Arc","Minor","Pyroclastic cone(s)",NA,NA,"-46.17","-72.707999999999998","681","Basalt / Picro-Basalt","Subduction zone / Continental crust (>25 km)"
"360800","Vigie, Morne la","Haiti","Middle America-Caribbean Volcanic Regions","Greater Antilles Volcanic Arc","Minor","Pyroclastic cone",NA,NA,"18.78","-72.28","831",NA,"Subduction zone / Continental crust (>25 km)"
"360801","Thomazeau","Haiti","Middle America-Caribbean Volcanic Regions","Greater Antilles Volcanic Arc","Minor","Pyroclastic cone(s)",NA,NA,"18.68","-72.08","0",NA,"Subduction zone / Continental crust (>25 km)"
"360802","San Juan","Dominican Republic","Middle America-Caribbean Volcanic Regions","Greater Antilles Volcanic Arc","Minor","Pyroclastic cone(s)",NA,NA,"18.87","-71.33","0",NA,"Subduction zone / Continental crust (>25 km)"
"360803","Dos Hermanos","Dominican Republic","Middle America-Caribbean Volcanic Regions","Greater Antilles Volcanic Arc","Cluster","Volcanic field",NA,NA,"18.75","-70.92","0",NA,"Subduction zone / Continental crust (>25 km)"
"360804","Valle Nuevo","Dominican Republic","Middle America-Caribbean Volcanic Regions","Greater Antilles Volcanic Arc","Cluster","Volcanic field",NA,NA,"18.829999999999998","-70.67","0",NA,"Subduction zone / Continental crust (>25 km)"
"360805","South East Range","Saint Kitts and Nevis","Middle America-Caribbean Volcanic Regions","Lesser Antilles Volcanic Arc","Composite","Stratovolcano",NA,NA,"17.329999999999998","-62.77","900",NA,"Subduction zone / Oceanic crust (< 15 km)"
"360806","Northern Centres","Netherlands","Middle America-Caribbean Volcanic Regions","Lesser Antilles Volcanic Arc","Composite","Stratovolcano(es)",NA,NA,"17.507999999999999","-62.991999999999997","0",NA,"Subduction zone / Oceanic crust (< 15 km)"
"360807","Silver Hills","United Kingdom","Middle America-Caribbean Volcanic Regions","Lesser Antilles Volcanic Arc","Minor","Lava dome(s)",NA,NA,"16.809999999999999","-62.194000000000003","403",NA,"Subduction zone / Oceanic crust (< 15 km)"
"360808","Centre Hills","United Kingdom","Middle America-Caribbean Volcanic Regions","Lesser Antilles Volcanic Arc","Minor","Lava dome(s)",NA,NA,"16.759","-62.195999999999998","741",NA,"Subduction zone / Oceanic crust (< 15 km)"
"360809","Septentrional Chain","France","Middle America-Caribbean Volcanic Regions","Lesser Antilles Volcanic Arc","Minor","Lava dome(s)",NA,NA,"16.23","-61.72","744",NA,"Subduction zone / Oceanic crust (< 15 km)"
"360810","Axial Chain","France","Middle America-Caribbean Volcanic Regions","Lesser Antilles Volcanic Arc","Composite","Stratovolcano(es)",NA,NA,"16.12","-61.7","1354",NA,"Subduction zone / Oceanic crust (< 15 km)"
"360811","Bouillante Chain","France","Middle America-Caribbean Volcanic Regions","Lesser Antilles Volcanic Arc","Minor","Maar(s)",NA,NA,"16.12","-61.75","420",NA,"Subduction zone / Oceanic crust (< 15 km)"
"360812","Caraïbes, Monts","France","Middle America-Caribbean Volcanic Regions","Lesser Antilles Volcanic Arc","Composite","Stratovolcano",NA,NA,"15.97","-61.68","687",NA,"Subduction zone / Oceanic crust (< 15 km)"
"360813","Terre de Bas","France","Middle America-Caribbean Volcanic Regions","Lesser Antilles Volcanic Arc","Composite","Stratovolcano(es)",NA,NA,"15.87","-61.63","274",NA,"Subduction zone / Oceanic crust (< 15 km)"
"360814","Foundland","Dominica","Middle America-Caribbean Volcanic Regions","Lesser Antilles Volcanic Arc","Composite","Stratovolcano",NA,NA,"15.27","-61.28","960",NA,"Subduction zone / Oceanic crust (< 15 km)"
"360815","Carbets, Pitons de","France","Middle America-Caribbean Volcanic Regions","Lesser Antilles Volcanic Arc","Composite","Stratovolcano",NA,NA,"14.7","-61.12","1196",NA,"Subduction zone / Oceanic crust (< 15 km)"
"360816","Trois Ilets Peninsula Group","France","Middle America-Caribbean Volcanic Regions","Lesser Antilles Volcanic Arc","Cluster","Volcanic field",NA,NA,"14.4642","-61.055199999999999","463",NA,"Subduction zone / Oceanic crust (< 15 km)"
"360817","Garu, Morne","Saint Vincent and the Grenadines","Middle America-Caribbean Volcanic Regions","Lesser Antilles Volcanic Arc","Composite","Stratovolcano",NA,NA,"13.292","-61.2","1074",NA,"Subduction zone / Continental crust (>25 km)"
"360818","Grand Bonhomme","Saint Vincent and the Grenadines","Middle America-Caribbean Volcanic Regions","Lesser Antilles Volcanic Arc","Composite","Stratovolcano",NA,NA,"13.22","-61.207999999999998","1021",NA,"Subduction zone / Continental crust (>25 km)"
"371801","Grensdalur","Iceland","Atlantic Ocean Volcanic Regions","Iceland Neovolcanic Rift Volcanic Province","Composite","Stratovolcano",NA,NA,"64.02","-21.17","497",NA,"Rift zone / Oceanic crust (< 15 km)"
"371802","Lyngdalsheidi","Iceland","Atlantic Ocean Volcanic Regions","Iceland Neovolcanic Rift Volcanic Province","Shield","Shield",NA,NA,"64.150000000000006","-20.9","404",NA,"Rift zone / Oceanic crust (< 15 km)"
"371803","Geysir","Iceland","Atlantic Ocean Volcanic Regions","Iceland Neovolcanic Rift Volcanic Province","Composite","Stratovolcano",NA,NA,"64.319999999999993","-20.3","700",NA,"Rift zone / Oceanic crust (< 15 km)"
"371804","Hlodufell","Iceland","Atlantic Ocean Volcanic Regions","Iceland Neovolcanic Rift Volcanic Province","Composite","Tuya",NA,NA,"64.930000000000007","-20.53","1188",NA,"Rift zone / Oceanic crust (< 15 km)"
"371805","Thorisjokull","Iceland","Atlantic Ocean Volcanic Regions","Iceland Neovolcanic Rift Volcanic Province","Shield","Shield",NA,NA,"64.53","-20.7","1350",NA,"Rift zone / Oceanic crust (< 15 km)"
"371806","Ok","Iceland","Atlantic Ocean Volcanic Regions","Iceland Neovolcanic Rift Volcanic Province","Shield","Shield",NA,NA,"64.62","-20.88","1141",NA,"Rift zone / Oceanic crust (< 15 km)"
"371807","Eríksjokull","Iceland","Atlantic Ocean Volcanic Regions","Iceland Neovolcanic Rift Volcanic Province","Composite","Tuya",NA,NA,"64.77","-20.399999999999999","1675",NA,"Rift zone / Oceanic crust (< 15 km)"
"371808","Hrutfell","Iceland","Atlantic Ocean Volcanic Regions","Iceland Neovolcanic Rift Volcanic Province","Composite","Tuya",NA,NA,"64.73","-19.72","1396",NA,"Rift zone / Oceanic crust (< 15 km)"
"371809","Blafell","Iceland","Atlantic Ocean Volcanic Regions","Iceland Neovolcanic Rift Volcanic Province","Composite","Tuya",NA,NA,"64.492000000000004","-19.87","1204",NA,"Rift zone / Oceanic crust (< 15 km)"
"371810","Hreppar","Iceland","Atlantic Ocean Volcanic Regions","Iceland Neovolcanic Rift Volcanic Province","Cluster","Fissure vent(s)",NA,NA,"64.42","-19.5","0",NA,"Rift zone / Oceanic crust (< 15 km)"
"372800","Strutur","Iceland","Atlantic Ocean Volcanic Regions","Iceland Neovolcanic Rift Volcanic Province","Composite","Tuya",NA,NA,"63.838999999999999","-18.931999999999999","956",NA,"Rift zone / Oceanic crust (< 15 km)"
"373800","Tungnaarfjoll","Iceland","Atlantic Ocean Volcanic Regions","Iceland Neovolcanic Rift Volcanic Province","Cluster","Fissure vent(s)",NA,NA,"64.164000000000001","-18.495999999999999","983",NA,"Rift zone / Oceanic crust (< 15 km)"
"373801","Kistufell","Iceland","Atlantic Ocean Volcanic Regions","Iceland Neovolcanic Rift Volcanic Province","Composite","Tuya",NA,NA,"64.781000000000006","-17.21","1436",NA,"Rift zone / Oceanic crust (< 15 km)"
"373802","Valdalda","Iceland","Atlantic Ocean Volcanic Regions","Iceland Neovolcanic Rift Volcanic Province","Shield","Shield",NA,NA,"64.97","-16.48","941",NA,"Rift zone / Oceanic crust (< 15 km)"
"373803","Herdubreid","Iceland","Atlantic Ocean Volcanic Regions","Iceland Neovolcanic Rift Volcanic Province","Composite","Tuya",NA,NA,"65.180000000000007","-16.350000000000001","1682",NA,"Rift zone / Oceanic crust (< 15 km)"
"373804","Sellandafjall","Iceland","Atlantic Ocean Volcanic Regions","Iceland Neovolcanic Rift Volcanic Province","Composite","Tuya",NA,NA,"65.42","-17.03","988",NA,"Rift zone / Oceanic crust (< 15 km)"
"373805","Blafjall","Iceland","Atlantic Ocean Volcanic Regions","Iceland Neovolcanic Rift Volcanic Province","Composite","Tuya",NA,NA,"65.430000000000007","-16.850000000000001","1222",NA,"Rift zone / Oceanic crust (< 15 km)"
"373806","Burfell","Iceland","Atlantic Ocean Volcanic Regions","Iceland Neovolcanic Rift Volcanic Province","Composite","Tuya",NA,NA,"65.55","-16.649999999999999","953",NA,"Rift zone / Oceanic crust (< 15 km)"
"373807","Fjallgardar Ridge","Iceland","Atlantic Ocean Volcanic Regions","Iceland Neovolcanic Rift Volcanic Province","Cluster","Fissure vent(s)",NA,NA,"65.5","-15.67","1035",NA,"Rift zone / Oceanic crust (< 15 km)"
"373808","Gaesafjoll","Iceland","Atlantic Ocean Volcanic Regions","Iceland Neovolcanic Rift Volcanic Province","Composite","Tuya",NA,NA,"65.775000000000006","-16.88","882",NA,"Rift zone / Oceanic crust (< 15 km)"
"373809","Lambafjoll","Iceland","Atlantic Ocean Volcanic Regions","Iceland Neovolcanic Rift Volcanic Province","Cluster","Fissure vent(s)",NA,NA,"65.867000000000004","-17.132999999999999","840",NA,"Rift zone / Oceanic crust (< 15 km)"
"377800","Sigurd","Norway","Atlantic Ocean Volcanic Regions","Arctic Ridge Volcanic Province","Minor","Explosion crater",NA,NA,"79.17","13.5","1100",NA,"Intraplate / Continental crust (>25 km)"
"377801","Halvdan","Norway","Atlantic Ocean Volcanic Regions","Arctic Ridge Volcanic Province","Minor","Explosion crater",NA,NA,"79.33","13.5","834",NA,"Intraplate / Continental crust (>25 km)"
"377802","Sverrefjell","Norway","Atlantic Ocean Volcanic Regions","Arctic Ridge Volcanic Province","Minor","Pyroclastic cone",NA,NA,"79.430000000000007","13.3","506",NA,"Intraplate / Continental crust (>25 km)"
"382002","Corvo","Portugal","European Volcanic Regions","Western European Volcanic Province","Composite","Stratovolcano",NA,NA,"39.698999999999998","-31.111000000000001","718","Basalt / Picro-Basalt","Intraplate / Oceanic crust (< 15 km)"
"384030","Sao Vicente","Cabo Verde","Northern Africa Volcanic Regions","Cape Verde Hotspot Volcano Group","Composite","Stratovolcano",NA,NA,"16.850000000000001","-24.97","725","Basalt / Picro-Basalt","Intraplate / Intermediate crust (15-25 km)"
"384800","Santo Antao","Cabo Verde","Northern Africa Volcanic Regions","Cape Verde Hotspot Volcano Group","Composite","Stratovolcano",NA,NA,"17.07","-25.17","1979",NA,"Intraplate / Intermediate crust (15-25 km)"
"384801","Sao Nicolau","Cabo Verde","Northern Africa Volcanic Regions","Cape Verde Hotspot Volcano Group","Composite","Stratovolcano",NA,NA,"16.62","-24.35","1270",NA,"Intraplate / Intermediate crust (15-25 km)"
"385051","Trindade","Brazil","Atlantic Ocean Volcanic Regions","Trindade Hotspot Volcano Group","Composite","Stratovolcano",NA,NA,"-20.513999999999999","-29.331","600","Foidite","Intraplate / Oceanic crust (< 15 km)"
"385801","Martin Vaz","Brazil","Atlantic Ocean Volcanic Regions","Trindade Hotspot Volcano Group","Composite","Stratovolcano",NA,NA,"-20.47","-28.85","175",NA,"Intraplate / Oceanic crust (< 15 km)"
"386800","Inaccessible Island","United Kingdom","Atlantic Ocean Volcanic Regions","Southern Atlantic Volcano Group","Composite","Stratovolcano",NA,NA,"-37.302999999999997","-12.699","563",NA,"Rift zone / Oceanic crust (< 15 km)"
"386801","Gough Island","United Kingdom","Atlantic Ocean Volcanic Regions","Southern Atlantic Volcano Group","Shield","Shield",NA,NA,"-40.32","-9.93","910",NA,"Rift zone / Oceanic crust (< 15 km)"
"390014","Northern Victoria Land","Antarctica","Antarctic-Scotia Volcanic Regions","McMurdo Volcanic Province","Cluster","Pyroclastic cone(s)",NA,NA,"-73.45","164.58","2987","Trachybasalt / Tephrite Basanite","Intraplate / Continental crust (>25 km)"
"390024","Waesche","Antarctica","Antarctic-Scotia Volcanic Regions","Western Antarctica Volcanic Province","Shield","Shield(s)",NA,NA,"-77.17","-126.88","3292","Trachybasalt / Tephrite Basanite","Intraplate / Continental crust (>25 km)"
"390025","Siple","Antarctica","Antarctic-Scotia Volcanic Regions","Western Antarctica Volcanic Province","Shield","Shield",NA,NA,"-73.430000000000007","-126.67","3110","Basalt / Picro-Basalt","Intraplate / Continental crust (>25 km)"
"390026","Toney Mountain","Antarctica","Antarctic-Scotia Volcanic Regions","Western Antarctica Volcanic Province","Shield","Shield",NA,NA,"-75.8","-115.83","3595","Trachybasalt / Tephrite Basanite","Intraplate / Continental crust (>25 km)"
"390029","Peter I Island","Antarctica","Antarctic-Scotia Volcanic Regions","Western Antarctica Volcanic Province","Shield","Shield",NA,NA,"-68.849999999999994","-90.58","1640","Basalt / Picro-Basalt","Intraplate / Oceanic crust (< 15 km)"
"390050","Seal Nunataks Volcanic Field","Antarctica","Antarctic-Scotia Volcanic Regions","Antarctic Peninsula Volcanic Province","Cluster","Pyroclastic cone(s)",NA,NA,"-65.03","-60.05","368","Basalt / Picro-Basalt","Intraplate / Continental crust (>25 km)"
"390810","Gaussberg","Antarctica","Somalian-Antarctic Volcanic Regions","Eastern Antarctica Volcanic Province","Minor","Cone",NA,NA,"-66.78","89.3","370",NA,"Intraplate / Continental crust (>25 km)"
"390811","Adare Peninsula","Antarctica","Antarctic-Scotia Volcanic Regions","McMurdo Volcanic Province","Shield","Shield(s)",NA,NA,"-71.7","170.6","2083",NA,"Intraplate / Continental crust (>25 km)"
"390812","Rittmann, Mount","Antarctica","Antarctic-Scotia Volcanic Regions","McMurdo Volcanic Province","Shield","Shield",NA,NA,"-73.45","165.5","2600",NA,"Intraplate / Continental crust (>25 km)"
"390813","Terror","Antarctica","Antarctic-Scotia Volcanic Regions","McMurdo Volcanic Province","Shield","Shield",NA,NA,"-77.52","168.55","3262",NA,"Intraplate / Continental crust (>25 km)"
"390814","Hut Point Peninsula","Antarctica","Antarctic-Scotia Volcanic Regions","McMurdo Volcanic Province","Cluster","Pyroclastic cone(s)",NA,NA,"-77.75","166.75","431",NA,"Intraplate / Continental crust (>25 km)"
"390815","White Island","Antarctica","Antarctic-Scotia Volcanic Regions","McMurdo Volcanic Province","Shield","Shield(s)",NA,NA,"-78.17","167.5","762",NA,"Intraplate / Continental crust (>25 km)"
"390816","Black Island","Antarctica","Antarctic-Scotia Volcanic Regions","McMurdo Volcanic Province","Minor","Pyroclastic cone(s)",NA,NA,"-78.22","166.33","1041",NA,"Intraplate / Continental crust (>25 km)"
"390817","Transantarctic Mountain Foothills","Antarctica","Antarctic-Scotia Volcanic Regions","McMurdo Volcanic Province","Minor","Unknown",NA,NA,"-78","163.83000000000001","0",NA,"Intraplate / Continental crust (>25 km)"
"390818","Mason Spur","Antarctica","Antarctic-Scotia Volcanic Regions","McMurdo Volcanic Province","Cluster","Lava dome(s)",NA,NA,"-78.58","164.37","0",NA,"Intraplate / Continental crust (>25 km)"
"390819","Taylor Valley","Antarctica","Antarctic-Scotia Volcanic Regions","McMurdo Volcanic Province","Minor","Pyroclastic cone(s)",NA,NA,"-77.748000000000005","161.52600000000001","1489",NA,"Intraplate / Continental crust (>25 km)"
"390820","Bursey","Antarctica","Antarctic-Scotia Volcanic Regions","Western Antarctica Volcanic Province","Shield","Shield(s)",NA,NA,"-76","-132.66999999999999","2787",NA,"Intraplate / Continental crust (>25 km)"
"390821","Obiglio","Antarctica","Antarctic-Scotia Volcanic Regions","Western Antarctica Volcanic Province","Minor","Pyroclastic cone",NA,NA,"-74.457999999999998","-131.84800000000001","488",NA,"Unknown"
"390822","Shepard Island","Antarctica","Antarctic-Scotia Volcanic Regions","Western Antarctica Volcanic Province","Minor","Tuff cone(s)",NA,NA,"-74.424000000000007","-132.55000000000001","487",NA,"Unknown"
"390823","Crary Group","Antarctica","Antarctic-Scotia Volcanic Regions","Western Antarctica Volcanic Province","Cluster","Shield(s)",NA,NA,"-76.766999999999996","-117.717","3654",NA,"Intraplate / Continental crust (>25 km)"
"390824","Murphy","Antarctica","Antarctic-Scotia Volcanic Regions","Western Antarctica Volcanic Province","Shield","Shield",NA,NA,"-75.37","-110.67","2703",NA,"Intraplate / Continental crust (>25 km)"
"390825","Beethoven Peninsula","Antarctica","Antarctic-Scotia Volcanic Regions","Western Antarctica Volcanic Province","Cluster","Volcanic field",NA,NA,"-71.55","-73.42","1050",NA,"Intraplate / Continental crust (>25 km)"
"390826","Brabant Island","Antarctica","Antarctic-Scotia Volcanic Regions","Antarctic Peninsula Volcanic Province","Cluster","Volcanic field",NA,NA,"-64.28","-62.33","2522",NA,"Intraplate / Continental crust (>25 km)"
"390827","Livingston-Greenwich Islands","Antarctica","Antarctic-Scotia Volcanic Regions","South Shetlands Volcanic Arc","Minor","Tuff cone(s)",NA,NA,"-62.52","-60.02","530",NA,"Intraplate / Continental crust (>25 km)"
"390828","Tabarin Peninsula","Antarctica","Antarctic-Scotia Volcanic Regions","Antarctic Peninsula Volcanic Province","Shield","Shield?",NA,NA,"-63.6","-57","730",NA,"Intraplate / Continental crust (>25 km)"
"390830","Argo Point","Antarctica","Antarctic-Scotia Volcanic Regions","Antarctic Peninsula Volcanic Province","Minor","Pyroclastic cone",NA,NA,"-66.25","-60.92","360",NA,"Intraplate / Continental crust (>25 km)"
"390844","Franklin Island","Antarctica","Antarctic-Scotia Volcanic Regions","McMurdo Volcanic Province","Shield","Shield",NA,NA,"-76.17","168.38","247",NA,"Intraplate / Continental crust (>25 km)"
"390845","Beaufort Island","Antarctica","Antarctic-Scotia Volcanic Regions","McMurdo Volcanic Province","Composite","Stratovolcano",NA,NA,"-76.98","167.02","740",NA,"Intraplate / Continental crust (>25 km)"
"422820","Lenderut","Kenya","Eastern Africa Volcanic Regions","Kenyan Rift Volcanic Province","Caldera","Caldera",NA,NA,"-2.0950000000000002","36.284999999999997","1225",NA,"Rift zone / Continental crust (>25 km)"
"422821","Shombole","Kenya","Eastern Africa Volcanic Regions","Kenyan Rift Volcanic Province","Minor","Cone",NA,NA,"-2.1309999999999998","36.1","1527",NA,"Rift zone / Continental crust (>25 km)"
"422826","Tukuyu","Tanzania","Eastern Africa Volcanic Regions","Rukwa Rift Volcanic Province","Shield","Shield",NA,NA,"-9.26","33.648000000000003","1541",NA,"Unknown"
"422827","Katete","Tanzania","Eastern Africa Volcanic Regions","Rukwa Rift Volcanic Province","Composite","Stratovolcano",NA,NA,"-9.1120000000000001","33.746000000000002","2481",NA,"Rift zone / Continental crust (>25 km)"
"430815","Qiranah, Jabal al","Jordan","Arabia-Central Asia Volcanic Regions","Northern Arabia Volcanic Province","Cluster","Volcanic field",NA,NA,"30.73","35.75","0",NA,"Unknown"
"461838","Raja-Sabanda","Indonesia","Sunda-Banda Volcanic Regions","Sunda Volcanic Arc","Unknown","Unknown",NA,NA,"-2.2280000000000002","101.43","2527",NA,"Unknown"
"461839","Hulunilo","Indonesia","Sunda-Banda Volcanic Regions","Sunda Volcanic Arc","Composite","Stratovolcano",NA,NA,"-2.4180000000000001","101.776","2469",NA,"Unknown"
"461840","Tungkat","Indonesia","Sunda-Banda Volcanic Regions","Sunda Volcanic Arc","Unknown","Unknown",NA,NA,"-2.48","102.026","1576",NA,"Unknown"
"464807","Ramu-Labumbu","Indonesia","Sunda-Banda Volcanic Regions","Sunda Volcanic Arc","Unknown","Unknown",NA,NA,"-8.4160000000000004","118.20699999999999","1086",NA,"Unknown"
"504802","Ulagh Muztagh","China","Eastern Asia Volcanic Regions","Northern Tibetan Plateau Volcanic Province","Composite","Compound",NA,NA,"36.412799999999997","87.383600000000001","6945",NA,"Intraplate / Continental crust (>25 km)"
"590835","Discovery","Antarctica","Antarctic-Scotia Volcanic Regions","McMurdo Volcanic Province","Composite","Stratovolcano",NA,NA,"-78.373999999999995","165.01499999999999","2578",NA,"Intraplate / Continental crust (>25 km)"
