"Volcano.Number","Volcano.Name","Country","Volcanic.Region.Group","Volcanic.Region","Volcano.Landform","Primary.Volcano.Type","Activity.Evidence","Last.Known.Eruption.1","Latitude","Longitude","Elevation..m.","Dominant.Rock.Type","Tectonic.Setting","Location","Type","Status","Last.Known.Eruption","Tectonic_Summary"
210801,"South Harghita Mountains","Romania","European Volcanic Regions","Central European Volcanic Province","Minor","Lava dome(s)",NA,NA,46.13,25.88,1289,NA,"Intraplate / Continental crust (>25 km)",NA,NA,NA,NA,"Intraplate"
210802,"Persani Mountains","Romania","European Volcanic Regions","Central European Volcanic Province","Cluster","Volcanic field",NA,NA,45.982,25.339,623,NA,"Intraplate / Continental crust (>25 km)",NA,NA,NA,NA,"Intraplate"
210803,"Apuseni Mountains","Romania","European Volcanic Regions","Central European Volcanic Province","Cluster","Volcanic field",NA,NA,45.93,22.88,353,NA,"Intraplate / Continental crust (>25 km)",NA,NA,NA,NA,"Intraplate"
210804,"Lucaret Basalts","Romania","European Volcanic Regions","Central European Volcanic Province","Cluster","Fissure vent",NA,NA,45.826,21.69,190,NA,"Intraplate / Continental crust (>25 km)",NA,NA,NA,NA,"Intraplate"
210805,"Bakony-Balaton Highland","Hungary","European Volcanic Regions","Central European Volcanic Province","Cluster","Volcanic field",NA,NA,46.92,17.63,600,NA,"Intraplate / Continental crust (>25 km)",NA,NA,NA,NA,"Intraplate"
210806,"Little Hungarian Plain","Hungary","European Volcanic Regions","Central European Volcanic Province","Cluster","Volcanic field",NA,NA,47.192,17.2,433,NA,"Intraplate / Continental crust (>25 km)",NA,NA,NA,NA,"Intraplate"
210807,"Nograd-Southern Slovakia","Hungary-Slovakia","European Volcanic Regions","Central European Volcanic Province","Cluster","Volcanic field",NA,NA,48.159,19.79,720,NA,"Intraplate / Continental crust (>25 km)",NA,NA,NA,NA,"Intraplate"
210809,"Central Slovakia","Slovakia","European Volcanic Regions","Central European Volcanic Province","Cluster","Volcanic field",NA,NA,48.403,18.877,1009,NA,"Intraplate / Continental crust (>25 km)",NA,NA,NA,NA,"Intraplate"
210810,"Bruntal Volcanic Field","Czechia","European Volcanic Regions","Central European Volcanic Province","Cluster","Volcanic field",NA,NA,49.88,17.475,780,NA,"Intraplate / Continental crust (>25 km)",NA,NA,NA,NA,"Intraplate"
210811,"Cheb Basin","Czechia","European Volcanic Regions","Central European Volcanic Province","Cluster","Volcanic field",NA,NA,49.97,12.392,585,NA,"Intraplate / Continental crust (>25 km)",NA,NA,NA,NA,"Intraplate"
210812,"East Eifel Volcanic Field","Germany","European Volcanic Regions","Central European Volcanic Province","Cluster","Maar(s)",NA,NA,50.4,7.325,588,NA,"Rift zone / Continental crust (>25 km)",NA,NA,NA,NA,"Rift zone"
210813,"Rodderberg","Germany","European Volcanic Regions","Central European Volcanic Province","Minor","Pyroclastic cone",NA,NA,50.62,7.2,150,NA,"Rift zone / Continental crust (>25 km)",NA,NA,NA,NA,"Rift zone"
210814,"Cofrentes","Spain","European Volcanic Regions","Western European Volcanic Province","Cluster","Volcanic field",NA,NA,39.235,-1.064,514,NA,"Unknown",NA,NA,NA,NA,"Unknown"
210816,"Columbretes, Islas","Spain","European Volcanic Regions","Western European Volcanic Province","Cluster","Volcanic field",NA,NA,39.896,0.686,33,NA,"Unknown",NA,NA,NA,NA,"Unknown"
211003,"Vulsini","Italy","European Volcanic Regions","Italian Peninsula Volcanic Provinces","Caldera","Caldera",NA,NA,42.6,11.93,800,"Trachyte / Trachydacite","Subduction zone / Continental crust (>25 km)","Italy","Caldera","Historical","D7","Subduction zone"
211800,"Amiata","Italy","European Volcanic Regions","Italian Peninsula Volcanic Provinces","Minor","Lava dome(s)",NA,NA,42.9,11.63,1738,NA,"Subduction zone / Continental crust (>25 km)",NA,NA,NA,NA,"Subduction zone"
211801,"Radicofani","Italy","European Volcanic Regions","Italian Peninsula Volcanic Provinces","Minor","Volcanic remnant",NA,NA,42.899,11.769,891,NA,"Subduction zone / Continental crust (>25 km)",NA,NA,NA,NA,"Subduction zone"
211802,"Torre Alfina","Italy","European Volcanic Regions","Italian Peninsula Volcanic Provinces","Minor","Volcanic remnant",NA,NA,42.753,11.943,575,NA,"Subduction zone / Continental crust (>25 km)",NA,NA,NA,NA,"Subduction zone"
211803,"San Venanzo","Italy","European Volcanic Regions","Italian Peninsula Volcanic Provinces","Minor","Maar",NA,NA,42.862,12.266,466,NA,"Subduction zone / Continental crust (>25 km)",NA,NA,NA,NA,"Subduction zone"
211804,"Acquasparta","Italy","European Volcanic Regions","Italian Peninsula Volcanic Provinces","Cluster","Volcanic field",NA,NA,42.65,12.3,0,NA,"Subduction zone / Continental crust (>25 km)",NA,NA,NA,NA,"Subduction zone"
211805,"Polino","Italy","European Volcanic Regions","Italian Peninsula Volcanic Provinces","Minor","Explosion crater(s)",NA,NA,42.57,12.82,0,NA,"Subduction zone / Continental crust (>25 km)",NA,NA,NA,NA,"Subduction zone"
211806,"Cupaello","Italy","European Volcanic Regions","Italian Peninsula Volcanic Provinces","Minor","Pyroclastic cone",NA,NA,42.43,12.93,650,NA,"Subduction zone / Continental crust (>25 km)",NA,NA,NA,NA,"Subduction zone"
211807,"Oricola-Carsoli","Italy","European Volcanic Regions","Italian Peninsula Volcanic Provinces","Cluster","Pyroclastic cone(s)",NA,NA,42.15,13.08,0,NA,"Subduction zone / Continental crust (>25 km)",NA,NA,NA,NA,"Subduction zone"
211808,"Vico-Cimino Complex","Italy","European Volcanic Regions","Italian Peninsula Volcanic Provinces","Composite","Stratovolcano(es)",NA,NA,42.367,12.188,1053,NA,"Subduction zone / Continental crust (>25 km)",NA,NA,NA,NA,"Subduction zone"
211809,"Sabatini Complex","Italy","European Volcanic Regions","Italian Peninsula Volcanic Provinces","Composite","Stratovolcano(es)",NA,NA,42.17,12.22,612,NA,"Unknown",NA,NA,NA,NA,"Unknown"
211810,"Ernici, Monti","Italy","European Volcanic Regions","Italian Peninsula Volcanic Provinces","Cluster","Volcanic field",NA,NA,41.58,13.33,0,NA,"Subduction zone / Continental crust (>25 km)",NA,NA,NA,NA,"Subduction zone"
211811,"Roccamonfina","Italy","European Volcanic Regions","Italian Peninsula Volcanic Provinces","Composite","Stratovolcano",NA,NA,41.3,13.93,1066,NA,"Subduction zone / Continental crust (>25 km)",NA,NA,NA,NA,"Subduction zone"
211812,"Vulture, Monte","Italy","European Volcanic Regions","Italian Peninsula Volcanic Provinces","Composite","Stratovolcano",NA,NA,40.92,15.67,1330,NA,"Subduction zone / Continental crust (>25 km)",NA,NA,NA,NA,"Subduction zone"
211813,"Ventotene","Italy","European Volcanic Regions","Italian Peninsula Volcanic Provinces","Composite","Stratovolcano(es)",NA,NA,40.8,13.42,139,NA,"Subduction zone / Continental crust (>25 km)",NA,NA,NA,NA,"Subduction zone"
211814,"Pontine Islands","Italy","European Volcanic Regions","Italian Peninsula Volcanic Provinces","Minor","Lava dome(s)",NA,NA,40.9,12.95,283,NA,"Subduction zone / Continental crust (>25 km)",NA,NA,NA,NA,"Subduction zone"
211815,"Logudoro","Italy","European Volcanic Regions","Western European Volcanic Province","Cluster","Volcanic field",NA,NA,40.58,8.67,0,NA,"Unknown",NA,NA,NA,NA,"Unknown"
211816,"Salina","Italy","European Volcanic Regions","Aeolian Volcanic Arc","Composite","Stratovolcano(es)",NA,NA,38.58,14.85,962,NA,"Subduction zone / Continental crust (>25 km)",NA,NA,NA,NA,"Subduction zone"
211817,"Filicudi","Italy","European Volcanic Regions","Aeolian Volcanic Arc","Composite","Stratovolcano(es)",NA,NA,38.58,14.55,773,NA,"Subduction zone / Continental crust (>25 km)",NA,NA,NA,NA,"Subduction zone"
211818,"Alicudi","Italy","European Volcanic Regions","Aeolian Volcanic Arc","Composite","Stratovolcano",NA,NA,38.55,14.33,675,NA,"Subduction zone / Continental crust (>25 km)",NA,NA,NA,NA,"Subduction zone"
211819,"Ustica","Italy","European Volcanic Regions","Sicily Volcanic Province","Composite","Stratovolcano(es)",NA,NA,38.72,13.18,248,NA,"Subduction zone / Continental crust (>25 km)",NA,NA,NA,NA,"Subduction zone"
211820,"Iblei","Italy","European Volcanic Regions","Sicily Volcanic Province","Shield","Shield?",NA,NA,37.117,14.821,825,NA,"Subduction zone / Continental crust (>25 km)",NA,NA,NA,NA,"Subduction zone"
211821,"Linosa","Italy","European Volcanic Regions","Sicily Volcanic Province","Minor","Pyroclastic cone(s)",NA,NA,35.87,12.87,195,NA,"Rift zone / Continental crust (>25 km)",NA,NA,NA,NA,"Rift zone"
211822,"Gaeta Bay Volcanic Field","Italy","European Volcanic Regions","Italian Peninsula Volcanic Provinces","Cluster","Volcanic field",NA,NA,40.978,13.663,0,NA,"Subduction zone / Continental crust (>25 km)",NA,NA,NA,NA,"Subduction zone"
212051,"Yali","Greece","European Volcanic Regions","Hellenic Volcanic Arc","Composite","Lava dome(s)",NA,NA,36.6666,27.1224,180,"Rhyolite","Subduction zone / Continental crust (>25 km)","Greece","Lava dome","Holocene","U","Subduction zone"
212800,"Psathoura","Greece","European Volcanic Regions","Western Anatolian Volcanic Province","Minor","Lava dome",NA,NA,39.5,24.18,10,NA,"Subduction zone / Continental crust (>25 km)",NA,NA,NA,NA,"Subduction zone"
212801,"Volos-Atalanti","Greece","European Volcanic Regions","Western Anatolian Volcanic Province","Cluster","Volcanic field",NA,NA,39.033,22.8,900,NA,"Subduction zone / Continental crust (>25 km)",NA,NA,NA,NA,"Subduction zone"
212802,"Aegina","Greece","European Volcanic Regions","Hellenic Volcanic Arc","Cluster","Volcanic field",NA,NA,37.75,23.5,530,NA,"Subduction zone / Continental crust (>25 km)",NA,NA,NA,NA,"Subduction zone"
212803,"Poros","Greece","European Volcanic Regions","Hellenic Volcanic Arc","Cluster","Fissure vent",NA,NA,37.48,23.43,80,NA,"Subduction zone / Continental crust (>25 km)",NA,NA,NA,NA,"Subduction zone"
212804,"Antiparos","Greece","European Volcanic Regions","Hellenic Volcanic Arc","Minor","Pyroclastic cone(s)",NA,NA,36.995,25.046,282,NA,"Subduction zone / Continental crust (>25 km)",NA,NA,NA,NA,"Subduction zone"
212805,"Kos","Greece","European Volcanic Regions","Hellenic Volcanic Arc","Caldera","Caldera(s)",NA,NA,36.852,27.251,430,NA,"Subduction zone / Continental crust (>25 km)",NA,NA,NA,NA,"Subduction zone"
213001,"Karapinar Monogenetic Field","Turkiye","European Volcanic Regions","Western Anatolian Volcanic Province","Cluster","Volcanic field",NA,NA,37.6407,33.5901,1302,"Trachyandesite / Basaltic Trachyandesite","Intraplate / Continental crust (>25 km)",NA,NA,NA,NA,"Intraplate"
213003,"Derinkuyu Volcanic Complex","Turkiye","European Volcanic Regions","Western Anatolian Volcanic Province","Cluster","Lava dome",NA,NA,38.35,34.5567,2143,"Rhyolite","Intraplate / Continental crust (>25 km)",NA,NA,NA,NA,"Intraplate"
213004,"Nevsehir-Acigol Volcanic Complex","Turkiye","European Volcanic Regions","Western Anatolian Volcanic Province","Cluster","Complex",NA,NA,38.537,34.621,1683,"Rhyolite","Intraplate / Continental crust (>25 km)",NA,NA,NA,NA,"Intraplate"
213005,"Egrikuyu Monogenetic Field","Turkiye","European Volcanic Regions","Western Anatolian Volcanic Province","Cluster","Volcanic field",NA,NA,37.892,34.1113,1100,NA,"Intraplate / Continental crust (>25 km)",NA,NA,NA,NA,"Intraplate"
213021,"Suphan Dagi","Turkiye","Arabia-Central Asia Volcanic Regions","Central Anatolian Volcanic Province","Composite","Stratovolcano",NA,NA,38.931,42.833,4033,"Trachyandesite / Basaltic Trachyandesite","Intraplate / Continental crust (>25 km)","Turkey","Stratovolcano","Holocene","U","Intraplate"
213022,"Girekol","Turkiye","Arabia-Central Asia Volcanic Regions","Central Anatolian Volcanic Province","Shield","Shield",NA,NA,39.104,43.426,2145,"Andesite / Basaltic Andesite","Intraplate / Continental crust (>25 km)","Turkey","Unknown","Holocene","U","Intraplate"
213023,"Etrusk","Turkiye","Arabia-Central Asia Volcanic Regions","Central Anatolian Volcanic Province","Composite","Stratovolcano",NA,NA,39.032,43.66,3100,NA,NA,NA,NA,NA,NA,NA
213060,"Karasu Rift","Turkiye","Arabia-Central Asia Volcanic Regions","Northern Arabia Volcanic Province","Cluster","Volcanic field",NA,NA,36.767,36.6,486,NA,"Rift zone / Intermediate crust (15-25 km)",NA,NA,NA,NA,"Rift zone"
213061,"Ceyhan-Osmaniye","Turkiye","European Volcanic Regions","Western Anatolian Volcanic Province","Cluster","Volcanic field",NA,NA,37,36.083,424,NA,"Unknown",NA,NA,NA,NA,"Unknown"
213801,"Golcuk","Turkiye","European Volcanic Regions","Western Anatolian Volcanic Province","Caldera","Caldera",NA,NA,37.72,30.492,0,NA,"Intraplate / Continental crust (>25 km)",NA,NA,NA,NA,"Intraplate"
213803,"Arpacay","Turkiye","Arabia-Central Asia Volcanic Regions","Caucasus Volcanic Province","Cluster","Volcanic field",NA,NA,41,43.467,0,NA,"Intraplate / Continental crust (>25 km)",NA,NA,NA,NA,"Intraplate"
213804,"Kisir Dagi","Turkiye","Arabia-Central Asia Volcanic Regions","Caucasus Volcanic Province","Composite","Unknown",NA,NA,40.97,43.07,3192,NA,"Intraplate / Continental crust (>25 km)",NA,NA,NA,NA,"Intraplate"
214040,"Keli Highland","Georgia","Arabia-Central Asia Volcanic Regions","Caucasus Volcanic Province","Cluster","Pyroclastic cone(s)",NA,NA,42.45,44.25,3750,"Andesite / Basaltic Andesite","Intraplate / Continental crust (>25 km)",NA,NA,NA,NA,"Intraplate"
214802,"Akhuryan Valley","Armenia","Arabia-Central Asia Volcanic Regions","Caucasus Volcanic Province","Cluster","Volcanic field",NA,NA,41.067,43.75,2251,NA,"Intraplate / Continental crust (>25 km)",NA,NA,NA,NA,"Intraplate"
214803,"Shamiram Plateau","Armenia","Arabia-Central Asia Volcanic Regions","Caucasus Volcanic Province","Cluster","Volcanic field",NA,NA,40.2,44.15,3300,NA,"Intraplate / Continental crust (>25 km)",NA,NA,NA,NA,"Intraplate"
214805,"Southeast Syunik Upland","Armenia-Azerbaijan","Arabia-Central Asia Volcanic Regions","Caucasus Volcanic Province","Cluster","Volcanic field",NA,NA,39.617,46.1,2400,NA,"Intraplate / Continental crust (>25 km)",NA,NA,NA,NA,"Intraplate"
214808,"Dzau","Georgia","Arabia-Central Asia Volcanic Regions","Caucasus Volcanic Province","Cluster","Fissure vent",NA,NA,42.404,44.004,1904,NA,NA,NA,NA,NA,NA,NA
221109,"Mabda","Eritrea","Eastern Africa Volcanic Regions","Afar Rift Volcanic Province","Minor","Lava dome",NA,NA,13.508,41.779,1554,"Rhyolite","Rift zone / Intermediate crust (15-25 km)",NA,NA,NA,NA,"Rift zone"
221121,"Borawli","Ethiopia","Eastern Africa Volcanic Regions","Afar Rift Volcanic Province","Minor","Lava dome(s)",NA,NA,11.63,41.45,875,"Rhyolite","Rift zone / Intermediate crust (15-25 km)","Africa-NE","Stratovolcano","Holocene","U","Rift zone"
221224,"Boku","Ethiopia","Eastern Africa Volcanic Regions","Main Ethiopian Rift Volcanic Province","Caldera","Caldera",NA,NA,8.55,39.275,1625,NA,"Rift zone / Continental crust (>25 km)",NA,NA,NA,NA,"Rift zone"
221292,"Tepi","Ethiopia","Eastern Africa Volcanic Regions","Western Ethiopia Plateau Volcanic Province","Shield","Shield",NA,NA,7.424,35.43,2728,"Basalt / Picro-Basalt","Intraplate / Continental crust (>25 km)","Africa-NE","Shield volcano","Holocene","U","Intraplate"
221293,"Hobitcha Caldera","Ethiopia","Eastern Africa Volcanic Regions","Main Ethiopian Rift Volcanic Province","Caldera","Caldera",NA,NA,6.864,37.847,2156,"Basalt / Picro-Basalt","Intraplate / Continental crust (>25 km)",NA,NA,NA,NA,"Intraplate"
221300,"Chericha","Ethiopia","Eastern Africa Volcanic Regions","Main Ethiopian Rift Volcanic Province","Composite","Stratovolcano",NA,NA,6.712,38.085,1636,"Rhyolite","Rift zone / Continental crust (>25 km)",NA,NA,NA,NA,"Rift zone"
221310,"Tosa Sucha","Ethiopia","Eastern Africa Volcanic Regions","Main Ethiopian Rift Volcanic Province","Cluster","Pyroclastic cone(s)",NA,NA,5.967,37.629,1650,"Basalt / Picro-Basalt","Rift zone / Continental crust (>25 km)","Africa-NE","Cinder cone","Holocene","U","Rift zone"
221335,"Dilo-Dukana Volcanic Field","Ethiopia-Kenya","Eastern Africa Volcanic Regions","Kenyan Rift Volcanic Province","Cluster","Volcanic field",NA,NA,4.063,37.488,1111,"Basalt / Picro-Basalt","Rift zone / Intermediate crust (15-25 km)",NA,NA,NA,NA,"Rift zone"
221800,"Oyma","Ethiopia","Eastern Africa Volcanic Regions","Afar Rift Volcanic Province","Composite","Stratovolcano",NA,NA,12.88,41.62,1041,NA,"Rift zone / Intermediate crust (15-25 km)",NA,NA,NA,NA,"Rift zone"
221801,"Didolli","Ethiopia","Eastern Africa Volcanic Regions","Afar Rift Volcanic Province","Caldera","Caldera",NA,NA,12.7,41.58,1191,NA,"Rift zone / Intermediate crust (15-25 km)",NA,NA,NA,NA,"Rift zone"
221802,"Katahelu","Ethiopia","Eastern Africa Volcanic Regions","Afar Rift Volcanic Province","Minor","Cone",NA,NA,12.551,41.503,1126,NA,"Rift zone / Intermediate crust (15-25 km)",NA,NA,NA,NA,"Rift zone"
221803,"Ali Mela","Ethiopia","Eastern Africa Volcanic Regions","Afar Rift Volcanic Province","Minor","Cone",NA,NA,12.718,41.396,1037,NA,"Rift zone / Intermediate crust (15-25 km)",NA,NA,NA,NA,"Rift zone"
221804,"Dawa Ale-Quarry","Ethiopia","Eastern Africa Volcanic Regions","Afar Rift Volcanic Province","Composite","Stratovolcano",NA,NA,12.75,41,0,NA,"Rift zone / Intermediate crust (15-25 km)",NA,NA,NA,NA,"Rift zone"
221805,"Badi","Ethiopia","Eastern Africa Volcanic Regions","Afar Rift Volcanic Province","Composite","Stratovolcano",NA,NA,12.387,40.366,1321,NA,"Rift zone / Intermediate crust (15-25 km)",NA,NA,NA,NA,"Rift zone"
221806,"Gad Elu","Ethiopia","Eastern Africa Volcanic Regions","Afar Rift Volcanic Province","Composite","Stratovolcano",NA,NA,12.408,41.06,1548,NA,"Rift zone / Intermediate crust (15-25 km)",NA,NA,NA,NA,"Rift zone"
221807,"Ela","Ethiopia","Eastern Africa Volcanic Regions","Afar Rift Volcanic Province","Composite","Stratovolcano",NA,NA,12.519,41.19,934,NA,"Rift zone / Intermediate crust (15-25 km)",NA,NA,NA,NA,"Rift zone"
221808,"Asgura","Ethiopia","Eastern Africa Volcanic Regions","Afar Rift Volcanic Province","Composite","Stratovolcano",NA,NA,11.75,40.9,0,NA,"Rift zone / Intermediate crust (15-25 km)",NA,NA,NA,NA,"Rift zone"
221809,"Finini","Ethiopia","Eastern Africa Volcanic Regions","Afar Rift Volcanic Province","Composite","Stratovolcano",NA,NA,11.98,41.35,0,NA,"Rift zone / Intermediate crust (15-25 km)",NA,NA,NA,NA,"Rift zone"
221810,"Dalaha'ale","Ethiopia","Eastern Africa Volcanic Regions","Afar Rift Volcanic Province","Composite","Stratovolcano",NA,NA,12.274,42.044,881,NA,"Rift zone / Intermediate crust (15-25 km)",NA,NA,NA,NA,"Rift zone"
221811,"Data Gabalti","Ethiopia","Eastern Africa Volcanic Regions","Afar Rift Volcanic Province","Composite","Stratovolcano",NA,NA,12.197,42.135,583,NA,"Rift zone / Intermediate crust (15-25 km)",NA,NA,NA,NA,"Rift zone"
221812,"Egersuwa","Ethiopia","Eastern Africa Volcanic Regions","Afar Rift Volcanic Province","Minor","Lava dome(s)",NA,NA,12.45,42.166,582,NA,"Rift zone / Intermediate crust (15-25 km)",NA,NA,NA,NA,"Rift zone"
221816,"Zikwala","Ethiopia","Eastern Africa Volcanic Regions","Main Ethiopian Rift Volcanic Province","Composite","Stratovolcano",NA,NA,8.53,38.85,2989,NA,"Intraplate / Continental crust (>25 km)",NA,NA,NA,NA,"Intraplate"
221817,"Ch'Ilalo","Ethiopia","Eastern Africa Volcanic Regions","Main Ethiopian Rift Volcanic Province","Composite","Stratovolcano",NA,NA,7.92,39.27,4005,NA,"Intraplate / Continental crust (>25 km)",NA,NA,NA,NA,"Intraplate"
221818,"Gademota Caldera","Ethiopia","Eastern Africa Volcanic Regions","Main Ethiopian Rift Volcanic Province","Caldera","Caldera",NA,NA,7.88,38.6,2090,NA,"Intraplate / Continental crust (>25 km)",NA,NA,NA,NA,"Intraplate"
221819,"Duguna","Ethiopia","Eastern Africa Volcanic Regions","Main Ethiopian Rift Volcanic Province","Composite","Stratovolcano",NA,NA,6.95,38.07,2205,NA,"Intraplate / Continental crust (>25 km)",NA,NA,NA,NA,"Intraplate"
221822,"Chew Bahir","Ethiopia","Eastern Africa Volcanic Regions","Kenyan Rift Volcanic Province","Minor","Pyroclastic cone(s)",NA,NA,4.47,36.87,600,NA,"Rift zone / Intermediate crust (15-25 km)",NA,NA,NA,NA,"Rift zone"
221824,"Undurer","Ethiopia","Eastern Africa Volcanic Regions","Afar Rift Volcanic Province","Composite","Stratovolcano",NA,NA,12.171,41.396,1242,NA,"Rift zone / Intermediate crust (15-25 km)",NA,NA,NA,NA,"Rift zone"
221825,"Babba'Olou","Djibouti","Eastern Africa Volcanic Regions","Afar Rift Volcanic Province","Composite","Stratovolcano",NA,NA,11.55,42.133,1301,NA,"Rift zone / Intermediate crust (15-25 km)",NA,NA,NA,NA,"Rift zone"
222150,"Kilimanjaro","Tanzania","Eastern Africa Volcanic Regions","Kenyan Rift Volcanic Province","Composite","Stratovolcano",NA,NA,-3.07,37.35,5881,"Phonolite","Rift zone / Continental crust (>25 km)","Africa-E","Stratovolcano","Holocene","U","Rift zone"
222161,"Igwisi Hills","Tanzania","Eastern Africa Volcanic Regions","Tanzania Craton Volcanic Province","Minor","Pyroclastic cone(s)",NA,NA,-4.889,31.933,1146,"Foidite","Intraplate / Continental crust (>25 km)","Africa-E","Tuff cone","Holocene","U","Intraplate"
222162,"Usangu Scarp Basalt","Tanzania","Eastern Africa Volcanic Regions","Rukwa Rift Volcanic Province","Minor","Pyroclastic cone",NA,NA,-8.624,33.583,1690,"Basalt / Picro-Basalt","Rift zone / Continental crust (>25 km)",NA,NA,NA,NA,"Rift zone"
222163,"SW Usangu Basin","Tanzania","Eastern Africa Volcanic Regions","Rukwa Rift Volcanic Province","Cluster","Lava dome(s)",NA,NA,-8.75,33.8,2179,"Phonolite","Rift zone / Continental crust (>25 km)","Africa-E","Lava dome","Holocene","U","Rift zone"
222165,"Izumbwe-Mpoli","Tanzania","Eastern Africa Volcanic Regions","Rukwa Rift Volcanic Province","Minor","Pyroclastic cone(s)",NA,NA,-8.976,33.38,1568,"Foidite","Rift zone / Continental crust (>25 km)","Africa-E","Pyroclastic cone","Holocene","U","Rift zone"
222800,"Kulal","Kenya","Eastern Africa Volcanic Regions","Kenyan Rift Volcanic Province","Shield","Shield",NA,NA,2.75,36.93,2285,NA,"Rift zone / Continental crust (>25 km)",NA,NA,NA,NA,"Rift zone"
222801,"Asie","Kenya","Eastern Africa Volcanic Regions","Kenyan Rift Volcanic Province","Shield","Shield",NA,NA,2.964,37.104,1056,NA,"Rift zone / Continental crust (>25 km)",NA,NA,NA,NA,"Rift zone"
222802,"Huri Hills","Kenya","Eastern Africa Volcanic Regions","Kenyan Rift Volcanic Province","Shield","Shield",NA,NA,3.5,37.75,1300,NA,"Rift zone / Continental crust (>25 km)",NA,NA,NA,NA,"Rift zone"
222803,"Bogoria","Kenya","Eastern Africa Volcanic Regions","Kenyan Rift Volcanic Province","Shield","Shield",NA,NA,0.25,36.08,1100,NA,"Rift zone / Continental crust (>25 km)",NA,NA,NA,NA,"Rift zone"
222804,"Kilombe Caldera","Kenya","Eastern Africa Volcanic Regions","Kenyan Rift Volcanic Province","Caldera","Caldera",NA,NA,-0.08,35.83,2550,NA,"Rift zone / Continental crust (>25 km)",NA,NA,NA,NA,"Rift zone"
222805,"Nyokie, Ol Doinyo","Kenya","Eastern Africa Volcanic Regions","Kenyan Rift Volcanic Province","Minor","Tuff cone",NA,NA,-1.8,36.38,1169,NA,"Rift zone / Continental crust (>25 km)",NA,NA,NA,NA,"Rift zone"
222806,"Gelai","Tanzania","Eastern Africa Volcanic Regions","Kenyan Rift Volcanic Province","Shield","Shield",NA,NA,-2.6,36.1,2942,NA,"Unknown",NA,NA,NA,NA,"Unknown"
222807,"Ketumbeine","Tanzania","Eastern Africa Volcanic Regions","Kenyan Rift Volcanic Province","Shield","Shield",NA,NA,-2.88,36.22,2942,NA,"Rift zone / Continental crust (>25 km)",NA,NA,NA,NA,"Rift zone"
222808,"Kerimasi","Tanzania","Eastern Africa Volcanic Regions","Kenyan Rift Volcanic Province","Composite","Stratovolcano",NA,NA,-2.87,35.95,2600,NA,"Unknown",NA,NA,NA,NA,"Unknown"
222809,"Loolmalasin","Tanzania","Eastern Africa Volcanic Regions","Kenyan Rift Volcanic Province","Composite","Unknown",NA,NA,-3.052,35.817,3627,NA,"Rift zone / Continental crust (>25 km)",NA,NA,NA,NA,"Rift zone"
222810,"Sadiman","Tanzania","Eastern Africa Volcanic Regions","Kenyan Rift Volcanic Province","Composite","Stratovolcano",NA,NA,-3.18,35.42,2865,NA,"Unknown",NA,NA,NA,NA,"Unknown"
222811,"Ngorongoro","Tanzania","Eastern Africa Volcanic Regions","Kenyan Rift Volcanic Province","Caldera","Caldera",NA,NA,-3.17,35.57,2376,NA,"Unknown",NA,NA,NA,NA,"Unknown"
222812,"Sultan Hamud-Simba","Kenya","Eastern Africa Volcanic Regions","Kenyan Rift Volcanic Province","Cluster","Volcanic field",NA,NA,-2.12,37.4,0,NA,"Rift zone / Continental crust (>25 km)",NA,NA,NA,NA,"Rift zone"
222813,"Burko","Tanzania","Eastern Africa Volcanic Regions","Kenyan Rift Volcanic Province","Composite","Stratovolcano",NA,NA,-3.3,36.22,2136,NA,"Unknown",NA,NA,NA,NA,"Unknown"
222814,"Kwaraha","Tanzania","Eastern Africa Volcanic Regions","Kenyan Rift Volcanic Province","Composite","Stratovolcano",NA,NA,-4.23,35.82,2415,NA,"Rift zone / Continental crust (>25 km)",NA,NA,NA,NA,"Rift zone"
222828,"Porr","Kenya","Eastern Africa Volcanic Regions","Kenyan Rift Volcanic Province","Minor","Pyroclastic cone",NA,NA,2.9,36.55,0,NA,"Rift zone / Continental crust (>25 km)",NA,NA,NA,NA,"Rift zone"
222829,"Embagai","Tanzania","Eastern Africa Volcanic Regions","Kenyan Rift Volcanic Province","Caldera","Caldera",NA,NA,-2.92,35.83,3220,NA,"Unknown",NA,NA,NA,NA,"Unknown"
222830,"Olmoti","Tanzania","Eastern Africa Volcanic Regions","Kenyan Rift Volcanic Province","Caldera","Caldera",NA,NA,-3,35.65,3099,NA,"Unknown",NA,NA,NA,NA,"Unknown"
222831,"Hanang","Tanzania","Eastern Africa Volcanic Regions","Kenyan Rift Volcanic Province","Composite","Stratovolcano",NA,NA,-4.43,35.4,3418,NA,"Unknown",NA,NA,NA,NA,"Unknown"
223003,"Katwe-Kikorongo Volcanic Field","Uganda","Eastern Africa Volcanic Regions","Albertine Rift Volcanic Province","Cluster","Volcanic field",NA,NA,-0.08,29.92,1067,"Foidite","Rift zone / Continental crust (>25 km)",NA,NA,NA,NA,"Rift zone"
223004,"Bunyaruguru Volcanic Field","Uganda","Eastern Africa Volcanic Regions","Albertine Rift Volcanic Province","Cluster","Volcanic field",NA,NA,-0.2044,30.1422,1554,"Foidite","Rift zone / Continental crust (>25 km)",NA,NA,NA,NA,"Rift zone"
223005,"Katunga","Uganda","Eastern Africa Volcanic Regions","Albertine Rift Volcanic Province","Minor","Volcanic field",NA,NA,-0.471,30.191,1707,"Foidite","Rift zone / Continental crust (>25 km)","Africa-C","Tuff cone","Holocene","U","Rift zone"
223050,"Visoke","DR Congo-Rwanda","Eastern Africa Volcanic Regions","Albertine Rift Volcanic Province","Composite","Stratovolcano",NA,NA,-1.458,29.485,3696,"Trachyandesite / Basaltic Trachyandesite","Rift zone / Continental crust (>25 km)","Africa-C","Stratovolcano","Historical","D2","Rift zone"
223055,"Gahinga","Uganda-Rwanda","Eastern Africa Volcanic Regions","Albertine Rift Volcanic Province","Composite",NA,NA,NA,-1.3864,29.6456,3473,NA,"Rift zone / Continental crust (>25 km)",NA,NA,NA,NA,"Rift zone"
223060,"Muhavura","Uganda-Rwanda","Eastern Africa Volcanic Regions","Albertine Rift Volcanic Province","Composite","Stratovolcano",NA,NA,-1.3828,29.6778,4103,"Trachybasalt / Tephrite Basanite","Rift zone / Continental crust (>25 km)","Africa-C","Stratovolcano","Holocene","U","Rift zone"
223070,"Bufumbira Volcanic Field","Uganda","Eastern Africa Volcanic Regions","Albertine Rift Volcanic Province","Cluster","Volcanic field",NA,NA,-1.304,29.683,2100,"Phono-tephrite /  Tephri-phonolite","Rift zone / Continental crust (>25 km)",NA,NA,NA,NA,"Rift zone"
223072,"Central Virunga Volcanic Field","DR Congo-Rwanda","Eastern Africa Volcanic Regions","Albertine Rift Volcanic Province","Cluster","Volcanic field",NA,NA,-1.4142,29.525,2763,NA,"Rift zone / Continental crust (>25 km)",NA,NA,NA,NA,"Rift zone"
223074,"Southern Virunga Volcanic Field","Rwanda","Eastern Africa Volcanic Regions","Albertine Rift Volcanic Province","Cluster","Volcanic field",NA,NA,-1.5806,29.3625,2220,NA,"Rift zone / Continental crust (>25 km)",NA,NA,NA,NA,"Rift zone"
223080,"Tshibinda Volcanic Field","DR Congo","Eastern Africa Volcanic Regions","Albertine Rift Volcanic Province","Cluster","Pyroclastic cone(s)",NA,NA,-2.32,28.75,1460,"Basalt / Picro-Basalt","Rift zone / Continental crust (>25 km)",NA,NA,NA,NA,"Rift zone"
223800,"Mikeno","DR Congo","Eastern Africa Volcanic Regions","Albertine Rift Volcanic Province","Composite","Stratovolcano",NA,NA,-1.463,29.419,4387,NA,"Rift zone / Continental crust (>25 km)",NA,NA,NA,NA,"Rift zone"
223801,"Sabinyo","Uganda-Rwanda","Eastern Africa Volcanic Regions","Albertine Rift Volcanic Province","Composite","Stratovolcano",NA,NA,-1.388,29.592,3605,NA,"Unknown",NA,NA,NA,NA,"Unknown"
224001,"Sao Tome","Sao Tome and Principe","Northern Africa Volcanic Regions","Western Africa Volcanic Province","Shield","Shield",NA,NA,0.2,6.58,2024,"Basalt / Picro-Basalt","Intraplate / Oceanic crust (< 15 km)","Africa-W","Shield volcano","Holocene","Unknown","Intraplate"
224002,"Gran Caldera de Luba","Equatorial Guinea","Northern Africa Volcanic Regions","Western Africa Volcanic Province","Caldera","Shield",NA,NA,3.3569,8.5089,2266,"Basalt / Picro-Basalt","Intraplate / Continental crust (>25 km)",NA,NA,NA,NA,"Intraplate"
224003,"Biao, Pico","Equatorial Guinea","Northern Africa Volcanic Regions","Western Africa Volcanic Province","Shield","Shield",NA,NA,3.3581,8.6256,2006,"Basalt / Picro-Basalt","Intraplate / Continental crust (>25 km)",NA,NA,NA,NA,"Intraplate"
224012,"Kumba Volcanic Field","Cameroon","Northern Africa Volcanic Regions","Western Africa Volcanic Province","Cluster","Volcanic field",NA,NA,4.608,9.292,600,NA,"Intraplate / Continental crust (>25 km)",NA,NA,NA,NA,"Intraplate"
224020,"Manengouba","Cameroon","Northern Africa Volcanic Regions","Western Africa Volcanic Province","Composite","Stratovolcano",NA,NA,5.03,9.83,2411,"Basalt / Picro-Basalt","Intraplate / Continental crust (>25 km)","Africa-W","Stratovolcano","Holocene","U","Intraplate"
224040,"Ngaoundere Plateau","Cameroon","Northern Africa Volcanic Regions","Western Africa Volcanic Province","Cluster","Volcanic field",NA,NA,7.25,13.67,1230,"Trachybasalt / Tephrite Basanite","Intraplate / Continental crust (>25 km)","Africa-W","Volcanic field","Holocene","Unknown","Intraplate"
224050,"Biu Plateau","Nigeria","Northern Africa Volcanic Regions","Western Africa Volcanic Province","Cluster","Volcanic field",NA,NA,10.75,12.088,930,"Basalt / Picro-Basalt","Intraplate / Continental crust (>25 km)","Africa-W","Volcanic field","Holocene","Unknown","Intraplate"
224060,"Jos Plateau","Nigeria","Northern Africa Volcanic Regions","Western Africa Volcanic Province","Cluster","Volcanic field",NA,NA,9.5,9,1177,NA,NA,NA,NA,NA,NA,NA
225007,"Haruj","Libya","Northern Africa Volcanic Regions","East Central Sahara Volcanic Province","Cluster","Volcanic field",NA,NA,27.25,17.5,1200,"Basalt / Picro-Basalt","Intraplate / Continental crust (>25 km)","Africa-N","Scoria cone","Holocene","U","Intraplate"
225008,"Waw an Namous","Libya","Northern Africa Volcanic Regions","East Central Sahara Volcanic Province","Caldera","Caldera",NA,NA,24.906,17.772,470,"Basalt / Picro-Basalt","Intraplate / Continental crust (>25 km)",NA,NA,NA,NA,"Intraplate"
225800,"Tin Taralle Volcanic Field","Niger","Northern Africa Volcanic Regions","West Central Sahara Volcanic Province","Cluster","Volcanic field",NA,NA,18.27,9.33,0,NA,"Intraplate / Continental crust (>25 km)",NA,NA,NA,NA,"Intraplate"
225801,"Cap-Vert","Senegal","Northern Africa Volcanic Regions","Senegalo-Mauritania Basin Volcanic Province","Minor","Volcanic field",NA,NA,14.7238,-17.5019,106,NA,"Intraplate / Continental crust (>25 km)",NA,NA,NA,NA,"Intraplate"
225802,"Oulmes Volcanic Field","Morocco","Northern Africa Volcanic Regions","Northwestern Africa Volcanic Province","Cluster","Volcanic field",NA,NA,33.33,-6,0,NA,"Intraplate / Continental crust (>25 km)",NA,NA,NA,NA,"Intraplate"
225803,"Rekkame Volcanic Field","Morocco","Northern Africa Volcanic Regions","Northwestern Africa Volcanic Province","Cluster","Explosion crater(s)",NA,NA,33.17,-3.33,1500,NA,"Intraplate / Continental crust (>25 km)",NA,NA,NA,NA,"Intraplate"
225804,"Nemours-Nedroma","Algeria","Northern Africa Volcanic Regions","Northwestern Africa Volcanic Province","Cluster","Volcanic field",NA,NA,35.07,-2,444,NA,"Intraplate / Continental crust (>25 km)",NA,NA,NA,NA,"Intraplate"
225805,"Tafna Beni Saf","Algeria","Northern Africa Volcanic Regions","Northwestern Africa Volcanic Province","Cluster","Volcanic field",NA,NA,35.28,-1.45,480,NA,"Intraplate / Continental crust (>25 km)",NA,NA,NA,NA,"Intraplate"
225806,"Gharyan Volcanic Field","Libya","Northern Africa Volcanic Regions","East Central Sahara Volcanic Province","Composite","Stratovolcano(es)",NA,NA,32,13.25,850,NA,"Intraplate / Continental crust (>25 km)",NA,NA,NA,NA,"Intraplate"
225812,"In Teria Volcanic Field","Algeria","Northern Africa Volcanic Regions","West Central Sahara Volcanic Province","Cluster","Tuff ring(s)",NA,NA,25.0847,8.009,575,NA,"Intraplate / Continental crust (>25 km)",NA,NA,NA,NA,"Intraplate"
225813,"Azrou Volcanic Field","Morocco","Northern Africa Volcanic Regions","Northwestern Africa Volcanic Province","Cluster","Volcanic field",NA,NA,33.67,-5.17,1785,NA,"Intraplate / Continental crust (>25 km)",NA,NA,NA,NA,"Intraplate"
225814,"Oujda Volcanic Field","Morocco","Northern Africa Volcanic Regions","Northwestern Africa Volcanic Province","Cluster","Volcanic field",NA,NA,34.53,-3.3,700,NA,"Intraplate / Continental crust (>25 km)",NA,NA,NA,NA,"Intraplate"
225815,"Mrit-Ment Volcanic Field","Morocco","Northern Africa Volcanic Regions","Northwestern Africa Volcanic Province","Cluster","Volcanic field",NA,NA,33.47,-2.97,700,NA,"Intraplate / Continental crust (>25 km)",NA,NA,NA,NA,"Intraplate"
225816,"Berguent Volcanic Field","Morocco","Northern Africa Volcanic Regions","Northwestern Africa Volcanic Province","Cluster","Volcanic field",NA,NA,33.75,-2.4,1200,NA,"Intraplate / Continental crust (>25 km)",NA,NA,NA,NA,"Intraplate"
225817,"Chott Tigri Volcanic Field","Morocco","Northern Africa Volcanic Regions","Northwestern Africa Volcanic Province","Cluster","Volcanic field",NA,NA,32.92,-1.85,1388,NA,"Intraplate / Continental crust (>25 km)",NA,NA,NA,NA,"Intraplate"
225818,"Chi, Tarso Emi","Chad","Northern Africa Volcanic Regions","East Central Sahara Volcanic Province","Cluster","Volcanic field",NA,NA,21.22,18.52,2650,NA,"Intraplate / Continental crust (>25 km)",NA,NA,NA,NA,"Intraplate"
225819,"Ahon, Tarso","Chad","Northern Africa Volcanic Regions","East Central Sahara Volcanic Province","Cluster","Volcanic field",NA,NA,20.539,18.29,3325,NA,"Intraplate / Continental crust (>25 km)",NA,NA,NA,NA,"Intraplate"
230010,"Kaukab","Syria","Arabia-Central Asia Volcanic Regions","Northern Arabia Volcanic Province","Cluster","Volcanic field",NA,NA,36.536,40.858,516,"Basalt / Picro-Basalt","Rift zone / Continental crust (>25 km)",NA,NA,NA,NA,"Rift zone"
230800,"Tigris Lava Flows","Syria","Arabia-Central Asia Volcanic Regions","Northern Arabia Volcanic Province","Cluster","Volcanic field",NA,NA,37.13,41.85,693,NA,"Rift zone / Continental crust (>25 km)",NA,NA,NA,NA,"Rift zone"
230801,"Feidat el-Mieza","Syria","Arabia-Central Asia Volcanic Regions","Northern Arabia Volcanic Province","Minor","Volcanic field",NA,NA,35.843,40.617,404,NA,"Rift zone / Continental crust (>25 km)",NA,NA,NA,NA,"Rift zone"
230802,"Himmat el-Jazira","Syria","Arabia-Central Asia Volcanic Regions","Northern Arabia Volcanic Province","Cluster","Cone(s)",NA,NA,35.708,39.966,473,NA,"Unknown",NA,NA,NA,NA,"Unknown"
231015,"Rahah-'Uwayrid, Harrat ar","Saudi Arabia","Arabia-Central Asia Volcanic Regions","Western Arabia Volcanic Province","Cluster","Volcanic field",NA,NA,27.408,37.279,1700,NA,"Intraplate / Continental crust (>25 km)",NA,NA,NA,NA,"Intraplate"
231073,"Baqarah, Jabal","Saudi Arabia","Arabia-Central Asia Volcanic Regions","Southwest Arabia Volcanic Province","Minor","Cone",NA,NA,18.024,42.092,331,NA,"Intraplate / Continental crust (>25 km)",NA,NA,NA,NA,"Intraplate"
231806,"Hutaymah, Harrat","Saudi Arabia","Arabia-Central Asia Volcanic Regions","Western Arabia Volcanic Province","Cluster","Volcanic field",NA,NA,26.98,42.4,0,NA,"Intraplate / Continental crust (>25 km)",NA,NA,NA,NA,"Intraplate"
231807,"Haylah, Jibal al","Saudi Arabia","Arabia-Central Asia Volcanic Regions","Southwest Arabia Volcanic Province","Minor","Cone",NA,NA,18.515,42.051,761,NA,"Intraplate / Continental crust (>25 km)",NA,NA,NA,NA,"Intraplate"
232001,"Sahand","Iran","Arabia-Central Asia Volcanic Regions","Caucasus Volcanic Province","Composite","Stratovolcano",NA,NA,37.75,46.43,3707,"Andesite / Basaltic Andesite","Intraplate / Continental crust (>25 km)","Iran","Stratovolcano","Holocene","U","Intraplate"
232002,"Sabalan","Iran","Arabia-Central Asia Volcanic Regions","Caucasus Volcanic Province","Composite","Stratovolcano",NA,NA,38.268,47.835,4784,"Andesite / Basaltic Andesite","Intraplate / Continental crust (>25 km)","Iran","Stratovolcano","Holocene","U","Intraplate"
232003,"Saray","Iran","Arabia-Central Asia Volcanic Regions","Caucasus Volcanic Province","Minor",NA,NA,NA,37.861,45.477,2060,NA,"Intraplate / Continental crust (>25 km)",NA,NA,NA,NA,"Intraplate"
232020,"Qal'eh Hasan Ali","Iran","Arabia-Central Asia Volcanic Regions","Central Asia Volcanic Province","Cluster","Maar(s)",NA,NA,29.375,57.55,2400,"Trachybasalt / Tephrite Basanite","Intraplate / Continental crust (>25 km)","Iran","Maar","Holocene","Unknown","Intraplate"
232030,"Bazman","Iran","Arabia-Central Asia Volcanic Regions","Central Asia Volcanic Province","Composite","Stratovolcano",NA,NA,28.07,60,3490,"Andesite / Basaltic Andesite","Intraplate / Continental crust (>25 km)","Iran","Stratovolcano","Fumarolic","U","Intraplate"
232040,"Nader","Iran","Arabia-Central Asia Volcanic Regions","Central Asia Volcanic Province","Cluster","Volcanic field",NA,NA,28.17,60.67,1500,"Basalt / Picro-Basalt","Intraplate / Continental crust (>25 km)",NA,NA,NA,NA,"Intraplate"
232050,"Taftan","Iran","Arabia-Central Asia Volcanic Regions","Central Asia Volcanic Province","Composite","Stratovolcano",NA,NA,28.6,61.13,3940,"Andesite / Basaltic Andesite","Intraplate / Continental crust (>25 km)","Iran","Stratovolcano","Holocene","U","Intraplate"
232060,"Dacht-i-Navar Group","Afghanistan","Arabia-Central Asia Volcanic Regions","Central Asia Volcanic Province","Minor","Lava dome(s)",NA,NA,33.95,67.92,3800,"Trachyandesite / Basaltic Trachyandesite","Intraplate / Continental crust (>25 km)",NA,NA,NA,NA,"Intraplate"
232070,"Vakak Group","Afghanistan","Arabia-Central Asia Volcanic Regions","Central Asia Volcanic Province","Cluster","Volcanic field",NA,NA,34.25,67.97,3190,"Dacite","Intraplate / Continental crust (>25 km)","Afghanistan","Volcanic field","Holocene","U","Intraplate"
232800,"Bijar Volcanic Field","Iran","Arabia-Central Asia Volcanic Regions","Caucasus Volcanic Province","Cluster","Volcanic field",NA,NA,35.583,47.8,0,NA,"Intraplate / Continental crust (>25 km)",NA,NA,NA,NA,"Intraplate"
232801,"Sultan","Pakistan","Arabia-Central Asia Volcanic Regions","Central Asia Volcanic Province","Cluster","Volcanic field",NA,NA,29.1,62.8,2333,NA,"Intraplate / Continental crust (>25 km)",NA,NA,NA,NA,"Intraplate"
232803,"Kuh-e Ayyub Ansar","Iran","Arabia-Central Asia Volcanic Regions","Caucasus Volcanic Province","Minor","Lava dome",NA,NA,36.321,47.25,2506,NA,"Intraplate / Continental crust (>25 km)",NA,NA,NA,NA,"Intraplate"
232806,"Gandom Beryan","Iran","Arabia-Central Asia Volcanic Regions","Central Asia Volcanic Province","Minor","Unknown",NA,NA,31.343,57.517,500,NA,"Intraplate / Continental crust (>25 km)",NA,NA,NA,NA,"Intraplate"
232807,"Dehaj-Meduk","Iran","Arabia-Central Asia Volcanic Regions","Central Asia Volcanic Province","Cluster","Volcanic field",NA,NA,30.33,55.5,0,NA,"Intraplate / Continental crust (>25 km)",NA,NA,NA,NA,"Intraplate"
232808,"Shahsavaran","Iran","Arabia-Central Asia Volcanic Regions","Central Asia Volcanic Province","Cluster","Volcanic field",NA,NA,28.152,59.281,0,NA,"Intraplate / Continental crust (>25 km)",NA,NA,NA,NA,"Intraplate"
232809,"Zardolou Group","Afghanistan","Arabia-Central Asia Volcanic Regions","Central Asia Volcanic Province","Minor","Lava dome(s)",NA,NA,33.25,67.92,3000,NA,"Intraplate / Continental crust (>25 km)",NA,NA,NA,NA,"Intraplate"
232810,"Loman Volcano Group","Afghanistan","Arabia-Central Asia Volcanic Regions","Central Asia Volcanic Province","Minor","Lava dome(s)",NA,NA,33.33,67.85,4559,NA,"Intraplate / Continental crust (>25 km)",NA,NA,NA,NA,"Intraplate"
232812,"East Neh","Iran","Arabia-Central Asia Volcanic Regions","Central Asia Volcanic Province","Minor","Unknown",NA,NA,31.333,60.126,0,NA,NA,NA,NA,NA,NA,NA
233011,"Ambre","Madagascar","Somalian-Antarctic Volcanic Regions","Madagascar-Comoros Volcanic Province","Cluster","Volcanic field",NA,NA,-12.6,49.15,1475,"Basalt / Picro-Basalt","Intraplate / Continental crust (>25 km)",NA,NA,NA,NA,"Intraplate"
233012,"Nosy Be","Madagascar","Somalian-Antarctic Volcanic Regions","Madagascar-Comoros Volcanic Province","Cluster","Volcanic field",NA,NA,-13.3233,48.2894,419,"Foidite","Intraplate / Continental crust (>25 km)",NA,NA,NA,NA,"Intraplate"
233014,"Itasy Volcanic Field","Madagascar","Somalian-Antarctic Volcanic Regions","Central Madagascar Volcanic Province","Cluster","Volcanic field",NA,NA,-19.0306,46.6444,1800,"Trachyte / Trachydacite","Intraplate / Continental crust (>25 km)","Madagascar","Scoria cone","Radiocarbon","D7","Intraplate"
233015,"Vakinankaratra","Madagascar","Somalian-Antarctic Volcanic Regions","Central Madagascar Volcanic Province","Cluster","Volcanic field",NA,NA,-19.85,46.942,2644,"Trachybasalt / Tephrite Basanite","Intraplate / Continental crust (>25 km)","Madagascar","Cinder cone","Holocene","U","Intraplate"
233030,"Jumelles-Mwezi Volcanic Field","Union of the Comoros","Somalian-Antarctic Volcanic Regions","Madagascar-Comoros Volcanic Province","Cluster",NA,NA,NA,-12.3014,45.5792,-1500,NA,"Intraplate / Oceanic crust (< 15 km)",NA,NA,NA,NA,"Intraplate"
233800,"Moheli","Union of the Comoros","Somalian-Antarctic Volcanic Regions","Madagascar-Comoros Volcanic Province","Shield","Shield",NA,NA,-12.3,43.72,790,NA,"Intraplate / Oceanic crust (< 15 km)",NA,NA,NA,NA,"Intraplate"
233801,"Anjouan","Union of the Comoros","Somalian-Antarctic Volcanic Regions","Madagascar-Comoros Volcanic Province","Shield","Shield",NA,NA,-12.2,44.45,1595,NA,"Intraplate / Oceanic crust (< 15 km)",NA,NA,NA,NA,"Intraplate"
233802,"Neiges, Piton des","France","Somalian-Antarctic Volcanic Regions","Reunion Hotspot Volcano Group","Shield","Shield",NA,NA,-21.08,55.48,3070,NA,"Intraplate / Oceanic crust (< 15 km)",NA,NA,NA,NA,"Intraplate"
233803,"Mauritius","Mauritius","Somalian-Antarctic Volcanic Regions","Reunion Hotspot Volcano Group","Shield","Shield",NA,NA,-20.32,57.65,826,NA,"Intraplate / Oceanic crust (< 15 km)",NA,NA,NA,NA,"Intraplate"
233804,"Rodriguez Island","Mauritius","Somalian-Antarctic Volcanic Regions","Rodriguez Fracture Zone Volcano Group","Shield","Shield",NA,NA,-19.7,63.42,396,NA,"Intraplate / Oceanic crust (< 15 km)",NA,NA,NA,NA,"Intraplate"
241010,"Kaikohe-Bay of Islands","New Zealand","Tonga-Kermadec Volcanic Regions","Western North Island Volcanic Province","Cluster","Volcanic field",NA,NA,-35.3,173.9,388,"Trachybasalt / Tephrite Basanite","Subduction zone / Continental crust (>25 km)","New Zealand","Volcanic field","Radiocarbon","D6","Subduction zone"
241011,"Puhipuhi-Whangarei","New Zealand","Tonga-Kermadec Volcanic Regions","Western North Island Volcanic Province","Cluster","Volcanic field",NA,NA,-35.75,174.27,397,"Trachybasalt / Tephrite Basanite","Subduction zone / Continental crust (>25 km)",NA,NA,NA,NA,"Subduction zone"
241060,"Reporoa","New Zealand","Tonga-Kermadec Volcanic Regions","Taupo Volcanic Arc","Caldera","Caldera",NA,NA,-38.42,176.33,592,"Rhyolite","Subduction zone / Continental crust (>25 km)","New Zealand","Caldera","Tephrochronology","D6","Subduction zone"
241061,"Maroa","New Zealand","Tonga-Kermadec Volcanic Regions","Taupo Volcanic Arc","Caldera","Caldera(s)",NA,NA,-38.42,176.08,897,"Rhyolite","Subduction zone / Continental crust (>25 km)","New Zealand","Caldera","Tephrochronology","D6","Subduction zone"
241129,"Rumble II East","New Zealand","Tonga-Kermadec Volcanic Regions","Southern Kermadec Volcanic Arc","Composite","Stratovolcano",NA,NA,-35.418,178.652,-1150,NA,NA,NA,NA,NA,NA,NA
241133,"Thompson","New Zealand","Tonga-Kermadec Volcanic Regions","Southern Kermadec Volcanic Arc","Composite","Stratovolcano",NA,NA,-35.285,178.863,-1250,NA,NA,NA,NA,NA,NA,NA
241134,"Silent II West","New Zealand","Tonga-Kermadec Volcanic Regions","Southern Kermadec Volcanic Arc","Composite","Stratovolcano",NA,NA,-35.169,178.902,-780,NA,NA,NA,NA,NA,NA,NA
241135,"Silent II East","New Zealand","Tonga-Kermadec Volcanic Regions","Southern Kermadec Volcanic Arc","Composite","Stratovolcano",NA,NA,-35.21,178.978,-1250,NA,NA,NA,NA,NA,NA,NA
241141,"Yokosuka","New Zealand","Tonga-Kermadec Volcanic Regions","Southern Kermadec Volcanic Arc","Composite","Stratovolcano",NA,NA,-34.709,178.545,-1060,NA,NA,NA,NA,NA,NA,NA
241142,"Rapuhia","New Zealand","Tonga-Kermadec Volcanic Regions","Southern Kermadec Volcanic Arc","Composite","Stratovolcano",NA,NA,-34.776,178.505,-650,NA,"Subduction zone / Oceanic crust (< 15 km)",NA,NA,NA,NA,"Subduction zone"
241143,"Giljanes","New Zealand","Tonga-Kermadec Volcanic Regions","Southern Kermadec Volcanic Arc","Composite","Stratovolcano",NA,NA,-34.775,178.579,-700,NA,NA,NA,NA,NA,NA,NA
241151,"Kibblewhite","New Zealand","Tonga-Kermadec Volcanic Regions","Southern Kermadec Volcanic Arc","Composite","Stratovolcano",NA,NA,-34.576,179.262,-1000,NA,"Subduction zone / Oceanic crust (< 15 km)",NA,NA,NA,NA,"Subduction zone"
241200,"Sonne","New Zealand","Tonga-Kermadec Volcanic Regions","Middle Kermadec Volcanic Arc","Composite","Stratovolcano",NA,NA,-34.077,179.576,-995,NA,NA,NA,NA,NA,NA,NA
241201,"Ngatoroirangi","New Zealand","Tonga-Kermadec Volcanic Regions","Middle Kermadec Volcanic Arc","Composite","Stratovolcano",NA,NA,-33.729,179.827,-340,NA,NA,NA,NA,NA,NA,NA
241202,"Cole","New Zealand","Tonga-Kermadec Volcanic Regions","Middle Kermadec Volcanic Arc","Composite","Stratovolcano",NA,NA,-33.411,179.953,-2400,NA,NA,NA,NA,NA,NA,NA
241203,"Kuiwai","New Zealand","Tonga-Kermadec Volcanic Regions","Middle Kermadec Volcanic Arc","Composite","Stratovolcano",NA,NA,-33.159,-179.957,-560,NA,NA,NA,NA,NA,NA,NA
241204,"Haungaroa","New Zealand","Tonga-Kermadec Volcanic Regions","Middle Kermadec Volcanic Arc","Composite","Stratovolcano",NA,NA,-32.617,-179.624,-660,NA,NA,NA,NA,NA,NA,NA
241205,"Oliver-Speight","New Zealand","Tonga-Kermadec Volcanic Regions","Middle Kermadec Volcanic Arc","Composite","Complex",NA,NA,-32.388,-179.591,-1840,NA,NA,NA,NA,NA,NA,NA
241800,"Hautere","New Zealand","Southern Pacific Volcanic Regions","Macquarie Ridge Volcanic Province","Composite","Stratovolcano",NA,NA,-46.572,166.898,275,NA,"Subduction zone / Continental crust (>25 km)",NA,NA,NA,NA,"Subduction zone"
241802,"South Auckland","New Zealand","Tonga-Kermadec Volcanic Regions","Western North Island Volcanic Province","Cluster","Shield(s)",NA,NA,-37.37,174.92,314,NA,"Intraplate / Continental crust (>25 km)",NA,NA,NA,NA,"Intraplate"
241803,"Mokohinau Islands","New Zealand","Tonga-Kermadec Volcanic Regions","Western North Island Volcanic Province","Cluster","Volcanic field",NA,NA,-35.925,175.125,134,NA,"Subduction zone / Continental crust (>25 km)",NA,NA,NA,NA,"Subduction zone"
241804,"Little Barrier","New Zealand","Tonga-Kermadec Volcanic Regions","Western North Island Volcanic Province","Composite","Stratovolcano",NA,NA,-36.197,175.078,711,NA,"Subduction zone / Continental crust (>25 km)",NA,NA,NA,NA,"Subduction zone"
241807,"South Coromandel Peninsula","New Zealand","Tonga-Kermadec Volcanic Regions","Western North Island Volcanic Province","Cluster","Volcanic field",NA,NA,-37.25,175.78,795,NA,"Subduction zone / Continental crust (>25 km)",NA,NA,NA,NA,"Subduction zone"
241809,"Karioi","New Zealand","Tonga-Kermadec Volcanic Regions","Western North Island Volcanic Province","Composite","Stratovolcano",NA,NA,-37.865,174.802,748,NA,"Subduction zone / Continental crust (>25 km)",NA,NA,NA,NA,"Subduction zone"
241810,"Pirongia","New Zealand","Tonga-Kermadec Volcanic Regions","Western North Island Volcanic Province","Composite","Stratovolcano",NA,NA,-37.993,175.098,956,NA,"Subduction zone / Continental crust (>25 km)",NA,NA,NA,NA,"Subduction zone"
241811,"Kakepuku","New Zealand","Tonga-Kermadec Volcanic Regions","Western North Island Volcanic Province","Minor","Lava cone(s)",NA,NA,-38.066,175.25,447,NA,"Subduction zone / Continental crust (>25 km)",NA,NA,NA,NA,"Subduction zone"
241812,"Kaitake","New Zealand","Tonga-Kermadec Volcanic Regions","Western North Island Volcanic Province","Composite","Stratovolcano",NA,NA,-39.17,173.97,684,NA,"Subduction zone / Continental crust (>25 km)",NA,NA,NA,NA,"Subduction zone"
241813,"Pouakai","New Zealand","Tonga-Kermadec Volcanic Regions","Western North Island Volcanic Province","Composite","Stratovolcano",NA,NA,-39.23,174.02,1399,NA,"Subduction zone / Continental crust (>25 km)",NA,NA,NA,NA,"Subduction zone"
241815,"Moutohora Island","New Zealand","Tonga-Kermadec Volcanic Regions","Taupo Volcanic Arc","Composite","Complex",NA,NA,-37.855,176.974,352,NA,"Subduction zone / Continental crust (>25 km)",NA,NA,NA,NA,"Subduction zone"
241816,"Rotorua","New Zealand","Tonga-Kermadec Volcanic Regions","Taupo Volcanic Arc","Caldera","Caldera",NA,NA,-38.08,176.27,757,NA,"Subduction zone / Continental crust (>25 km)",NA,NA,NA,NA,"Subduction zone"
241817,"Kapenga","New Zealand","Tonga-Kermadec Volcanic Regions","Taupo Volcanic Arc","Caldera","Caldera(s)",NA,NA,-38.27,176.27,840,NA,"Subduction zone / Continental crust (>25 km)",NA,NA,NA,NA,"Subduction zone"
241818,"Mangakino","New Zealand","Tonga-Kermadec Volcanic Regions","Taupo Volcanic Arc","Caldera","Caldera",NA,NA,-38.35,175.75,1165,NA,"Subduction zone / Continental crust (>25 km)",NA,NA,NA,NA,"Subduction zone"
241819,"Northern Tongariro Group","New Zealand","Tonga-Kermadec Volcanic Regions","Taupo Volcanic Arc","Composite","Stratovolcano(es)",NA,NA,-38.98,175.7,1327,NA,"Subduction zone / Continental crust (>25 km)",NA,NA,NA,NA,"Subduction zone"
241821,"Rungapapa Knoll","New Zealand","Tonga-Kermadec Volcanic Regions","Taupo Volcanic Arc","Minor","Cone",NA,NA,-37.547,176.98,0,NA,"Subduction zone / Continental crust (>25 km)",NA,NA,NA,NA,"Subduction zone"
241822,"Te Kawa","New Zealand","Tonga-Kermadec Volcanic Regions","Western North Island Volcanic Province","Minor","Cone",NA,NA,-38.079,175.295,203,NA,"Subduction zone / Continental crust (>25 km)",NA,NA,NA,NA,"Subduction zone"
241823,"Maungatautari","New Zealand","Tonga-Kermadec Volcanic Regions","Taupo Volcanic Arc","Composite","Stratovolcano",NA,NA,-38.019,175.576,793,NA,"Subduction zone / Continental crust (>25 km)",NA,NA,NA,NA,"Subduction zone"
241824,"Tauranga Volcanic Centre","New Zealand","Tonga-Kermadec Volcanic Regions","Taupo Volcanic Arc","Cluster","Volcanic field",NA,NA,-37.833,176.1,200,NA,"Unknown",NA,NA,NA,NA,"Unknown"
242031,"Hinetapeka","New Zealand","Tonga-Kermadec Volcanic Regions","Northern Kermadec Volcanic Arc","Composite","Stratovolcano",NA,NA,-28.831,-177.826,-140,NA,NA,NA,NA,NA,NA,NA
242032,"Volcano OP","New Zealand","Tonga-Kermadec Volcanic Regions","Northern Kermadec Volcanic Arc","Composite","Stratovolcano",NA,NA,-28.218,-177.692,-875,NA,NA,NA,NA,NA,NA,NA
242040,"Putoto","New Zealand","Tonga-Kermadec Volcanic Regions","Northern Kermadec Volcanic Arc","Composite","Stratovolcano",NA,NA,-27.857,-177.621,-260,NA,NA,NA,NA,NA,NA,NA
242041,"Volcano Q","New Zealand","Tonga-Kermadec Volcanic Regions","Northern Kermadec Volcanic Arc","Composite","Stratovolcano",NA,NA,-27.468,-177.506,-1200,NA,NA,NA,NA,NA,NA,NA
242042,"Gamble","New Zealand","Tonga-Kermadec Volcanic Regions","Northern Kermadec Volcanic Arc","Composite","Stratovolcano",NA,NA,-27.2,-177.41,-900,NA,NA,NA,NA,NA,NA,NA
242043,"Rakahore","New Zealand","Tonga-Kermadec Volcanic Regions","Northern Kermadec Volcanic Arc","Composite","Stratovolcano",NA,NA,-26.81,-177.4,-640,NA,NA,NA,NA,NA,NA,NA
242044,"Hinepuia","New Zealand","Tonga-Kermadec Volcanic Regions","Northern Kermadec Volcanic Arc","Composite","Stratovolcano",NA,NA,-26.39,-177.26,-850,NA,NA,NA,NA,NA,NA,NA
243002,"Kermadec Arc at 25.2°S","Tonga","Tonga-Kermadec Volcanic Regions","Northern Kermadec Volcanic Arc","Composite","Stratovolcano",NA,NA,-25.15,-177.18,-905,NA,"Subduction zone / Oceanic crust (< 15 km)",NA,NA,NA,NA,"Subduction zone"
243003,"Kermadec Arc at 25.4°S","Tonga","Tonga-Kermadec Volcanic Regions","Northern Kermadec Volcanic Arc","Composite","Stratovolcano",NA,NA,-25.418,-177.103,-156,NA,"Subduction zone / Oceanic crust (< 15 km)",NA,NA,NA,NA,"Subduction zone"
243004,"Kermadec Arc at 24.6°S","Tonga","Tonga-Kermadec Volcanic Regions","Northern Kermadec Volcanic Arc","Composite","Stratovolcano",NA,NA,-24.58,-176.924,-552,NA,"Subduction zone / Oceanic crust (< 15 km)",NA,NA,NA,NA,"Subduction zone"
243005,"Kermadec Arc at 24.5°S","Tonga","Tonga-Kermadec Volcanic Regions","Northern Kermadec Volcanic Arc","Composite","Stratovolcano",NA,NA,-24.475,-176.923,-316,NA,"Subduction zone / Oceanic crust (< 15 km)",NA,NA,NA,NA,"Subduction zone"
243006,"Kermadec Arc at 24.2°S","Tonga","Tonga-Kermadec Volcanic Regions","Northern Kermadec Volcanic Arc","Composite","Stratovolcano",NA,NA,-24.178,-176.887,-704,NA,"Subduction zone / Oceanic crust (< 15 km)",NA,NA,NA,NA,"Subduction zone"
243007,"Kermadec Arc at 23.9°S","Tonga","Tonga-Kermadec Volcanic Regions","Northern Kermadec Volcanic Arc","Composite","Stratovolcano",NA,NA,-23.878,-176.788,-1114,NA,"Subduction zone / Oceanic crust (< 15 km)",NA,NA,NA,NA,"Subduction zone"
243008,"Kermadec Arc at 23.6°S","Tonga","Tonga-Kermadec Volcanic Regions","Northern Kermadec Volcanic Arc","Composite","Stratovolcano",NA,NA,-23.581,-176.663,-508,NA,"Subduction zone / Oceanic crust (< 15 km)",NA,NA,NA,NA,"Subduction zone"
243009,"Tofua Arc at 21.8°S","Tonga","Tonga-Kermadec Volcanic Regions","Tofua Volcanic Arc","Composite","Stratovolcano",NA,NA,-21.804,-175.941,-800,NA,"Subduction zone / Oceanic crust (< 15 km)",NA,NA,NA,NA,"Subduction zone"
243012,"Tofua Arc at 22.0°S","Tonga","Tonga-Kermadec Volcanic Regions","Tofua Volcanic Arc","Composite","Stratovolcano",NA,NA,-22.061,-176.21,-500,NA,"Subduction zone / Oceanic crust (< 15 km)",NA,NA,NA,NA,"Subduction zone"
243013,"Tofua Arc at 22.1°S","Tonga","Tonga-Kermadec Volcanic Regions","Tofua Volcanic Arc","Composite","Stratovolcano",NA,NA,-22.096,-176,-173,NA,"Subduction zone / Oceanic crust (< 15 km)",NA,NA,NA,NA,"Subduction zone"
243014,"Tofua Arc at 22.2°S","Tonga","Tonga-Kermadec Volcanic Regions","Tofua Volcanic Arc","Composite","Stratovolcano",NA,NA,-22.219,-176.124,-497,NA,"Subduction zone / Oceanic crust (< 15 km)",NA,NA,NA,NA,"Subduction zone"
243015,"Ata Volcanic Complex","Tonga","Tonga-Kermadec Volcanic Regions","Tofua Volcanic Arc","Composite","Unknown",NA,NA,-22.337,-176.21,274,NA,"Subduction zone / Oceanic crust (< 15 km)",NA,NA,NA,NA,"Subduction zone"
243016,"Tofua Arc at 22.5°S","Tonga","Tonga-Kermadec Volcanic Regions","Tofua Volcanic Arc","Composite","Stratovolcano",NA,NA,-22.459,-176.351,-820,NA,"Subduction zone / Oceanic crust (< 15 km)",NA,NA,NA,NA,"Subduction zone"
243017,"Tofua Arc at 22.6°S","Tonga","Tonga-Kermadec Volcanic Regions","Tofua Volcanic Arc","Composite","Stratovolcano",NA,NA,-22.632,-176.399,-229,NA,"Subduction zone / Oceanic crust (< 15 km)",NA,NA,NA,NA,"Subduction zone"
243018,"Tofua Arc at 22.8°S","Tonga","Tonga-Kermadec Volcanic Regions","Tofua Volcanic Arc","Composite","Stratovolcano",NA,NA,-22.846,-176.43,-39,NA,"Subduction zone / Oceanic crust (< 15 km)",NA,NA,NA,NA,"Subduction zone"
243019,"Tofua Arc at 23.0°S","Tonga","Tonga-Kermadec Volcanic Regions","Tofua Volcanic Arc","Composite","Stratovolcano",NA,NA,-22.981,-176.387,-962,NA,"Subduction zone / Oceanic crust (< 15 km)",NA,NA,NA,NA,"Subduction zone"
243055,"Feinga Seamount","Tonga","Tonga-Kermadec Volcanic Regions","Tofua Volcanic Arc","Composite","Complex",NA,NA,-20.154,-175.163,-393,NA,"Subduction zone / Oceanic crust (< 15 km)",NA,NA,NA,NA,"Subduction zone"
243056,"Tofua Arc at 19.9°S","Tonga","Tonga-Kermadec Volcanic Regions","Tofua Volcanic Arc","Composite","Complex",NA,NA,-19.9127,-175.1759,-920,NA,"Subduction zone / Oceanic crust (< 15 km)",NA,NA,NA,NA,"Subduction zone"
243065,"Tofua Arc at 19.4°S","Tonga","Tonga-Kermadec Volcanic Regions","Tofua Volcanic Arc","Composite","Stratovolcano",NA,NA,-19.438,-174.952,-331,NA,"Subduction zone / Oceanic crust (< 15 km)",NA,NA,NA,NA,"Subduction zone"
243095,"Toku","Tonga","Tonga-Kermadec Volcanic Regions","Tofua Volcanic Arc","Composite","Stratovolcano",NA,NA,-18.163,-174.181,21,NA,"Subduction zone / Oceanic crust (< 15 km)",NA,NA,NA,NA,"Subduction zone"
243103,"Niuatoputapu","Tonga","Tonga-Kermadec Volcanic Regions","Tofua Volcanic Arc","Composite","Stratovolcano",NA,NA,-15.956,-173.782,141,NA,"Subduction zone / Oceanic crust (< 15 km)",NA,NA,NA,NA,"Subduction zone"
243104,"Tofua Arc at 16.2°S","Tonga","Tonga-Kermadec Volcanic Regions","Tofua Volcanic Arc","Composite","Stratovolcano",NA,NA,-16.2,-173.92,-269,NA,"Subduction zone / Oceanic crust (< 15 km)",NA,NA,NA,NA,"Subduction zone"
243105,"Tofua Arc at 16.7°S","Tonga","Tonga-Kermadec Volcanic Regions","Tofua Volcanic Arc","Composite","Stratovolcano",NA,NA,-16.655,-173.773,-12,NA,"Subduction zone / Oceanic crust (< 15 km)",NA,NA,NA,NA,"Subduction zone"
243106,"Tofua Arc at 17.0°S","Tonga","Tonga-Kermadec Volcanic Regions","Tofua Volcanic Arc","Composite","Stratovolcano",NA,NA,-16.968,-173.848,-39,NA,"Subduction zone / Oceanic crust (< 15 km)",NA,NA,NA,NA,"Subduction zone"
243107,"Tofua Arc at 17.2°S","Tonga","Tonga-Kermadec Volcanic Regions","Tofua Volcanic Arc","Composite","Stratovolcano",NA,NA,-17.231,-173.962,-95,NA,"Subduction zone / Oceanic crust (< 15 km)",NA,NA,NA,NA,"Subduction zone"
243108,"Tofua Arc at 17.6°S","Tonga","Tonga-Kermadec Volcanic Regions","Tofua Volcanic Arc","Composite","Stratovolcano",NA,NA,-17.551,-174.154,-53,NA,"Subduction zone / Oceanic crust (< 15 km)",NA,NA,NA,NA,"Subduction zone"
243109,"Tofua Arc at 17.8°S","Tonga","Tonga-Kermadec Volcanic Regions","Tofua Volcanic Arc","Composite","Stratovolcano",NA,NA,-17.842,-174.197,-226,NA,"Subduction zone / Oceanic crust (< 15 km)",NA,NA,NA,NA,"Subduction zone"
243131,"East Mata","Tonga","Tonga-Kermadec Volcanic Regions","Northeast Lau Basin Volcano Group","Composite","Compound",NA,NA,-15.102,-173.677,-1286,NA,"Subduction zone / Oceanic crust (< 15 km)",NA,NA,NA,NA,"Subduction zone"
243132,"Northern Matas","Tonga","Tonga-Kermadec Volcanic Regions","Northeast Lau Basin Volcano Group","Cluster","Volcanic field",NA,NA,-15.005,-173.793,-1855,NA,"Subduction zone / Oceanic crust (< 15 km)",NA,NA,NA,NA,"Subduction zone"
243150,"Niua Volcanic Complex","Tonga","Tonga-Kermadec Volcanic Regions","Northeast Lau Basin Volcano Group","Composite","Complex",NA,NA,-15.122,-173.549,-677,NA,"Subduction zone / Oceanic crust (< 15 km)",NA,NA,NA,NA,"Subduction zone"
244011,"Northeast Bank","United States","Southern Pacific Volcanic Regions","Samoan Hotspot Volcano Group","Composite","Stratovolcano",NA,NA,-14.061,-170.084,-57,NA,"Intraplate / Oceanic crust (< 15 km)",NA,NA,NA,NA,"Intraplate"
244012,"Soso","United States","Southern Pacific Volcanic Regions","Samoan Hotspot Volcano Group","Composite","Stratovolcano",NA,NA,-13.764,-170.235,-1814,NA,"Intraplate / Oceanic crust (< 15 km)",NA,NA,NA,NA,"Intraplate"
244013,"Tamai","United States","Southern Pacific Volcanic Regions","Samoan Hotspot Volcano Group","Composite","Stratovolcano",NA,NA,-13.746,-170.543,-2665,NA,"Intraplate / Oceanic crust (< 15 km)",NA,NA,NA,NA,"Intraplate"
244022,"Tulaga","United States","Southern Pacific Volcanic Regions","Samoan Hotspot Volcano Group","Composite",NA,NA,NA,-14.518,-170.024,-79,NA,"Intraplate / Oceanic crust (< 15 km)",NA,NA,NA,NA,"Intraplate"
244023,"Malutut","United States","Southern Pacific Volcanic Regions","Samoan Hotspot Volcano Group","Composite","Stratovolcano",NA,NA,-14.371,-170.174,-515,NA,"Intraplate / Oceanic crust (< 15 km)",NA,NA,NA,NA,"Intraplate"
244035,"Tisa","United States","Southern Pacific Volcanic Regions","Samoan Hotspot Volcano Group","Composite","Stratovolcano",NA,NA,-14.407,-171.221,-883,NA,"Intraplate / Oceanic crust (< 15 km)",NA,NA,NA,NA,"Intraplate"
244050,"Wallis Islands","France","Southern Pacific Volcanic Regions","Vitiaz Lineament Volcanic Province","Shield","Shield(s)",NA,NA,-13.275,-176.206,146,"Basalt / Picro-Basalt","Subduction zone / Oceanic crust (< 15 km)","SW Pacific","Shield volcano","Holocene","U","Subduction zone"
245020,"Koro","Fiji","Southwestern Pacific Volcanic Regions","Fiji Volcanic Arc","Composite","Pyroclastic cone(s)",NA,NA,-17.32,179.4,522,"Basalt / Picro-Basalt","Subduction zone / Crustal thickness unknown","Fiji Is-SW Pacific","Cinder cone","Holocene","Unknown","Subduction zone"
245800,"Nairai","Fiji","Southwestern Pacific Volcanic Regions","Fiji Volcanic Arc","Composite","Complex",NA,NA,-17.8,179.42,335,NA,"Subduction zone / Crustal thickness unknown",NA,NA,NA,NA,"Subduction zone"
245801,"Waikama","Fiji","Southwestern Pacific Volcanic Regions","Fiji Volcanic Arc","Composite","Complex",NA,NA,-18.02,179.3,760,NA,"Subduction zone / Crustal thickness unknown",NA,NA,NA,NA,"Subduction zone"
245802,"Mago","Fiji","Tonga-Kermadec Volcanic Regions","Lau Ridge Volcanic Arc","Minor","Pyroclastic cone(s)",NA,NA,-17.45,-179.15,0,NA,"Intraplate / Oceanic crust (< 15 km)",NA,NA,NA,NA,"Intraplate"
245803,"Katafaga","Fiji","Tonga-Kermadec Volcanic Regions","Lau Ridge Volcanic Arc","Composite","Unknown",NA,NA,-17.52,-178.72,0,NA,"Intraplate / Oceanic crust (< 15 km)",NA,NA,NA,NA,"Intraplate"
245804,"Kabara","Fiji","Tonga-Kermadec Volcanic Regions","Lau Ridge Volcanic Arc","Composite","Unknown",NA,NA,-18.95,-178.95,0,NA,"Intraplate / Oceanic crust (< 15 km)",NA,NA,NA,NA,"Intraplate"
250020,"Baluan","Papua New Guinea","Southwestern Pacific Volcanic Regions","Bismarck Sea Volcanic Province","Composite","Stratovolcano",NA,NA,-2.5578,147.285,246,"Basalt / Picro-Basalt","Subduction zone / Continental crust (>25 km)","Admiralty Is-SW Paci","Stratovolcano","Holocene","U","Subduction zone"
251011,"Boisa","Papua New Guinea","Southwestern Pacific Volcanic Regions","Bismarck Volcanic Arc","Composite","Stratovolcano",NA,NA,-3.9935,144.9658,205,"Basalt / Picro-Basalt","Subduction zone / Continental crust (>25 km)","New Guinea-NE of","Stratovolcano","Holocene","U","Subduction zone"
251800,"Vokeo","Papua New Guinea","Southwestern Pacific Volcanic Regions","Bismarck Volcanic Arc","Composite","Stratovolcano",NA,NA,-3.2,144.1,609,NA,"Subduction zone / Continental crust (>25 km)",NA,NA,NA,NA,"Subduction zone"
251801,"Viai","Papua New Guinea","Southwestern Pacific Volcanic Regions","Bismarck Volcanic Arc","Composite","Stratovolcano",NA,NA,-3.39,144.404,58,NA,"Subduction zone / Continental crust (>25 km)",NA,NA,NA,NA,"Subduction zone"
251802,"Bagabag","Papua New Guinea","Southwestern Pacific Volcanic Regions","Bismarck Volcanic Arc","Composite","Stratovolcano",NA,NA,-4.78,146.23,692,NA,"Subduction zone / Continental crust (>25 km)",NA,NA,NA,NA,"Subduction zone"
251803,"Crown Island","Papua New Guinea","Southwestern Pacific Volcanic Regions","Bismarck Volcanic Arc","Composite","Stratovolcano",NA,NA,-5.117,146.952,298,NA,"Subduction zone / Continental crust (>25 km)",NA,NA,NA,NA,"Subduction zone"
251804,"Tolokiwa","Papua New Guinea","Southwestern Pacific Volcanic Regions","Bismarck Volcanic Arc","Composite","Stratovolcano",NA,NA,-5.32,147.58,1372,NA,"Subduction zone / Continental crust (>25 km)",NA,NA,NA,NA,"Subduction zone"
251805,"Koil","Papua New Guinea","Southwestern Pacific Volcanic Regions","Bismarck Volcanic Arc","Composite","Stratovolcano",NA,NA,-3.356,144.208,0,NA,"Subduction zone / Continental crust (>25 km)",NA,NA,NA,NA,"Subduction zone"
252021,"Mundua","Papua New Guinea","Southwestern Pacific Volcanic Regions","Bismarck Sea Volcanic Province","Composite","Complex",NA,NA,-4.624,149.339,171,"Basalt / Picro-Basalt","Subduction zone / Continental crust (>25 km)","New Britain-SW Pac","Complex volcano","Holocene","U","Subduction zone"
252030,"Garove","Papua New Guinea","Southwestern Pacific Volcanic Regions","Bismarck Sea Volcanic Province","Composite","Stratovolcano",NA,NA,-4.687,149.511,368,"Andesite / Basaltic Andesite","Subduction zone / Oceanic crust (< 15 km)","New Britain-SW Pac","Stratovolcano","Holocene","U","Subduction zone"
252800,"Tangi","Papua New Guinea","Southwestern Pacific Volcanic Regions","Bismarck Volcanic Arc","Composite","Stratovolcano",NA,NA,-5.67,148.4,1524,NA,"Subduction zone / Continental crust (>25 km)",NA,NA,NA,NA,"Subduction zone"
252801,"Narage","Papua New Guinea","Southwestern Pacific Volcanic Regions","Bismarck Sea Volcanic Province","Composite","Stratovolcano",NA,NA,-4.547,149.113,307,NA,"Subduction zone / Oceanic crust (< 15 km)",NA,NA,NA,NA,"Subduction zone"
252802,"Bangum","Papua New Guinea","Southwestern Pacific Volcanic Regions","Bismarck Volcanic Arc","Composite","Stratovolcano",NA,NA,-5.345,149.94,988,NA,"Subduction zone / Continental crust (>25 km)",NA,NA,NA,NA,"Subduction zone"
252803,"Oto Group","Papua New Guinea","Southwestern Pacific Volcanic Regions","Bismarck Volcanic Arc","Composite","Stratovolcano(es)",NA,NA,-5.558,150.407,1277,NA,"Subduction zone / Continental crust (>25 km)",NA,NA,NA,NA,"Subduction zone"
252804,"Likuruanga","Papua New Guinea","Southwestern Pacific Volcanic Regions","Bismarck Volcanic Arc","Composite","Stratovolcano",NA,NA,-4.953,151.385,904,NA,"Subduction zone / Continental crust (>25 km)",NA,NA,NA,NA,"Subduction zone"
252811,"Unea","Papua New Guinea","Southwestern Pacific Volcanic Regions","Bismarck Sea Volcanic Province","Caldera","Caldera",NA,NA,-4.888,149.143,579,NA,"Subduction zone / Continental crust (>25 km)",NA,NA,NA,NA,"Subduction zone"
252812,"Lotomgan Group","Papua New Guinea","Southwestern Pacific Volcanic Regions","Bismarck Volcanic Arc","Minor","Pyroclastic cone(s)",NA,NA,-5.22,150.07,555,NA,"Subduction zone / Continental crust (>25 km)",NA,NA,NA,NA,"Subduction zone"
253000,"Doma Peaks","Papua New Guinea","Southwestern Pacific Volcanic Regions","Eastern New Guinea Volcanic Province","Composite","Stratovolcano",NA,NA,-5.9,143.15,3568,"Andesite / Basaltic Andesite","Subduction zone / Continental crust (>25 km)","New Guinea","Stratovolcano","Holocene","Unknown","Subduction zone"
253001,"Crater Mountain","Papua New Guinea","Southwestern Pacific Volcanic Regions","Eastern New Guinea Volcanic Province","Composite","Stratovolcano",NA,NA,-6.581,145.091,2950,"Trachybasalt / Tephrite Basanite","Subduction zone / Continental crust (>25 km)","New Guinea","Stratovolcano","Holocene","Unknown","Subduction zone"
253002,"Yelia","Papua New Guinea","Southwestern Pacific Volcanic Regions","Eastern New Guinea Volcanic Province","Composite","Stratovolcano",NA,NA,-7.05,145.858,3384,"Andesite / Basaltic Andesite","Subduction zone / Continental crust (>25 km)","New Guinea","Stratovolcano","Holocene","Unknown","Subduction zone"
253800,"Kerewa","Papua New Guinea","Southwestern Pacific Volcanic Regions","Eastern New Guinea Volcanic Province","Composite","Stratovolcano",NA,NA,-6.02,143.15,3700,NA,"Subduction zone / Continental crust (>25 km)",NA,NA,NA,NA,"Subduction zone"
253801,"Sisa","Papua New Guinea","Southwestern Pacific Volcanic Regions","Eastern New Guinea Volcanic Province","Composite","Stratovolcano",NA,NA,-6.13,142.73,2650,NA,"Subduction zone / Continental crust (>25 km)",NA,NA,NA,NA,"Subduction zone"
253802,"Bosavi","Papua New Guinea","Southwestern Pacific Volcanic Regions","Eastern New Guinea Volcanic Province","Composite","Stratovolcano",NA,NA,-6.58,142.82,2397,NA,"Subduction zone / Continental crust (>25 km)",NA,NA,NA,NA,"Subduction zone"
253803,"Darai Hills","Papua New Guinea","Southwestern Pacific Volcanic Regions","Eastern New Guinea Volcanic Province","Cluster","Volcanic field",NA,NA,-6.8,143.08,500,NA,"Subduction zone / Continental crust (>25 km)",NA,NA,NA,NA,"Subduction zone"
253804,"Biwau Hills","Papua New Guinea","Southwestern Pacific Volcanic Regions","Eastern New Guinea Volcanic Province","Minor","Pyroclastic cone(s)",NA,NA,-7.32,143.28,400,NA,"Subduction zone / Continental crust (>25 km)",NA,NA,NA,NA,"Subduction zone"
253805,"Sugarloaf","Papua New Guinea","Southwestern Pacific Volcanic Regions","Eastern New Guinea Volcanic Province","Cluster","Volcanic field",NA,NA,-5.8206,143.8089,3596,NA,"Subduction zone / Continental crust (>25 km)",NA,NA,NA,NA,"Subduction zone"
253806,"Hagen","Papua New Guinea","Southwestern Pacific Volcanic Regions","Eastern New Guinea Volcanic Province","Composite","Stratovolcano(es)",NA,NA,-5.7465,144.0486,3789,NA,"Subduction zone / Continental crust (>25 km)",NA,NA,NA,NA,"Subduction zone"
253807,"Giluwe","Papua New Guinea","Southwestern Pacific Volcanic Regions","Eastern New Guinea Volcanic Province","Shield","Shield",NA,NA,-6.0432,143.8865,4320,NA,"Subduction zone / Continental crust (>25 km)",NA,NA,NA,NA,"Subduction zone"
253808,"Ialibu","Papua New Guinea","Southwestern Pacific Volcanic Regions","Eastern New Guinea Volcanic Province","Composite","Stratovolcano",NA,NA,-6.2341,144.0774,3442,NA,"Subduction zone / Continental crust (>25 km)",NA,NA,NA,NA,"Subduction zone"
253809,"Murray","Papua New Guinea","Southwestern Pacific Volcanic Regions","Eastern New Guinea Volcanic Province","Composite","Stratovolcano",NA,NA,-6.75,144.02,2254,NA,"Subduction zone / Continental crust (>25 km)",NA,NA,NA,NA,"Subduction zone"
253810,"Suaru","Papua New Guinea","Southwestern Pacific Volcanic Regions","Eastern New Guinea Volcanic Province","Composite","Stratovolcano",NA,NA,-6.25,144.83,2667,NA,"Subduction zone / Continental crust (>25 km)",NA,NA,NA,NA,"Subduction zone"
253811,"Karimui","Papua New Guinea","Southwestern Pacific Volcanic Regions","Eastern New Guinea Volcanic Province","Composite","Stratovolcano",NA,NA,-6.57,144.77,2561,NA,"Subduction zone / Continental crust (>25 km)",NA,NA,NA,NA,"Subduction zone"
253812,"Duau","Papua New Guinea","Southwestern Pacific Volcanic Regions","Eastern New Guinea Volcanic Province","Composite","Stratovolcano",NA,NA,-6.92,144.58,1850,NA,"Subduction zone / Continental crust (>25 km)",NA,NA,NA,NA,"Subduction zone"
253813,"Favenc","Papua New Guinea","Southwestern Pacific Volcanic Regions","Eastern New Guinea Volcanic Province","Composite","Stratovolcano",NA,NA,-6.97,144.68,1583,NA,"Subduction zone / Continental crust (>25 km)",NA,NA,NA,NA,"Subduction zone"
253814,"Aird Hills","Papua New Guinea","Southwestern Pacific Volcanic Regions","Eastern New Guinea Volcanic Province","Minor","Lava dome(s)",NA,NA,-7.45,144.35,328,NA,"Subduction zone / Continental crust (>25 km)",NA,NA,NA,NA,"Subduction zone"
253815,"Trafalgar","Papua New Guinea","Southwestern Pacific Volcanic Regions","Trobriand Volcanic Province","Composite","Stratovolcano",NA,NA,-9.17,149.17,1726,NA,"Subduction zone / Continental crust (>25 km)",NA,NA,NA,NA,"Subduction zone"
254010,"Lihir","Papua New Guinea","Southwestern Pacific Volcanic Regions","New Ireland Volcanic Province","Composite","Compound",NA,NA,-3.1222,152.6,700,"Trachybasalt / Tephrite Basanite","Subduction zone / Crustal thickness unknown","New Ireland-SW Pacif","Volcanic complex","Holocene","U","Subduction zone"
254020,"Feni","Papua New Guinea","Southwestern Pacific Volcanic Regions","New Ireland Volcanic Province","Composite","Stratovolcano",NA,NA,-4.0815,153.6193,448,"Phono-tephrite /  Tephri-phonolite","Subduction zone / Crustal thickness unknown",NA,NA,NA,NA,"Subduction zone"
254800,"Tabar","Papua New Guinea","Southwestern Pacific Volcanic Regions","New Ireland Volcanic Province","Composite","Stratovolcano",NA,NA,-2.9481,152.0364,607,NA,"Subduction zone / Crustal thickness unknown",NA,NA,NA,NA,"Subduction zone"
254801,"Tanga","Papua New Guinea","Southwestern Pacific Volcanic Regions","New Ireland Volcanic Province","Composite","Stratovolcano",NA,NA,-3.4669,153.201,435,NA,"Subduction zone / Crustal thickness unknown",NA,NA,NA,NA,"Subduction zone"
255000,"Tore","Papua New Guinea","Southwestern Pacific Volcanic Regions","Bougainville Volcanic Arc","Minor","Lava cone",NA,NA,-5.835,154.935,2175,"Andesite / Basaltic Andesite","Subduction zone / Crustal thickness unknown","Bougainville-SW Paci","Lava cone","Holocene","U","Subduction zone"
255062,"Gallego","Solomon Islands","Southwestern Pacific Volcanic Regions","Solomon Volcanic Province","Cluster","Volcanic field",NA,NA,-9.35,159.73,1000,"Andesite / Basaltic Andesite","Subduction zone / Crustal thickness unknown","Solomon Is-SW Pacifi","Volcanic field","Holocene","Unknown","Subduction zone"
255800,"Emperor Range","Papua New Guinea","Southwestern Pacific Volcanic Regions","Bougainville Volcanic Arc","Caldera","Caldera(s)",NA,NA,-5.7,154.95,2040,NA,"Subduction zone / Crustal thickness unknown",NA,NA,NA,NA,"Subduction zone"
255801,"Numa Numa","Papua New Guinea","Southwestern Pacific Volcanic Regions","Bougainville Volcanic Arc","Composite","Stratovolcano",NA,NA,-6.02,155.192,1567,NA,"Subduction zone / Crustal thickness unknown",NA,NA,NA,NA,"Subduction zone"
255802,"Bakanovi","Papua New Guinea","Southwestern Pacific Volcanic Regions","Bougainville Volcanic Arc","Composite","Stratovolcano",NA,NA,-6.15,155.35,600,NA,"Subduction zone / Continental crust (>25 km)",NA,NA,NA,NA,"Subduction zone"
255803,"Nonda","Solomon Islands","Southwestern Pacific Volcanic Regions","Solomon Volcanic Province","Composite","Stratovolcano",NA,NA,-7.67,156.6,760,NA,"Subduction zone / Crustal thickness unknown",NA,NA,NA,NA,"Subduction zone"
255805,"Kolombangara","Solomon Islands","Southwestern Pacific Volcanic Regions","Solomon Volcanic Province","Composite","Stratovolcano",NA,NA,-7.97,157.08,1760,NA,"Subduction zone / Crustal thickness unknown",NA,NA,NA,NA,"Subduction zone"
255806,"Rendova","Solomon Islands","Southwestern Pacific Volcanic Regions","Solomon Volcanic Province","Composite","Stratovolcano",NA,NA,-8.47,157.33,1050,NA,"Subduction zone / Crustal thickness unknown",NA,NA,NA,NA,"Subduction zone"
255807,"Mbareke","Solomon Islands","Southwestern Pacific Volcanic Regions","Solomon Volcanic Province","Composite","Stratovolcano",NA,NA,-8.55,158.07,500,NA,"Subduction zone / Continental crust (>25 km)",NA,NA,NA,NA,"Subduction zone"
255808,"Vangunu","Solomon Islands","Southwestern Pacific Volcanic Regions","Solomon Volcanic Province","Composite","Stratovolcano",NA,NA,-8.67,158,1040,NA,"Subduction zone / Crustal thickness unknown",NA,NA,NA,NA,"Subduction zone"
255809,"Nggatokae","Solomon Islands","Southwestern Pacific Volcanic Regions","Solomon Volcanic Province","Composite","Stratovolcano",NA,NA,-8.78,158.18,840,NA,"Subduction zone / Continental crust (>25 km)",NA,NA,NA,NA,"Subduction zone"
257021,"Mere Lava","Vanuatu","Southwestern Pacific Volcanic Regions","Vanuatu Volcanic Arc","Composite","Stratovolcano",NA,NA,-14.4585,168.04,1003,"Basalt / Picro-Basalt","Subduction zone / Intermediate crust (15-25 km)","Vanuatu-SW Pacific","Stratovolcano","Holocene","U","Subduction zone"
257061,"Pomare","Vanuatu","Southwestern Pacific Volcanic Regions","Vanuatu Volcanic Arc","Composite","Stratovolcano",NA,NA,-16.7241,168.2852,812,NA,"Subduction zone / Intermediate crust (15-25 km)",NA,NA,NA,NA,"Subduction zone"
257062,"Tavani Ruro","Vanuatu","Southwestern Pacific Volcanic Regions","Vanuatu Volcanic Arc","Composite","Stratovolcano",NA,NA,-16.8004,168.4383,540,NA,"Subduction zone / Intermediate crust (15-25 km)",NA,NA,NA,NA,"Subduction zone"
257075,"Tongoa","Vanuatu","Southwestern Pacific Volcanic Regions","Vanuatu Volcanic Arc","Composite",NA,NA,NA,-16.9,168.5611,0,NA,"Subduction zone / Intermediate crust (15-25 km)",NA,NA,NA,NA,"Subduction zone"
257080,"Northeast Shepherd Islands","Vanuatu","Southwestern Pacific Volcanic Regions","Vanuatu Volcanic Arc","Composite","Stratovolcano(es)",NA,NA,-17.0007,168.636,513,"Basalt / Picro-Basalt","Subduction zone / Intermediate crust (15-25 km)",NA,NA,NA,NA,"Subduction zone"
257085,"Vanuatu Arc at 18.2°S","Vanuatu","Southwestern Pacific Volcanic Regions","Vanuatu Volcanic Arc","Composite","Stratovolcano",NA,NA,-18.1961,168.8243,-127,NA,"Subduction zone / Intermediate crust (15-25 km)",NA,NA,NA,NA,"Subduction zone"
257110,"Aneityum","Vanuatu","Southwestern Pacific Volcanic Regions","Vanuatu Volcanic Arc","Composite","Stratovolcano(es)",NA,NA,-20.1875,169.8194,852,"Basalt / Picro-Basalt","Subduction zone / Intermediate crust (15-25 km)","Vanuatu-SW Pacific","Stratovolcano","Holocene","Unknown","Subduction zone"
257800,"Ureparapara","Vanuatu","Southwestern Pacific Volcanic Regions","Vanuatu Volcanic Arc","Composite","Stratovolcano",NA,NA,-13.53,167.32,764,NA,"Subduction zone / Intermediate crust (15-25 km)",NA,NA,NA,NA,"Subduction zone"
257801,"Mota","Vanuatu","Southwestern Pacific Volcanic Regions","Vanuatu Volcanic Arc","Composite","Stratovolcano",NA,NA,-13.85,167.68,411,NA,"Subduction zone / Intermediate crust (15-25 km)",NA,NA,NA,NA,"Subduction zone"
257802,"Merig","Vanuatu","Southwestern Pacific Volcanic Regions","Vanuatu Volcanic Arc","Composite","Stratovolcano",NA,NA,-14.32,167.8,125,NA,"Subduction zone / Intermediate crust (15-25 km)",NA,NA,NA,NA,"Subduction zone"
257803,"Paama Island","Vanuatu","Southwestern Pacific Volcanic Regions","Vanuatu Volcanic Arc","Composite","Complex",NA,NA,-16.47,168.23,544,NA,"Unknown",NA,NA,NA,NA,"Unknown"
257804,"Northern Efate","Vanuatu","Southwestern Pacific Volcanic Regions","Vanuatu Volcanic Arc","Cluster","Stratovolcano(es)",NA,NA,-17.6167,168.3792,500,NA,"Subduction zone / Intermediate crust (15-25 km)",NA,NA,NA,NA,"Subduction zone"
257805,"William","Vanuatu","Southwestern Pacific Volcanic Regions","Vanuatu Volcanic Arc","Composite","Stratovolcano",NA,NA,-18.7,169.08,886,NA,"Subduction zone / Intermediate crust (15-25 km)",NA,NA,NA,NA,"Subduction zone"
257806,"Northwest Shepherd Islands","Vanuatu","Southwestern Pacific Volcanic Regions","Vanuatu Volcanic Arc","Composite","Complex",NA,NA,-17.063,168.381,629,NA,"Unknown",NA,NA,NA,NA,"Unknown"
257807,"Pumpan","Vanuatu","Southwestern Pacific Volcanic Regions","Vanuatu Volcanic Arc","Composite","Stratovolcano",NA,NA,-18.85,169.12,802,NA,"Subduction zone / Intermediate crust (15-25 km)",NA,NA,NA,NA,"Subduction zone"
257808,"Melkum","Vanuatu","Southwestern Pacific Volcanic Regions","Vanuatu Volcanic Arc","Composite","Stratovolcano(es)",NA,NA,-18.85,169.05,758,NA,"Subduction zone / Intermediate crust (15-25 km)",NA,NA,NA,NA,"Subduction zone"
257809,"East Tanna","Vanuatu","Southwestern Pacific Volcanic Regions","Vanuatu Volcanic Arc","Composite","Stratovolcano",NA,NA,-19.42,169.45,552,NA,"Subduction zone / Continental crust (>25 km)",NA,NA,NA,NA,"Subduction zone"
257810,"Southern Shepherd Islands","Vanuatu","Southwestern Pacific Volcanic Regions","Vanuatu Volcanic Arc","Composite","Stratovolcano",NA,NA,-17.2525,168.4245,343,NA,"Subduction zone / Intermediate crust (15-25 km)",NA,NA,NA,NA,"Subduction zone"
258005,"Volsmar","Vanuatu","Southwestern Pacific Volcanic Regions","Vanuatu Volcanic Arc","Cluster","Volcanic field",NA,NA,-21.4847,170.2181,-1600,NA,"Rift zone / Oceanic crust (< 15 km)",NA,NA,NA,NA,"Rift zone"
259800,"Maer Volcanic Province","Australia","Eastern Australia Volcanic Regions","Northeastern Australia Volcanic Province","Cluster","Pyroclastic cone(s)",NA,NA,-9.717,143.833,171,NA,"Intraplate / Continental crust (>25 km)",NA,NA,NA,NA,"Intraplate"
259801,"Piebald Volcanic Province","Australia","Eastern Australia Volcanic Regions","Northeastern Australia Volcanic Province","Cluster","Shield(s)",NA,NA,-15.23,145.03,420,NA,"Intraplate / Continental crust (>25 km)",NA,NA,NA,NA,"Intraplate"
259802,"Mclean Volcanic Province","Australia","Eastern Australia Volcanic Regions","Northeastern Australia Volcanic Province","Cluster","Pyroclastic cone(s)",NA,NA,-15.87,144.83,610,NA,"Intraplate / Continental crust (>25 km)",NA,NA,NA,NA,"Intraplate"
259803,"Atherton Basalt Province","Australia","Eastern Australia Volcanic Regions","Northeastern Australia Volcanic Province","Cluster","Shield(s)",NA,NA,-17.3,145.72,1160,NA,"Intraplate / Continental crust (>25 km)",NA,NA,NA,NA,"Intraplate"
259805,"Fox","Australia","Eastern Australia Volcanic Regions","Northeastern Australia Volcanic Province","Minor","Pyroclastic cone",NA,NA,-18.85,145.8,840,NA,"Intraplate / Continental crust (>25 km)",NA,NA,NA,NA,"Intraplate"
259806,"Chudleigh Volcanic Province","Australia","Eastern Australia Volcanic Regions","Northeastern Australia Volcanic Province","Cluster","Shield(s)",NA,NA,-19.73,144.2,1000,NA,"Intraplate / Continental crust (>25 km)",NA,NA,NA,NA,"Intraplate"
259807,"Nulla Volcanic Province","Australia","Eastern Australia Volcanic Regions","Northeastern Australia Volcanic Province","Cluster","Shield(s)",NA,NA,-19.82,145.08,840,NA,"Intraplate / Continental crust (>25 km)",NA,NA,NA,NA,"Intraplate"
259808,"Sturgeon Volcanic Province","Australia","Eastern Australia Volcanic Regions","Northeastern Australia Volcanic Province","Shield","Shield(s)",NA,NA,-20.35,144.25,0,NA,"Intraplate / Continental crust (>25 km)",NA,NA,NA,NA,"Intraplate"
259809,"Bundaberg-Boyne Province","Australia","Eastern Australia Volcanic Regions","East Central Australia Volcanic Provinces","Minor","Pyroclastic cone(s)",NA,NA,-25.58,151.87,330,NA,"Intraplate / Continental crust (>25 km)",NA,NA,NA,NA,"Intraplate"
260001,"Narcondam","India","Sunda-Banda Volcanic Regions","Andaman Volcanic Province","Composite","Stratovolcano",NA,NA,13.4452,94.2617,722,"Andesite / Basaltic Andesite","Subduction zone / Continental crust (>25 km)",NA,NA,NA,NA,"Subduction zone"
261020,"Seulawah Agam","Indonesia","Sunda-Banda Volcanic Regions","Sunda Volcanic Arc","Composite","Stratovolcano",NA,NA,5.4472,95.6555,1309,"Andesite / Basaltic Andesite","Subduction zone / Continental crust (>25 km)","Sumatra","Stratovolcano","Historical","D3","Subduction zone"
261090,"Toba","Indonesia","Sunda-Banda Volcanic Regions","Sunda Volcanic Arc","Caldera","Caldera",NA,NA,2.6083,98.8417,2157,"Dacite","Subduction zone / Continental crust (>25 km)","Sumatra","Caldera","Holocene","U","Subduction zone"
261101,"Imun","Indonesia","Sunda-Banda Volcanic Regions","Sunda Volcanic Arc","Minor","Lava cone",NA,NA,2.156,98.934,1503,"Dacite","Subduction zone / Continental crust (>25 km)","Sumatra","Unknown","Holocene","Unknown","Subduction zone"
261110,"Sibualbuali","Indonesia","Sunda-Banda Volcanic Regions","Sunda Volcanic Arc","Composite","Stratovolcano",NA,NA,1.556,99.255,1819,"Dacite","Subduction zone / Continental crust (>25 km)","Sumatra","Stratovolcano","Holocene","Unknown","Subduction zone"
261111,"Lubuk Raya","Indonesia","Sunda-Banda Volcanic Regions","Sunda Volcanic Arc","Composite","Stratovolcano",NA,NA,1.478,99.209,1862,"Andesite / Basaltic Andesite","Subduction zone / Continental crust (>25 km)",NA,NA,NA,NA,"Subduction zone"
261131,"Sarik-Gajah","Indonesia","Sunda-Banda Volcanic Regions","Sunda Volcanic Arc","Minor (Silicic)","Pyroclastic cone(s)",NA,NA,0.074,100.189,737,"Andesite / Basaltic Andesite","Subduction zone / Continental crust (>25 km)","Sumatra","Pyroclastic cone","Holocene","Unknown","Subduction zone"
261171,"Kunyit","Indonesia","Sunda-Banda Volcanic Regions","Sunda Volcanic Arc","Composite","Stratovolcano",NA,NA,-2.274,101.483,2151,"Dacite","Subduction zone / Continental crust (>25 km)",NA,NA,NA,NA,"Subduction zone"
261200,"Hulu Lais, Bukit","Indonesia","Sunda-Banda Volcanic Regions","Sunda Volcanic Arc","Composite","Compound",NA,NA,-3.247,102.239,2122,"Basalt / Picro-Basalt","Subduction zone / Continental crust (>25 km)",NA,NA,NA,NA,"Subduction zone"
261201,"Lumut, Bukit","Indonesia","Sunda-Banda Volcanic Regions","Sunda Volcanic Arc","Composite","Stratovolcano",NA,NA,-3.224,102.205,1738,NA,"Subduction zone / Continental crust (>25 km)",NA,NA,NA,NA,"Subduction zone"
261202,"Tiga, Bukit","Indonesia","Sunda-Banda Volcanic Regions","Sunda Volcanic Arc","Composite","Stratovolcano",NA,NA,-3.308,102.256,1629,NA,"Subduction zone / Continental crust (>25 km)",NA,NA,NA,NA,"Subduction zone"
261210,"Daun, Bukit","Indonesia","Sunda-Banda Volcanic Regions","Sunda Volcanic Arc","Composite","Stratovolcano(es)",NA,NA,-3.38,102.37,2467,"Basalt / Picro-Basalt","Subduction zone / Continental crust (>25 km)","Sumatra","Stratovolcano","Fumarolic","U","Subduction zone"
261250,"Besar","Indonesia","Sunda-Banda Volcanic Regions","Sunda Volcanic Arc","Composite","Stratovolcano?",NA,NA,-4.437,103.671,1900,"Andesite / Basaltic Andesite","Subduction zone / Continental crust (>25 km)","Sumatra","Stratovolcano","Historical","D2","Subduction zone"
261260,"Sekincau Belirang","Indonesia","Sunda-Banda Volcanic Regions","Sunda Volcanic Arc","Composite","Caldera(s)",NA,NA,-5.107,104.317,1717,"Andesite / Basaltic Andesite","Subduction zone / Continental crust (>25 km)","Sumatra","Caldera","Fumarolic","U","Subduction zone"
261280,"Ulubelu","Indonesia","Sunda-Banda Volcanic Regions","Sunda Volcanic Arc","Caldera","Caldera",NA,NA,-5.334,104.59,849,"Andesite / Basaltic Andesite","Subduction zone / Continental crust (>25 km)",NA,NA,NA,NA,"Subduction zone"
261285,"Pesawaran-Ratai","Indonesia","Sunda-Banda Volcanic Regions","Sunda Volcanic Arc","Composite","Stratovolcano",NA,NA,-5.505,105.093,1575,NA,NA,NA,NA,NA,NA,NA
261290,"Rajabasa","Indonesia","Sunda-Banda Volcanic Regions","Sunda Volcanic Arc","Composite","Stratovolcano",NA,NA,-5.7803,105.6314,1282,"Andesite / Basaltic Andesite","Subduction zone / Continental crust (>25 km)","Sumatra","Stratovolcano","Fumarolic","U","Subduction zone"
261800,"Pulau Weh","Indonesia","Sunda-Banda Volcanic Regions","Sunda Volcanic Arc","Composite","Stratovolcano",NA,NA,5.82,95.28,617,NA,"Subduction zone / Continental crust (>25 km)",NA,NA,NA,NA,"Subduction zone"
261801,"Olim","Indonesia","Sunda-Banda Volcanic Regions","Sunda Volcanic Arc","Cluster","Fissure vent(s)",NA,NA,5.2,96.18,0,NA,"Subduction zone / Continental crust (>25 km)",NA,NA,NA,NA,"Subduction zone"
261802,"Teu Minas","Indonesia","Sunda-Banda Volcanic Regions","Sunda Volcanic Arc","Composite","Stratovolcano",NA,NA,5.17,96.43,0,NA,"Subduction zone / Continental crust (>25 km)",NA,NA,NA,NA,"Subduction zone"
261803,"Geureugoh","Indonesia","Sunda-Banda Volcanic Regions","Sunda Volcanic Arc","Cluster","Fissure vent(s)",NA,NA,5.15,96.67,0,NA,"Subduction zone / Continental crust (>25 km)",NA,NA,NA,NA,"Subduction zone"
261805,"Tudeuk, Gunung","Indonesia","Sunda-Banda Volcanic Regions","Sunda Volcanic Arc","Minor","Lava dome",NA,NA,5,96.57,0,NA,"Subduction zone / Continental crust (>25 km)",NA,NA,NA,NA,"Subduction zone"
261806,"Nama Salah","Indonesia","Sunda-Banda Volcanic Regions","Sunda Volcanic Arc","Unknown","Unknown",NA,NA,4.65,96.78,0,NA,"Subduction zone / Continental crust (>25 km)",NA,NA,NA,NA,"Subduction zone"
261807,"Telago, Gunung","Indonesia","Sunda-Banda Volcanic Regions","Sunda Volcanic Arc","Unknown","Unknown",NA,NA,4.47,96.82,1930,NA,"Subduction zone / Continental crust (>25 km)",NA,NA,NA,NA,"Subduction zone"
261808,"Sembuang, Gunung","Indonesia","Sunda-Banda Volcanic Regions","Sunda Volcanic Arc","Minor","Explosion crater",NA,NA,4.62,97.42,0,NA,"Subduction zone / Continental crust (>25 km)",NA,NA,NA,NA,"Subduction zone"
261809,"Geureudong","Indonesia","Sunda-Banda Volcanic Regions","Sunda Volcanic Arc","Composite","Stratovolcano",NA,NA,4.813,96.82,2885,NA,"Subduction zone / Continental crust (>25 km)",NA,NA,NA,NA,"Subduction zone"
261810,"Kembar","Indonesia","Sunda-Banda Volcanic Regions","Sunda Volcanic Arc","Shield","Shield",NA,NA,3.85,97.664,2245,NA,"Subduction zone / Continental crust (>25 km)",NA,NA,NA,NA,"Subduction zone"
261811,"Bekulap","Indonesia","Sunda-Banda Volcanic Regions","Sunda Volcanic Arc","Minor","Lava dome(s) ?",NA,NA,3.288,98.351,1782,NA,"Subduction zone / Continental crust (>25 km)",NA,NA,NA,NA,"Subduction zone"
261812,"Takur-Takur","Indonesia","Sunda-Banda Volcanic Regions","Sunda Volcanic Arc","Unknown","Unknown",NA,NA,3.222,98.627,1499,NA,"Subduction zone / Continental crust (>25 km)",NA,NA,NA,NA,"Subduction zone"
261813,"Tenaroh, Bukit","Indonesia","Sunda-Banda Volcanic Regions","Sunda Volcanic Arc","Unknown","Unknown",NA,NA,3.12,98.63,0,NA,"Subduction zone / Continental crust (>25 km)",NA,NA,NA,NA,"Subduction zone"
261814,"Simbolon","Indonesia","Sunda-Banda Volcanic Regions","Sunda Volcanic Arc","Composite","Stratovolcano",NA,NA,3.02,98.9,1509,NA,"Subduction zone / Continental crust (>25 km)",NA,NA,NA,NA,"Subduction zone"
261816,"Martimbang","Indonesia","Sunda-Banda Volcanic Regions","Sunda Volcanic Arc","Composite","Stratovolcano",NA,NA,1.96,98.968,1669,NA,"Subduction zone / Continental crust (>25 km)",NA,NA,NA,NA,"Subduction zone"
261817,"Maninjau","Indonesia","Sunda-Banda Volcanic Regions","Sunda Volcanic Arc","Caldera","Caldera",NA,NA,-0.35,100.2,1724,NA,"Subduction zone / Crustal thickness unknown",NA,NA,NA,NA,"Subduction zone"
261818,"Telor, Bukit","Indonesia","Sunda-Banda Volcanic Regions","Sunda Volcanic Arc","Minor","Pyroclastic cone",NA,NA,-1.245,103.523,38,NA,"Subduction zone / Continental crust (>25 km)",NA,NA,NA,NA,"Subduction zone"
261819,"Masurai","Indonesia","Sunda-Banda Volcanic Regions","Sunda Volcanic Arc","Composite","Stratovolcano",NA,NA,-2.503,101.858,2916,NA,"Subduction zone / Continental crust (>25 km)",NA,NA,NA,NA,"Subduction zone"
261820,"Raja","Indonesia","Sunda-Banda Volcanic Regions","Sunda Volcanic Arc","Unknown","Unknown",NA,NA,-4.83,104.08,1643,NA,"Subduction zone / Continental crust (>25 km)",NA,NA,NA,NA,"Subduction zone"
261821,"Pesagi","Indonesia","Sunda-Banda Volcanic Regions","Sunda Volcanic Arc","Unknown","Unknown",NA,NA,-4.9233,104.1462,2201,NA,"Unknown",NA,NA,NA,NA,"Unknown"
261822,"Sukadana Basalts","Indonesia","Sunda-Banda Volcanic Regions","Sunda Volcanic Arc","Cluster","Fissure vent",NA,NA,-5.25,105.65,300,NA,"Subduction zone / Continental crust (>25 km)",NA,NA,NA,NA,"Subduction zone"
261823,"Simacak, Uruk","Indonesia","Sunda-Banda Volcanic Regions","Sunda Volcanic Arc","Composite","Stratovolcano",NA,NA,3.237,98.433,1908,NA,NA,NA,NA,NA,NA,NA
261824,"Barus","Indonesia","Sunda-Banda Volcanic Regions","Sunda Volcanic Arc","Composite","Stratovolcano",NA,NA,3.204,98.564,1969,NA,NA,NA,NA,NA,NA,NA
261858,"Seulawah Inong","Indonesia","Sunda-Banda Volcanic Regions","Sunda Volcanic Arc","Unknown","Unknown",NA,NA,5.43,95.77,730,NA,"Unknown",NA,NA,NA,NA,"Unknown"
261859,"Melintang","Indonesia","Sunda-Banda Volcanic Regions","Sunda Volcanic Arc","Composite","Stratovolcano",NA,NA,-0.32,100.67,2262,NA,"Subduction zone / Continental crust (>25 km)",NA,NA,NA,NA,"Subduction zone"
261861,"Tujuh","Indonesia","Sunda-Banda Volcanic Regions","Sunda Volcanic Arc","Composite","Stratovolcano",NA,NA,-1.7,101.42,2732,NA,"Subduction zone / Continental crust (>25 km)",NA,NA,NA,NA,"Subduction zone"
261862,"Runcing","Indonesia","Sunda-Banda Volcanic Regions","Sunda Volcanic Arc","Unknown","Unknown",NA,NA,-1.755,101.627,1789,NA,"Subduction zone / Continental crust (>25 km)",NA,NA,NA,NA,"Subduction zone"
261863,"Isau-Isau","Indonesia","Sunda-Banda Volcanic Regions","Sunda Volcanic Arc","Unknown","Unknown",NA,NA,-3.967,103.643,1422,NA,"Subduction zone / Continental crust (>25 km)",NA,NA,NA,NA,"Subduction zone"
261864,"Nanti, Bukit","Indonesia","Sunda-Banda Volcanic Regions","Sunda Volcanic Arc","Unknown","Unknown",NA,NA,-4.2,103.85,1619,NA,"Unknown",NA,NA,NA,NA,"Unknown"
261865,"Tanggamus","Indonesia","Sunda-Banda Volcanic Regions","Sunda Volcanic Arc","Composite","Stratovolcano",NA,NA,-5.427,104.675,2079,NA,"Unknown",NA,NA,NA,NA,"Unknown"
263080,"Wayang-Windu","Indonesia","Sunda-Banda Volcanic Regions","Sunda Volcanic Arc","Minor","Lava dome",NA,NA,-7.213,107.637,2184,"Andesite / Basaltic Andesite","Subduction zone / Continental crust (>25 km)","Java","Lava dome","Fumarolic","U","Subduction zone"
263081,"Malabar","Indonesia","Sunda-Banda Volcanic Regions","Sunda Volcanic Arc","Composite","Stratovolcano",NA,NA,-7.132,107.639,2307,"Andesite / Basaltic Andesite","Subduction zone / Continental crust (>25 km)","Java","Stratovolcano","Holocene","Unknown","Subduction zone"
263110,"Kendang","Indonesia","Sunda-Banda Volcanic Regions","Sunda Volcanic Arc","Composite","Stratovolcano",NA,NA,-7.245,107.709,2594,"Andesite / Basaltic Andesite","Subduction zone / Continental crust (>25 km)","Java","Stratovolcano","Holocene","U","Subduction zone"
263160,"Putri, Gunung","Indonesia","Sunda-Banda Volcanic Regions","Sunda Volcanic Arc","Minor","Lava dome",NA,NA,-7.269,107.973,1796,"Andesite / Basaltic Andesite","Subduction zone / Continental crust (>25 km)",NA,NA,NA,NA,"Subduction zone"
263230,"Ungaran","Indonesia","Sunda-Banda Volcanic Regions","Sunda Volcanic Arc","Composite","Stratovolcano",NA,NA,-7.1876,110.3455,2033,"Trachyandesite / Basaltic Trachyandesite","Subduction zone / Continental crust (>25 km)","Java","Stratovolcano","Holocene","U","Subduction zone"
263231,"Telomoyo","Indonesia","Sunda-Banda Volcanic Regions","Sunda Volcanic Arc","Composite","Stratovolcano",NA,NA,-7.3613,110.3998,1891,"Andesite / Basaltic Andesite","Subduction zone / Continental crust (>25 km)","Java","Stratovolcano","Holocene","U","Subduction zone"
263251,"Muria","Indonesia","Sunda-Banda Volcanic Regions","Sunda Volcanic Arc","Composite","Stratovolcano",NA,NA,-6.62,110.88,1625,"Trachybasalt / Tephrite Basanite","Subduction zone / Continental crust (>25 km)","Java","Stratovolcano","Holocene","D7","Subduction zone"
263270,"Wilis","Indonesia","Sunda-Banda Volcanic Regions","Sunda Volcanic Arc","Composite","Stratovolcano",NA,NA,-7.808,111.758,2563,"Andesite / Basaltic Andesite","Subduction zone / Continental crust (>25 km)","Java","Stratovolcano","Holocene","U","Subduction zone"
263275,"Pandan","Indonesia","Sunda-Banda Volcanic Regions","Sunda Volcanic Arc","Composite","Cone",NA,NA,-7.4592,111.7997,908,NA,"Unknown",NA,NA,NA,NA,"Unknown"
263292,"Malang Plain","Indonesia","Sunda-Banda Volcanic Regions","Sunda Volcanic Arc","Cluster","Maar(s)",NA,NA,-8.067,112.733,662,"No Data (checked)","Subduction zone / Continental crust (>25 km)","Java","Maar","Holocene","U","Subduction zone"
263321,"Lurus","Indonesia","Sunda-Banda Volcanic Regions","Sunda Volcanic Arc","Composite","Complex",NA,NA,-7.739,113.58,507,"Andesite / Basaltic Andesite","Subduction zone / Continental crust (>25 km)","Java","Complex volcano","Holocene","Unknown","Subduction zone"
263800,"Endut","Indonesia","Sunda-Banda Volcanic Regions","Sunda Volcanic Arc","Composite","Stratovolcano",NA,NA,-6.62,106.37,1297,NA,"Subduction zone / Continental crust (>25 km)",NA,NA,NA,NA,"Subduction zone"
263801,"Halimun","Indonesia","Sunda-Banda Volcanic Regions","Sunda Volcanic Arc","Composite","Stratovolcano",NA,NA,-6.72,106.45,1929,NA,"Unknown",NA,NA,NA,NA,"Unknown"
263802,"Halimun-Talaga","Indonesia","Sunda-Banda Volcanic Regions","Sunda Volcanic Arc","Composite","Stratovolcano",NA,NA,-6.846,106.563,1741,NA,"Unknown",NA,NA,NA,NA,"Unknown"
263803,"Kancana","Indonesia","Sunda-Banda Volcanic Regions","Sunda Volcanic Arc","Composite","Stratovolcano",NA,NA,-6.897,107.041,1213,NA,"Unknown",NA,NA,NA,NA,"Unknown"
263804,"Tilu","Indonesia","Sunda-Banda Volcanic Regions","Sunda Volcanic Arc","Composite","Stratovolcano",NA,NA,-7.156,107.529,2042,NA,"Unknown",NA,NA,NA,NA,"Unknown"
263806,"Cakrabuana","Indonesia","Sunda-Banda Volcanic Regions","Sunda Volcanic Arc","Composite","Stratovolcano",NA,NA,-7.03,108.13,1721,NA,"Subduction zone / Continental crust (>25 km)",NA,NA,NA,NA,"Subduction zone"
263807,"Lasem","Indonesia","Sunda-Banda Volcanic Regions","Sunda Volcanic Arc","Composite","Stratovolcano",NA,NA,-6.68,111.52,806,NA,"Unknown",NA,NA,NA,NA,"Unknown"
263808,"Ringgit","Indonesia","Sunda-Banda Volcanic Regions","Sunda Volcanic Arc","Composite","Stratovolcano",NA,NA,-7.72,113.85,1250,NA,"Unknown",NA,NA,NA,NA,"Unknown"
263809,"Kaledong","Indonesia","Sunda-Banda Volcanic Regions","Sunda Volcanic Arc","Minor","Lava dome",NA,NA,-7.053,107.908,1235,NA,"Unknown",NA,NA,NA,NA,"Unknown"
263810,"Gede","Indonesia","Sunda-Banda Volcanic Regions","Sunda Volcanic Arc","Unknown","Unknown",NA,NA,-5.93,106.07,595,NA,"Unknown",NA,NA,NA,NA,"Unknown"
263811,"Cibugis","Indonesia","Sunda-Banda Volcanic Regions","Sunda Volcanic Arc","Composite","Stratovolcano",NA,NA,-6.5,106.57,613,NA,"Unknown",NA,NA,NA,NA,"Unknown"
263812,"Kendeng","Indonesia","Sunda-Banda Volcanic Regions","Sunda Volcanic Arc","Composite","Stratovolcano",NA,NA,-6.768,106.526,1732,NA,"Subduction zone / Continental crust (>25 km)",NA,NA,NA,NA,"Subduction zone"
263813,"Sanggabuana","Indonesia","Sunda-Banda Volcanic Regions","Sunda Volcanic Arc","Composite","Stratovolcano",NA,NA,-6.58,107.22,1291,NA,"Unknown",NA,NA,NA,NA,"Unknown"
263814,"Kancana","Indonesia","Sunda-Banda Volcanic Regions","Sunda Volcanic Arc","Composite","Stratovolcano",NA,NA,-7.32,107.63,2182,NA,"Unknown",NA,NA,NA,NA,"Unknown"
263815,"Mandalagiri","Indonesia","Sunda-Banda Volcanic Regions","Sunda Volcanic Arc","Composite","Stratovolcano",NA,NA,-7.4,107.78,1831,NA,"Unknown",NA,NA,NA,NA,"Unknown"
263816,"Cikuray","Indonesia","Sunda-Banda Volcanic Regions","Sunda Volcanic Arc","Composite","Stratovolcano",NA,NA,-7.322,107.86,2784,NA,"Unknown",NA,NA,NA,NA,"Unknown"
263817,"Mandalawangi","Indonesia","Sunda-Banda Volcanic Regions","Sunda Volcanic Arc","Composite","Stratovolcano",NA,NA,-7.058,107.864,1631,NA,"Unknown",NA,NA,NA,NA,"Unknown"
263818,"Canlancang","Indonesia","Sunda-Banda Volcanic Regions","Sunda Volcanic Arc","Unknown","Unknown",NA,NA,-6.958,107.95,1651,NA,"Unknown",NA,NA,NA,NA,"Unknown"
263819,"Sedakeling","Indonesia","Sunda-Banda Volcanic Regions","Sunda Volcanic Arc","Composite","Stratovolcano",NA,NA,-7.12,108.03,1676,NA,"Unknown",NA,NA,NA,NA,"Unknown"
263820,"Sawal","Indonesia","Sunda-Banda Volcanic Regions","Sunda Volcanic Arc","Composite","Stratovolcano",NA,NA,-7.18,108.27,1764,NA,"Unknown",NA,NA,NA,NA,"Unknown"
263821,"Selokaki","Indonesia","Sunda-Banda Volcanic Regions","Sunda Volcanic Arc","Composite","Stratovolcano",NA,NA,-7.83,112.35,1083,NA,"Unknown",NA,NA,NA,NA,"Unknown"
263822,"Argowayang","Indonesia","Sunda-Banda Volcanic Regions","Sunda Volcanic Arc","Composite","Stratovolcano",NA,NA,-7.77,112.43,2198,NA,"Unknown",NA,NA,NA,NA,"Unknown"
263823,"Haruman","Indonesia","Sunda-Banda Volcanic Regions","Sunda Volcanic Arc","Minor","Lava dome",NA,NA,-7.074,107.943,1195,NA,"Unknown",NA,NA,NA,NA,"Unknown"
264070,"Poco Leok","Indonesia","Sunda-Banda Volcanic Regions","Sunda Volcanic Arc","Composite","Stratovolcano",NA,NA,-8.68,120.48,1675,"Andesite / Basaltic Andesite","Subduction zone / Crustal thickness unknown","Lesser Sunda Is","Unknown","Fumarolic","U","Subduction zone"
264170,"Ilimuda","Indonesia","Sunda-Banda Volcanic Regions","Sunda Volcanic Arc","Composite","Stratovolcano",NA,NA,-8.479,122.761,881,"Andesite / Basaltic Andesite","Subduction zone / Crustal thickness unknown","Lesser Sunda Is","Stratovolcano","Fumarolic","U","Subduction zone"
264200,"Lereboleng","Indonesia","Sunda-Banda Volcanic Regions","Sunda Volcanic Arc","Composite","Complex",NA,NA,-8.365,122.833,1111,"Andesite / Basaltic Andesite","Subduction zone / Crustal thickness unknown",NA,NA,NA,NA,"Subduction zone"
264830,"Merbuk","Indonesia","Sunda-Banda Volcanic Regions","Sunda Volcanic Arc","Unknown","Unknown",NA,NA,-8.226,114.653,1359,NA,"Subduction zone / Continental crust (>25 km)",NA,NA,NA,NA,"Subduction zone"
264831,"Patas","Indonesia","Sunda-Banda Volcanic Regions","Sunda Volcanic Arc","Unknown","Unknown",NA,NA,-8.261,114.817,1390,NA,"Subduction zone / Continental crust (>25 km)",NA,NA,NA,NA,"Subduction zone"
264833,"Seraja","Indonesia","Sunda-Banda Volcanic Regions","Sunda Volcanic Arc","Unknown","Unknown",NA,NA,-8.377,115.654,1142,NA,"Subduction zone / Continental crust (>25 km)",NA,NA,NA,NA,"Subduction zone"
264834,"Punikan","Indonesia","Sunda-Banda Volcanic Regions","Sunda Volcanic Arc","Unknown","Unknown",NA,NA,-8.47,116.13,1490,NA,"Unknown",NA,NA,NA,NA,"Unknown"
264836,"Lambuwu, Doro","Indonesia","Sunda-Banda Volcanic Regions","Sunda Volcanic Arc","Composite","Stratovolcano",NA,NA,-8.362,118.497,1602,NA,"Subduction zone / Continental crust (>25 km)",NA,NA,NA,NA,"Subduction zone"
264837,"Maria, Doro","Indonesia","Sunda-Banda Volcanic Regions","Sunda Volcanic Arc","Unknown","Unknown",NA,NA,-8.483,118.924,1423,NA,"Subduction zone / Continental crust (>25 km)",NA,NA,NA,NA,"Subduction zone"
264838,"Saboke, Doro","Indonesia","Sunda-Banda Volcanic Regions","Sunda Volcanic Arc","Unknown","Unknown",NA,NA,-8.68,119.12,1000,NA,"Subduction zone / Continental crust (>25 km)",NA,NA,NA,NA,"Subduction zone"
264839,"Gilibanta","Indonesia","Sunda-Banda Volcanic Regions","Sunda Volcanic Arc","Composite","Stratovolcano?",NA,NA,-8.42,119.32,363,NA,"Subduction zone / Continental crust (>25 km)",NA,NA,NA,NA,"Subduction zone"
264840,"Otota, Doro","Indonesia","Sunda-Banda Volcanic Regions","Sunda Volcanic Arc","Unknown","Unknown",NA,NA,-8.72,119.42,518,NA,"Subduction zone / Continental crust (>25 km)",NA,NA,NA,NA,"Subduction zone"
264841,"Ora, Doro","Indonesia","Sunda-Banda Volcanic Regions","Sunda Volcanic Arc","Unknown","Unknown",NA,NA,-8.75,119.67,668,NA,"Subduction zone / Continental crust (>25 km)",NA,NA,NA,NA,"Subduction zone"
264842,"Beliling","Indonesia","Sunda-Banda Volcanic Regions","Sunda Volcanic Arc","Unknown","Unknown",NA,NA,-8.62,119.97,1153,NA,"Subduction zone / Continental crust (>25 km)",NA,NA,NA,NA,"Subduction zone"
264843,"Sangenges","Indonesia","Sunda-Banda Volcanic Regions","Sunda Volcanic Arc","Composite","Stratovolcano",NA,NA,-8.58,117.122,1824,NA,NA,NA,NA,NA,NA,NA
264845,"Tarowa","Indonesia","Sunda-Banda Volcanic Regions","Sunda Volcanic Arc","Caldera","Caldera",NA,NA,-8.704,118.161,755,NA,NA,NA,NA,NA,NA,NA
265030,"Utara Wetar","Indonesia","Sunda-Banda Volcanic Regions","Inner Banda Volcanic Arc","Composite","Stratovolcano",NA,NA,-6.635,126.66,239,"Andesite / Basaltic Andesite","Subduction zone / Oceanic crust (< 15 km)",NA,NA,NA,NA,"Subduction zone"
266070,"Tondano Caldera","Indonesia","Western Pacific Volcanic Regions","Sangihe Volcanic Arc","Caldera","Caldera",NA,NA,1.23,124.83,1202,"Andesite / Basaltic Andesite","Subduction zone / Continental crust (>25 km)","Sulawesi-Indonesia","Caldera","Fumarolic","U","Subduction zone"
267005,"Biaro","Indonesia","Western Pacific Volcanic Regions","Sangihe Volcanic Arc","Composite","Unknown",NA,NA,2.1028,125.3667,310,NA,"Subduction zone / Oceanic crust (< 15 km)",NA,NA,NA,NA,"Subduction zone"
267012,"Tahulandang","Indonesia","Western Pacific Volcanic Regions","Sangihe Volcanic Arc","Caldera","Caldera",NA,NA,2.3533,125.4119,782,NA,"Subduction zone / Oceanic crust (< 15 km)",NA,NA,NA,NA,"Subduction zone"
267019,"Tamata","Indonesia","Western Pacific Volcanic Regions","Sangihe Volcanic Arc","Composite","Stratovolcano",NA,NA,2.7183,125.3823,1088,NA,"Subduction zone / Oceanic crust (< 15 km)",NA,NA,NA,NA,"Subduction zone"
267022,"Makalehi","Indonesia","Western Pacific Volcanic Regions","Sangihe Volcanic Arc","Composite","Stratovolcano",NA,NA,2.7364,125.1676,181,NA,"Subduction zone / Oceanic crust (< 15 km)",NA,NA,NA,NA,"Subduction zone"
267036,"Kalama","Indonesia","Western Pacific Volcanic Regions","Sangihe Volcanic Arc","Composite","Stratovolcano",NA,NA,3.241,125.4635,344,NA,"Subduction zone / Oceanic crust (< 15 km)",NA,NA,NA,NA,"Subduction zone"
267060,"Lipang","Indonesia","Western Pacific Volcanic Regions","Sangihe Volcanic Arc","Composite","Stratovolcano",NA,NA,3.911,125.39,126,NA,"Subduction zone / Oceanic crust (< 15 km)",NA,NA,NA,NA,"Subduction zone"
267065,"Napo Taroare","Indonesia","Western Pacific Volcanic Regions","Sangihe Volcanic Arc","Composite","Stratovolcano",NA,NA,4.048,125.345,0,NA,"Subduction zone / Oceanic crust (< 15 km)",NA,NA,NA,NA,"Subduction zone"
267070,"Kawalusu","Indonesia","Western Pacific Volcanic Regions","Sangihe Volcanic Arc","Composite","Stratovolcano",NA,NA,4.232,125.329,239,NA,"Subduction zone / Oceanic crust (< 15 km)",NA,NA,NA,NA,"Subduction zone"
267075,"North Kawio","Indonesia","Western Pacific Volcanic Regions","Sangihe Volcanic Arc","Composite","Complex",NA,NA,4.684,125.468,109,NA,"Subduction zone / Oceanic crust (< 15 km)",NA,NA,NA,NA,"Subduction zone"
267090,"Kawio Barat","Indonesia","Western Pacific Volcanic Regions","Sangihe Volcanic Arc","Composite","Stratovolcano",NA,NA,4.675,125.088,-1874,NA,"Subduction zone / Oceanic crust (< 15 km)",NA,NA,NA,NA,"Subduction zone"
268015,"Mamuya","Indonesia","Western Pacific Volcanic Regions","Halmahera Volcanic Arc","Composite","Cone",NA,NA,1.7825,127.9182,923,NA,"Subduction zone / Oceanic crust (< 15 km)",NA,NA,NA,NA,"Subduction zone"
268064,"Telaga","Indonesia","Western Pacific Volcanic Regions","Halmahera Volcanic Arc","Caldera","Caldera",NA,NA,0.7225,127.427,712,NA,"Subduction zone / Oceanic crust (< 15 km)",NA,NA,NA,NA,"Subduction zone"
268071,"Tigalalu","Indonesia","Western Pacific Volcanic Regions","Halmahera Volcanic Arc","Composite","Stratovolcano",NA,NA,0.07,127.42,422,"Andesite / Basaltic Andesite","Subduction zone / Oceanic crust (< 15 km)","Halmahera-Indonesia","Unknown","Holocene","U","Subduction zone"
268072,"Amasing","Indonesia","Western Pacific Volcanic Regions","Halmahera Volcanic Arc","Composite","Stratovolcano(es)",NA,NA,-0.5249,127.4956,1006,"Andesite / Basaltic Andesite","Subduction zone / Oceanic crust (< 15 km)","Halmahera-Indonesia","Stratovolcano","Holocene","U","Subduction zone"
268073,"Bibinoi","Indonesia","Western Pacific Volcanic Regions","Halmahera Volcanic Arc","Composite","Stratovolcano(es)",NA,NA,-0.761,127.725,932,"Andesite / Basaltic Andesite","Subduction zone / Oceanic crust (< 15 km)","Halmahera-Indonesia","Stratovolcano","Holocene","U","Subduction zone"
268800,"Hamiding","Indonesia","Western Pacific Volcanic Regions","Halmahera Volcanic Arc","Composite","Unknown",NA,NA,1.62,127.82,1204,NA,"Subduction zone / Oceanic crust (< 15 km)",NA,NA,NA,NA,"Subduction zone"
269010,"Tawau Hills","Malaysia","Western Pacific Volcanic Regions","Negros-Sulu Volcanic Arc","Cluster","Pyroclastic cone",NA,NA,4.383,117.95,1077,"Basalt / Picro-Basalt","Subduction zone / Continental crust (>25 km)",NA,NA,NA,NA,"Subduction zone"
269814,"Mostyn","Malaysia","Western Pacific Volcanic Regions","Negros-Sulu Volcanic Arc","Cluster","Fissure vent(s) ?",NA,NA,4.6,118.18,0,NA,"Intraplate / Continental crust (>25 km)",NA,NA,NA,NA,"Intraplate"
270010,"Jolo","Philippines","Western Pacific Volcanic Regions","Negros-Sulu Volcanic Arc","Cluster","Pyroclastic cone(s)",NA,NA,6,121.125,811,"Basalt / Picro-Basalt","Subduction zone / Crustal thickness unknown",NA,NA,NA,NA,"Subduction zone"
271010,"Balut","Philippines","Western Pacific Volcanic Regions","Mindanao Volcanic Province","Composite","Stratovolcano",NA,NA,5.398,125.376,840,"Andesite / Basaltic Andesite","Subduction zone / Continental crust (>25 km)","Mindanao-Philippines","Stratovolcano","Holocene","U","Subduction zone"
271030,"Apo","Philippines","Western Pacific Volcanic Regions","Mindanao Volcanic Province","Composite","Stratovolcano",NA,NA,6.989,125.269,2938,"Andesite / Basaltic Andesite","Subduction zone / Continental crust (>25 km)","Mindanao-Philippines","Stratovolcano","Fumarolic","U","Subduction zone"
271050,"Latukan","Philippines","Western Pacific Volcanic Regions","Mindanao Volcanic Province","Composite","Stratovolcano",NA,NA,7.654,124.438,2280,"Basalt / Picro-Basalt","Subduction zone / Continental crust (>25 km)","Mindanao-Philippines","Stratovolcano","Holocene","U","Subduction zone"
271061,"Kalatungan","Philippines","Western Pacific Volcanic Regions","Mindanao Volcanic Province","Composite","Stratovolcano",NA,NA,7.95,124.8,2824,"Basalt / Picro-Basalt","Subduction zone / Continental crust (>25 km)","Mindanao-Philippines","Stratovolcano","Holocene","U","Subduction zone"
271071,"Malindang","Philippines","Western Pacific Volcanic Regions","Mindanao Volcanic Province","Composite","Stratovolcano",NA,NA,8.22,123.63,2404,"Basalt / Picro-Basalt","Subduction zone / Continental crust (>25 km)","Mindanao-Philippines","Stratovolcano","Holocene","U","Subduction zone"
271072,"Balatukan","Philippines","Western Pacific Volcanic Regions","Mindanao Volcanic Province","Composite","Compound",NA,NA,8.77,124.98,2450,"Basalt / Picro-Basalt","Subduction zone / Continental crust (>25 km)",NA,NA,NA,NA,"Subduction zone"
271090,"Paco-Maniayao","Philippines","Western Pacific Volcanic Regions","Eastern Philippine Volcanic Arc","Composite","Stratovolcano",NA,NA,9.593,125.52,664,"Andesite / Basaltic Andesite","Subduction zone / Continental crust (>25 km)",NA,NA,NA,NA,"Subduction zone"
271800,"Blit","Philippines","Western Pacific Volcanic Regions","Mindanao Volcanic Province","Unknown","Unknown",NA,NA,6.958,124.23,1198,NA,"Subduction zone / Continental crust (>25 km)",NA,NA,NA,NA,"Subduction zone"
271801,"Quezon","Philippines","Western Pacific Volcanic Regions","Mindanao Volcanic Province","Minor","Lava dome(s)",NA,NA,6.58,124.62,652,NA,"Subduction zone / Continental crust (>25 km)",NA,NA,NA,NA,"Subduction zone"
271802,"Kitabud","Philippines","Western Pacific Volcanic Regions","Mindanao Volcanic Province","Unknown","Unknown",NA,NA,7.285,124.662,1167,NA,"Subduction zone / Continental crust (>25 km)",NA,NA,NA,NA,"Subduction zone"
271803,"Imbing","Philippines","Western Pacific Volcanic Regions","Negros-Sulu Volcanic Arc","Composite","Stratovolcano(es)",NA,NA,7.68,123.23,700,NA,"Subduction zone / Continental crust (>25 km)",NA,NA,NA,NA,"Subduction zone"
271804,"Kaladis","Philippines","Western Pacific Volcanic Regions","Negros-Sulu Volcanic Arc","Composite","Stratovolcano",NA,NA,7.58,122.97,0,NA,"Subduction zone / Continental crust (>25 km)",NA,NA,NA,NA,"Subduction zone"
271805,"Ampiro","Philippines","Western Pacific Volcanic Regions","Mindanao Volcanic Province","Composite","Stratovolcano?",NA,NA,8.388,123.63,1532,NA,"Subduction zone / Continental crust (>25 km)",NA,NA,NA,NA,"Subduction zone"
272010,"Cuernos de Negros","Philippines","Western Pacific Volcanic Regions","Negros-Sulu Volcanic Arc","Composite","Complex",NA,NA,9.25,123.17,1862,"Andesite / Basaltic Andesite","Subduction zone / Continental crust (>25 km)","Philippines-C","Stratovolcano","Holocene","U","Subduction zone"
272030,"Mandalagan","Philippines","Western Pacific Volcanic Regions","Negros-Sulu Volcanic Arc","Composite","Complex",NA,NA,10.65,123.25,1885,"Andesite / Basaltic Andesite","Subduction zone / Continental crust (>25 km)","Philippines-C","Stratovolcano","Holocene","U","Subduction zone"
272040,"Silay","Philippines","Western Pacific Volcanic Regions","Negros-Sulu Volcanic Arc","Composite","Stratovolcano",NA,NA,10.7701,123.233,1510,"Andesite / Basaltic Andesite","Subduction zone / Continental crust (>25 km)","Philippines-C","Stratovolcano","Holocene","U","Subduction zone"
272070,"Mahagnao","Philippines","Western Pacific Volcanic Regions","Eastern Philippine Volcanic Arc","Composite","Stratovolcano",NA,NA,10.8805,124.8651,834,"Andesite / Basaltic Andesite","Subduction zone / Continental crust (>25 km)","Philippines-C","Stratovolcano","Fumarolic","U","Subduction zone"
272800,"Nelangaapan","Philippines","Western Pacific Volcanic Regions","Eastern Philippine Volcanic Arc","Unknown","Unknown",NA,NA,9.932,125.27,687,NA,"Subduction zone / Continental crust (>25 km)",NA,NA,NA,NA,"Subduction zone"
272801,"Ilihan","Philippines","Western Pacific Volcanic Regions","Eastern Philippine Volcanic Arc","Unknown","Unknown",NA,NA,10.483,125.122,903,NA,"Subduction zone / Continental crust (>25 km)",NA,NA,NA,NA,"Subduction zone"
272802,"Alto","Philippines","Western Pacific Volcanic Regions","Eastern Philippine Volcanic Arc","Composite","Compound",NA,NA,11.108,124.75,1350,NA,"Subduction zone / Continental crust (>25 km)",NA,NA,NA,NA,"Subduction zone"
272803,"Cancajanag","Philippines","Western Pacific Volcanic Regions","Eastern Philippine Volcanic Arc","Minor","Lava dome(s)",NA,NA,11.07,124.78,900,NA,"Subduction zone / Continental crust (>25 km)",NA,NA,NA,NA,"Subduction zone"
272804,"Maripipi","Philippines","Western Pacific Volcanic Regions","Eastern Philippine Volcanic Arc","Unknown","Unknown",NA,NA,11.8,124.33,924,NA,"Subduction zone / Continental crust (>25 km)",NA,NA,NA,NA,"Subduction zone"
272805,"Hingatungan","Philippines","Western Pacific Volcanic Regions","Eastern Philippine Volcanic Arc","Composite","Stratovolcano",NA,NA,10.594,125.101,796,NA,"Subduction zone / Continental crust (>25 km)",NA,NA,NA,NA,"Subduction zone"
272806,"Lobi","Philippines","Western Pacific Volcanic Regions","Eastern Philippine Volcanic Arc","Composite","Stratovolcano",NA,NA,11.013,124.812,1302,NA,"Subduction zone / Continental crust (>25 km)",NA,NA,NA,NA,"Subduction zone"
272807,"Pacdahauan","Philippines","Western Pacific Volcanic Regions","Eastern Philippine Volcanic Arc","Unknown","Unknown",NA,NA,11.404,124.509,628,NA,"Subduction zone / Continental crust (>25 km)",NA,NA,NA,NA,"Subduction zone"
273020,"Pocdol Mountains","Philippines","Western Pacific Volcanic Regions","Eastern Philippine Volcanic Arc","Composite","Compound",NA,NA,13.05,123.958,1102,"Andesite / Basaltic Andesite","Subduction zone / Continental crust (>25 km)","Luzon-Philippines","Compound volcano","Holocene","U","Subduction zone"
273031,"Masaraga","Philippines","Western Pacific Volcanic Regions","Eastern Philippine Volcanic Arc","Composite","Stratovolcano",NA,NA,13.3099,123.5978,1294,"Andesite / Basaltic Andesite","Subduction zone / Continental crust (>25 km)","Luzon-Philippines","Stratovolcano","Holocene","U","Subduction zone"
273044,"Malindig","Philippines","Western Pacific Volcanic Regions","Luzon Volcanic Arc","Composite","Stratovolcano",NA,NA,13.24,122.018,1157,"Andesite / Basaltic Andesite","Subduction zone / Continental crust (>25 km)","Luzon-Philippines","Stratovolcano","Hot Springs","U","Subduction zone"
273080,"Laguna Caldera","Philippines","Western Pacific Volcanic Regions","Luzon Volcanic Arc","Caldera","Caldera",NA,NA,14.42,121.27,743,"Andesite / Basaltic Andesite","Subduction zone / Continental crust (>25 km)","Luzon-Philippines","Fumarole field","Fumarolic","Unknown","Subduction zone"
273081,"Mariveles","Philippines","Western Pacific Volcanic Regions","Luzon Volcanic Arc","Composite","Stratovolcano",NA,NA,14.527,120.482,1388,"Andesite / Basaltic Andesite","Subduction zone / Continental crust (>25 km)","Luzon-Philippines","Stratovolcano","Radiocarbon","D7","Subduction zone"
273082,"Natib","Philippines","Western Pacific Volcanic Regions","Luzon Volcanic Arc","Composite","Stratovolcano",NA,NA,14.72,120.4,1253,"Andesite / Basaltic Andesite","Subduction zone / Continental crust (>25 km)","Luzon-Philippines","Stratovolcano","Holocene","Unknown","Subduction zone"
273084,"Arayat","Philippines","Western Pacific Volcanic Regions","Luzon Volcanic Arc","Composite","Stratovolcano",NA,NA,15.2,120.742,1026,"Basalt / Picro-Basalt","Subduction zone / Continental crust (>25 km)","Luzon-Philippines","Stratovolcano","Holocene","U","Subduction zone"
273085,"Amorong Group","Philippines","Western Pacific Volcanic Regions","Luzon Volcanic Arc","Cluster","Volcanic field",NA,NA,15.825,120.742,369,"Trachyandesite / Basaltic Trachyandesite","Subduction zone / Continental crust (>25 km)",NA,NA,NA,NA,"Subduction zone"
273086,"Santo Tomas","Philippines","Western Pacific Volcanic Regions","Luzon Volcanic Arc","Composite","Stratovolcano",NA,NA,16.33,120.55,2260,"Andesite / Basaltic Andesite","Subduction zone / Continental crust (>25 km)","Luzon-Philippines","Stratovolcano","Uncertain","Unknown","Subduction zone"
273800,"Gate Mountains","Philippines","Western Pacific Volcanic Regions","Eastern Philippine Volcanic Arc","Unknown","Unknown",NA,NA,12.6,123.997,559,NA,"Subduction zone / Continental crust (>25 km)",NA,NA,NA,NA,"Subduction zone"
273801,"Malinao","Philippines","Western Pacific Volcanic Regions","Eastern Philippine Volcanic Arc","Composite","Stratovolcano",NA,NA,13.416,123.608,1548,NA,"Subduction zone / Continental crust (>25 km)","Luzon-Philippines","Stratovolcano","Fumarolic","U1","Subduction zone"
273802,"Sangay","Philippines","Western Pacific Volcanic Regions","Eastern Philippine Volcanic Arc","Unknown","Unknown",NA,NA,13.52,123.53,0,NA,"Subduction zone / Continental crust (>25 km)","Ecuador","Stratovolcano","Historical","D1","Subduction zone"
273803,"Cone-Culasi","Philippines","Western Pacific Volcanic Regions","Eastern Philippine Volcanic Arc","Cluster","Volcanic field",NA,NA,13.92,123.02,959,NA,"Subduction zone / Continental crust (>25 km)",NA,NA,NA,NA,"Subduction zone"
273804,"Labo","Philippines","Western Pacific Volcanic Regions","Eastern Philippine Volcanic Arc","Composite","Compound",NA,NA,14.02,122.792,1544,NA,"Subduction zone / Continental crust (>25 km)",NA,NA,NA,NA,"Subduction zone"
273805,"Dagit-Dagitan","Philippines","Western Pacific Volcanic Regions","Luzon Volcanic Arc","Composite","Stratovolcano",NA,NA,13.53,121.078,364,NA,"Subduction zone / Continental crust (>25 km)",NA,NA,NA,NA,"Subduction zone"
273806,"Panay","Philippines","Western Pacific Volcanic Regions","Luzon Volcanic Arc","Composite","Stratovolcano",NA,NA,13.723,120.893,501,NA,"Subduction zone / Continental crust (>25 km)",NA,NA,NA,NA,"Subduction zone"
273807,"Malepunyo","Philippines","Western Pacific Volcanic Regions","Luzon Volcanic Arc","Composite","Stratovolcano",NA,NA,13.9615,121.2468,987,NA,"Subduction zone / Continental crust (>25 km)",NA,NA,NA,NA,"Subduction zone"
273808,"Anilao Hill","Philippines","Western Pacific Volcanic Regions","Luzon Volcanic Arc","Minor","Pyroclastic cone",NA,NA,13.9,121.18,358,NA,"Subduction zone / Continental crust (>25 km)",NA,NA,NA,NA,"Subduction zone"
273809,"Cariliao","Philippines","Western Pacific Volcanic Regions","Luzon Volcanic Arc","Composite","Stratovolcano",NA,NA,14.13,120.75,656,NA,"Subduction zone / Continental crust (>25 km)",NA,NA,NA,NA,"Subduction zone"
273810,"Corregidor","Philippines","Western Pacific Volcanic Regions","Luzon Volcanic Arc","Caldera","Caldera",NA,NA,14.4,120.58,173,NA,"Subduction zone / Continental crust (>25 km)",NA,NA,NA,NA,"Subduction zone"
274035,"Balintang","Philippines","Western Pacific Volcanic Regions","Luzon Volcanic Arc","Composite","Stratovolcano",NA,NA,19.9574,122.1442,115,NA,"Subduction zone / Crustal thickness unknown",NA,NA,NA,NA,"Subduction zone"
274070,"Diogo","Philippines","Western Pacific Volcanic Regions","Luzon Volcanic Arc","Composite","Compound",NA,NA,20.7085,121.9297,260,NA,"Subduction zone / Crustal thickness unknown",NA,NA,NA,NA,"Subduction zone"
274075,"Mabudis-Siayan","Philippines","Western Pacific Volcanic Regions","Luzon Volcanic Arc","Composite","Compound",NA,NA,20.9174,121.9107,199,NA,"Subduction zone / Crustal thickness unknown",NA,NA,NA,NA,"Subduction zone"
274080,"Y'Ami-North","Philippines","Western Pacific Volcanic Regions","Luzon Volcanic Arc","Composite","Compound",NA,NA,21.0868,121.942,213,NA,"Subduction zone / Crustal thickness unknown",NA,NA,NA,NA,"Subduction zone"
274085,"Hsiaolanyu","Taiwan","Western Pacific Volcanic Regions","Luzon Volcanic Arc","Composite","Compound",NA,NA,21.9529,121.6123,148,NA,"Subduction zone / Crustal thickness unknown",NA,NA,NA,NA,"Subduction zone"
274090,"Lutao","Taiwan","Western Pacific Volcanic Regions","Luzon Volcanic Arc","Composite","Compound",NA,NA,22.658,121.4927,268,NA,"Subduction zone / Crustal thickness unknown",NA,NA,NA,NA,"Subduction zone"
274800,"Matarem","Philippines","Western Pacific Volcanic Regions","Luzon Volcanic Arc","Composite","Compound",NA,NA,20.38,121.93,459,NA,"Subduction zone / Crustal thickness unknown",NA,NA,NA,NA,"Subduction zone"
275010,"Leizhou Bandao","China","Eastern Asia Volcanic Regions","Southeast Asia Volcanic Province","Cluster","Volcanic field",NA,NA,20.78,110.17,259,"Basalt / Picro-Basalt","Intraplate / Continental crust (>25 km)","SE Asia","Volcanic field","Holocene","U","Intraplate"
275030,"Toroeng Prong","Vietnam","Eastern Asia Volcanic Regions","Southeast Asia Volcanic Province","Unknown","Pyroclastic cone",NA,NA,14.733,108.483,800,"Basalt / Picro-Basalt","Intraplate / Continental crust (>25 km)","SE Asia","Cinder cone","Holocene","Unknown","Intraplate"
275040,"Haut Dong Nai","Vietnam","Eastern Asia Volcanic Regions","Southeast Asia Volcanic Province","Cluster","Volcanic field",NA,NA,11.617,108.017,1000,"Basalt / Picro-Basalt","Intraplate / Continental crust (>25 km)","SE Asia","Volcanic field","Holocene","Unknown","Intraplate"
275050,"Bas Dong Nai","Vietnam","Eastern Asia Volcanic Regions","Southeast Asia Volcanic Province","Cluster","Volcanic field",NA,NA,10.833,107.283,392,"Basalt / Picro-Basalt","Intraplate / Continental crust (>25 km)","SE Asia","Volcanic field","Holocene","Unknown","Intraplate"
275090,"Lower Chindwin","Burma (Myanmar)","Eastern Asia Volcanic Regions","Southeast Asia Volcanic Province","Cluster","Volcanic field",NA,NA,22.28,95.1,385,"Basalt / Picro-Basalt","Intraplate / Continental crust (>25 km)","SE Asia","Volcanic field","Holocene","Unknown","Intraplate"
275100,"Singu Plateau","Burma (Myanmar)","Eastern Asia Volcanic Regions","Southeast Asia Volcanic Province","Cluster","Fissure vent(s)",NA,NA,22.7,95.98,507,"Trachyandesite / Basaltic Trachyandesite","Intraplate / Continental crust (>25 km)","SE Asia","Fissure vent","Holocene","U","Intraplate"
275800,"Weizhoudao","China","Eastern Asia Volcanic Regions","Southeast Asia Volcanic Province","Shield","Shield",NA,NA,21.05,109.13,0,NA,"Intraplate / Continental crust (>25 km)",NA,NA,NA,NA,"Intraplate"
275801,"Nghia Dan Volcanic Plateau","Vietnam","Eastern Asia Volcanic Regions","Southeast Asia Volcanic Province","Cluster","Volcanic field",NA,NA,19.45,105.53,0,NA,"Unknown",NA,NA,NA,NA,"Unknown"
275803,"Vinkh-Linkh","Vietnam","Eastern Asia Volcanic Regions","Southeast Asia Volcanic Province","Minor","Cone",NA,NA,17.08,107.05,0,NA,"Unknown",NA,NA,NA,NA,"Unknown"
275804,"Ban Chay Plateau","Cambodia-Vietnam","Eastern Asia Volcanic Regions","Southeast Asia Volcanic Province","Cluster","Volcanic field",NA,NA,13.883,107.4,0,NA,"Intraplate / Continental crust (>25 km)",NA,NA,NA,NA,"Intraplate"
275805,"Pleiku-Bantour Volcanic Field","Vietnam","Eastern Asia Volcanic Regions","Southeast Asia Volcanic Province","Cluster","Cone(s)",NA,NA,13.85,108.1,1028,NA,"Intraplate / Continental crust (>25 km)",NA,NA,NA,NA,"Intraplate"
275806,"Darlac Volcanic Field","Vietnam","Eastern Asia Volcanic Regions","Southeast Asia Volcanic Province","Cluster","Cone(s)",NA,NA,12.88,108.2,0,NA,"Intraplate / Continental crust (>25 km)",NA,NA,NA,NA,"Intraplate"
275807,"Bas Song Be","Vietnam","Eastern Asia Volcanic Regions","Southeast Asia Volcanic Province","Cluster","Volcanic field",NA,NA,11.67,106.67,0,NA,"Intraplate / Continental crust (>25 km)",NA,NA,NA,NA,"Intraplate"
275808,"Pailin","Cambodia","Eastern Asia Volcanic Regions","Southeast Asia Volcanic Province","Unknown","Unknown",NA,NA,12.9,102.6,0,NA,"Intraplate / Continental crust (>25 km)",NA,NA,NA,NA,"Intraplate"
275809,"Cham","Cambodia","Eastern Asia Volcanic Regions","Southeast Asia Volcanic Province","Unknown","Unknown",NA,NA,12.1,105.6,0,NA,"Intraplate / Continental crust (>25 km)",NA,NA,NA,NA,"Intraplate"
275810,"Chup","Cambodia","Eastern Asia Volcanic Regions","Southeast Asia Volcanic Province","Unknown","Unknown",NA,NA,11.9,105.82,0,NA,"Intraplate / Continental crust (>25 km)",NA,NA,NA,NA,"Intraplate"
275811,"Snoul","Cambodia","Eastern Asia Volcanic Regions","Southeast Asia Volcanic Province","Unknown","Unknown",NA,NA,12.1,106.4,0,NA,"Intraplate / Continental crust (>25 km)",NA,NA,NA,NA,"Intraplate"
275812,"Haut Song Be","Cambodia","Eastern Asia Volcanic Regions","Southeast Asia Volcanic Province","Cluster","Volcanic field",NA,NA,12.05,107.25,0,NA,"Intraplate / Continental crust (>25 km)",NA,NA,NA,NA,"Intraplate"
275813,"Bolaven Plateau","Laos","Eastern Asia Volcanic Regions","Southeast Asia Volcanic Province","Cluster","Fissure vent(s)",NA,NA,15.142,106.45,1350,NA,"Intraplate / Continental crust (>25 km)",NA,NA,NA,NA,"Intraplate"
275814,"Buriram","Thailand","Eastern Asia Volcanic Regions","Southeast Asia Volcanic Province","Unknown","Unknown",NA,NA,15,103,0,NA,"Intraplate / Continental crust (>25 km)",NA,NA,NA,NA,"Intraplate"
275815,"Chanthaburi","Thailand","Eastern Asia Volcanic Regions","Southeast Asia Volcanic Province","Unknown","Unknown",NA,NA,12.5,102.2,0,NA,"Intraplate / Continental crust (>25 km)",NA,NA,NA,NA,"Intraplate"
275816,"Lampang","Thailand","Eastern Asia Volcanic Regions","Southeast Asia Volcanic Province","Unknown","Unknown",NA,NA,18.3,99.6,0,NA,"Intraplate / Continental crust (>25 km)",NA,NA,NA,NA,"Intraplate"
275817,"Ban Chiang Khian","Thailand","Eastern Asia Volcanic Regions","Southeast Asia Volcanic Province","Unknown","Unknown",NA,NA,19.8,100,0,NA,"Intraplate / Continental crust (>25 km)",NA,NA,NA,NA,"Intraplate"
275818,"Ban Hui Sai","Thailand","Eastern Asia Volcanic Regions","Southeast Asia Volcanic Province","Unknown","Unknown",NA,NA,20.3,100.3,0,NA,"Intraplate / Continental crust (>25 km)",NA,NA,NA,NA,"Intraplate"
275819,"Kuantan Basalt","Malaysia","Eastern Asia Volcanic Regions","Southeast Asia Volcanic Province","Minor","Cone",NA,NA,3.886,103.365,10,NA,"Unknown",NA,NA,NA,NA,"Unknown"
275820,"Medaw Island","Burma (Myanmar)","Eastern Asia Volcanic Regions","Southeast Asia Volcanic Province","Cluster","Fissure vent(s)",NA,NA,11.72,98.67,115,NA,"Intraplate / Continental crust (>25 km)",NA,NA,NA,NA,"Intraplate"
275821,"Thaton","Burma (Myanmar)","Eastern Asia Volcanic Regions","Southeast Asia Volcanic Province","Cluster","Fissure vent(s)",NA,NA,17.42,96.95,30,NA,"Subduction zone / Continental crust (>25 km)",NA,NA,NA,NA,"Subduction zone"
275823,"Namyong","Burma (Myanmar)","Eastern Asia Volcanic Regions","Southeast Asia Volcanic Province","Cluster","Fissure vent(s)",NA,NA,25.68,96.43,508,NA,"Subduction zone / Continental crust (>25 km)",NA,NA,NA,NA,"Subduction zone"
275834,"Gaojianshi","China","Eastern Asia Volcanic Regions","Southeast Asia Volcanic Province","Unknown","Unknown",NA,NA,17,112.5,0,NA,"Intraplate / Oceanic crust (< 15 km)",NA,NA,NA,NA,"Intraplate"
275835,"Bokeo Volcanic Plateau","Cambodia","Eastern Asia Volcanic Regions","Southeast Asia Volcanic Province","Cluster","Volcanic field",NA,NA,13.75,107.092,500,NA,"Intraplate / Continental crust (>25 km)",NA,NA,NA,NA,"Intraplate"
281801,"Tsaolingshan","Taiwan","Western Pacific Volcanic Regions","Ryukyu Volcanic Arc","Shield","Shield",NA,NA,24.83,121.28,347,NA,"Subduction zone / Continental crust (>25 km)",NA,NA,NA,NA,"Subduction zone"
281802,"Chilung Group","Taiwan","Western Pacific Volcanic Regions","Ryukyu Volcanic Arc","Minor","Lava dome(s)",NA,NA,25.08,121.85,729,NA,"Subduction zone / Continental crust (>25 km)",NA,NA,NA,NA,"Subduction zone"
281803,"Huapinghsu","Taiwan","Western Pacific Volcanic Regions","Ryukyu Volcanic Arc","Composite","Stratovolcano",NA,NA,25.424,121.946,51,NA,"Subduction zone / Continental crust (>25 km)",NA,NA,NA,NA,"Subduction zone"
281804,"Mienhuayu","Taiwan","Western Pacific Volcanic Regions","Ryukyu Volcanic Arc","Composite","Stratovolcano",NA,NA,25.484,122.106,29,NA,"Subduction zone / Continental crust (>25 km)",NA,NA,NA,NA,"Subduction zone"
281805,"Pengchiahsu","Taiwan","Western Pacific Volcanic Regions","Ryukyu Volcanic Arc","Composite","Stratovolcano",NA,NA,25.63,122.08,120,NA,"Subduction zone / Continental crust (>25 km)",NA,NA,NA,NA,"Subduction zone"
282041,"Kogajajima","Japan","Western Pacific Volcanic Regions","Ryukyu Volcanic Arc","Minor","Lava dome(s)",NA,NA,29.879,129.625,301,"Andesite / Basaltic Andesite","Subduction zone / Oceanic crust (< 15 km)",NA,NA,NA,NA,"Subduction zone"
282800,"Kobi-sho","Japan","Western Pacific Volcanic Regions","Ryukyu Volcanic Arc","Composite","Stratovolcano",NA,NA,25.919,123.682,117,NA,"Subduction zone / Oceanic crust (< 15 km)",NA,NA,NA,NA,"Subduction zone"
282801,"Gajajima","Japan","Western Pacific Volcanic Regions","Ryukyu Volcanic Arc","Composite","Stratovolcano",NA,NA,29.904,129.541,452,NA,"Subduction zone / Oceanic crust (< 15 km)",NA,NA,NA,NA,"Subduction zone"
282802,"Kuroshima","Japan","Western Pacific Volcanic Regions","Ryukyu Volcanic Arc","Composite","Stratovolcano",NA,NA,30.825,129.94,622,NA,"Subduction zone / Continental crust (>25 km)",NA,NA,NA,NA,"Subduction zone"
282804,"Sendai","Japan","Western Pacific Volcanic Regions","Ryukyu Volcanic Arc","Minor","Pyroclastic cone",NA,NA,31.731,130.451,677,NA,"Subduction zone / Continental crust (>25 km)",NA,NA,NA,NA,"Subduction zone"
282805,"Satsuma Maruyama","Japan","Western Pacific Volcanic Regions","Ryukyu Volcanic Arc","Minor","Lava dome",NA,NA,31.799,130.411,218,NA,"Subduction zone / Continental crust (>25 km)",NA,NA,NA,NA,"Subduction zone"
282806,"Imuta","Japan","Western Pacific Volcanic Regions","Ryukyu Volcanic Arc","Minor","Lava dome(s)",NA,NA,31.819,130.463,509,NA,"Subduction zone / Continental crust (>25 km)",NA,NA,NA,NA,"Subduction zone"
282807,"Hokusatsu","Japan","Western Pacific Volcanic Regions","Ryukyu Volcanic Arc","Minor","Pyroclastic cone",NA,NA,31.872,130.608,703,NA,"Subduction zone / Continental crust (>25 km)",NA,NA,NA,NA,"Subduction zone"
282808,"Kakuto","Japan","Western Pacific Volcanic Regions","Ryukyu Volcanic Arc","Caldera","Caldera",NA,NA,32.042,130.767,0,NA,"Subduction zone / Continental crust (>25 km)",NA,NA,NA,NA,"Subduction zone"
282809,"Sone","Japan","Western Pacific Volcanic Regions","Nankai Volcanic Arc","Minor","Pyroclastic cone",NA,NA,33.053,129.083,143,NA,"Subduction zone / Continental crust (>25 km)",NA,NA,NA,NA,"Subduction zone"
282810,"Ojikajima","Japan","Western Pacific Volcanic Regions","Nankai Volcanic Arc","Shield","Shield(s)",NA,NA,33.199,129.051,95,NA,"Subduction zone / Continental crust (>25 km)",NA,NA,NA,NA,"Subduction zone"
282811,"Taradake","Japan","Western Pacific Volcanic Regions","Nankai Volcanic Arc","Composite","Stratovolcano",NA,NA,32.984,130.079,1076,NA,"Unknown",NA,NA,NA,NA,"Unknown"
282812,"Kinpo","Japan","Western Pacific Volcanic Regions","Nankai Volcanic Arc","Composite","Stratovolcano",NA,NA,32.811,130.641,665,NA,"Unknown",NA,NA,NA,NA,"Unknown"
282813,"Yabakei","Japan","Western Pacific Volcanic Regions","Nankai Volcanic Arc","Caldera","Caldera",NA,NA,33.169,131.221,800,NA,"Subduction zone / Continental crust (>25 km)",NA,NA,NA,NA,"Subduction zone"
282814,"Haneyama","Japan","Western Pacific Volcanic Regions","Nankai Volcanic Arc","Shield","Shield",NA,NA,33.228,131.133,1140,NA,"Subduction zone / Continental crust (>25 km)",NA,NA,NA,NA,"Subduction zone"
282815,"Hohi","Japan","Western Pacific Volcanic Regions","Nankai Volcanic Arc","Composite","Stratovolcano(es)",NA,NA,33.284,131.319,1236,NA,"Subduction zone / Continental crust (>25 km)",NA,NA,NA,NA,"Subduction zone"
282816,"Futago","Japan","Western Pacific Volcanic Regions","Nankai Volcanic Arc","Minor","Lava dome(s)",NA,NA,33.58,131.604,720,NA,"Subduction zone / Continental crust (>25 km)",NA,NA,NA,NA,"Subduction zone"
282817,"Himeshima Volcanic Group","Japan","Western Pacific Volcanic Regions","Nankai Volcanic Arc","Minor","Lava dome(s)",NA,NA,33.718,131.669,267,NA,"Unknown",NA,NA,NA,NA,"Unknown"
282818,"Kurose","Japan","Western Pacific Volcanic Regions","Nankai Volcanic Arc","Unknown","Volcanic remnant",NA,NA,33.695,130.233,8,NA,"Subduction zone / Continental crust (>25 km)",NA,NA,NA,NA,"Subduction zone"
282819,"Iki Volcanic Group","Japan","Western Pacific Volcanic Regions","Nankai Volcanic Arc","Cluster","Pyroclastic cone(s)",NA,NA,33.738,129.712,213,NA,"Subduction zone / Continental crust (>25 km)",NA,NA,NA,NA,"Subduction zone"
282820,"Tokara Hirase","Japan","Western Pacific Volcanic Regions","Ryukyu Volcanic Arc","Unknown","Unknown",NA,NA,30.036,130.058,27,NA,"Subduction zone / Oceanic crust (< 15 km)",NA,NA,NA,NA,"Subduction zone"
283003,"Oki-Dogo","Japan","Western Pacific Volcanic Regions","Nankai Volcanic Arc","Unknown","Shield",NA,NA,36.176,133.334,151,"Basalt / Picro-Basalt","Subduction zone / Continental crust (>25 km)","Honshu-Japan","Shield volcano","Anthropology","U","Subduction zone"
283071,"Washiba-Kumonotaira","Japan","Western Pacific Volcanic Regions","Nankai Volcanic Arc","Shield","Shield(s)",NA,NA,36.408,137.594,2924,"Andesite / Basaltic Andesite","Subduction zone / Continental crust (>25 km)","Honshu-Japan","Shield volcano","Tephrochronology","D7","Subduction zone"
283800,"Mutsurejima","Japan","Western Pacific Volcanic Regions","Nankai Volcanic Arc","Minor","Pyroclastic cone(s)",NA,NA,33.974,130.866,104,NA,"Subduction zone / Continental crust (>25 km)",NA,NA,NA,NA,"Subduction zone"
283801,"Shikuma","Japan","Western Pacific Volcanic Regions","Nankai Volcanic Arc","Minor","Lava dome(s)",NA,NA,34.098,131.761,504,NA,"Subduction zone / Continental crust (>25 km)",NA,NA,NA,NA,"Subduction zone"
283802,"Tokuyama-Mitake","Japan","Western Pacific Volcanic Regions","Nankai Volcanic Arc","Minor","Lava dome",NA,NA,34.189,131.844,790,NA,"Subduction zone / Continental crust (>25 km)",NA,NA,NA,NA,"Subduction zone"
283803,"Sengoku","Japan","Western Pacific Volcanic Regions","Nankai Volcanic Arc","Minor","Lava dome(s)",NA,NA,34.186,131.76,661,NA,"Subduction zone / Continental crust (>25 km)",NA,NA,NA,NA,"Subduction zone"
283804,"Chojagahara","Japan","Western Pacific Volcanic Regions","Nankai Volcanic Arc","Minor","Pyroclastic cone",NA,NA,34.271,131.669,390,NA,"Subduction zone / Continental crust (>25 km)",NA,NA,NA,NA,"Subduction zone"
283805,"Aonoyama","Japan","Western Pacific Volcanic Regions","Nankai Volcanic Arc","Minor","Lava dome(s)",NA,NA,34.459,131.798,908,NA,"Subduction zone / Continental crust (>25 km)",NA,NA,NA,NA,"Subduction zone"
283806,"Oetakayama","Japan","Western Pacific Volcanic Regions","Nankai Volcanic Arc","Minor","Lava dome(s)",NA,NA,35.061,132.431,808,NA,"Subduction zone / Continental crust (>25 km)",NA,NA,NA,NA,"Subduction zone"
283807,"Yokote","Japan","Western Pacific Volcanic Regions","Nankai Volcanic Arc","Minor","Pyroclastic cone(s)",NA,NA,35.201,133.267,967,NA,"Subduction zone / Continental crust (>25 km)",NA,NA,NA,NA,"Subduction zone"
283808,"Noro","Japan","Western Pacific Volcanic Regions","Nankai Volcanic Arc","Minor","Pyroclastic cone",NA,NA,35.41,133.182,180,NA,"Subduction zone / Continental crust (>25 km)",NA,NA,NA,NA,"Subduction zone"
283809,"Daikonjima","Japan","Western Pacific Volcanic Regions","Nankai Volcanic Arc","Minor","Pyroclastic cone",NA,NA,35.493,133.174,42,NA,"Subduction zone / Continental crust (>25 km)",NA,NA,NA,NA,"Subduction zone"
283810,"Tsuruta","Japan","Western Pacific Volcanic Regions","Nankai Volcanic Arc","Minor","Pyroclastic cone(s)",NA,NA,35.338,133.422,301,NA,"Subduction zone / Continental crust (>25 km)",NA,NA,NA,NA,"Subduction zone"
283811,"Daisen","Japan","Western Pacific Volcanic Regions","Nankai Volcanic Arc","Composite","Stratovolcano",NA,NA,35.368,133.549,1729,NA,"Subduction zone / Continental crust (>25 km)",NA,NA,NA,NA,"Subduction zone"
283812,"Ogino-Sen","Japan","Western Pacific Volcanic Regions","Nankai Volcanic Arc","Minor","Pyroclastic cone(s)",NA,NA,35.437,134.444,1310,NA,"Subduction zone / Continental crust (>25 km)",NA,NA,NA,NA,"Subduction zone"
283813,"Takara","Japan","Western Pacific Volcanic Regions","Nankai Volcanic Arc","Shield","Shield",NA,NA,35.343,134.922,350,NA,"Subduction zone / Continental crust (>25 km)",NA,NA,NA,NA,"Subduction zone"
283814,"Nanzaki","Japan","Northwestern Pacific Volcanic Regions","Izu Volcanic Arc","Minor","Pyroclastic cone",NA,NA,34.604,138.832,106,NA,"Subduction zone / Continental crust (>25 km)",NA,NA,NA,NA,"Subduction zone"
283815,"Jaishi","Japan","Northwestern Pacific Volcanic Regions","Izu Volcanic Arc","Shield","Shield",NA,NA,34.71,138.786,520,NA,"Subduction zone / Continental crust (>25 km)",NA,NA,NA,NA,"Subduction zone"
283816,"Tanaba","Japan","Northwestern Pacific Volcanic Regions","Izu Volcanic Arc","Composite","Stratovolcano",NA,NA,34.907,138.852,1035,NA,"Subduction zone / Continental crust (>25 km)",NA,NA,NA,NA,"Subduction zone"
283817,"Daruma","Japan","Northwestern Pacific Volcanic Regions","Izu Volcanic Arc","Composite","Stratovolcano",NA,NA,34.952,138.843,982,NA,"Subduction zone / Continental crust (>25 km)",NA,NA,NA,NA,"Subduction zone"
283818,"Tenshi","Japan","Northwestern Pacific Volcanic Regions","Izu Volcanic Arc","Composite","Stratovolcano",NA,NA,34.924,138.968,608,NA,"Subduction zone / Continental crust (>25 km)",NA,NA,NA,NA,"Subduction zone"
283819,"Usami","Japan","Northwestern Pacific Volcanic Regions","Izu Volcanic Arc","Composite","Stratovolcano",NA,NA,34.968,139.063,592,NA,"Subduction zone / Continental crust (>25 km)",NA,NA,NA,NA,"Subduction zone"
283820,"Taga","Japan","Northwestern Pacific Volcanic Regions","Izu Volcanic Arc","Composite","Stratovolcano",NA,NA,35.078,139.031,798,NA,"Subduction zone / Continental crust (>25 km)",NA,NA,NA,NA,"Subduction zone"
283821,"Yugawara","Japan","Northwestern Pacific Volcanic Regions","Izu Volcanic Arc","Composite","Stratovolcano",NA,NA,35.173,139.029,1004,NA,"Subduction zone / Continental crust (>25 km)",NA,NA,NA,NA,"Subduction zone"
283822,"Ashitaka","Japan","Northwestern Pacific Volcanic Regions","Izu Volcanic Arc","Composite","Stratovolcano",NA,NA,35.238,138.794,1504,NA,"Subduction zone / Continental crust (>25 km)",NA,NA,NA,NA,"Subduction zone"
283823,"Kurofuji","Japan","Northwestern Pacific Volcanic Regions","Northeast Japan Volcanic Arc","Composite","Stratovolcano(es)",NA,NA,35.8,138.513,1764,NA,"Subduction zone / Continental crust (>25 km)",NA,NA,NA,NA,"Subduction zone"
283824,"Yatsugatake","Japan","Northwestern Pacific Volcanic Regions","Northeast Japan Volcanic Arc","Composite","Stratovolcano(es)",NA,NA,35.968,138.373,2899,NA,"Subduction zone / Continental crust (>25 km)",NA,NA,NA,NA,"Subduction zone"
283825,"Kirigamine","Japan","Northwestern Pacific Volcanic Regions","Northeast Japan Volcanic Arc","Shield","Shield",NA,NA,36.1,138.2,1925,NA,"Subduction zone / Continental crust (>25 km)",NA,NA,NA,NA,"Subduction zone"
283826,"Utsukushigahara","Japan","Northwestern Pacific Volcanic Regions","Northeast Japan Volcanic Arc","Shield","Shield",NA,NA,36.223,138.111,2034,NA,"Subduction zone / Continental crust (>25 km)",NA,NA,NA,NA,"Subduction zone"
283827,"Ueno","Japan","Western Pacific Volcanic Regions","Nankai Volcanic Arc","Shield","Shield",NA,NA,35.59,137.505,606,NA,"Subduction zone / Continental crust (>25 km)",NA,NA,NA,NA,"Subduction zone"
283828,"Yuga-mine","Japan","Western Pacific Volcanic Regions","Nankai Volcanic Arc","Minor","Lava dome",NA,NA,35.802,137.284,1067,NA,"Subduction zone / Continental crust (>25 km)",NA,NA,NA,NA,"Subduction zone"
283829,"Eboshi-Washigatake","Japan","Western Pacific Volcanic Regions","Nankai Volcanic Arc","Composite","Stratovolcano",NA,NA,35.937,136.974,1672,NA,"Subduction zone / Continental crust (>25 km)",NA,NA,NA,NA,"Subduction zone"
283830,"Bishamondake","Japan","Western Pacific Volcanic Regions","Nankai Volcanic Arc","Composite","Stratovolcano",NA,NA,35.936,136.795,1386,NA,"Subduction zone / Continental crust (>25 km)",NA,NA,NA,NA,"Subduction zone"
283831,"Dainichigatake","Japan","Western Pacific Volcanic Regions","Nankai Volcanic Arc","Composite","Stratovolcano",NA,NA,35.998,136.841,1709,NA,"Subduction zone / Continental crust (>25 km)",NA,NA,NA,NA,"Subduction zone"
283832,"Ryohaku Maruyama","Japan","Western Pacific Volcanic Regions","Nankai Volcanic Arc","Composite","Stratovolcano",NA,NA,36.046,136.8,1786,NA,"Subduction zone / Continental crust (>25 km)",NA,NA,NA,NA,"Subduction zone"
283833,"Gankyoji","Japan","Western Pacific Volcanic Regions","Nankai Volcanic Arc","Composite","Stratovolcano",NA,NA,36.054,136.743,1691,NA,"Subduction zone / Continental crust (>25 km)",NA,NA,NA,NA,"Subduction zone"
283834,"Kyogatake","Japan","Western Pacific Volcanic Regions","Nankai Volcanic Arc","Composite","Stratovolcano(es)",NA,NA,36.043,136.625,1671,NA,"Subduction zone / Continental crust (>25 km)",NA,NA,NA,NA,"Subduction zone"
283835,"Dainichiyama","Japan","Western Pacific Volcanic Regions","Nankai Volcanic Arc","Composite","Stratovolcano",NA,NA,36.15,136.5,1369,NA,"Subduction zone / Continental crust (>25 km)",NA,NA,NA,NA,"Subduction zone"
283836,"Tomuro","Japan","Western Pacific Volcanic Regions","Nankai Volcanic Arc","Minor","Lava dome(s)",NA,NA,36.528,136.75,548,NA,"Subduction zone / Continental crust (>25 km)",NA,NA,NA,NA,"Subduction zone"
283837,"Kamitakara","Japan","Northwestern Pacific Volcanic Regions","Northeast Japan Volcanic Arc","Unknown","Unknown",NA,NA,36.2,137.502,1831,NA,"Subduction zone / Continental crust (>25 km)",NA,NA,NA,NA,"Subduction zone"
283838,"Hodakadake","Japan","Western Pacific Volcanic Regions","Nankai Volcanic Arc","Caldera","Caldera",NA,NA,36.286,137.651,3190,NA,"Subduction zone / Continental crust (>25 km)",NA,NA,NA,NA,"Subduction zone"
283839,"Momisawadake","Japan","Western Pacific Volcanic Regions","Nankai Volcanic Arc","Unknown","Unknown",NA,NA,36.364,137.611,2755,NA,"Subduction zone / Continental crust (>25 km)",NA,NA,NA,NA,"Subduction zone"
283840,"Kaminoroka","Japan","Western Pacific Volcanic Regions","Nankai Volcanic Arc","Unknown","Unknown",NA,NA,36.471,137.599,2465,NA,"Subduction zone / Continental crust (>25 km)",NA,NA,NA,NA,"Subduction zone"
283841,"Shirouma-Oike","Japan","Northwestern Pacific Volcanic Regions","Northeast Japan Volcanic Arc","Composite","Stratovolcano(es)",NA,NA,36.786,137.802,2469,NA,"Subduction zone / Continental crust (>25 km)",NA,NA,NA,NA,"Subduction zone"
283842,"Madarao","Japan","Northwestern Pacific Volcanic Regions","Northeast Japan Volcanic Arc","Composite","Stratovolcano",NA,NA,36.834,138.278,1382,NA,"Subduction zone / Continental crust (>25 km)",NA,NA,NA,NA,"Subduction zone"
283843,"Kurohime","Japan","Northwestern Pacific Volcanic Regions","Northeast Japan Volcanic Arc","Composite","Stratovolcano",NA,NA,36.81,138.13,2053,NA,"Subduction zone / Continental crust (>25 km)",NA,NA,NA,NA,"Subduction zone"
283844,"Iizuna","Japan","Northwestern Pacific Volcanic Regions","Northeast Japan Volcanic Arc","Composite","Stratovolcano",NA,NA,36.736,138.137,1917,NA,"Subduction zone / Continental crust (>25 km)",NA,NA,NA,NA,"Subduction zone"
283845,"Motodori","Japan","Northwestern Pacific Volcanic Regions","Northeast Japan Volcanic Arc","Minor","Lava dome",NA,NA,36.717,138.247,745,NA,"Subduction zone / Continental crust (>25 km)",NA,NA,NA,NA,"Subduction zone"
283846,"Minakami","Japan","Northwestern Pacific Volcanic Regions","Northeast Japan Volcanic Arc","Minor","Lava dome",NA,NA,36.551,138.226,659,NA,"Subduction zone / Continental crust (>25 km)",NA,NA,NA,NA,"Subduction zone"
283847,"Eboshi","Japan","Northwestern Pacific Volcanic Regions","Northeast Japan Volcanic Arc","Composite","Stratovolcano",NA,NA,36.43,138.39,2227,NA,"Subduction zone / Continental crust (>25 km)",NA,NA,NA,NA,"Subduction zone"
283848,"Hanamagari","Japan","Northwestern Pacific Volcanic Regions","Northeast Japan Volcanic Arc","Composite","Stratovolcano(es)",NA,NA,36.408,138.649,1757,NA,"Subduction zone / Continental crust (>25 km)",NA,NA,NA,NA,"Subduction zone"
283849,"Azumayasan","Japan","Northwestern Pacific Volcanic Regions","Northeast Japan Volcanic Arc","Composite","Stratovolcano",NA,NA,36.541,138.412,2323,NA,"Subduction zone / Continental crust (>25 km)",NA,NA,NA,NA,"Subduction zone"
283850,"Omeshidake","Japan","Northwestern Pacific Volcanic Regions","Northeast Japan Volcanic Arc","Composite","Stratovolcano",NA,NA,36.626,138.461,2160,NA,"Subduction zone / Continental crust (>25 km)",NA,NA,NA,NA,"Subduction zone"
283851,"Takayashiro","Japan","Northwestern Pacific Volcanic Regions","Northeast Japan Volcanic Arc","Composite","Stratovolcano",NA,NA,36.796,138.407,1351,NA,"Subduction zone / Continental crust (>25 km)",NA,NA,NA,NA,"Subduction zone"
283852,"Sekita","Japan","Northwestern Pacific Volcanic Regions","Northeast Japan Volcanic Arc","Composite","Stratovolcano?",NA,NA,36.974,138.386,1289,NA,"Subduction zone / Continental crust (>25 km)",NA,NA,NA,NA,"Subduction zone"
283853,"Kenashi","Japan","Northwestern Pacific Volcanic Regions","Northeast Japan Volcanic Arc","Composite","Stratovolcano",NA,NA,36.895,138.489,1650,NA,"Subduction zone / Continental crust (>25 km)",NA,NA,NA,NA,"Subduction zone"
283854,"Torikabuto","Japan","Northwestern Pacific Volcanic Regions","Northeast Japan Volcanic Arc","Composite","Stratovolcano",NA,NA,36.836,138.587,2038,NA,"Subduction zone / Continental crust (>25 km)",NA,NA,NA,NA,"Subduction zone"
283855,"Naeba","Japan","Northwestern Pacific Volcanic Regions","Northeast Japan Volcanic Arc","Composite","Stratovolcano",NA,NA,36.843,138.694,2145,NA,"Subduction zone / Continental crust (>25 km)",NA,NA,NA,NA,"Subduction zone"
283856,"Iiji","Japan","Northwestern Pacific Volcanic Regions","Northeast Japan Volcanic Arc","Composite","Stratovolcano",NA,NA,36.953,138.836,1112,NA,"Subduction zone / Continental crust (>25 km)",NA,NA,NA,NA,"Subduction zone"
283857,"Masugata","Japan","Northwestern Pacific Volcanic Regions","Northeast Japan Volcanic Arc","Minor","Pyroclastic cone",NA,NA,37.075,138.833,749,NA,"Subduction zone / Continental crust (>25 km)",NA,NA,NA,NA,"Subduction zone"
283858,"Komochi-Onoko","Japan","Northwestern Pacific Volcanic Regions","Northeast Japan Volcanic Arc","Composite","Stratovolcano(es)",NA,NA,36.589,139.001,1296,NA,"Subduction zone / Continental crust (>25 km)",NA,NA,NA,NA,"Subduction zone"
283859,"Sukai-Kesemaru","Japan","Northwestern Pacific Volcanic Regions","Northeast Japan Volcanic Arc","Composite","Stratovolcano(es)",NA,NA,36.687,139.34,2144,NA,"Subduction zone / Continental crust (>25 km)",NA,NA,NA,NA,"Subduction zone"
283860,"Numanokami","Japan","Northwestern Pacific Volcanic Regions","Northeast Japan Volcanic Arc","Composite","Stratovolcano",NA,NA,36.772,139.279,1541,NA,"Subduction zone / Continental crust (>25 km)",NA,NA,NA,NA,"Subduction zone"
283861,"Hotaka","Japan","Northwestern Pacific Volcanic Regions","Northeast Japan Volcanic Arc","Composite","Stratovolcano",NA,NA,36.802,139.136,2158,NA,"Subduction zone / Continental crust (>25 km)",NA,NA,NA,NA,"Subduction zone"
283862,"Ayame-daira","Japan","Northwestern Pacific Volcanic Regions","Northeast Japan Volcanic Arc","Composite","Stratovolcano(es)",NA,NA,36.895,139.243,1969,NA,"Subduction zone / Continental crust (>25 km)",NA,NA,NA,NA,"Subduction zone"
283863,"Kinunuma-Nenakusa","Japan","Northwestern Pacific Volcanic Regions","Northeast Japan Volcanic Arc","Minor","Lava dome(s)",NA,NA,36.88,139.375,2141,NA,"Subduction zone / Continental crust (>25 km)",NA,NA,NA,NA,"Subduction zone"
283864,"Nyoho-Akanagi","Japan","Northwestern Pacific Volcanic Regions","Northeast Japan Volcanic Arc","Composite","Stratovolcano",NA,NA,36.808,139.54,2483,NA,"Subduction zone / Continental crust (>25 km)",NA,NA,NA,NA,"Subduction zone"
283865,"Futamata","Japan","Northwestern Pacific Volcanic Regions","Northeast Japan Volcanic Arc","Composite","Stratovolcano",NA,NA,37.243,139.97,1544,NA,"Subduction zone / Continental crust (>25 km)",NA,NA,NA,NA,"Subduction zone"
283866,"Aizu Nunobiki","Japan","Northwestern Pacific Volcanic Regions","Northeast Japan Volcanic Arc","Composite","Stratovolcano",NA,NA,37.321,140.018,1108,NA,"Subduction zone / Continental crust (>25 km)",NA,NA,NA,NA,"Subduction zone"
283867,"Asakusa","Japan","Northwestern Pacific Volcanic Regions","Northeast Japan Volcanic Arc","Composite","Stratovolcano",NA,NA,37.341,139.237,1585,NA,"Subduction zone / Continental crust (>25 km)",NA,NA,NA,NA,"Subduction zone"
283868,"Sumon","Japan","Northwestern Pacific Volcanic Regions","Northeast Japan Volcanic Arc","Composite","Stratovolcano",NA,NA,37.395,139.14,1537,NA,"Subduction zone / Continental crust (>25 km)",NA,NA,NA,NA,"Subduction zone"
283869,"Sunagohara","Japan","Northwestern Pacific Volcanic Regions","Northeast Japan Volcanic Arc","Caldera","Caldera",NA,NA,37.454,139.688,729,NA,"Subduction zone / Continental crust (>25 km)",NA,NA,NA,NA,"Subduction zone"
283870,"Nekoma","Japan","Northwestern Pacific Volcanic Regions","Northeast Japan Volcanic Arc","Composite","Stratovolcano",NA,NA,37.617,140.011,1404,NA,"Subduction zone / Continental crust (>25 km)",NA,NA,NA,NA,"Subduction zone"
283871,"Aoso","Japan","Northwestern Pacific Volcanic Regions","Northeast Japan Volcanic Arc","Composite","Stratovolcano",NA,NA,38.082,140.611,820,NA,"Subduction zone / Continental crust (>25 km)",NA,NA,NA,NA,"Subduction zone"
283872,"Shirataka","Japan","Northwestern Pacific Volcanic Regions","Northeast Japan Volcanic Arc","Composite","Stratovolcano",NA,NA,38.22,140.176,994,NA,"Subduction zone / Continental crust (>25 km)",NA,NA,NA,NA,"Subduction zone"
283873,"Ganto-Kamuro","Japan","Northwestern Pacific Volcanic Regions","Northeast Japan Volcanic Arc","Composite","Stratovolcano(es)",NA,NA,38.196,140.48,1485,NA,"Subduction zone / Continental crust (>25 km)",NA,NA,NA,NA,"Subduction zone"
283874,"Adachi","Japan","Northwestern Pacific Volcanic Regions","Northeast Japan Volcanic Arc","Minor","Pyroclastic cone",NA,NA,38.218,140.654,0,NA,"Subduction zone / Continental crust (>25 km)",NA,NA,NA,NA,"Subduction zone"
283875,"Daito","Japan","Northwestern Pacific Volcanic Regions","Northeast Japan Volcanic Arc","Composite","Stratovolcano",NA,NA,38.299,140.527,1366,NA,"Subduction zone / Continental crust (>25 km)",NA,NA,NA,NA,"Subduction zone"
283876,"Funagata","Japan","Northwestern Pacific Volcanic Regions","Northeast Japan Volcanic Arc","Composite","Stratovolcano(es)",NA,NA,38.453,140.623,1500,NA,"Subduction zone / Continental crust (>25 km)",NA,NA,NA,NA,"Subduction zone"
283877,"Gassan","Japan","Northwestern Pacific Volcanic Regions","Northeast Japan Volcanic Arc","Composite","Stratovolcano",NA,NA,38.546,140.03,1984,NA,"Subduction zone / Continental crust (>25 km)",NA,NA,NA,NA,"Subduction zone"
283878,"Mukaimachi","Japan","Northwestern Pacific Volcanic Regions","Northeast Japan Volcanic Arc","Caldera","Caldera",NA,NA,38.75,140.52,657,NA,"Subduction zone / Continental crust (>25 km)",NA,NA,NA,NA,"Subduction zone"
283879,"Onikobe","Japan","Northwestern Pacific Volcanic Regions","Northeast Japan Volcanic Arc","Caldera","Caldera",NA,NA,38.83,140.695,769,NA,"Subduction zone / Continental crust (>25 km)",NA,NA,NA,NA,"Subduction zone"
283880,"Takamatsu","Japan","Northwestern Pacific Volcanic Regions","Northeast Japan Volcanic Arc","Composite","Stratovolcano",NA,NA,38.965,140.61,1348,NA,"Subduction zone / Continental crust (>25 km)",NA,NA,NA,NA,"Subduction zone"
283881,"Kobinai","Japan","Northwestern Pacific Volcanic Regions","Northeast Japan Volcanic Arc","Composite","Stratovolcano",NA,NA,39.018,140.523,1004,NA,"Subduction zone / Continental crust (>25 km)",NA,NA,NA,NA,"Subduction zone"
283882,"Yakeishi","Japan","Northwestern Pacific Volcanic Regions","Northeast Japan Volcanic Arc","Composite","Stratovolcano",NA,NA,39.161,140.832,1548,NA,"Subduction zone / Continental crust (>25 km)",NA,NA,NA,NA,"Subduction zone"
283883,"Tazawa","Japan","Northwestern Pacific Volcanic Regions","Northeast Japan Volcanic Arc","Caldera","Caldera(?)",NA,NA,39.718,140.665,249,NA,"Subduction zone / Continental crust (>25 km)",NA,NA,NA,NA,"Subduction zone"
283884,"Kayo","Japan","Northwestern Pacific Volcanic Regions","Northeast Japan Volcanic Arc","Composite","Stratovolcano",NA,NA,39.804,140.734,1254,NA,"Subduction zone / Continental crust (>25 km)",NA,NA,NA,NA,"Subduction zone"
283885,"Nyuto-Takakura","Japan","Northwestern Pacific Volcanic Regions","Northeast Japan Volcanic Arc","Composite","Stratovolcano(es)",NA,NA,39.802,140.842,1478,NA,"Subduction zone / Continental crust (>25 km)",NA,NA,NA,NA,"Subduction zone"
283886,"Tamagawa","Japan","Northwestern Pacific Volcanic Regions","Northeast Japan Volcanic Arc","Caldera","Caldera",NA,NA,39.897,140.781,1300,NA,"Subduction zone / Continental crust (>25 km)",NA,NA,NA,NA,"Subduction zone"
283887,"Moriyoshi","Japan","Northwestern Pacific Volcanic Regions","Northeast Japan Volcanic Arc","Composite","Stratovolcano",NA,NA,39.974,140.547,1454,NA,"Subduction zone / Continental crust (>25 km)",NA,NA,NA,NA,"Subduction zone"
283888,"Kanpu","Japan","Northwestern Pacific Volcanic Regions","Northeast Japan Volcanic Arc","Composite","Stratovolcano",NA,NA,39.931,139.879,355,NA,"Subduction zone / Continental crust (>25 km)",NA,NA,NA,NA,"Subduction zone"
283889,"Nanashigure","Japan","Northwestern Pacific Volcanic Regions","Northeast Japan Volcanic Arc","Minor","Lava dome",NA,NA,40.066,141.109,1063,NA,"Subduction zone / Continental crust (>25 km)",NA,NA,NA,NA,"Subduction zone"
283890,"Tashiro","Japan","Northwestern Pacific Volcanic Regions","Northeast Japan Volcanic Arc","Composite","Stratovolcano",NA,NA,40.426,140.412,1178,NA,"Subduction zone / Continental crust (>25 km)",NA,NA,NA,NA,"Subduction zone"
283891,"Okiura","Japan","Northwestern Pacific Volcanic Regions","Northeast Japan Volcanic Arc","Caldera","Caldera",NA,NA,40.57,140.73,985,NA,"Subduction zone / Continental crust (>25 km)",NA,NA,NA,NA,"Subduction zone"
283892,"Mutsu-Hiuchidake","Japan","Northwestern Pacific Volcanic Regions","Northeast Japan Volcanic Arc","Composite","Stratovolcano",NA,NA,41.436,141.056,781,NA,"Subduction zone / Continental crust (>25 km)",NA,NA,NA,NA,"Subduction zone"
283896,"Kannabe","Japan","Western Pacific Volcanic Regions","Nankai Volcanic Arc","Shield","Shield",NA,NA,35.504,134.678,460,NA,"Subduction zone / Continental crust (>25 km)",NA,NA,NA,NA,"Subduction zone"
283897,"Daira-Komagatake","Japan","Northwestern Pacific Volcanic Regions","Northeast Japan Volcanic Arc","Composite","Stratovolcano",NA,NA,40.41,140.255,1158,NA,"Subduction zone / Continental crust (>25 km)",NA,NA,NA,NA,"Subduction zone"
283898,"Dorobu","Japan","Northwestern Pacific Volcanic Regions","Northeast Japan Volcanic Arc","Caldera","Caldera",NA,NA,36.898,139.579,1322,NA,NA,NA,NA,NA,NA,NA
284043,"Mikura Seamount","Japan","Northwestern Pacific Volcanic Regions","Izu Volcanic Arc","Composite","Stratovolcano",NA,NA,33.725,139.408,-321,NA,"Subduction zone / Oceanic crust (< 15 km)",NA,NA,NA,NA,"Subduction zone"
284086,"Nichiyo Seamount","Japan","Northwestern Pacific Volcanic Regions","Ogasawara Volcanic Arc","Composite","Stratovolcano",NA,NA,29.482,140.327,-1042,NA,"Subduction zone / Crustal thickness unknown",NA,NA,NA,NA,"Subduction zone"
284087,"Getsuyo Seamount","Japan","Northwestern Pacific Volcanic Regions","Ogasawara Volcanic Arc","Composite","Stratovolcano",NA,NA,29.306,140.471,-1095,NA,"Subduction zone / Crustal thickness unknown",NA,NA,NA,NA,"Subduction zone"
284088,"Kayo Seamount","Japan","Northwestern Pacific Volcanic Regions","Ogasawara Volcanic Arc","Composite","Stratovolcano",NA,NA,29.064,140.537,-814,NA,"Subduction zone / Crustal thickness unknown",NA,NA,NA,NA,"Subduction zone"
284089,"Kinyo Seamount","Japan","Northwestern Pacific Volcanic Regions","Ogasawara Volcanic Arc","Composite","Stratovolcano",NA,NA,28.084,140.802,-838,NA,"Subduction zone / Crustal thickness unknown",NA,NA,NA,NA,"Subduction zone"
284122,"Syoyo Ridge","Japan","Northwestern Pacific Volcanic Regions","Mariana Volcanic Arc","Composite","Complex",NA,NA,22.546,142.863,-481,NA,"Subduction zone / Oceanic crust (< 15 km)",NA,NA,NA,NA,"Subduction zone"
284144,"Kasuga 3","United States","Northwestern Pacific Volcanic Regions","Mariana Volcanic Arc","Composite","Stratovolcano",NA,NA,21.399,143.626,-1325,NA,NA,NA,NA,NA,NA,NA
284145,"Eifuku","United States","Northwestern Pacific Volcanic Regions","Mariana Volcanic Arc","Composite","Stratovolcano",NA,NA,21.409,144.161,-551,NA,NA,NA,NA,NA,NA,NA
284146,"South Daikoku","United States","Northwestern Pacific Volcanic Regions","Mariana Volcanic Arc","Composite","Stratovolcano",NA,NA,21.023,144.525,-301,NA,"Subduction zone / Oceanic crust (< 15 km)",NA,NA,NA,NA,"Subduction zone"
284147,"Chamorro","United States","Northwestern Pacific Volcanic Regions","Mariana Volcanic Arc","Unknown",NA,NA,NA,20.81,144.704,-804,NA,"Subduction zone / Oceanic crust (< 15 km)",NA,NA,NA,NA,"Subduction zone"
284151,"Cheref","United States","Northwestern Pacific Volcanic Regions","Mariana Volcanic Arc","Composite","Stratovolcano",NA,NA,19.406,145.468,-2800,NA,"Subduction zone / Oceanic crust (< 15 km)",NA,NA,NA,NA,"Subduction zone"
284152,"Poyo","United States","Northwestern Pacific Volcanic Regions","Mariana Volcanic Arc","Composite","Stratovolcano",NA,NA,19.223,145.524,-2830,NA,"Subduction zone / Oceanic crust (< 15 km)",NA,NA,NA,NA,"Subduction zone"
284800,"Udonejima","Japan","Northwestern Pacific Volcanic Regions","Izu Volcanic Arc","Composite","Stratovolcano",NA,NA,34.469,139.297,209,NA,"Subduction zone / Oceanic crust (< 15 km)",NA,NA,NA,NA,"Subduction zone"
284801,"Onoharajima","Japan","Northwestern Pacific Volcanic Regions","Izu Volcanic Arc","Minor","Lava dome",NA,NA,34.045,139.387,114,NA,"Subduction zone / Oceanic crust (< 15 km)",NA,NA,NA,NA,"Subduction zone"
284802,"Inambajima","Japan","Northwestern Pacific Volcanic Regions","Izu Volcanic Arc","Minor","Lava dome",NA,NA,33.648,139.302,74,NA,"Subduction zone / Oceanic crust (< 15 km)",NA,NA,NA,NA,"Subduction zone"
284803,"Tracey Seamount","United States","Northwestern Pacific Volcanic Regions","Mariana Volcanic Arc","Composite","Stratovolcano",NA,NA,13.65,144.42,-900,NA,"Subduction zone / Crustal thickness unknown",NA,NA,NA,NA,"Subduction zone"
285062,"Shikaribetsu Group","Japan","Northwestern Pacific Volcanic Regions","Kuril Volcanic Arc","Cluster","Lava dome(s)",NA,NA,43.267,143.1,1401,"Andesite / Basaltic Andesite","Subduction zone / Continental crust (>25 km)","Hokkaido-Japan","Lava dome","Holocene","U","Subduction zone"
285800,"Oshima Maruyama","Japan","Northwestern Pacific Volcanic Regions","Northeast Japan Volcanic Arc","Composite","Stratovolcano",NA,NA,41.54,140.375,855,NA,"Subduction zone / Continental crust (>25 km)",NA,NA,NA,NA,"Subduction zone"
285801,"Hakodateyama","Japan","Northwestern Pacific Volcanic Regions","Northeast Japan Volcanic Arc","Composite","Stratovolcano",NA,NA,41.757,140.708,333,NA,"Subduction zone / Continental crust (>25 km)",NA,NA,NA,NA,"Subduction zone"
285802,"Zenikame","Japan","Northwestern Pacific Volcanic Regions","Northeast Japan Volcanic Arc","Caldera","Caldera",NA,NA,41.706,140.814,-30,NA,"Subduction zone / Continental crust (>25 km)",NA,NA,NA,NA,"Subduction zone"
285803,"Esan Maruyama","Japan","Northwestern Pacific Volcanic Regions","Northeast Japan Volcanic Arc","Composite","Stratovolcano",NA,NA,41.849,141.097,691,NA,"Subduction zone / Continental crust (>25 km)",NA,NA,NA,NA,"Subduction zone"
285804,"Yokotsu","Japan","Northwestern Pacific Volcanic Regions","Northeast Japan Volcanic Arc","Composite","Stratovolcano",NA,NA,41.935,140.775,1167,NA,"Subduction zone / Continental crust (>25 km)",NA,NA,NA,NA,"Subduction zone"
285805,"Nigorikawa","Japan","Northwestern Pacific Volcanic Regions","Northeast Japan Volcanic Arc","Caldera","Caldera",NA,NA,42.12,140.45,356,NA,"Subduction zone / Continental crust (>25 km)",NA,NA,NA,NA,"Subduction zone"
285806,"Okushiri-Katsumayama","Japan","Northwestern Pacific Volcanic Regions","Northeast Japan Volcanic Arc","Shield","Shield",NA,NA,42.193,139.468,428,NA,"Subduction zone / Continental crust (>25 km)",NA,NA,NA,NA,"Subduction zone"
285807,"Kariba","Japan","Northwestern Pacific Volcanic Regions","Northeast Japan Volcanic Arc","Composite","Stratovolcano",NA,NA,42.611,139.944,1520,NA,"Subduction zone / Continental crust (>25 km)",NA,NA,NA,NA,"Subduction zone"
285808,"Washibetsu","Japan","Northwestern Pacific Volcanic Regions","Northeast Japan Volcanic Arc","Composite","Stratovolcano",NA,NA,42.433,141.007,911,NA,"Subduction zone / Continental crust (>25 km)",NA,NA,NA,NA,"Subduction zone"
285809,"Raiden","Japan","Northwestern Pacific Volcanic Regions","Northeast Japan Volcanic Arc","Composite","Stratovolcano(es)",NA,NA,42.901,140.473,1212,NA,"Subduction zone / Continental crust (>25 km)",NA,NA,NA,NA,"Subduction zone"
285810,"Akaigawa","Japan","Northwestern Pacific Volcanic Regions","Northeast Japan Volcanic Arc","Composite","Stratovolcano",NA,NA,43.08,140.82,725,NA,"Subduction zone / Continental crust (>25 km)",NA,NA,NA,NA,"Subduction zone"
285811,"Shiribetsu","Japan","Northwestern Pacific Volcanic Regions","Northeast Japan Volcanic Arc","Composite","Stratovolcano",NA,NA,42.767,140.916,1107,NA,"Subduction zone / Continental crust (>25 km)",NA,NA,NA,NA,"Subduction zone"
285812,"Orofure-Raiba","Japan","Northwestern Pacific Volcanic Regions","Northeast Japan Volcanic Arc","Composite","Stratovolcano(es)",NA,NA,42.563,141.091,1231,NA,"Subduction zone / Continental crust (>25 km)",NA,NA,NA,NA,"Subduction zone"
285813,"Horohoro-Tokushumbetsu","Japan","Northwestern Pacific Volcanic Regions","Northeast Japan Volcanic Arc","Composite","Stratovolcano(es)",NA,NA,42.631,141.146,1322,NA,"Subduction zone / Continental crust (>25 km)",NA,NA,NA,NA,"Subduction zone"
285814,"Soranuma","Japan","Northwestern Pacific Volcanic Regions","Northeast Japan Volcanic Arc","Shield","Shield",NA,NA,42.863,141.257,1251,NA,"Subduction zone / Continental crust (>25 km)",NA,NA,NA,NA,"Subduction zone"
285815,"Sapporo","Japan","Northwestern Pacific Volcanic Regions","Northeast Japan Volcanic Arc","Shield","Shield",NA,NA,42.898,141.204,1294,NA,"Subduction zone / Continental crust (>25 km)",NA,NA,NA,NA,"Subduction zone"
285816,"Tomuraushi Volcanic Group","Japan","Northwestern Pacific Volcanic Regions","Kuril Volcanic Arc","Composite","Stratovolcano(es)",NA,NA,43.525,142.852,2141,NA,"Subduction zone / Continental crust (>25 km)",NA,NA,NA,NA,"Subduction zone"
285817,"Chubetsu","Japan","Northwestern Pacific Volcanic Regions","Kuril Volcanic Arc","Composite","Stratovolcano",NA,NA,43.589,142.898,1963,NA,"Subduction zone / Continental crust (>25 km)",NA,NA,NA,NA,"Subduction zone"
285818,"Niseikaushuppe","Japan","Northwestern Pacific Volcanic Regions","Kuril Volcanic Arc","Composite","Stratovolcano",NA,NA,43.777,142.989,1883,NA,"Subduction zone / Continental crust (>25 km)",NA,NA,NA,NA,"Subduction zone"
285819,"Tengu-Hirayama","Japan","Northwestern Pacific Volcanic Regions","Kuril Volcanic Arc","Composite","Stratovolcano(es)",NA,NA,43.776,143.016,1796,NA,"Subduction zone / Continental crust (>25 km)",NA,NA,NA,NA,"Subduction zone"
285820,"Shiitokoro","Japan","Northwestern Pacific Volcanic Regions","Kuril Volcanic Arc","Minor","Lava dome",NA,NA,43.61,143.184,1336,NA,"Subduction zone / Continental crust (>25 km)",NA,NA,NA,NA,"Subduction zone"
285821,"Kumaneshiri","Japan","Northwestern Pacific Volcanic Regions","Kuril Volcanic Arc","Composite","Stratovolcano(es)",NA,NA,43.52,143.237,1635,NA,"Subduction zone / Continental crust (>25 km)",NA,NA,NA,NA,"Subduction zone"
285822,"Tokachi-Mitsumata","Japan","Northwestern Pacific Volcanic Regions","Kuril Volcanic Arc","Caldera","Caldera",NA,NA,43.52,143.15,700,NA,"Subduction zone / Continental crust (>25 km)",NA,NA,NA,NA,"Subduction zone"
285823,"Tokachi-Eboshi","Japan","Northwestern Pacific Volcanic Regions","Kuril Volcanic Arc","Minor","Lava dome(s)",NA,NA,43.376,143.133,1291,NA,"Subduction zone / Continental crust (>25 km)",NA,NA,NA,NA,"Subduction zone"
285824,"Birao","Japan","Northwestern Pacific Volcanic Regions","Kuril Volcanic Arc","Composite","Stratovolcano(es)",NA,NA,43.498,144.408,554,NA,"Subduction zone / Continental crust (>25 km)",NA,NA,NA,NA,"Subduction zone"
285825,"Samakkenupuri","Japan","Northwestern Pacific Volcanic Regions","Kuril Volcanic Arc","Composite","Stratovolcano",NA,NA,43.681,144.736,1063,NA,"Subduction zone / Continental crust (>25 km)",NA,NA,NA,NA,"Subduction zone"
285826,"Musa","Japan","Northwestern Pacific Volcanic Regions","Kuril Volcanic Arc","Composite","Stratovolcano(es)",NA,NA,43.676,144.886,1006,NA,"Subduction zone / Continental crust (>25 km)",NA,NA,NA,NA,"Subduction zone"
285827,"Shari","Japan","Northwestern Pacific Volcanic Regions","Kuril Volcanic Arc","Composite","Stratovolcano",NA,NA,43.763,144.722,1545,NA,"Subduction zone / Continental crust (>25 km)",NA,NA,NA,NA,"Subduction zone"
285828,"Unabetsu","Japan","Northwestern Pacific Volcanic Regions","Kuril Volcanic Arc","Composite","Stratovolcano",NA,NA,43.874,144.881,1419,NA,"Subduction zone / Continental crust (>25 km)",NA,NA,NA,NA,"Subduction zone"
285829,"Onnebetsu","Japan","Northwestern Pacific Volcanic Regions","Kuril Volcanic Arc","Composite","Stratovolcano",NA,NA,43.991,145.017,1331,NA,"Subduction zone / Continental crust (>25 km)",NA,NA,NA,NA,"Subduction zone"
285830,"Shiretoko","Japan","Northwestern Pacific Volcanic Regions","Kuril Volcanic Arc","Composite","Stratovolcano",NA,NA,44.23,145.278,1254,NA,"Subduction zone / Continental crust (>25 km)",NA,NA,NA,NA,"Subduction zone"
285839,"Oshima-Kojima","Japan","Northwestern Pacific Volcanic Regions","Northeast Japan Volcanic Arc","Composite","Stratovolcano",NA,NA,41.355,139.811,282,NA,"Subduction zone / Continental crust (>25 km)",NA,NA,NA,NA,"Subduction zone"
290041,"Moekeshiwan [Lvinaya Past]","Japan - administered by Russia","Northwestern Pacific Volcanic Regions","Kuril Volcanic Arc","Caldera","Stratovolcano",NA,NA,44.608,146.994,495,"Andesite / Basaltic Andesite","Subduction zone / Intermediate crust (15-25 km)","Kuril Is","Stratovolcano","Radiocarbon","D7","Subduction zone"
290061,"Kuril Arc at 45.0°N","Japan - administered by Russia","Northwestern Pacific Volcanic Regions","Kuril Volcanic Arc","Composite","Stratovolcano",NA,NA,45.0166,147.0245,-126,"No Data (checked)","Subduction zone / Intermediate crust (15-25 km)",NA,NA,NA,NA,"Subduction zone"
290091,"Rucharu [Golets-Tornyi Group]","Japan - administered by Russia","Northwestern Pacific Volcanic Regions","Kuril Volcanic Arc","Minor","Pyroclastic cone(s)",NA,NA,45.25,148.3,442,"Andesite / Basaltic Andesite","Subduction zone / Intermediate crust (15-25 km)",NA,NA,NA,NA,"Subduction zone"
290110,"Rakkibetsudake [Demon]","Japan - administered by Russia","Northwestern Pacific Volcanic Regions","Kuril Volcanic Arc","Composite","Stratovolcano",NA,NA,45.501,148.8608,1167,"No Data (checked)","Subduction zone / Intermediate crust (15-25 km)","Kuril Is","Stratovolcano","Holocene","U","Subduction zone"
290112,"Rudakov","Russia","Northwestern Pacific Volcanic Regions","Kuril Volcanic Arc","Composite","Stratovolcano",NA,NA,45.8719,149.8233,532,"Andesite / Basaltic Andesite","Subduction zone / Intermediate crust (15-25 km)","Kuril Is","Stratovolcano","Holocene","Unknown","Subduction zone"
290113,"Tri Sestry","Russia","Northwestern Pacific Volcanic Regions","Kuril Volcanic Arc","Composite","Stratovolcano",NA,NA,45.9256,149.9222,998,"Andesite / Basaltic Andesite","Subduction zone / Intermediate crust (15-25 km)","Kuril Is","Stratovolcano","Holocene","Unknown","Subduction zone"
290160,"Arkhangelsky","Russia","Northwestern Pacific Volcanic Regions","Kuril Volcanic Arc","Composite","Stratovolcano",NA,NA,46.5165,151.4124,-360,"No Data (checked)","Subduction zone / Oceanic crust (< 15 km)",NA,NA,NA,NA,"Subduction zone"
290800,"Urbich Caldera","Japan - administered by Russia","Northwestern Pacific Volcanic Regions","Kuril Volcanic Arc","Caldera","Caldera(s)",NA,NA,44.6252,147.2005,716,NA,"Subduction zone / Continental crust (>25 km)",NA,NA,NA,NA,"Subduction zone"
290802,"Tsirk","Japan - administered by Russia","Northwestern Pacific Volcanic Regions","Kuril Volcanic Arc","Caldera","Caldera",NA,NA,45.4,148.58,853,NA,"Unknown",NA,NA,NA,NA,"Unknown"
290804,"Antipin","Russia","Northwestern Pacific Volcanic Regions","Kuril Volcanic Arc","Composite","Stratovolcano",NA,NA,46.15,150.23,1120,NA,"Unknown",NA,NA,NA,NA,"Unknown"
290805,"Gora Desantnaya","Russia","Northwestern Pacific Volcanic Regions","Kuril Volcanic Arc","Composite","Stratovolcano",NA,NA,46.192,150.369,847,NA,"Unknown",NA,NA,NA,NA,"Unknown"
290806,"Brontona Island","Russia","Northwestern Pacific Volcanic Regions","Kuril Volcanic Arc","Unknown","Unknown",NA,NA,46.721,150.733,0,NA,"Subduction zone / Intermediate crust (15-25 km)",NA,NA,NA,NA,"Subduction zone"
290807,"Ikanmikot","Russia","Northwestern Pacific Volcanic Regions","Kuril Volcanic Arc","Composite","Stratovolcano",NA,NA,46.964,152.07,614,NA,"Unknown",NA,NA,NA,NA,"Unknown"
290808,"Kuntomintar","Russia","Northwestern Pacific Volcanic Regions","Kuril Volcanic Arc","Composite","Stratovolcano",NA,NA,48.75,154.02,828,NA,"Subduction zone / Intermediate crust (15-25 km)",NA,NA,NA,NA,"Subduction zone"
290809,"Shestakov","Russia","Northwestern Pacific Volcanic Regions","Kuril Volcanic Arc","Composite","Stratovolcano",NA,NA,49.4824,154.7589,678,NA,"Unknown",NA,NA,NA,NA,"Unknown"
290810,"Avos' Rocks","Russia","Northwestern Pacific Volcanic Regions","Kuril Volcanic Arc","Unknown","Unknown",NA,NA,49.72,154.12,35,NA,"Unknown",NA,NA,NA,NA,"Unknown"
290811,"Makanru Island","Russia","Northwestern Pacific Volcanic Regions","Kuril Volcanic Arc","Composite","Stratovolcano",NA,NA,49.785,154.429,1136,NA,"Unknown",NA,NA,NA,NA,"Unknown"
300001,"Mashkovtsev","Russia","Northwestern Pacific Volcanic Regions","Kuril Volcanic Arc","Composite","Stratovolcano",NA,NA,51.1,156.72,503,"Basalt / Picro-Basalt","Subduction zone / Continental crust (>25 km)","Kamchatka","Stratovolcano","Holocene","U","Subduction zone"
300041,"Kell","Russia","Northwestern Pacific Volcanic Regions","Kuril Volcanic Arc","Composite","Stratovolcano(es)",NA,NA,51.65,157.35,900,"Basalt / Picro-Basalt","Subduction zone / Continental crust (>25 km)","Kamchatka","Stratovolcano","Holocene","U","Subduction zone"
300042,"Belenkaya","Russia","Northwestern Pacific Volcanic Regions","Kuril Volcanic Arc","Composite","Stratovolcano",NA,NA,51.75,157.27,892,"Basalt / Picro-Basalt","Subduction zone / Continental crust (>25 km)","Kamchatka","Stratovolcano","Holocene","U","Subduction zone"
300054,"Piratkovsky","Russia","Northwestern Pacific Volcanic Regions","Kuril Volcanic Arc","Composite","Stratovolcano",NA,NA,52.113,157.849,1322,"No Data (checked)","Subduction zone / Continental crust (>25 km)","Kamchatka","Stratovolcano","Holocene","U","Subduction zone"
300055,"Ostanets","Russia","Northwestern Pacific Volcanic Regions","Kuril Volcanic Arc","Shield","Shield(s)",NA,NA,52.146,157.322,719,"Basalt / Picro-Basalt","Subduction zone / Continental crust (>25 km)","Kamchatka","Shield volcano","Holocene","U","Subduction zone"
300056,"Otdelniy","Russia","Northwestern Pacific Volcanic Regions","Kuril Volcanic Arc","Shield","Pyroclastic cone(s)",NA,NA,52.221,157.435,814,"Basalt / Picro-Basalt","Subduction zone / Continental crust (>25 km)","Kamchatka","Shield volcano","Holocene","U","Subduction zone"
300057,"Golaya","Russia","Northwestern Pacific Volcanic Regions","Kuril Volcanic Arc","Composite","Stratovolcano",NA,NA,52.263,157.787,858,"Basalt / Picro-Basalt","Subduction zone / Continental crust (>25 km)","Kamchatka","Shield volcano","Holocene","U","Subduction zone"
300087,"Karymshina","Russia","Northwestern Pacific Volcanic Regions","Kuril Volcanic Arc","Caldera","Caldera",NA,NA,52.8,158,1200,"Basalt / Picro-Basalt","Subduction zone / Continental crust (>25 km)",NA,NA,NA,NA,"Subduction zone"
300201,"Schmidt","Russia","Northwestern Pacific Volcanic Regions","Eastern Kamchatka Volcanic Arc","Shield","Shield",NA,NA,54.92,160.63,2020,"Basalt / Picro-Basalt","Subduction zone / Continental crust (>25 km)","Kamchatka","Shield volcano","Holocene","U","Subduction zone"
300290,"Maly Payalpan","Russia","Northwestern Pacific Volcanic Regions","Central Kamchatka Volcanic Arc","Shield","Shield(s)",NA,NA,55.82,157.98,1802,"Andesite / Basaltic Andesite","Subduction zone / Continental crust (>25 km)","Kamchatka","Shield volcano","Holocene","U","Subduction zone"
300300,"Bolshoi Payalpan","Russia","Northwestern Pacific Volcanic Regions","Central Kamchatka Volcanic Arc","Shield","Shield(s)",NA,NA,55.88,157.78,1906,"Andesite / Basaltic Andesite","Subduction zone / Continental crust (>25 km)","Kamchatka","Shield volcano","Holocene","U","Subduction zone"
300310,"Plosky","Russia","Northwestern Pacific Volcanic Regions","Central Kamchatka Volcanic Arc","Shield","Shield",NA,NA,55.1865,158.4784,1200,"Basalt / Picro-Basalt","Subduction zone / Continental crust (>25 km)","Kamchatka","Shield volcano","Holocene","U","Subduction zone"
300310,"Plosky","Russia","Northwestern Pacific Volcanic Regions","Central Kamchatka Volcanic Arc","Shield","Shield",NA,NA,55.1865,158.4784,1200,"Basalt / Picro-Basalt","Subduction zone / Continental crust (>25 km)","Kamchatka","Shield volcano","Holocene","U","Subduction zone"
300320,"Akhtang","Russia","Northwestern Pacific Volcanic Regions","Central Kamchatka Volcanic Arc","Shield","Shield",NA,NA,55.43,158.65,1956,"Basalt / Picro-Basalt","Subduction zone / Continental crust (>25 km)","Kamchatka","Shield volcano","Holocene","U","Subduction zone"
300330,"Kozyrevsky","Russia","Northwestern Pacific Volcanic Regions","Central Kamchatka Volcanic Arc","Shield","Shield",NA,NA,55.637,158.368,2004,"Basalt / Picro-Basalt","Subduction zone / Continental crust (>25 km)","Kamchatka","Shield volcano","Holocene","U","Subduction zone"
300340,"Romanovka","Russia","Northwestern Pacific Volcanic Regions","Central Kamchatka Volcanic Arc","Composite","Stratovolcano",NA,NA,55.65,158.8,1442,"Basalt / Picro-Basalt","Subduction zone / Continental crust (>25 km)","Kamchatka","Stratovolcano","Holocene","U","Subduction zone"
300350,"Uksichan","Russia","Northwestern Pacific Volcanic Regions","Central Kamchatka Volcanic Arc","Shield","Shield",NA,NA,56.08,158.38,1692,"Basalt / Picro-Basalt","Subduction zone / Continental crust (>25 km)","Kamchatka","Shield volcano","Holocene","U","Subduction zone"
300370,"Kulkev","Russia","Northwestern Pacific Volcanic Regions","Central Kamchatka Volcanic Arc","Shield","Shield",NA,NA,56.37,158.37,915,"Basalt / Picro-Basalt","Subduction zone / Continental crust (>25 km)","Kamchatka","Shield volcano","Holocene","U","Subduction zone"
300380,"Geodesistov","Russia","Northwestern Pacific Volcanic Regions","Central Kamchatka Volcanic Arc","Shield","Shield",NA,NA,56.33,158.67,1170,"Basalt / Picro-Basalt","Subduction zone / Continental crust (>25 km)",NA,NA,NA,NA,"Subduction zone"
300390,"Anaun","Russia","Northwestern Pacific Volcanic Regions","Central Kamchatka Volcanic Arc","Composite","Stratovolcano",NA,NA,56.32,158.83,1828,"Basalt / Picro-Basalt","Subduction zone / Continental crust (>25 km)","Kamchatka","Stratovolcano","Holocene","U","Subduction zone"
300400,"Krainy","Russia","Northwestern Pacific Volcanic Regions","Central Kamchatka Volcanic Arc","Shield","Shield",NA,NA,56.37,159.03,1554,"Basalt / Picro-Basalt","Subduction zone / Continental crust (>25 km)","Kamchatka","Shield volcano","Holocene","U","Subduction zone"
300410,"Kekurny","Russia","Northwestern Pacific Volcanic Regions","Central Kamchatka Volcanic Arc","Shield","Shield(s)",NA,NA,56.4,158.85,1377,"Basalt / Picro-Basalt","Subduction zone / Continental crust (>25 km)","Kamchatka","Shield volcano","Holocene","U","Subduction zone"
300420,"Eggella","Russia","Northwestern Pacific Volcanic Regions","Central Kamchatka Volcanic Arc","Shield","Shield",NA,NA,56.57,158.52,1046,"Basalt / Picro-Basalt","Subduction zone / Continental crust (>25 km)","Kamchatka","Shield volcano","Holocene","U","Subduction zone"
300440,"Verkhovoy","Russia","Northwestern Pacific Volcanic Regions","Central Kamchatka Volcanic Arc","Shield","Shield",NA,NA,56.52,159.53,1400,"Basalt / Picro-Basalt","Subduction zone / Continental crust (>25 km)","Kamchatka","Shield volcano","Holocene","U","Subduction zone"
300460,"Cherny","Russia","Northwestern Pacific Volcanic Regions","Central Kamchatka Volcanic Arc","Composite","Stratovolcano",NA,NA,56.82,159.67,1778,"Basalt / Picro-Basalt","Subduction zone / Continental crust (>25 km)","Kamchatka","Stratovolcano","Holocene","U","Subduction zone"
300470,"Pogranychny","Russia","Northwestern Pacific Volcanic Regions","Central Kamchatka Volcanic Arc","Shield","Shield(s)",NA,NA,56.85,159.8,1427,"Basalt / Picro-Basalt","Subduction zone / Continental crust (>25 km)","Kamchatka","Shield volcano","Holocene","U","Subduction zone"
300480,"Zaozerny","Russia","Northwestern Pacific Volcanic Regions","Central Kamchatka Volcanic Arc","Shield","Shield(s)",NA,NA,56.88,159.95,1349,"Basalt / Picro-Basalt","Subduction zone / Continental crust (>25 km)","Kamchatka","Shield volcano","Holocene","U","Subduction zone"
300490,"Bliznets","Russia","Northwestern Pacific Volcanic Regions","Central Kamchatka Volcanic Arc","Composite","Stratovolcano",NA,NA,56.97,159.78,1244,"Basalt / Picro-Basalt","Subduction zone / Continental crust (>25 km)","Kamchatka","Stratovolcano","Holocene","U","Subduction zone"
300500,"Kebeney","Russia","Northwestern Pacific Volcanic Regions","Central Kamchatka Volcanic Arc","Shield","Shield",NA,NA,57.1,159.93,1527,"Basalt / Picro-Basalt","Subduction zone / Continental crust (>25 km)","Kamchatka","Shield volcano","Holocene","U","Subduction zone"
300510,"Fedotych","Russia","Northwestern Pacific Volcanic Regions","Central Kamchatka Volcanic Arc","Shield","Shield",NA,NA,57.13,160.4,965,"Basalt / Picro-Basalt","Subduction zone / Continental crust (>25 km)","Kamchatka","Shield volcano","Holocene","U","Subduction zone"
300530,"Leutongey","Russia","Northwestern Pacific Volcanic Regions","Central Kamchatka Volcanic Arc","Shield","Shield",NA,NA,57.306,159.827,1318,"Basalt / Picro-Basalt","Subduction zone / Continental crust (>25 km)","Kamchatka","Shield volcano","Holocene","U","Subduction zone"
300540,"Tuzovsky","Russia","Northwestern Pacific Volcanic Regions","Central Kamchatka Volcanic Arc","Shield","Shield(s)",NA,NA,57.32,159.967,1516,"Basalt / Picro-Basalt","Subduction zone / Continental crust (>25 km)","Kamchatka","Shield volcano","Holocene","U","Subduction zone"
300570,"Mezhdusopochny","Russia","Northwestern Pacific Volcanic Regions","Central Kamchatka Volcanic Arc","Shield","Shield",NA,NA,57.47,160.25,1641,"Basalt / Picro-Basalt","Subduction zone / Continental crust (>25 km)","Kamchatka","Shield volcano","Holocene","U","Subduction zone"
300580,"Shishel","Russia","Northwestern Pacific Volcanic Regions","Central Kamchatka Volcanic Arc","Shield","Shield",NA,NA,57.45,160.37,2525,"Basalt / Picro-Basalt","Subduction zone / Continental crust (>25 km)","Kamchatka","Shield volcano","Holocene","U","Subduction zone"
300600,"Alngey","Russia","Northwestern Pacific Volcanic Regions","Central Kamchatka Volcanic Arc","Composite","Stratovolcano",NA,NA,57.702,160.418,1822,"Basalt / Picro-Basalt","Subduction zone / Continental crust (>25 km)","Kamchatka","Stratovolcano","Holocene","U","Subduction zone"
300610,"Uka","Russia","Northwestern Pacific Volcanic Regions","Central Kamchatka Volcanic Arc","Shield","Shield",NA,NA,57.706,160.59,1607,"Basalt / Picro-Basalt","Subduction zone / Continental crust (>25 km)","Kamchatka","Shield volcano","Holocene","U","Subduction zone"
300620,"Kaileney","Russia","Northwestern Pacific Volcanic Regions","Central Kamchatka Volcanic Arc","Shield","Shield",NA,NA,57.8,160.67,1582,"Basalt / Picro-Basalt","Subduction zone / Continental crust (>25 km)","Kamchatka","Shield volcano","Holocene","U","Subduction zone"
300630,"Plosky","Russia","Northwestern Pacific Volcanic Regions","Central Kamchatka Volcanic Arc","Shield","Shield",NA,NA,57.83,160.25,1255,"Basalt / Picro-Basalt","Subduction zone / Continental crust (>25 km)","Kamchatka","Shield volcano","Holocene","U","Subduction zone"
300630,"Plosky","Russia","Northwestern Pacific Volcanic Regions","Central Kamchatka Volcanic Arc","Shield","Shield",NA,NA,57.83,160.25,1255,"Basalt / Picro-Basalt","Subduction zone / Continental crust (>25 km)","Kamchatka","Shield volcano","Holocene","U","Subduction zone"
300640,"Bely","Russia","Northwestern Pacific Volcanic Regions","Central Kamchatka Volcanic Arc","Shield","Shield(s)",NA,NA,57.88,160.53,2080,"Basalt / Picro-Basalt","Subduction zone / Continental crust (>25 km)","Kamchatka","Shield volcano","Holocene","U","Subduction zone"
300660,"Snezhniy","Russia","Northwestern Pacific Volcanic Regions","Central Kamchatka Volcanic Arc","Shield","Shield",NA,NA,58.02,160.8,2169,"Basalt / Picro-Basalt","Subduction zone / Continental crust (>25 km)","Kamchatka","Shield volcano","Holocene","U","Subduction zone"
300670,"Iktunup","Russia","Northwestern Pacific Volcanic Regions","Central Kamchatka Volcanic Arc","Shield","Shield(s)",NA,NA,58.08,160.77,2300,"Basalt / Picro-Basalt","Subduction zone / Continental crust (>25 km)","Kamchatka","Shield volcano","Holocene","U","Subduction zone"
300690,"Snegovoy","Russia","Northwestern Pacific Volcanic Regions","Central Kamchatka Volcanic Arc","Shield","Shield",NA,NA,58.2,160.97,2169,"Basalt / Picro-Basalt","Subduction zone / Continental crust (>25 km)","Kamchatka","Shield volcano","Holocene","U","Subduction zone"
300710,"Iettunup","Russia","Northwestern Pacific Volcanic Regions","Central Kamchatka Volcanic Arc","Shield","Shield(s)",NA,NA,58.4,161.08,1340,"Basalt / Picro-Basalt","Subduction zone / Continental crust (>25 km)","Kamchatka","Shield volcano","Holocene","U","Subduction zone"
300720,"Voyampolsky","Russia","Northwestern Pacific Volcanic Regions","Central Kamchatka Volcanic Arc","Shield","Shield(s)",NA,NA,58.374,160.631,1103,"Basalt / Picro-Basalt","Subduction zone / Continental crust (>25 km)","Kamchatka","Shield volcano","Holocene","U","Subduction zone"
300800,"Vysokii","Russia","Northwestern Pacific Volcanic Regions","Kuril Volcanic Arc","Composite","Stratovolcano",NA,NA,51.116,156.892,708,NA,"Subduction zone / Continental crust (>25 km)",NA,NA,NA,NA,"Subduction zone"
300801,"Tumanniy","Russia","Northwestern Pacific Volcanic Regions","Kuril Volcanic Arc","Shield","Shield",NA,NA,51.191,156.939,681,NA,"Subduction zone / Continental crust (>25 km)",NA,NA,NA,NA,"Subduction zone"
300802,"Ded i Baba","Russia","Northwestern Pacific Volcanic Regions","Kuril Volcanic Arc","Shield","Shield",NA,NA,51.3,156.58,1032,NA,"Subduction zone / Continental crust (>25 km)",NA,NA,NA,NA,"Subduction zone"
300803,"Tretya Rechka","Russia","Northwestern Pacific Volcanic Regions","Kuril Volcanic Arc","Shield","Shield",NA,NA,51.4,156.57,754,NA,"Subduction zone / Continental crust (>25 km)",NA,NA,NA,NA,"Subduction zone"
300808,"Kuzheten","Russia","Northwestern Pacific Volcanic Regions","Kuril Volcanic Arc","Shield","Shield",NA,NA,51.82,157.22,925,NA,"Subduction zone / Continental crust (>25 km)",NA,NA,NA,NA,"Subduction zone"
300809,"Vostochnaya Khodutka","Russia","Northwestern Pacific Volcanic Regions","Kuril Volcanic Arc","Shield","Shield(s)",NA,NA,51.93,157.73,0,NA,"Subduction zone / Continental crust (>25 km)",NA,NA,NA,NA,"Subduction zone"
300810,"Zheltiy","Russia","Northwestern Pacific Volcanic Regions","Kuril Volcanic Arc","Composite","Stratovolcano",NA,NA,51.93,157.6,792,NA,"Subduction zone / Continental crust (>25 km)",NA,NA,NA,NA,"Subduction zone"
300811,"Kuzanek","Russia","Northwestern Pacific Volcanic Regions","Kuril Volcanic Arc","Shield","Shield",NA,NA,51.93,157.18,968,NA,"Subduction zone / Continental crust (>25 km)",NA,NA,NA,NA,"Subduction zone"
300813,"Igolki","Russia","Northwestern Pacific Volcanic Regions","Kuril Volcanic Arc","Shield","Shield(s)",NA,NA,52.02,156.88,707,NA,"Subduction zone / Continental crust (>25 km)",NA,NA,NA,NA,"Subduction zone"
300814,"Skalistiy","Russia","Northwestern Pacific Volcanic Regions","Kuril Volcanic Arc","Shield","Shield",NA,NA,52.02,157.18,1005,NA,"Subduction zone / Continental crust (>25 km)",NA,NA,NA,NA,"Subduction zone"
300815,"Perevalny","Russia","Northwestern Pacific Volcanic Regions","Kuril Volcanic Arc","Shield","Shield",NA,NA,52.13,157.78,0,NA,"Subduction zone / Continental crust (>25 km)",NA,NA,NA,NA,"Subduction zone"
300816,"Krugliy","Russia","Northwestern Pacific Volcanic Regions","Kuril Volcanic Arc","Shield","Shield",NA,NA,52.16,157.64,1052,NA,"Subduction zone / Continental crust (>25 km)",NA,NA,NA,NA,"Subduction zone"
300817,"Savan","Russia","Northwestern Pacific Volcanic Regions","Kuril Volcanic Arc","Shield","Shield",NA,NA,52.21,157.28,901,NA,"Subduction zone / Continental crust (>25 km)",NA,NA,NA,NA,"Subduction zone"
300818,"Malaya Ipelka","Russia","Northwestern Pacific Volcanic Regions","Kuril Volcanic Arc","Composite","Complex",NA,NA,52.28,156.73,0,NA,"Subduction zone / Continental crust (>25 km)",NA,NA,NA,NA,"Subduction zone"
300819,"Kamen","Russia","Northwestern Pacific Volcanic Regions","Kuril Volcanic Arc","Composite","Stratovolcano",NA,NA,52.287,157.655,850,NA,"Subduction zone / Continental crust (>25 km)","Kamchatka","Stratovolcano","Holocene","U","Subduction zone"
300820,"Ploskiy","Russia","Northwestern Pacific Volcanic Regions","Kuril Volcanic Arc","Composite","Stratovolcano",NA,NA,52.37,157.62,877,NA,"Subduction zone / Continental crust (>25 km)",NA,NA,NA,NA,"Subduction zone"
300821,"Udochka","Russia","Northwestern Pacific Volcanic Regions","Kuril Volcanic Arc","Shield","Shield",NA,NA,52.5,157.2,891,NA,"Subduction zone / Continental crust (>25 km)",NA,NA,NA,NA,"Subduction zone"
300822,"Bolshaya Ipelka","Russia","Northwestern Pacific Volcanic Regions","Kuril Volcanic Arc","Shield","Shield",NA,NA,52.63,156.97,1194,NA,"Subduction zone / Continental crust (>25 km)",NA,NA,NA,NA,"Subduction zone"
300823,"Tolmachev","Russia","Northwestern Pacific Volcanic Regions","Kuril Volcanic Arc","Composite","Stratovolcano(es)",NA,NA,52.55,157.73,1118,NA,"Subduction zone / Continental crust (>25 km)",NA,NA,NA,NA,"Subduction zone"
300830,"Aak","Russia","Northwestern Pacific Volcanic Regions","Eastern Kamchatka Volcanic Arc","Composite","Stratovolcano(es)",NA,NA,53.38,158.67,2319,NA,"Subduction zone / Continental crust (>25 km)",NA,NA,NA,NA,"Subduction zone"
300831,"Kupol","Russia","Northwestern Pacific Volcanic Regions","Eastern Kamchatka Volcanic Arc","Composite","Stratovolcano",NA,NA,53.5,158.65,0,NA,"Subduction zone / Continental crust (>25 km)",NA,NA,NA,NA,"Subduction zone"
300832,"Kitkhoysky","Russia","Northwestern Pacific Volcanic Regions","Eastern Kamchatka Volcanic Arc","Shield","Shield(s)",NA,NA,53.584,158.56,1350,NA,"Subduction zone / Continental crust (>25 km)",NA,NA,NA,NA,"Subduction zone"
300833,"Vershinsky","Russia","Northwestern Pacific Volcanic Regions","Eastern Kamchatka Volcanic Arc","Composite","Stratovolcano",NA,NA,53.6,158.7,1812,NA,"Subduction zone / Continental crust (>25 km)",NA,NA,NA,NA,"Subduction zone"
300834,"Skalistiy","Russia","Northwestern Pacific Volcanic Regions","Eastern Kamchatka Volcanic Arc","Unknown","Unknown",NA,NA,53.6266,159.2912,0,NA,"Subduction zone / Continental crust (>25 km)",NA,NA,NA,NA,"Subduction zone"
300840,"Zhupanovskiye Vostriyaky","Russia","Northwestern Pacific Volcanic Regions","Eastern Kamchatka Volcanic Arc","Composite","Stratovolcano",NA,NA,53.8,159.28,1684,NA,"Subduction zone / Continental crust (>25 km)",NA,NA,NA,NA,"Subduction zone"
300841,"Ditmara","Russia","Northwestern Pacific Volcanic Regions","Eastern Kamchatka Volcanic Arc","Composite","Stratovolcano",NA,NA,53.87,159.53,1389,NA,"Subduction zone / Continental crust (>25 km)",NA,NA,NA,NA,"Subduction zone"
300842,"Krainy","Russia","Northwestern Pacific Volcanic Regions","Eastern Kamchatka Volcanic Arc","Composite","Stratovolcano",NA,NA,53.95,159.33,1199,NA,"Subduction zone / Continental crust (>25 km)","Kamchatka","Shield volcano","Holocene","U","Subduction zone"
300843,"Razlaty","Russia","Northwestern Pacific Volcanic Regions","Eastern Kamchatka Volcanic Arc","Composite","Stratovolcano",NA,NA,54.02,159.38,0,NA,"Subduction zone / Continental crust (>25 km)",NA,NA,NA,NA,"Subduction zone"
300846,"Unana","Russia","Northwestern Pacific Volcanic Regions","Eastern Kamchatka Volcanic Arc","Composite","Stratovolcano",NA,NA,54.63,159.72,2131,NA,"Subduction zone / Continental crust (>25 km)",NA,NA,NA,NA,"Subduction zone"
300847,"Adamozhets","Russia","Northwestern Pacific Volcanic Regions","Eastern Kamchatka Volcanic Arc","Minor","Cone",NA,NA,54.688,159.483,1502,NA,"Subduction zone / Continental crust (>25 km)",NA,NA,NA,NA,"Subduction zone"
300848,"Bogachensky","Russia","Northwestern Pacific Volcanic Regions","Eastern Kamchatka Volcanic Arc","Shield","Shield",NA,NA,55.13,160.9,0,NA,"Subduction zone / Continental crust (>25 km)",NA,NA,NA,NA,"Subduction zone"
300849,"Piip","Russia","Northwestern Pacific Volcanic Regions","Eastern Kamchatka Volcanic Arc","Shield","Shield",NA,NA,55.319,160.667,2059,NA,"Subduction zone / Continental crust (>25 km)","Kamchatka-E of","Submarine volcano","Tephrochronology","D7","Subduction zone"
300850,"Konechnaya","Russia","Northwestern Pacific Volcanic Regions","Eastern Kamchatka Volcanic Arc","Shield","Shield",NA,NA,55.23,160.97,0,NA,"Subduction zone / Continental crust (>25 km)",NA,NA,NA,NA,"Subduction zone"
300851,"Konradi","Russia","Northwestern Pacific Volcanic Regions","Eastern Kamchatka Volcanic Arc","Composite","Stratovolcano",NA,NA,55.08,160.53,1912,NA,"Subduction zone / Continental crust (>25 km)",NA,NA,NA,NA,"Subduction zone"
300852,"Sokol","Russia","Northwestern Pacific Volcanic Regions","Eastern Kamchatka Volcanic Arc","Composite","Stratovolcano",NA,NA,55.2,160.52,1711,NA,"Subduction zone / Continental crust (>25 km)",NA,NA,NA,NA,"Subduction zone"
300853,"Tumrok","Russia","Northwestern Pacific Volcanic Regions","Eastern Kamchatka Volcanic Arc","Shield","Shield",NA,NA,55.37,160.87,2197,NA,"Subduction zone / Continental crust (>25 km)",NA,NA,NA,NA,"Subduction zone"
300856,"Iult","Russia","Northwestern Pacific Volcanic Regions","Eastern Kamchatka Volcanic Arc","Composite","Stratovolcano",NA,NA,55.23,160.587,1857,NA,"Subduction zone / Continental crust (>25 km)",NA,NA,NA,NA,"Subduction zone"
300859,"Zarechny","Russia","Northwestern Pacific Volcanic Regions","Eastern Kamchatka Volcanic Arc","Caldera","Caldera(s)",NA,NA,56.38,160.83,760,NA,"Subduction zone / Continental crust (>25 km)",NA,NA,NA,NA,"Subduction zone"
300860,"Kharchinsky","Russia","Northwestern Pacific Volcanic Regions","Eastern Kamchatka Volcanic Arc","Composite","Stratovolcano",NA,NA,56.425,160.825,1410,NA,"Unknown",NA,NA,NA,NA,"Unknown"
300861,"Eastern Kamchatka Arc at 56.5°N","Russia","Northwestern Pacific Volcanic Regions","Eastern Kamchatka Volcanic Arc","Cluster","Pyroclastic cone(s)",NA,NA,56.53,160.87,200,NA,"Subduction zone / Continental crust (>25 km)",NA,NA,NA,NA,"Subduction zone"
300863,"Lyzyk","Russia","Northwestern Pacific Volcanic Regions","Central Kamchatka Volcanic Arc","Minor","Unknown",NA,NA,57.23,161.52,0,NA,"Subduction zone / Continental crust (>25 km)",NA,NA,NA,NA,"Subduction zone"
300864,"Uchkoren","Russia","Northwestern Pacific Volcanic Regions","Central Kamchatka Volcanic Arc","Composite","Unknown",NA,NA,57.27,161.35,0,NA,"Subduction zone / Continental crust (>25 km)",NA,NA,NA,NA,"Subduction zone"
300867,"Lauchachan","Russia","Northwestern Pacific Volcanic Regions","Eastern Kamchatka Volcanic Arc","Shield","Shield",NA,NA,55.35,157.1,1018,NA,"Subduction zone / Continental crust (>25 km)",NA,NA,NA,NA,"Subduction zone"
300868,"Prodolny","Russia","Northwestern Pacific Volcanic Regions","Eastern Kamchatka Volcanic Arc","Shield","Shield(s)",NA,NA,55.45,157.25,1505,NA,"Subduction zone / Continental crust (>25 km)",NA,NA,NA,NA,"Subduction zone"
300869,"Kobalan","Russia","Northwestern Pacific Volcanic Regions","Eastern Kamchatka Volcanic Arc","Composite","Stratovolcano",NA,NA,55.43,157.37,1174,NA,"Subduction zone / Continental crust (>25 km)",NA,NA,NA,NA,"Subduction zone"
300870,"Tynua","Russia","Northwestern Pacific Volcanic Regions","Central Kamchatka Volcanic Arc","Shield","Shield(s)",NA,NA,55.85,157.87,1727,NA,"Subduction zone / Continental crust (>25 km)",NA,NA,NA,NA,"Subduction zone"
300871,"Etopan","Russia","Northwestern Pacific Volcanic Regions","Central Kamchatka Volcanic Arc","Shield","Shield",NA,NA,55.97,157.63,1264,NA,"Subduction zone / Continental crust (>25 km)",NA,NA,NA,NA,"Subduction zone"
300872,"Kimitina","Russia","Northwestern Pacific Volcanic Regions","Central Kamchatka Volcanic Arc","Composite","Stratovolcano",NA,NA,55.25,158.18,1438,NA,"Subduction zone / Continental crust (>25 km)",NA,NA,NA,NA,"Subduction zone"
300873,"Central Kamchatka Arc at 55.5°N","Russia","Northwestern Pacific Volcanic Regions","Central Kamchatka Volcanic Arc","Shield","Shield",NA,NA,55.52,158.43,2140,NA,"Subduction zone / Continental crust (>25 km)",NA,NA,NA,NA,"Subduction zone"
300874,"Ochchamo","Russia","Northwestern Pacific Volcanic Regions","Central Kamchatka Volcanic Arc","Shield","Shield",NA,NA,55.62,158.15,2136,NA,"Subduction zone / Continental crust (>25 km)",NA,NA,NA,NA,"Subduction zone"
300875,"Bolshoy Kozyrevsky","Russia","Northwestern Pacific Volcanic Regions","Central Kamchatka Volcanic Arc","Shield","Shield",NA,NA,55.6,158.52,1672,NA,"Subduction zone / Continental crust (>25 km)",NA,NA,NA,NA,"Subduction zone"
300876,"Bolshaya Romanovka","Russia","Northwestern Pacific Volcanic Regions","Central Kamchatka Volcanic Arc","Shield","Shield",NA,NA,55.73,158.77,1821,NA,"Subduction zone / Continental crust (>25 km)",NA,NA,NA,NA,"Subduction zone"
300877,"Central Kamchatka Arc at 55.9°N","Russia","Northwestern Pacific Volcanic Regions","Central Kamchatka Volcanic Arc","Composite","Stratovolcano(es)",NA,NA,55.88,158.83,1821,NA,"Subduction zone / Continental crust (>25 km)",NA,NA,NA,NA,"Subduction zone"
300878,"Bongabti","Russia","Northwestern Pacific Volcanic Regions","Central Kamchatka Volcanic Arc","Shield","Shield",NA,NA,55.83,158.32,1790,NA,"Subduction zone / Continental crust (>25 km)",NA,NA,NA,NA,"Subduction zone"
300879,"Nosichan","Russia","Northwestern Pacific Volcanic Regions","Central Kamchatka Volcanic Arc","Shield","Shield",NA,NA,56.08,157.75,1105,NA,"Subduction zone / Continental crust (>25 km)",NA,NA,NA,NA,"Subduction zone"
300880,"Buduli","Russia","Northwestern Pacific Volcanic Regions","Central Kamchatka Volcanic Arc","Shield","Shield",NA,NA,56.4,158.7,1477,NA,"Subduction zone / Continental crust (>25 km)",NA,NA,NA,NA,"Subduction zone"
300881,"Kopkan","Russia","Northwestern Pacific Volcanic Regions","Central Kamchatka Volcanic Arc","Shield","Shield(s)",NA,NA,56.48,158.83,1120,NA,"Subduction zone / Continental crust (>25 km)",NA,NA,NA,NA,"Subduction zone"
300882,"Yanpat","Russia","Northwestern Pacific Volcanic Regions","Central Kamchatka Volcanic Arc","Shield","Shield(s)",NA,NA,56.53,158.8,1205,NA,"Subduction zone / Continental crust (>25 km)",NA,NA,NA,NA,"Subduction zone"
300883,"Chavycha","Russia","Northwestern Pacific Volcanic Regions","Central Kamchatka Volcanic Arc","Shield","Shield(s)",NA,NA,56.55,158.65,1190,NA,"Subduction zone / Continental crust (>25 km)",NA,NA,NA,NA,"Subduction zone"
300884,"Malaya Ketepana","Russia","Northwestern Pacific Volcanic Regions","Central Kamchatka Volcanic Arc","Shield","Shield",NA,NA,56.68,158.47,1230,NA,"Unknown",NA,NA,NA,NA,"Unknown"
300885,"Bolshoy Ketepana","Russia","Northwestern Pacific Volcanic Regions","Central Kamchatka Volcanic Arc","Shield","Shield",NA,NA,57.05,158.37,1521,NA,"Subduction zone / Continental crust (>25 km)",NA,NA,NA,NA,"Subduction zone"
300886,"Central Kamchatka Arc at 57.0°N","Russia","Northwestern Pacific Volcanic Regions","Central Kamchatka Volcanic Arc","Shield","Shield",NA,NA,56.97,158.75,0,NA,"Subduction zone / Continental crust (>25 km)",NA,NA,NA,NA,"Subduction zone"
300887,"Ovalny","Russia","Northwestern Pacific Volcanic Regions","Central Kamchatka Volcanic Arc","Shield","Shield",NA,NA,56.98,158.98,732,NA,"Unknown",NA,NA,NA,NA,"Unknown"
300888,"Tigilsky","Russia","Northwestern Pacific Volcanic Regions","Central Kamchatka Volcanic Arc","Shield","Shield",NA,NA,56.812,159.111,1362,NA,"Subduction zone / Continental crust (>25 km)",NA,NA,NA,NA,"Subduction zone"
300889,"Perevalovyi","Russia","Northwestern Pacific Volcanic Regions","Central Kamchatka Volcanic Arc","Shield","Shield",NA,NA,56.57,159.35,1328,NA,"Subduction zone / Continental crust (>25 km)",NA,NA,NA,NA,"Subduction zone"
300890,"Maly Alney","Russia","Northwestern Pacific Volcanic Regions","Central Kamchatka Volcanic Arc","Composite","Stratovolcano(es)",NA,NA,56.47,159.77,1858,NA,"Subduction zone / Continental crust (>25 km)",NA,NA,NA,NA,"Subduction zone"
300891,"Maly Chekchebonay","Russia","Northwestern Pacific Volcanic Regions","Central Kamchatka Volcanic Arc","Shield","Shield",NA,NA,56.8,159.45,1247,NA,"Subduction zone / Continental crust (>25 km)",NA,NA,NA,NA,"Subduction zone"
300892,"Bolshoy Chekchebonay","Russia","Northwestern Pacific Volcanic Regions","Central Kamchatka Volcanic Arc","Shield","Shield",NA,NA,56.92,159.42,1391,NA,"Subduction zone / Continental crust (>25 km)",NA,NA,NA,NA,"Subduction zone"
300893,"Kireunsky","Russia","Northwestern Pacific Volcanic Regions","Central Kamchatka Volcanic Arc","Shield","Shield",NA,NA,56.78,159.75,1925,NA,"Subduction zone / Continental crust (>25 km)",NA,NA,NA,NA,"Subduction zone"
300894,"Dvukhyurtochny","Russia","Northwestern Pacific Volcanic Regions","Central Kamchatka Volcanic Arc","Shield","Shield",NA,NA,56.82,159.88,1631,NA,"Subduction zone / Continental crust (>25 km)",NA,NA,NA,NA,"Subduction zone"
300895,"Central Kamchatka Arc at 56.9°N","Russia","Northwestern Pacific Volcanic Regions","Central Kamchatka Volcanic Arc","Minor","Lava dome(s)",NA,NA,56.93,159.95,0,NA,"Subduction zone / Continental crust (>25 km)",NA,NA,NA,NA,"Subduction zone"
300896,"Kalgauch","Russia","Northwestern Pacific Volcanic Regions","Central Kamchatka Volcanic Arc","Composite","Stratovolcano",NA,NA,56.93,159.73,1206,NA,"Subduction zone / Continental crust (>25 km)",NA,NA,NA,NA,"Subduction zone"
300897,"Kunkhilok","Russia","Northwestern Pacific Volcanic Regions","Central Kamchatka Volcanic Arc","Composite","Stratovolcano",NA,NA,57.321,160.48,1151,NA,"Subduction zone / Continental crust (>25 km)",NA,NA,NA,NA,"Subduction zone"
300898,"Shlen","Russia","Northwestern Pacific Volcanic Regions","Central Kamchatka Volcanic Arc","Shield","Shield",NA,NA,57.48,159.57,1001,NA,"Subduction zone / Continental crust (>25 km)",NA,NA,NA,NA,"Subduction zone"
300899,"Pirozhnikova","Russia","Northwestern Pacific Volcanic Regions","Central Kamchatka Volcanic Arc","Composite","Stratovolcano",NA,NA,57.53,160.339,1646,NA,"Subduction zone / Continental crust (>25 km)",NA,NA,NA,NA,"Subduction zone"
300900,"Kamenisty","Russia","Northwestern Pacific Volcanic Regions","Central Kamchatka Volcanic Arc","Composite","Stratovolcano",NA,NA,57.65,160.43,1762,NA,"Subduction zone / Continental crust (>25 km)",NA,NA,NA,NA,"Subduction zone"
300901,"Tekletunup","Russia","Northwestern Pacific Volcanic Regions","Central Kamchatka Volcanic Arc","Shield","Shield",NA,NA,57.75,160.23,1395,NA,"Subduction zone / Continental crust (>25 km)",NA,NA,NA,NA,"Subduction zone"
300902,"Ulvaney","Russia","Northwestern Pacific Volcanic Regions","Central Kamchatka Volcanic Arc","Shield","Shield",NA,NA,57.78,160.62,1445,NA,"Subduction zone / Continental crust (>25 km)",NA,NA,NA,NA,"Subduction zone"
300903,"Mutny","Russia","Northwestern Pacific Volcanic Regions","Central Kamchatka Volcanic Arc","Shield","Shield",NA,NA,57.72,160.37,1345,NA,"Subduction zone / Continental crust (>25 km)",NA,NA,NA,NA,"Subduction zone"
300904,"Khuvkhoitun","Russia","Northwestern Pacific Volcanic Regions","Central Kamchatka Volcanic Arc","Composite","Complex",NA,NA,57.92,160.65,2618,NA,"Subduction zone / Continental crust (>25 km)",NA,NA,NA,NA,"Subduction zone"
300905,"Keveney","Russia","Northwestern Pacific Volcanic Regions","Central Kamchatka Volcanic Arc","Shield","Shield",NA,NA,58.05,160.73,1887,NA,"Subduction zone / Continental crust (>25 km)",NA,NA,NA,NA,"Subduction zone"
300906,"Langtutkin","Russia","Northwestern Pacific Volcanic Regions","Central Kamchatka Volcanic Arc","Shield","Shield",NA,NA,58.23,161.1,1545,NA,"Subduction zone / Continental crust (>25 km)",NA,NA,NA,NA,"Subduction zone"
301801,"Anjuisky","Russia","Eastern Asia Volcanic Regions","Northern Russia Volcanic Province","Minor","Pyroclastic cone(s)",NA,NA,67.154,165.82,1560,NA,"Intraplate / Continental crust (>25 km)",NA,NA,NA,NA,"Intraplate"
301805,"Balagan-Tas","Russia","Eastern Asia Volcanic Regions","Northern Russia Volcanic Province","Minor","Pyroclastic cone(s)",NA,NA,65.959,145.893,993,NA,"Intraplate / Continental crust (>25 km)",NA,NA,NA,NA,"Intraplate"
302040,"Vitim Volcanic Field","Russia","Eastern Asia Volcanic Regions","Baikal Rift Volcanic Province","Cluster","Volcanic field",NA,NA,53.75,113.25,1250,"Basalt / Picro-Basalt","Unknown","Russia-SE","Cinder cone","Holocene","U","Unknown"
302050,"Tunkin Depression","Russia","Eastern Asia Volcanic Regions","Baikal Rift Volcanic Province","Cluster","Volcanic field",NA,NA,51.5,102.5,1200,"Trachybasalt / Tephrite Basanite","Rift zone / Continental crust (>25 km)","Russia-SE","Volcanic field","Holocene","U","Rift zone"
302070,"East Tuva Volcanic Field","Russia","Eastern Asia Volcanic Regions","Baikal Rift Volcanic Province","Cluster","Volcanic field",NA,NA,52.433,98.303,2765,"Trachybasalt / Tephrite Basanite","Rift zone / Continental crust (>25 km)",NA,NA,NA,NA,"Rift zone"
302800,"Dgida Basin","Russia","Eastern Asia Volcanic Regions","Baikal Rift Volcanic Province","Cluster","Pyroclastic cone(s)",NA,NA,50.52,103.25,1500,NA,"Rift zone / Continental crust (>25 km)",NA,NA,NA,NA,"Rift zone"
303020,"Khanuy Gol Volcanic Field","Mongolia","Eastern Asia Volcanic Regions","Baikal Rift Volcanic Province","Cluster","Volcanic field",NA,NA,48.67,102.75,1886,"Trachyandesite / Basaltic Trachyandesite","Intraplate / Continental crust (>25 km)",NA,NA,NA,NA,"Intraplate"
303040,"Dariganga Volcanic Field","Mongolia","Eastern Asia Volcanic Regions","Central East Asia Volcanic Province","Cluster","Volcanic field",NA,NA,45.754,114.279,1778,"Basalt / Picro-Basalt","Intraplate / Continental crust (>25 km)","Mongolia","Cinder cone","Holocene","U","Intraplate"
304040,"Henglianghu-Dongyuehu Volcanic Field","China","Eastern Asia Volcanic Regions","Northern Tibetan Plateau Volcanic Province","Cluster","Volcanic field",NA,NA,34.7322,89.1353,5400,"Phonolite","Intraplate / Continental crust (>25 km)",NA,NA,NA,NA,"Intraplate"
304050,"Bukendaban","China","Eastern Asia Volcanic Regions","Northern Tibetan Plateau Volcanic Province","Composite","Complex",NA,NA,36.0244,90.8657,6830,NA,"Unknown",NA,NA,NA,NA,"Unknown"
304060,"Weixueshan","China","Eastern Asia Volcanic Regions","Northern Tibetan Plateau Volcanic Province","Minor (Silicic)","Cone(s)",NA,NA,36.2244,90.1517,5187,NA,"Unknown",NA,NA,NA,NA,"Unknown"
304070,"Laohukou","China","Eastern Asia Volcanic Regions","Northern Tibetan Plateau Volcanic Province","Minor (Basaltic)","Cone(s)",NA,NA,36.4333,89.5132,4860,NA,"Unknown",NA,NA,NA,NA,"Unknown"
304080,"Jindingshan","China","Eastern Asia Volcanic Regions","Northern Tibetan Plateau Volcanic Province","Minor (Silicic)","Lava cone",NA,NA,36.6928,86.0739,5072,NA,"Unknown",NA,NA,NA,NA,"Unknown"
304803,"Heishibeihu","China","Eastern Asia Volcanic Regions","Northern Tibetan Plateau Volcanic Province","Minor","Unknown",NA,NA,35.4686,82.8913,5529,NA,"Intraplate / Continental crust (>25 km)",NA,NA,NA,NA,"Intraplate"
305801,"Jianghui Group","China","Eastern Asia Volcanic Regions","Central East Asia Volcanic Province","Minor","Pyroclastic cone",NA,NA,31.95,118.95,0,NA,"Unknown",NA,NA,NA,NA,"Unknown"
305802,"Nushan","China","Eastern Asia Volcanic Regions","Central East Asia Volcanic Province","Minor","Cone",NA,NA,33.12,118.75,0,NA,"Unknown",NA,NA,NA,NA,"Unknown"
305803,"Datong-Fengzen","China","Eastern Asia Volcanic Regions","Central East Asia Volcanic Province","Cluster","Volcanic field",NA,NA,40,113.28,1882,NA,"Intraplate / Continental crust (>25 km)",NA,NA,NA,NA,"Intraplate"
305806,"Dalainuoer","China","Eastern Asia Volcanic Regions","Central East Asia Volcanic Province","Cluster","Pyroclastic cone(s)",NA,NA,44,115.5,0,NA,"Intraplate / Continental crust (>25 km)",NA,NA,NA,NA,"Intraplate"
305809,"Erkeshan","China","Eastern Asia Volcanic Regions","Central East Asia Volcanic Province","Minor","Pyroclastic cone(s)",NA,NA,48.056,126.261,416,NA,"Intraplate / Continental crust (>25 km)",NA,NA,NA,NA,"Intraplate"
305832,"Longhai","China","Eastern Asia Volcanic Regions","Central East Asia Volcanic Province","Unknown","Unknown",NA,NA,24.5,117.5,0,NA,"Intraplate / Continental crust (>25 km)",NA,NA,NA,NA,"Intraplate"
305833,"Yichuan","China","Eastern Asia Volcanic Regions","Central East Asia Volcanic Province","Cluster","Volcanic field",NA,NA,34,113,0,NA,"Intraplate / Continental crust (>25 km)",NA,NA,NA,NA,"Intraplate"
305834,"Tangy'n","China","Eastern Asia Volcanic Regions","Central East Asia Volcanic Province","Unknown","Unknown",NA,NA,35.25,114.5,0,NA,"Intraplate / Continental crust (>25 km)",NA,NA,NA,NA,"Intraplate"
305835,"Huixian","China","Eastern Asia Volcanic Regions","Central East Asia Volcanic Province","Unknown","Unknown",NA,NA,36,115.25,0,NA,"Intraplate / Continental crust (>25 km)",NA,NA,NA,NA,"Intraplate"
305840,"Heibei Plain","China","Eastern Asia Volcanic Regions","Central East Asia Volcanic Province","Unknown","Unknown",NA,NA,38,117.5,0,NA,"Intraplate / Continental crust (>25 km)",NA,NA,NA,NA,"Intraplate"
305845,"Chifeng","China","Eastern Asia Volcanic Regions","Central East Asia Volcanic Province","Unknown","Unknown",NA,NA,42.25,118.5,0,NA,"Intraplate / Continental crust (>25 km)",NA,NA,NA,NA,"Intraplate"
305847,"Nuomin","China","Eastern Asia Volcanic Regions","Central East Asia Volcanic Province","Cluster","Pyroclastic cone(s)",NA,NA,49.617,123.717,906,NA,"Unknown",NA,NA,NA,NA,"Unknown"
305849,"Jianshan","China","Eastern Asia Volcanic Regions","Central East Asia Volcanic Province","Shield","Shield",NA,NA,48.891,125.615,399,NA,"Unknown",NA,NA,NA,NA,"Unknown"
305852,"Dunhua","China","Eastern Asia Volcanic Regions","Central East Asia Volcanic Province","Unknown","Unknown",NA,NA,43.163,127.939,826,NA,"Intraplate / Continental crust (>25 km)",NA,NA,NA,NA,"Intraplate"
305853,"Yitong Group","China","Eastern Asia Volcanic Regions","Central East Asia Volcanic Province","Minor","Lava dome(s)",NA,NA,43.33,125.25,389,NA,"Unknown",NA,NA,NA,NA,"Unknown"
305854,"Fanjiatung Group","China","Eastern Asia Volcanic Regions","Central East Asia Volcanic Province","Minor","Cone(s)",NA,NA,43.75,125.17,283,NA,"Unknown",NA,NA,NA,NA,"Unknown"
305855,"Kuandian","China","Eastern Asia Volcanic Regions","Central East Asia Volcanic Province","Minor","Pyroclastic cone(s)",NA,NA,40.75,124.67,513,NA,"Unknown",NA,NA,NA,NA,"Unknown"
306020,"Ch'uga-ryong","North Korea-South Korea","Eastern Asia Volcanic Regions","Central East Asia Volcanic Province","Shield","Shield",NA,NA,38.4667,127.2833,400,"Basalt / Picro-Basalt","Intraplate / Continental crust (>25 km)","Korea","Shield volcano","Holocene","Unknown","Intraplate"
306800,"Kilchu-Myongch'on","North Korea","Eastern Asia Volcanic Regions","Central East Asia Volcanic Province","Cluster","Volcanic field",NA,NA,41,129.7,0,NA,"Intraplate / Continental crust (>25 km)",NA,NA,NA,NA,"Intraplate"
306801,"Koksan-Singye","North Korea","Eastern Asia Volcanic Regions","Central East Asia Volcanic Province","Shield","Shield",NA,NA,38.65,126.6,230,NA,"Intraplate / Continental crust (>25 km)",NA,NA,NA,NA,"Intraplate"
311150,"Sergief","United States","North America Volcanic Regions","Aleutian Ridge Volcanic Arc","Composite","Stratovolcano",NA,NA,52.05,-174.95,560,"No Data (checked)","Subduction zone / Intermediate crust (15-25 km)","Aleutian Is","Stratovolcano","Uncertain","Unknown","Subduction zone"
311370,"Isanotski Peaks","United States","North America Volcanic Regions","Aleutian Ridge Volcanic Arc","Composite","Stratovolcano",NA,NA,54.765,-163.723,2446,"No Data (checked)","Subduction zone / Continental crust (>25 km)",NA,NA,NA,NA,"Subduction zone"
311800,"Adagdak","United States","North America Volcanic Regions","Aleutian Ridge Volcanic Arc","Composite","Stratovolcano",NA,NA,51.988,-176.592,610,NA,"Subduction zone / Intermediate crust (15-25 km)",NA,NA,NA,NA,"Subduction zone"
311803,"Gilbert","United States","North America Volcanic Regions","Aleutian Ridge Volcanic Arc","Composite","Stratovolcano",NA,NA,54.25,-165.65,818,NA,"Subduction zone / Intermediate crust (15-25 km)",NA,NA,NA,NA,"Subduction zone"
312801,"Trader Mountain","United States","North America Volcanic Regions","Aleutian Ridge Volcanic Arc","Composite","Stratovolcano",NA,NA,55.565,-161.944,775,NA,"Subduction zone / Continental crust (>25 km)",NA,NA,NA,NA,"Subduction zone"
312803,"Blue Mountain","United States","North America Volcanic Regions","Alaska Peninsula Volcanic Arc","Cluster","Volcanic field",NA,NA,57.72,-156.847,541,NA,"Subduction zone / Continental crust (>25 km)",NA,NA,NA,NA,"Subduction zone"
312804,"Gertrude Creek","United States","North America Volcanic Regions","Alaska Peninsula Volcanic Arc","Minor","Pyroclastic cone",NA,NA,58.034,-156.146,437,NA,"Subduction zone / Continental crust (>25 km)",NA,NA,NA,NA,"Subduction zone"
312805,"Devils Desk","United States","North America Volcanic Regions","Alaska Peninsula Volcanic Arc","Composite","Stratovolcano",NA,NA,58.474,-154.306,1955,NA,"Subduction zone / Continental crust (>25 km)",NA,NA,NA,NA,"Subduction zone"
312806,"Savonovski River Cluster","United States","North America Volcanic Regions","Alaska Peninsula Volcanic Arc","Composite","Stratovolcano(es)",NA,NA,58.55,-154.5,1298,NA,"Subduction zone / Continental crust (>25 km)",NA,NA,NA,NA,"Subduction zone"
313800,"Double Glacier","United States","North America Volcanic Regions","Alaska Peninsula Volcanic Arc","Minor","Lava dome(s)",NA,NA,60.68,-152.62,1239,NA,"Subduction zone / Continental crust (>25 km)",NA,NA,NA,NA,"Subduction zone"
314020,"Nunivak Island","United States","North America Volcanic Regions","Northern Alaska-Bering Sea Volcanic Province","Cluster","Shield",NA,NA,60.02,-166.33,511,"Basalt / Picro-Basalt","Intraplate / Continental crust (>25 km)",NA,NA,NA,NA,"Intraplate"
314050,"Kookooligit Mountains","United States","North America Volcanic Regions","Northern Alaska-Bering Sea Volcanic Province","Shield","Shield",NA,NA,63.6,-170.43,673,"Basalt / Picro-Basalt","Intraplate / Continental crust (>25 km)","Alaska-W","Shield volcano","Holocene","U","Intraplate"
314800,"St. George","United States","North America Volcanic Regions","Northern Alaska-Bering Sea Volcanic Province","Cluster","Volcanic field",NA,NA,56.58,-169.58,288,NA,"Intraplate / Continental crust (>25 km)",NA,NA,NA,NA,"Intraplate"
314803,"Togiak Valley","United States","North America Volcanic Regions","Northern Alaska-Bering Sea Volcanic Province","Cluster","Volcanic field",NA,NA,59.2,-160.08,300,NA,"Intraplate / Continental crust (>25 km)",NA,NA,NA,NA,"Intraplate"
314804,"Ingrichuak Hills","United States","North America Volcanic Regions","Northern Alaska-Bering Sea Volcanic Province","Minor","Pyroclastic cone(s)",NA,NA,62.22,-164.3,188,NA,"Intraplate / Continental crust (>25 km)",NA,NA,NA,NA,"Intraplate"
314805,"Selawik Hills","United States","North America Volcanic Regions","Northern Alaska-Bering Sea Volcanic Province","Cluster","Pyroclastic cone(s)",NA,NA,66.033,-160.067,365,NA,"Intraplate / Continental crust (>25 km)",NA,NA,NA,NA,"Intraplate"
314806,"Espenberg","United States","North America Volcanic Regions","Northern Alaska-Bering Sea Volcanic Province","Cluster","Volcanic field",NA,NA,66.35,-164.33,243,NA,"Intraplate / Continental crust (>25 km)","Alaska-W","Volcanic field","Tephrochronology","D7","Intraplate"
315010,"Sanford","United States","North America Volcanic Regions","Wrangell Volcanic Arc","Shield","Shield",NA,NA,62.213,-144.13,4959,"Andesite / Basaltic Andesite","Intraplate / Continental crust (>25 km)","Alaska-E","Shield volcano","Holocene","Unknown","Intraplate"
315021,"Gordon","United States","North America Volcanic Regions","Wrangell Volcanic Arc","Minor","Pyroclastic cone(s)",NA,NA,62.1315,-143.089,2760,"Basalt / Picro-Basalt","Subduction zone / Continental crust (>25 km)","Alaska-E","Cinder cone","Holocene","U","Subduction zone"
315055,"Addington Volcanic Field","United States","North America Volcanic Regions","Queen Charlotte Volcano Group","Cluster","Volcanic field",NA,NA,55.44,-134.17,-74,NA,"Unknown",NA,NA,NA,NA,"Unknown"
315100,"Maclaren River Volcanic Field","United States","North America Volcanic Regions","Northern Cordilleran Volcanic Province","Minor","Volcanic field",NA,NA,63.1369,-146.32,1470,NA,"Unknown",NA,NA,NA,NA,"Unknown"
315800,"Prindle","United States","North America Volcanic Regions","Northern Cordilleran Volcanic Province","Minor","Pyroclastic cone",NA,NA,63.716,-141.634,1245,NA,"Intraplate / Continental crust (>25 km)",NA,NA,NA,NA,"Intraplate"
315801,"Capital","United States","North America Volcanic Regions","Wrangell Volcanic Arc","Shield","Shield",NA,NA,62.43,-144.12,2356,NA,"Subduction zone / Continental crust (>25 km)",NA,NA,NA,NA,"Subduction zone"
315802,"Jumbo Dome","United States","North America Volcanic Regions","Alaska Peninsula Volcanic Arc","Minor","Lava dome",NA,NA,63.966,-148.685,1369,NA,"Intraplate / Continental crust (>25 km)",NA,NA,NA,NA,"Intraplate"
315803,"Drum","United States","North America Volcanic Regions","Wrangell Volcanic Arc","Composite","Stratovolcano",NA,NA,62.12,-144.63,3661,NA,"Intraplate / Continental crust (>25 km)",NA,NA,NA,NA,"Intraplate"
315804,"Tanada","United States","North America Volcanic Regions","Wrangell Volcanic Arc","Shield","Shield",NA,NA,62.3,-143.52,2816,NA,"Subduction zone / Continental crust (>25 km)",NA,NA,NA,NA,"Subduction zone"
315805,"Jarvis","United States","North America Volcanic Regions","Wrangell Volcanic Arc","Composite","Stratovolcano",NA,NA,62.024,-143.619,4112,NA,"Subduction zone / Continental crust (>25 km)",NA,NA,NA,NA,"Subduction zone"
315808,"Basalt Knob","United States","North America Volcanic Regions","Queen Charlotte Volcano Group","Minor","Cone",NA,NA,58.03,-136.33,100,NA,"Intraplate / Continental crust (>25 km)",NA,NA,NA,NA,"Intraplate"
315809,"Skookum Creek","United States","North America Volcanic Regions","Wrangell Volcanic Arc","Cluster","Lava dome(s)",NA,NA,62.4,-143.147,2172,NA,"Intraplate / Continental crust (>25 km)",NA,NA,NA,NA,"Intraplate"
320130,"Satah Mountain","Canada","North America Volcanic Regions","Interior Western Canada Volcanic Province","Cluster","Volcanic field",NA,NA,52.417,-124.617,1923,"Trachybasalt / Tephrite Basanite","Intraplate / Continental crust (>25 km)","Canada","Volcanic field","Holocene","U","Intraplate"
320135,"Baldface Mountain","Canada","North America Volcanic Regions","Interior Western Canada Volcanic Province","Cluster","Volcanic field",NA,NA,52.742,-124.458,1798,NA,"Intraplate / Continental crust (>25 km)",NA,NA,NA,NA,"Intraplate"
320804,"Kawdy Metah","Canada","North America Volcanic Regions","Northern Cordilleran Volcanic Province","Cluster","Volcanic field",NA,NA,59.02,-131.15,1950,NA,"Intraplate / Continental crust (>25 km)",NA,NA,NA,NA,"Intraplate"
320805,"Dark Mountain","Canada","North America Volcanic Regions","Northern Cordilleran Volcanic Province","Cluster","Volcanic field",NA,NA,58.52,-129.6,1972,NA,"Intraplate / Continental crust (>25 km)",NA,NA,NA,NA,"Intraplate"
320806,"Klastline Group","Canada","North America Volcanic Regions","Northern Cordilleran Volcanic Province","Cluster","Pyroclastic cone(s)",NA,NA,57.88,-130.2,1980,NA,"Intraplate / Continental crust (>25 km)",NA,NA,NA,NA,"Intraplate"
320807,"Hogum Range","Canada","North America Volcanic Regions","Northern Cordilleran Volcanic Province","Cluster","Volcanic field",NA,NA,56.15,-126.7,2020,NA,"Intraplate / Continental crust (>25 km)",NA,NA,NA,NA,"Intraplate"
320808,"Alice Arm","Canada","North America Volcanic Regions","Northern Cordilleran Volcanic Province","Cluster","Volcanic field",NA,NA,55.43,-129.37,0,NA,"Intraplate / Continental crust (>25 km)",NA,NA,NA,NA,"Intraplate"
320809,"Itcha Range","Canada","North America Volcanic Regions","Interior Western Canada Volcanic Province","Cluster","Shield",NA,NA,52.667,-124.833,2371,NA,"Intraplate / Continental crust (>25 km)",NA,NA,NA,NA,"Intraplate"
320810,"Chilcotin Group-North","Canada","North America Volcanic Regions","Interior Western Canada Volcanic Province","Cluster","Volcanic field",NA,NA,51.45,-122.33,1800,NA,"Intraplate / Continental crust (>25 km)",NA,NA,NA,NA,"Intraplate"
320812,"Squamish","Canada","North America Volcanic Regions","Garibaldi Volcanic Arc","Cluster","Volcanic field",NA,NA,49.65,-123.22,790,NA,"Subduction zone / Continental crust (>25 km)",NA,NA,NA,NA,"Subduction zone"
320813,"Chilcotin Group-South","Canada","North America Volcanic Regions","Interior Western Canada Volcanic Province","Cluster","Volcanic field",NA,NA,50.15,-119.62,2100,NA,"Subduction zone / Continental crust (>25 km)",NA,NA,NA,NA,"Subduction zone"
320817,"Quesnel Cone Group","Canada","North America Volcanic Regions","Interior Western Canada Volcanic Province","Minor","Pyroclastic cone(s)",NA,NA,52.5,-121.17,1646,NA,"Intraplate / Continental crust (>25 km)",NA,NA,NA,NA,"Intraplate"
321800,"Tumac Mountain","United States","North America Volcanic Regions","High Cascades Volcanic Arc","Minor","Pyroclastic cone",NA,NA,46.713,-121.352,1932,NA,"Subduction zone / Continental crust (>25 km)",NA,NA,NA,NA,"Subduction zone"
321801,"Goat Rocks","United States","North America Volcanic Regions","High Cascades Volcanic Arc","Composite","Stratovolcano",NA,NA,46.5,-121.4,2494,NA,"Subduction zone / Continental crust (>25 km)",NA,NA,NA,NA,"Subduction zone"
321802,"Marble Mountain","United States","North America Volcanic Regions","High Cascades Volcanic Arc","Shield","Shield",NA,NA,46.109,-122.129,1255,NA,"Subduction zone / Continental crust (>25 km)",NA,NA,NA,NA,"Subduction zone"
321803,"Simcoe","United States","North America Volcanic Regions","High Cascades Volcanic Arc","Cluster","Volcanic field",NA,NA,46.1,-120.9,1775,NA,"Subduction zone / Continental crust (>25 km)",NA,NA,NA,NA,"Subduction zone"
322130,"Lava Mountain","United States","North America Volcanic Regions","High Lava Plains Volcanic Province","Cluster","Volcanic field",NA,NA,43.472,-120.754,1711,"Basalt / Picro-Basalt","Rift zone / Continental crust (>25 km)",NA,NA,NA,NA,"Rift zone"
322140,"Four Craters Lava Field","United States","North America Volcanic Regions","High Lava Plains Volcanic Province","Cluster","Volcanic field",NA,NA,43.361,-120.669,1501,"Basalt / Picro-Basalt","Rift zone / Continental crust (>25 km)","US-Oregon","Volcanic field","Holocene","Unknown","Rift zone"
322800,"Boring Lava","United States","North America Volcanic Regions","High Cascades Volcanic Arc","Cluster","Volcanic field",NA,NA,45.3,-122.5,1236,NA,"Subduction zone / Continental crust (>25 km)",NA,NA,NA,NA,"Subduction zone"
322801,"Defiance","United States","North America Volcanic Regions","High Cascades Volcanic Arc","Shield","Shield",NA,NA,45.649,-121.723,1512,NA,"Subduction zone / Continental crust (>25 km)",NA,NA,NA,NA,"Subduction zone"
322802,"Lost Lake Butte","United States","North America Volcanic Regions","High Cascades Volcanic Arc","Shield","Shield",NA,NA,45.496,-121.796,1362,NA,"Subduction zone / Continental crust (>25 km)",NA,NA,NA,NA,"Subduction zone"
322803,"Wilson","United States","North America Volcanic Regions","High Cascades Volcanic Arc","Shield","Shield(s)",NA,NA,45.066,-121.658,1707,NA,"Subduction zone / Continental crust (>25 km)",NA,NA,NA,NA,"Subduction zone"
322804,"Olallie Butte","United States","North America Volcanic Regions","High Cascades Volcanic Arc","Shield","Shield(s)",NA,NA,44.82,-121.75,2199,NA,"Subduction zone / Continental crust (>25 km)",NA,NA,NA,NA,"Subduction zone"
322805,"Three Fingered Jack","United States","North America Volcanic Regions","High Cascades Volcanic Arc","Shield","Shield(s)",NA,NA,44.48,-121.842,2390,NA,"Subduction zone / Continental crust (>25 km)",NA,NA,NA,NA,"Subduction zone"
322806,"Black Butte","United States","North America Volcanic Regions","High Cascades Volcanic Arc","Composite","Stratovolcano",NA,NA,44.4,-121.63,1962,NA,"Subduction zone / Continental crust (>25 km)",NA,NA,NA,NA,"Subduction zone"
322807,"Washington","United States","North America Volcanic Regions","High Cascades Volcanic Arc","Shield","Shield",NA,NA,44.332,-121.837,2376,NA,"Subduction zone / Continental crust (>25 km)",NA,NA,NA,NA,"Subduction zone"
322808,"Black Crater","United States","North America Volcanic Regions","High Cascades Volcanic Arc","Shield","Shield(s)",NA,NA,44.266,-121.749,2210,NA,"Subduction zone / Continental crust (>25 km)",NA,NA,NA,NA,"Subduction zone"
322809,"Scott Mountain","United States","North America Volcanic Regions","High Cascades Volcanic Arc","Shield","Shield",NA,NA,44.241,-121.915,1864,NA,"Subduction zone / Continental crust (>25 km)",NA,NA,NA,NA,"Subduction zone"
322810,"Tumalo","United States","North America Volcanic Regions","High Cascades Volcanic Arc","Minor","Lava dome(s)",NA,NA,44.099,-121.541,1955,NA,"Subduction zone / Continental crust (>25 km)",NA,NA,NA,NA,"Subduction zone"
322811,"Broken Top","United States","North America Volcanic Regions","High Cascades Volcanic Arc","Composite","Stratovolcano",NA,NA,44.08,-121.7,2797,NA,"Subduction zone / Continental crust (>25 km)",NA,NA,NA,NA,"Subduction zone"
322812,"Williamson Mountain","United States","North America Volcanic Regions","High Cascades Volcanic Arc","Shield","Shield(s)",NA,NA,43.924,-121.825,1921,NA,"Subduction zone / Continental crust (>25 km)",NA,NA,NA,NA,"Subduction zone"
322813,"Irish Mountain","United States","North America Volcanic Regions","High Cascades Volcanic Arc","Shield","Shield",NA,NA,43.851,-121.975,2101,NA,"Subduction zone / Continental crust (>25 km)",NA,NA,NA,NA,"Subduction zone"
322814,"Taylor Butte","United States","North America Volcanic Regions","High Cascades Volcanic Arc","Shield","Shield",NA,NA,43.805,-122.018,1775,NA,"Subduction zone / Continental crust (>25 km)",NA,NA,NA,NA,"Subduction zone"
322815,"Cultus Mountain","United States","North America Volcanic Regions","High Cascades Volcanic Arc","Shield","Shield",NA,NA,43.819,-121.871,2060,NA,"Subduction zone / Continental crust (>25 km)",NA,NA,NA,NA,"Subduction zone"
322816,"Wuksi Butte-Twin Lakes","United States","North America Volcanic Regions","High Cascades Volcanic Arc","Cluster","Volcanic field",NA,NA,43.77,-121.77,1590,NA,"Subduction zone / Continental crust (>25 km)",NA,NA,NA,NA,"Subduction zone"
322817,"Cupit Mary Mountain","United States","North America Volcanic Regions","High Cascades Volcanic Arc","Shield","Shield",NA,NA,43.731,-122.11,1879,NA,"Subduction zone / Continental crust (>25 km)",NA,NA,NA,NA,"Subduction zone"
322818,"Fuji Mountain","United States","North America Volcanic Regions","High Cascades Volcanic Arc","Shield","Shield(s)",NA,NA,43.659,-122.103,2177,NA,"Subduction zone / Continental crust (>25 km)",NA,NA,NA,NA,"Subduction zone"
322819,"Maiden Peak","United States","North America Volcanic Regions","High Cascades Volcanic Arc","Shield","Shield(s)",NA,NA,43.627,-121.965,2383,NA,"Subduction zone / Continental crust (>25 km)",NA,NA,NA,NA,"Subduction zone"
322820,"Red Top Mountain","United States","North America Volcanic Regions","High Cascades Volcanic Arc","Shield","Shield(s)",NA,NA,43.51,-122.03,2118,NA,"Subduction zone / Continental crust (>25 km)",NA,NA,NA,NA,"Subduction zone"
322821,"Cowhorn Mountain","United States","North America Volcanic Regions","High Cascades Volcanic Arc","Shield","Shield(s)",NA,NA,43.4,-122.054,2336,NA,"Subduction zone / Continental crust (>25 km)",NA,NA,NA,NA,"Subduction zone"
322822,"Cappy Mountain","United States","North America Volcanic Regions","High Cascades Volcanic Arc","Composite","Stratovolcano",NA,NA,43.31,-121.979,2253,NA,"Subduction zone / Continental crust (>25 km)",NA,NA,NA,NA,"Subduction zone"
322823,"China Hat-East Butte","United States","North America Volcanic Regions","High Lava Plains Volcanic Province","Minor","Lava dome(s)",NA,NA,43.681,-121.034,2004,NA,"Rift zone / Continental crust (>25 km)",NA,NA,NA,NA,"Rift zone"
322824,"Quartz Mountain","United States","North America Volcanic Regions","High Lava Plains Volcanic Province","Minor","Lava dome",NA,NA,43.629,-120.899,1885,NA,"Rift zone / Continental crust (>25 km)",NA,NA,NA,NA,"Rift zone"
322825,"Fort Rock Volcanic Field","United States","North America Volcanic Regions","High Lava Plains Volcanic Province","Cluster","Maar(s)",NA,NA,43.392,-121.142,1712,NA,"Subduction zone / Continental crust (>25 km)",NA,NA,NA,NA,"Subduction zone"
322826,"Diamond Peak","United States","North America Volcanic Regions","High Cascades Volcanic Arc","Shield","Shield",NA,NA,43.521,-122.148,2665,NA,"Subduction zone / Continental crust (>25 km)",NA,NA,NA,NA,"Subduction zone"
322827,"Thielsen","United States","North America Volcanic Regions","High Cascades Volcanic Arc","Shield","Shield",NA,NA,43.153,-122.065,2799,NA,"Subduction zone / Continental crust (>25 km)",NA,NA,NA,NA,"Subduction zone"
322828,"Bailey","United States","North America Volcanic Regions","High Cascades Volcanic Arc","Shield","Shield",NA,NA,43.155,-122.219,2551,NA,"Subduction zone / Continental crust (>25 km)",NA,NA,NA,NA,"Subduction zone"
322829,"Goose Nest","United States","North America Volcanic Regions","High Cascades Volcanic Arc","Shield","Shield",NA,NA,42.788,-122.154,2213,NA,"Subduction zone / Continental crust (>25 km)",NA,NA,NA,NA,"Subduction zone"
322830,"Big Bunchgrass","United States","North America Volcanic Regions","High Cascades Volcanic Arc","Minor","Pyroclastic cone",NA,NA,42.703,-122.194,2024,NA,"Subduction zone / Continental crust (>25 km)",NA,NA,NA,NA,"Subduction zone"
322831,"Imagination Peak","United States","North America Volcanic Regions","High Cascades Volcanic Arc","Minor","Pyroclastic cone",NA,NA,42.552,-122.201,1986,NA,"Subduction zone / Continental crust (>25 km)",NA,NA,NA,NA,"Subduction zone"
322832,"Sprague River Valley","United States","North America Volcanic Regions","Basin and Range Volcanic Province","Cluster","Shield(s)",NA,NA,42.5,-121.5,1300,NA,"Intraplate / Continental crust (>25 km)",NA,NA,NA,NA,"Intraplate"
322833,"Pelican Butte","United States","North America Volcanic Regions","High Cascades Volcanic Arc","Shield","Shield",NA,NA,42.52,-122.13,2449,NA,"Subduction zone / Continental crust (>25 km)",NA,NA,NA,NA,"Subduction zone"
322834,"McLoughlin","United States","North America Volcanic Regions","High Cascades Volcanic Arc","Composite","Stratovolcano",NA,NA,42.445,-122.315,2894,NA,"Subduction zone / Continental crust (>25 km)",NA,NA,NA,NA,"Subduction zone"
322835,"Brown Mountain","United States","North America Volcanic Regions","High Cascades Volcanic Arc","Shield","Shield",NA,NA,42.365,-122.27,2228,NA,"Subduction zone / Continental crust (>25 km)",NA,NA,NA,NA,"Subduction zone"
322836,"Silver Creek","United States","North America Volcanic Regions","High Lava Plains Volcanic Province","Cluster","Volcanic field",NA,NA,43.4,-119.5,1375,NA,"Intraplate / Continental crust (>25 km)",NA,NA,NA,NA,"Intraplate"
322837,"Saddle Butte","United States","North America Volcanic Regions","High Lava Plains Volcanic Province","Cluster","Volcanic field",NA,NA,43,-117.8,1700,NA,"Rift zone / Continental crust (>25 km)",NA,NA,NA,NA,"Rift zone"
322838,"Lava Butte","United States","North America Volcanic Regions","High Lava Plains Volcanic Province","Shield","Shield(s)",NA,NA,43.001,-117.422,1447,NA,"Rift zone / Continental crust (>25 km)",NA,NA,NA,NA,"Rift zone"
322841,"Mountain Lakes","United States","North America Volcanic Regions","High Cascades Volcanic Arc","Cluster","Volcanic field",NA,NA,42.32,-122.08,2502,NA,"Subduction zone / Continental crust (>25 km)",NA,NA,NA,NA,"Subduction zone"
322842,"Jackies Butte","United States","North America Volcanic Regions","High Lava Plains Volcanic Province","Cluster","Volcanic field",NA,NA,42.606,-117.589,1418,NA,"Rift zone / Continental crust (>25 km)",NA,NA,NA,NA,"Rift zone"
323030,"Brushy Butte","United States","North America Volcanic Regions","Basin and Range Volcanic Province","Shield","Shield",NA,NA,41.178,-121.445,1168,"Basalt / Picro-Basalt","Subduction zone / Continental crust (>25 km)","US-California","Shield volcano","Holocene","Unknown","Subduction zone"
323040,"Twin Buttes","United States","North America Volcanic Regions","Basin and Range Volcanic Province","Cluster","Pyroclastic cone(s)",NA,NA,40.777,-121.591,1631,"Basalt / Picro-Basalt","Subduction zone / Continental crust (>25 km)","US-California","Cinder cone","Holocene","Unknown","Subduction zone"
323050,"Silver Lake Volcanic Field","United States","North America Volcanic Regions","Basin and Range Volcanic Province","Cluster","Volcanic field",NA,NA,40.731,-121.841,1535,"Basalt / Picro-Basalt","Subduction zone / Continental crust (>25 km)",NA,NA,NA,NA,"Subduction zone"
323060,"Tumble Buttes","United States","North America Volcanic Regions","Basin and Range Volcanic Province","Minor","Pyroclastic cone(s)",NA,NA,40.68,-121.55,2191,"Andesite / Basaltic Andesite","Subduction zone / Continental crust (>25 km)","US-California","Cinder cone","Holocene","Unknown","Subduction zone"
323090,"Eagle Lake Field","United States","North America Volcanic Regions","Basin and Range Volcanic Province","Cluster","Fissure vent(s)",NA,NA,40.63,-120.83,1652,"Basalt / Picro-Basalt","Subduction zone / Continental crust (>25 km)","US-California","Fissure vent","Holocene","Unknown","Subduction zone"
323170,"Golden Trout Creek","United States","North America Volcanic Regions","Basin and Range Volcanic Province","Cluster","Volcanic field",NA,NA,36.358,-118.32,2886,"Basalt / Picro-Basalt","Rift zone / Continental crust (>25 km)","US-California","Volcanic field","Tephrochronology","D7","Rift zone"
323180,"Coso Volcanic Field","United States","North America Volcanic Regions","Basin and Range Volcanic Province","Cluster","Lava dome(s)",NA,NA,36.03,-117.82,2400,"Rhyolite","Rift zone / Continental crust (>25 km)",NA,NA,NA,NA,"Rift zone"
323190,"Lavic Lake","United States","North America Volcanic Regions","Basin and Range Volcanic Province","Cluster","Volcanic field",NA,NA,34.75,-116.625,1495,"Basalt / Picro-Basalt","Rift zone / Continental crust (>25 km)","US-California","Volcanic field","Holocene","U","Rift zone"
323800,"Copco Lake","United States","North America Volcanic Regions","High Cascades Volcanic Arc","Minor","Pyroclastic cone(s)",NA,NA,41.97,-122.33,975,NA,"Subduction zone / Continental crust (>25 km)",NA,NA,NA,NA,"Subduction zone"
323801,"Goosenest","United States","North America Volcanic Regions","High Cascades Volcanic Arc","Shield","Shield",NA,NA,41.722,-122.22,2528,NA,"Subduction zone / Continental crust (>25 km)",NA,NA,NA,NA,"Subduction zone"
323802,"Whaleback","United States","North America Volcanic Regions","High Cascades Volcanic Arc","Shield","Shield",NA,NA,41.528,-122.14,2605,NA,"Subduction zone / Continental crust (>25 km)",NA,NA,NA,NA,"Subduction zone"
323803,"Rainbow Mountain","United States","North America Volcanic Regions","High Cascades Volcanic Arc","Composite","Stratovolcano",NA,NA,41.474,-121.956,2323,NA,"Subduction zone / Continental crust (>25 km)",NA,NA,NA,NA,"Subduction zone"
323804,"Hackamore","United States","North America Volcanic Regions","Basin and Range Volcanic Province","Cluster","Volcanic field",NA,NA,41.67,-121.17,1703,NA,"Subduction zone / Continental crust (>25 km)",NA,NA,NA,NA,"Subduction zone"
323805,"Big Cave","United States","North America Volcanic Regions","Basin and Range Volcanic Province","Shield","Shield",NA,NA,40.955,-121.365,1259,NA,"Subduction zone / Continental crust (>25 km)","US-California","Shield volcano","Holocene","Unknown","Subduction zone"
323806,"Cinder Butte","United States","North America Volcanic Regions","Basin and Range Volcanic Province","Shield","Shield",NA,NA,40.87,-121.49,1337,NA,"Subduction zone / Continental crust (>25 km)",NA,NA,NA,NA,"Subduction zone"
323807,"Burney Mountain","United States","North America Volcanic Regions","Basin and Range Volcanic Province","Minor","Lava dome(s)",NA,NA,40.806,-121.628,2397,NA,"Subduction zone / Continental crust (>25 km)",NA,NA,NA,NA,"Subduction zone"
323808,"Snow Mountain","United States","North America Volcanic Regions","Basin and Range Volcanic Province","Composite","Stratovolcano",NA,NA,40.763,-121.798,2077,NA,"Subduction zone / Continental crust (>25 km)",NA,NA,NA,NA,"Subduction zone"
323809,"Magee Peak","United States","North America Volcanic Regions","Basin and Range Volcanic Province","Composite","Stratovolcano",NA,NA,40.698,-121.619,2647,NA,"Subduction zone / Continental crust (>25 km)",NA,NA,NA,NA,"Subduction zone"
323810,"Blacks Mountain","United States","North America Volcanic Regions","Basin and Range Volcanic Province","Shield","Shield",NA,NA,40.775,-121.191,2220,NA,"Subduction zone / Continental crust (>25 km)",NA,NA,NA,NA,"Subduction zone"
323811,"Potato Butte","United States","North America Volcanic Regions","Basin and Range Volcanic Province","Cluster","Shield(s)",NA,NA,40.63,-121.43,1532,NA,"Subduction zone / Continental crust (>25 km)",NA,NA,NA,NA,"Subduction zone"
323812,"Latour Butte","United States","North America Volcanic Regions","Basin and Range Volcanic Province","Minor","Lava cone",NA,NA,40.608,-121.709,2054,NA,"Subduction zone / Continental crust (>25 km)",NA,NA,NA,NA,"Subduction zone"
323813,"Caribou","United States","North America Volcanic Regions","Basin and Range Volcanic Province","Cluster","Volcanic field",NA,NA,40.6,-121.15,2309,NA,"Subduction zone / Continental crust (>25 km)",NA,NA,NA,NA,"Subduction zone"
323814,"Red Lake Mountain","United States","North America Volcanic Regions","Basin and Range Volcanic Province","Minor","Pyroclastic cone",NA,NA,40.571,-121.594,2036,NA,"Subduction zone / Continental crust (>25 km)",NA,NA,NA,NA,"Subduction zone"
323815,"Table Mountain","United States","North America Volcanic Regions","Basin and Range Volcanic Province","Composite","Stratovolcano",NA,NA,40.557,-121.55,2097,NA,"Subduction zone / Continental crust (>25 km)",NA,NA,NA,NA,"Subduction zone"
323816,"Black Butte","United States","North America Volcanic Regions","Basin and Range Volcanic Province","Minor","Pyroclastic cone",NA,NA,40.45,-122,813,NA,"Subduction zone / Continental crust (>25 km)",NA,NA,NA,NA,"Subduction zone"
323817,"Dittmar","United States","North America Volcanic Regions","Basin and Range Volcanic Province","Composite","Stratovolcano",NA,NA,40.453,-121.347,2328,NA,"Subduction zone / Continental crust (>25 km)",NA,NA,NA,NA,"Subduction zone"
323818,"Sifford Mountain","United States","North America Volcanic Regions","Basin and Range Volcanic Province","Shield","Shield",NA,NA,40.416,-121.412,2149,NA,"Subduction zone / Continental crust (>25 km)",NA,NA,NA,NA,"Subduction zone"
323819,"Maidu","United States","North America Volcanic Regions","Basin and Range Volcanic Province","Composite","Stratovolcano",NA,NA,40.3,-121.62,2123,NA,"Subduction zone / Continental crust (>25 km)",NA,NA,NA,NA,"Subduction zone"
323820,"Inskip Hill","United States","North America Volcanic Regions","Basin and Range Volcanic Province","Minor","Pyroclastic cone(s)",NA,NA,40.341,-121.943,945,NA,"Subduction zone / Continental crust (>25 km)",NA,NA,NA,NA,"Subduction zone"
323821,"Sutter Buttes","United States","North America Volcanic Regions","California Coast Ranges Volcano Group","Minor","Lava dome(s)",NA,NA,39.206,-121.821,645,NA,"Subduction zone / Continental crust (>25 km)",NA,NA,NA,NA,"Subduction zone"
323822,"Long Valley","United States","North America Volcanic Regions","Basin and Range Volcanic Province","Caldera","Caldera",NA,NA,37.7,-118.87,3390,NA,"Rift zone / Continental crust (>25 km)",NA,NA,NA,NA,"Rift zone"
323823,"Big Pine Volcanic Field","United States","North America Volcanic Regions","Basin and Range Volcanic Province","Minor","Pyroclastic cone(s)",NA,NA,37.05,-118.25,1950,NA,"Subduction zone / Continental crust (>25 km)",NA,NA,NA,NA,"Subduction zone"
323824,"Lava Mountains Volcanic Field","United States","North America Volcanic Regions","Basin and Range Volcanic Province","Minor","Lava dome(s)",NA,NA,35.5,-117.5,1510,NA,"Unknown",NA,NA,NA,NA,"Unknown"
323825,"Cima Lava Field","United States","North America Volcanic Regions","Basin and Range Volcanic Province","Cluster","Volcanic field",NA,NA,35.27,-115.75,1509,NA,"Rift zone / Continental crust (>25 km)",NA,NA,NA,NA,"Rift zone"
323826,"Amboy","United States","North America Volcanic Regions","Basin and Range Volcanic Province","Minor","Pyroclastic cone",NA,NA,34.55,-115.78,288,NA,"Rift zone / Continental crust (>25 km)",NA,NA,NA,NA,"Rift zone"
323827,"Pinto Basin-Salton Creek","United States","North America Volcanic Regions","Basin and Range Volcanic Province","Cluster","Volcanic field",NA,NA,33.9,-115.63,600,NA,"Subduction zone / Continental crust (>25 km)",NA,NA,NA,NA,"Subduction zone"
324800,"Sinker Butte","United States","North America Volcanic Regions","High Lava Plains Volcanic Province","Shield","Shield",NA,NA,43.25,-116.62,1012,NA,"Rift zone / Continental crust (>25 km)",NA,NA,NA,NA,"Rift zone"
324801,"Mountain Home-Kuna Lava Field","United States","North America Volcanic Regions","High Lava Plains Volcanic Province","Minor","Pyroclastic cone(s)",NA,NA,43.2,-115.98,1040,NA,"Subduction zone / Continental crust (>25 km)",NA,NA,NA,NA,"Subduction zone"
324802,"Grande, Cerro","United States","North America Volcanic Regions","Yellowstone-Snake River Hotspot Volcano Group","Cluster","Fissure vent(s)",NA,NA,43.45,-112.83,0,NA,"Rift zone / Continental crust (>25 km)",NA,NA,NA,NA,"Rift zone"
324803,"Blackfoot Volcanic Field","United States","North America Volcanic Regions","Yellowstone-Snake River Hotspot Volcano Group","Cluster","Volcanic field",NA,NA,42.77,-111.6433,2185,NA,"Intraplate / Continental crust (>25 km)",NA,NA,NA,NA,"Intraplate"
324804,"Menan Buttes","United States","North America Volcanic Regions","Yellowstone-Snake River Hotspot Volcano Group","Minor","Tuff cone(s)",NA,NA,43.7733,-111.9694,1713,NA,"Rift zone / Continental crust (>25 km)",NA,NA,NA,NA,"Rift zone"
325010,"Yellowstone","United States","North America Volcanic Regions","Yellowstone-Snake River Hotspot Volcano Group","Caldera","Caldera(s)",NA,NA,44.43,-110.67,2805,"Rhyolite","Rift zone / Continental crust (>25 km)","US-Wyoming","Caldera","Tephrochronology","D7","Rift zone"
325802,"Leucite Hills","United States","North America Volcanic Regions","Basin and Range Volcanic Province","Cluster","Volcanic field",NA,NA,41.8,-108.9,0,NA,"Rift zone / Continental crust (>25 km)",NA,NA,NA,NA,"Rift zone"
326800,"Buffalo Valley","United States","North America Volcanic Regions","Basin and Range Volcanic Province","Cluster","Volcanic field",NA,NA,40.35,-117.3,1750,NA,"Rift zone / Continental crust (>25 km)",NA,NA,NA,NA,"Rift zone"
326801,"Steamboat Springs","United States","North America Volcanic Regions","Basin and Range Volcanic Province","Minor","Lava dome(s)",NA,NA,39.375,-119.72,1415,NA,"Rift zone / Continental crust (>25 km)",NA,NA,NA,NA,"Rift zone"
326802,"Aurora-Bodie","United States","North America Volcanic Regions","Basin and Range Volcanic Province","Cluster","Volcanic field",NA,NA,38.32,-118.88,2365,NA,"Rift zone / Continental crust (>25 km)",NA,NA,NA,NA,"Rift zone"
326803,"Lunar Crater","United States","North America Volcanic Regions","Basin and Range Volcanic Province","Cluster","Pyroclastic cone(s)",NA,NA,38.48,-115.97,2255,NA,"Rift zone / Continental crust (>25 km)",NA,NA,NA,NA,"Rift zone"
326804,"Clayton Valley","United States","North America Volcanic Regions","Basin and Range Volcanic Province","Minor","Pyroclastic cone",NA,NA,37.82,-117.62,1490,NA,"Rift zone / Continental crust (>25 km)",NA,NA,NA,NA,"Rift zone"
326805,"Crater Flat","United States","North America Volcanic Regions","Basin and Range Volcanic Province","Cluster","Volcanic field",NA,NA,36.77,-116.55,1127,NA,"Rift zone / Continental crust (>25 km)",NA,NA,NA,NA,"Rift zone"
326810,"Sheldon-Antelope","United States","North America Volcanic Regions","Basin and Range Volcanic Province","Cluster","Volcanic field",NA,NA,41.8,-119.1,0,NA,"Rift zone / Continental crust (>25 km)",NA,NA,NA,NA,"Rift zone"
327010,"Santa Clara","United States","North America Volcanic Regions","Basin and Range Volcanic Province","Cluster","Volcanic field",NA,NA,37.257,-113.625,1465,"Trachybasalt / Tephrite Basanite","Rift zone / Continental crust (>25 km)","US-Utah","Volcanic field","Holocene","U","Rift zone"
327030,"Bald Knoll","United States","North America Volcanic Regions","Basin and Range Volcanic Province","Minor","Pyroclastic cone(s)",NA,NA,37.328,-112.408,2135,"Basalt / Picro-Basalt","Rift zone / Continental crust (>25 km)","US-Utah","Cinder cone","Holocene","Unknown","Rift zone"
327800,"Kolob","United States","North America Volcanic Regions","Basin and Range Volcanic Province","Cluster","Volcanic field",NA,NA,37.33,-113.12,2727,NA,"Rift zone / Continental crust (>25 km)",NA,NA,NA,NA,"Rift zone"
327801,"Mineral Mountains-Cove Fort","United States","North America Volcanic Regions","Basin and Range Volcanic Province","Cluster","Volcanic field",NA,NA,38.58,-112.67,2770,NA,"Rift zone / Continental crust (>25 km)",NA,NA,NA,NA,"Rift zone"
327802,"Smelter Knolls","United States","North America Volcanic Regions","Basin and Range Volcanic Province","Minor","Lava dome(s)",NA,NA,39.434,-112.857,1555,NA,"Rift zone / Continental crust (>25 km)",NA,NA,NA,NA,"Rift zone"
327803,"Fumarole Butte","United States","North America Volcanic Regions","Basin and Range Volcanic Province","Shield","Shield",NA,NA,39.616,-112.803,1609,NA,"Rift zone / Continental crust (>25 km)",NA,NA,NA,NA,"Rift zone"
327810,"Potrillo Volcanic Field","United States","North America Volcanic Regions","Basin and Range Volcanic Province","Cluster","Pyroclastic cone(s)",NA,NA,31.98,-107.13,1695,NA,"Unknown",NA,NA,NA,NA,"Unknown"
327811,"Jornada del Muerto","United States","North America Volcanic Regions","Basin and Range Volcanic Province","Shield","Shield",NA,NA,33.53,-106.87,1555,NA,"Rift zone / Continental crust (>25 km)",NA,NA,NA,NA,"Rift zone"
327813,"Lucero","United States","North America Volcanic Regions","Basin and Range Volcanic Province","Cluster","Volcanic field",NA,NA,34.42,-107.2,2395,NA,"Rift zone / Continental crust (>25 km)",NA,NA,NA,NA,"Rift zone"
327814,"Taylor Volcanic Field","United States","North America Volcanic Regions","Basin and Range Volcanic Province","Composite","Stratovolcano",NA,NA,35.33,-107.45,3460,NA,"Unknown",NA,NA,NA,NA,"Unknown"
327815,"Cat Hills","United States","North America Volcanic Regions","Basin and Range Volcanic Province","Cluster","Volcanic field",NA,NA,34.83,-106.83,1750,NA,"Rift zone / Continental crust (>25 km)",NA,NA,NA,NA,"Rift zone"
327816,"Albuquerque Volcanic Field","United States","North America Volcanic Regions","Basin and Range Volcanic Province","Cluster","Volcanic field",NA,NA,35.12,-106.75,1800,NA,"Rift zone / Continental crust (>25 km)",NA,NA,NA,NA,"Rift zone"
327817,"Valles Caldera","United States","North America Volcanic Regions","Basin and Range Volcanic Province","Caldera","Caldera",NA,NA,35.908,-106.517,3441,NA,"Rift zone / Continental crust (>25 km)",NA,NA,NA,NA,"Rift zone"
327818,"Taos Plateau","United States","North America Volcanic Regions","Basin and Range Volcanic Province","Cluster","Volcanic field",NA,NA,36.83,-105.83,3087,NA,"Rift zone / Continental crust (>25 km)",NA,NA,NA,NA,"Rift zone"
327819,"Ocate","United States","North America Volcanic Regions","Basin and Range Volcanic Province","Cluster","Volcanic field",NA,NA,36.12,-104.75,3000,NA,"Rift zone / Continental crust (>25 km)",NA,NA,NA,NA,"Rift zone"
327820,"Raton-Clayton","United States","North America Volcanic Regions","Basin and Range Volcanic Province","Cluster","Volcanic field",NA,NA,36.42,-104.08,3350,NA,"Rift zone / Continental crust (>25 km)",NA,NA,NA,NA,"Rift zone"
328800,"McCoy","United States","North America Volcanic Regions","Basin and Range Volcanic Province","Minor","Pyroclastic cone(s)",NA,NA,39.97,-106.7,2402,NA,"Rift zone / Continental crust (>25 km)",NA,NA,NA,NA,"Rift zone"
328801,"Willow Peak","United States","North America Volcanic Regions","Basin and Range Volcanic Province","Minor","Pyroclastic cone",NA,NA,39.662,-107.17,3061,NA,"Rift zone / Continental crust (>25 km)",NA,NA,NA,NA,"Rift zone"
329801,"Sentinel Plain","United States","North America Volcanic Regions","Basin and Range Volcanic Province","Cluster","Volcanic field",NA,NA,32.8,-113.2,160,NA,"Rift zone / Continental crust (>25 km)",NA,NA,NA,NA,"Rift zone"
329802,"Springerville Volcanic Field","United States","North America Volcanic Regions","Basin and Range Volcanic Province","Cluster","Volcanic field",NA,NA,34.192,-109.629,3091,NA,"Unknown",NA,NA,NA,NA,"Unknown"
329803,"San Carlos","United States","North America Volcanic Regions","Basin and Range Volcanic Province","Cluster","Volcanic field",NA,NA,33.25,-110.25,1000,NA,"Rift zone / Continental crust (>25 km)","Africa-W","Shield volcano","Holocene","U","Rift zone"
329804,"Geronimo","United States","North America Volcanic Regions","Basin and Range Volcanic Province","Cluster","Volcanic field",NA,NA,32.5,-109.25,1300,NA,"Rift zone / Continental crust (>25 km)",NA,NA,NA,NA,"Rift zone"
331025,"Vance Segment","Undersea Features","Eastern Pacific Volcanic Regions","Northeast Pacific Rifts Volcanic Province","Cluster","Fissure vent",NA,NA,45.3,-130.1,-1985,NA,"Rift zone / Oceanic crust (< 15 km)",NA,NA,NA,NA,"Rift zone"
331033,"Central Segment","United States","Eastern Pacific Volcanic Regions","Northeast Pacific Rifts Volcanic Province","Cluster","Fissure vent",NA,NA,41.78,-127.109,-3300,NA,"Rift zone / Intermediate crust (15-25 km)",NA,NA,NA,NA,"Rift zone"
331034,"Phoenix Segment","United States","Eastern Pacific Volcanic Regions","Northeast Pacific Rifts Volcanic Province","Cluster","Fissure vent",NA,NA,41.404,-127.38,-3000,NA,"Rift zone / Intermediate crust (15-25 km)",NA,NA,NA,NA,"Rift zone"
331100,"Tuzo Wilson Knolls","Canada","Eastern Pacific Volcanic Regions","Kodiak-Bowie Hotspot Volcano Group","Minor","Lava dome?",NA,NA,51.38,-131.03,-1400,NA,"Intraplate / Oceanic crust (< 15 km)",NA,NA,NA,NA,"Intraplate"
331200,"Bowie Seamount","Canada","Eastern Pacific Volcanic Regions","Kodiak-Bowie Hotspot Volcano Group","Minor","Lava dome",NA,NA,53.3,-135.65,-30,NA,"Intraplate / Oceanic crust (< 15 km)",NA,NA,NA,NA,"Intraplate"
332080,"Kaena","United States","Eastern Pacific Volcanic Regions","Hawaiian-Emperor Hotspot Volcano Group","Shield","Shield",NA,NA,21.822,-158.772,-1200,"No Data (checked)","Intraplate / Oceanic crust (< 15 km)",NA,NA,NA,NA,"Intraplate"
332800,"Kohala","United States","Eastern Pacific Volcanic Regions","Hawaiian-Emperor Hotspot Volcano Group","Shield","Shield",NA,NA,20.08,-155.72,1668,NA,"Intraplate / Oceanic crust (< 15 km)",NA,NA,NA,NA,"Intraplate"
332801,"Kahoolawe","United States","Eastern Pacific Volcanic Regions","Hawaiian-Emperor Hotspot Volcano Group","Shield","Shield",NA,NA,20.57,-156.57,450,NA,"Intraplate / Oceanic crust (< 15 km)",NA,NA,NA,NA,"Intraplate"
332802,"Mahukona","United States","Eastern Pacific Volcanic Regions","Hawaiian-Emperor Hotspot Volcano Group","Minor","Cone",NA,NA,20.17,-156.42,-1080,NA,"Intraplate / Oceanic crust (< 15 km)",NA,NA,NA,NA,"Intraplate"
332803,"West Maui","United States","Eastern Pacific Volcanic Regions","Hawaiian-Emperor Hotspot Volcano Group","Shield","Shield",NA,NA,20.88,-156.6,1764,NA,"Intraplate / Oceanic crust (< 15 km)",NA,NA,NA,NA,"Intraplate"
332804,"Lanai","United States","Eastern Pacific Volcanic Regions","Hawaiian-Emperor Hotspot Volcano Group","Shield","Shield",NA,NA,20.82,-156.85,1021,NA,"Intraplate / Oceanic crust (< 15 km)",NA,NA,NA,NA,"Intraplate"
332805,"East Molokai","United States","Eastern Pacific Volcanic Regions","Hawaiian-Emperor Hotspot Volcano Group","Shield","Shield",NA,NA,21.12,-156.87,1506,NA,"Intraplate / Oceanic crust (< 15 km)",NA,NA,NA,NA,"Intraplate"
332806,"West Molokai","United States","Eastern Pacific Volcanic Regions","Hawaiian-Emperor Hotspot Volcano Group","Shield","Shield",NA,NA,21.15,-157.17,418,NA,"Intraplate / Oceanic crust (< 15 km)",NA,NA,NA,NA,"Intraplate"
332807,"Koolau","United States","Eastern Pacific Volcanic Regions","Hawaiian-Emperor Hotspot Volcano Group","Shield","Shield",NA,NA,21.37,-157.8,941,NA,"Intraplate / Oceanic crust (< 15 km)",NA,NA,NA,NA,"Intraplate"
332808,"Waianae","United States","Eastern Pacific Volcanic Regions","Hawaiian-Emperor Hotspot Volcano Group","Shield","Shield",NA,NA,21.52,-158.15,1220,NA,"Intraplate / Oceanic crust (< 15 km)",NA,NA,NA,NA,"Intraplate"
332809,"Kauai","United States","Eastern Pacific Volcanic Regions","Hawaiian-Emperor Hotspot Volcano Group","Shield","Shield",NA,NA,22.07,-159.5,1668,NA,"Intraplate / Oceanic crust (< 15 km)",NA,NA,NA,NA,"Intraplate"
332810,"Niihau","United States","Eastern Pacific Volcanic Regions","Hawaiian-Emperor Hotspot Volcano Group","Shield","Shield",NA,NA,21.95,-160.08,390,NA,"Intraplate / Oceanic crust (< 15 km)",NA,NA,NA,NA,"Intraplate"
332811,"Kaula","United States","Eastern Pacific Volcanic Regions","Hawaiian-Emperor Hotspot Volcano Group","Shield","Shield",NA,NA,21.67,-160.55,194,NA,"Intraplate / Oceanic crust (< 15 km)",NA,NA,NA,NA,"Intraplate"
333800,"Hiva Oa","France","Southern Pacific Volcanic Regions","Marquesas Hotspot Volcanic Group","Shield","Shield",NA,NA,-9.78,-139.03,1067,NA,"Intraplate / Oceanic crust (< 15 km)",NA,NA,NA,NA,"Intraplate"
333801,"Fatu Hiva","France","Southern Pacific Volcanic Regions","Marquesas Hotspot Volcanic Group","Shield","Shield",NA,NA,-10.47,-138.65,955,NA,"Intraplate / Oceanic crust (< 15 km)",NA,NA,NA,NA,"Intraplate"
333802,"Moorea","France","Southern Pacific Volcanic Regions","Society Islands Hotspot Volcano Group","Shield","Shield",NA,NA,-17.552,-149.823,1138,NA,"Intraplate / Oceanic crust (< 15 km)",NA,NA,NA,NA,"Intraplate"
333803,"Tahiti-Nui","France","Southern Pacific Volcanic Regions","Society Islands Hotspot Volcano Group","Shield","Shield",NA,NA,-17.696,-149.523,1631,NA,"Intraplate / Oceanic crust (< 15 km)",NA,NA,NA,NA,"Intraplate"
333804,"Tahiti-Iti","France","Southern Pacific Volcanic Regions","Society Islands Hotspot Volcano Group","Shield","Shield",NA,NA,-17.798,-149.237,1169,NA,"Intraplate / Oceanic crust (< 15 km)",NA,NA,NA,NA,"Intraplate"
333805,"Aitutaki","New Zealand","Southern Pacific Volcanic Regions","Austral-Cook Hotspot Volcano Group","Shield","Shield",NA,NA,-18.9,-159.77,124,NA,"Intraplate / Oceanic crust (< 15 km)",NA,NA,NA,NA,"Intraplate"
333806,"Rarotonga","New Zealand","Southern Pacific Volcanic Regions","Austral-Cook Hotspot Volcano Group","Shield","Shield",NA,NA,-21.23,-159.75,639,NA,"Intraplate / Oceanic crust (< 15 km)",NA,NA,NA,NA,"Intraplate"
333807,"Rurutu","France","Southern Pacific Volcanic Regions","Austral-Cook Hotspot Volcano Group","Shield","Shield",NA,NA,-22.45,-151.35,394,NA,"Intraplate / Oceanic crust (< 15 km)",NA,NA,NA,NA,"Intraplate"
333808,"Pitcairn","United Kingdom","Southern Pacific Volcanic Regions","Pitcairn Hotspot Volcano Group","Shield","Shield",NA,NA,-25.068,-130.113,313,NA,"Intraplate / Oceanic crust (< 15 km)",NA,NA,NA,NA,"Intraplate"
335010,"Antipodes Island","New Zealand","Southern Pacific Volcanic Regions","Campbell Plateau Volcanic Province","Minor","Pyroclastic cone(s)",NA,NA,-49.684,178.781,359,"Basalt / Picro-Basalt","Intraplate / Oceanic crust (< 15 km)","Pacific-S","Pyroclastic cones","Holocene?","?","Intraplate"
335040,"Pacific-Antarctic Ridge at 50.5°S","Undersea Features","Southern Pacific Volcanic Regions","Pacific-Antarctic Ridge Volcanic Province","Minor","Cone",NA,NA,-50.457,-139.154,-594,NA,"Unknown",NA,NA,NA,NA,"Unknown"
341000,"Prieto, Cerro","Mexico","Eastern Pacific Volcanic Regions","Gulf of California Rift Volcanic Province","Minor","Lava dome",NA,NA,32.418,-115.305,223,"Dacite","Rift zone / Continental crust (>25 km)","Mexico","Lava dome","Holocene","Unknown","Rift zone"
341002,"San Quintin Volcanic Field","Mexico","Eastern Pacific Volcanic Regions","Gulf of California Rift Volcanic Province","Cluster","Pyroclastic cone(s)",NA,NA,30.467,-116.012,260,"Trachybasalt / Tephrite Basanite","Rift zone / Continental crust (>25 km)","Mexico","Cinder cone","Holocene","U","Rift zone"
341005,"Coronado","Mexico","Eastern Pacific Volcanic Regions","Gulf of California Rift Volcanic Province","Composite","Stratovolcano",NA,NA,29.089,-113.515,443,"No Data (checked)","Rift zone / Continental crust (>25 km)","Mexico","Stratovolcano","Fumarolic","U","Rift zone"
341010,"Tres Virgenes","Mexico","Eastern Pacific Volcanic Regions","Gulf of California Rift Volcanic Province","Composite","Stratovolcano(es)",NA,NA,27.47,-112.591,1934,"Andesite / Basaltic Andesite","Rift zone / Continental crust (>25 km)","Mexico","Stratovolcano","Radiocarbon","D7","Rift zone"
341023,"Isabel, Isla","Mexico","North America Volcanic Regions","Basin and Range Volcanic Province","Minor","Tuff cone(s)",NA,NA,21.848,-105.886,95,"Basalt / Picro-Basalt","Subduction zone / Continental crust (>25 km)","Mexico","Stratovolcano","Holocene","U","Subduction zone"
341081,"Papayo","Mexico","Middle America-Caribbean Volcanic Regions","Trans-Mexican Volcanic Arc","Minor","Lava dome",NA,NA,19.308,-98.7,3600,"Dacite","Subduction zone / Continental crust (>25 km)","Mexico","Lava dome","Holocene","U","Subduction zone"
341094,"Atlixcos, Los","Mexico","Middle America-Caribbean Volcanic Regions","Trans-Mexican Volcanic Arc","Shield","Shield",NA,NA,19.81,-96.527,775,"Basalt / Picro-Basalt","Subduction zone / Continental crust (>25 km)","Mexico","Shield volcano","Holocene","U","Subduction zone"
341096,"Cofre de Perote","Mexico","Middle America-Caribbean Volcanic Regions","Trans-Mexican Volcanic Arc","Composite","Compound",NA,NA,19.492,-97.15,4282,"Andesite / Basaltic Andesite","Subduction zone / Continental crust (>25 km)","Mexico","Shield volcano","Radiocarbon","D6","Subduction zone"
341097,"Gloria, La","Mexico","Middle America-Caribbean Volcanic Regions","Trans-Mexican Volcanic Arc","Cluster","Volcanic field",NA,NA,19.33,-97.25,3500,"Andesite / Basaltic Andesite","Subduction zone / Continental crust (>25 km)","Mexico","Volcanic field","Holocene","U","Subduction zone"
341098,"Cumbres,  Las","Mexico","Middle America-Caribbean Volcanic Regions","Trans-Mexican Volcanic Arc","Composite","Stratovolcano",NA,NA,19.15,-97.27,3931,"Andesite / Basaltic Andesite","Subduction zone / Continental crust (>25 km)",NA,NA,NA,NA,"Subduction zone"
341800,"Leon, Cerro","Mexico","Eastern Pacific Volcanic Regions","Gulf of California Rift Volcanic Province","Minor","Cone",NA,NA,30.227,-114.655,280,NA,"Rift zone / Continental crust (>25 km)",NA,NA,NA,NA,"Rift zone"
341801,"San Ignacio Volcanic Field","Mexico","Eastern Pacific Volcanic Regions","Gulf of California Rift Volcanic Province","Cluster","Volcanic field",NA,NA,27.633,-113.05,1500,NA,"Rift zone / Oceanic crust (< 15 km)",NA,NA,NA,NA,"Rift zone"
341802,"Aguajito, El","Mexico","Eastern Pacific Volcanic Regions","Gulf of California Rift Volcanic Province","Caldera","Caldera",NA,NA,27.554,-112.552,1274,NA,"Rift zone / Continental crust (>25 km)",NA,NA,NA,NA,"Rift zone"
341803,"Reforma, La","Mexico","Eastern Pacific Volcanic Regions","Gulf of California Rift Volcanic Province","Caldera","Caldera",NA,NA,27.508,-112.392,1300,NA,"Rift zone / Continental crust (>25 km)",NA,NA,NA,NA,"Rift zone"
341804,"Pulpito, Punta","Mexico","Eastern Pacific Volcanic Regions","Gulf of California Rift Volcanic Province","Minor","Lava dome",NA,NA,26.517,-111.444,131,NA,"Rift zone / Continental crust (>25 km)",NA,NA,NA,NA,"Rift zone"
341805,"Mencenares, Cerro","Mexico","Eastern Pacific Volcanic Regions","Gulf of California Rift Volcanic Province","Minor","Lava dome(s)",NA,NA,26.28,-111.47,790,NA,"Rift zone / Continental crust (>25 km)",NA,NA,NA,NA,"Rift zone"
341806,"Moctezuma Volcanic Field","Mexico","North America Volcanic Regions","Basin and Range Volcanic Province","Cluster","Volcanic field",NA,NA,29.63,-109.52,0,NA,"Unknown",NA,NA,NA,NA,"Unknown"
341807,"Camargo Volcanic Field","Mexico","North America Volcanic Regions","Basin and Range Volcanic Province","Cluster","Pyroclastic cone(s)",NA,NA,27.75,-104.42,1900,NA,"Intraplate / Continental crust (>25 km)",NA,NA,NA,NA,"Intraplate"
341808,"Santo Domingo Volcanic Field","Mexico","North America Volcanic Regions","Basin and Range Volcanic Province","Cluster","Maar(s)",NA,NA,22.83,-100.08,1550,NA,"Intraplate / Continental crust (>25 km)",NA,NA,NA,NA,"Intraplate"
341809,"Ventura Volcanic Field","Mexico","North America Volcanic Regions","Basin and Range Volcanic Province","Cluster","Maar(s)",NA,NA,22.35,-100.7,2035,NA,"Intraplate / Continental crust (>25 km)",NA,NA,NA,NA,"Intraplate"
341810,"San Juan","Mexico","Middle America-Caribbean Volcanic Regions","Trans-Mexican Volcanic Arc","Composite","Stratovolcano(es)",NA,NA,21.47,-104.97,2240,NA,"Subduction zone / Continental crust (>25 km)",NA,NA,NA,NA,"Subduction zone"
341811,"Navajas, Las","Mexico","Middle America-Caribbean Volcanic Regions","Trans-Mexican Volcanic Arc","Shield","Shield",NA,NA,21.531,-104.729,1680,NA,"Subduction zone / Continental crust (>25 km)",NA,NA,NA,NA,"Subduction zone"
341812,"Santa Maria del Oro","Mexico","Middle America-Caribbean Volcanic Regions","Trans-Mexican Volcanic Arc","Minor","Maar",NA,NA,21.371,-104.571,1120,NA,"Subduction zone / Continental crust (>25 km)",NA,NA,NA,NA,"Subduction zone"
341813,"Tepetiltic","Mexico","Middle America-Caribbean Volcanic Regions","Trans-Mexican Volcanic Arc","Composite","Stratovolcano",NA,NA,21.27,-104.7,2020,NA,"Subduction zone / Continental crust (>25 km)",NA,NA,NA,NA,"Subduction zone"
341814,"San Pedro","Mexico","Middle America-Caribbean Volcanic Regions","Trans-Mexican Volcanic Arc","Caldera","Caldera",NA,NA,21.17,-104.73,2000,NA,"Subduction zone / Continental crust (>25 km)",NA,NA,NA,NA,"Subduction zone"
341815,"San Sebastian Volcanic Field","Mexico","Middle America-Caribbean Volcanic Regions","Trans-Mexican Volcanic Arc","Cluster","Pyroclastic cone(s)",NA,NA,20.83,-104.82,1780,NA,"Subduction zone / Continental crust (>25 km)",NA,NA,NA,NA,"Subduction zone"
341816,"Volcanes, Los","Mexico","Middle America-Caribbean Volcanic Regions","Trans-Mexican Volcanic Arc","Cluster","Volcanic field",NA,NA,20.33,-104.5,2080,NA,"Subduction zone / Continental crust (>25 km)",NA,NA,NA,NA,"Subduction zone"
341817,"Northern Atenguillo","Mexico","Middle America-Caribbean Volcanic Regions","Trans-Mexican Volcanic Arc","Cluster","Shield(s)",NA,NA,20.75,-104.5,1700,NA,"Subduction zone / Continental crust (>25 km)",NA,NA,NA,NA,"Subduction zone"
341818,"Tequila","Mexico","Middle America-Caribbean Volcanic Regions","Trans-Mexican Volcanic Arc","Composite","Stratovolcano",NA,NA,20.788,-103.847,2920,NA,"Subduction zone / Continental crust (>25 km)",NA,NA,NA,NA,"Subduction zone"
341819,"Northern Guadalajara Mesa","Mexico","Middle America-Caribbean Volcanic Regions","Trans-Mexican Volcanic Arc","Cluster","Lava dome(s)",NA,NA,20.88,-103.4,1820,NA,"Subduction zone / Continental crust (>25 km)",NA,NA,NA,NA,"Subduction zone"
341820,"Primavera, Sierra la","Mexico","Middle America-Caribbean Volcanic Regions","Trans-Mexican Volcanic Arc","Caldera","Caldera",NA,NA,20.62,-103.52,2270,NA,"Subduction zone / Continental crust (>25 km)",NA,NA,NA,NA,"Subduction zone"
341821,"Southern Guadalajara","Mexico","Middle America-Caribbean Volcanic Regions","Trans-Mexican Volcanic Arc","Cluster","Volcanic field",NA,NA,20.525,-103.242,2160,NA,"Subduction zone / Continental crust (>25 km)",NA,NA,NA,NA,"Subduction zone"
341822,"Acatlan Volcanic Field","Mexico","Middle America-Caribbean Volcanic Regions","Trans-Mexican Volcanic Arc","Caldera","Volcanic field",NA,NA,20.45,-103.57,1990,NA,"Subduction zone / Continental crust (>25 km)",NA,NA,NA,NA,"Subduction zone"
341823,"Cantaro, Volcan el","Mexico","Middle America-Caribbean Volcanic Regions","Trans-Mexican Volcanic Arc","Composite","Stratovolcano",NA,NA,19.72,-103.63,2920,NA,"Subduction zone / Continental crust (>25 km)",NA,NA,NA,NA,"Subduction zone"
341824,"Azufres, Los","Mexico","Middle America-Caribbean Volcanic Regions","Trans-Mexican Volcanic Arc","Caldera","Caldera",NA,NA,19.85,-100.63,3400,NA,"Subduction zone / Continental crust (>25 km)",NA,NA,NA,NA,"Subduction zone"
341825,"Tlaloc","Mexico","Middle America-Caribbean Volcanic Regions","Trans-Mexican Volcanic Arc","Composite","Stratovolcano",NA,NA,19.411,-98.713,4120,NA,"Subduction zone / Continental crust (>25 km)",NA,NA,NA,NA,"Subduction zone"
341826,"Telapon","Mexico","Middle America-Caribbean Volcanic Regions","Trans-Mexican Volcanic Arc","Composite","Stratovolcano",NA,NA,19.37,-98.72,4080,NA,"Subduction zone / Continental crust (>25 km)",NA,NA,NA,NA,"Subduction zone"
341827,"Acoculco","Mexico","Middle America-Caribbean Volcanic Regions","Trans-Mexican Volcanic Arc","Caldera","Caldera",NA,NA,19.97,-98.2,3020,NA,"Subduction zone / Continental crust (>25 km)",NA,NA,NA,NA,"Subduction zone"
341828,"Grande, Cerro","Mexico","Middle America-Caribbean Volcanic Regions","Trans-Mexican Volcanic Arc","Cluster","Volcanic field",NA,NA,19.62,-97.93,3050,NA,"Subduction zone / Continental crust (>25 km)",NA,NA,NA,NA,"Subduction zone"
341830,"San Martin Pajapan","Mexico","Middle America-Caribbean Volcanic Regions","Trans-Mexican Volcanic Arc","Composite","Stratovolcano(es)",NA,NA,18.303,-94.73,1250,NA,"Subduction zone / Continental crust (>25 km)",NA,NA,NA,NA,"Subduction zone"
341831,"Apas-Navenchauc","Mexico","Middle America-Caribbean Volcanic Regions","Chiapanecan Volcanic Arc","Caldera","Caldera(s)",NA,NA,16.716,-92.786,0,NA,"Subduction zone / Continental crust (>25 km)",NA,NA,NA,NA,"Subduction zone"
341832,"Huitepec","Mexico","Middle America-Caribbean Volcanic Regions","Chiapanecan Volcanic Arc","Minor","Lava dome",NA,NA,16.743,-92.694,2744,NA,"Subduction zone / Continental crust (>25 km)",NA,NA,NA,NA,"Subduction zone"
341833,"Mispia","Mexico","Middle America-Caribbean Volcanic Regions","Chiapanecan Volcanic Arc","Minor","Lava dome(s)",NA,NA,16.447,-92.539,1750,NA,"Subduction zone / Continental crust (>25 km)",NA,NA,NA,NA,"Subduction zone"
341836,"Aldama Volcanic Field","Mexico","North America Volcanic Regions","Basin and Range Volcanic Province","Cluster","Volcanic field",NA,NA,23.2,-98.02,600,NA,"Intraplate / Continental crust (>25 km)",NA,NA,NA,NA,"Intraplate"
341837,"Flores, Los","Mexico","North America Volcanic Regions","Basin and Range Volcanic Province","Cluster","Volcanic field",NA,NA,22.58,-99.38,520,NA,"Intraplate / Continental crust (>25 km)",NA,NA,NA,NA,"Intraplate"
341838,"Apan-Tezontepec","Mexico","Middle America-Caribbean Volcanic Regions","Trans-Mexican Volcanic Arc","Cluster","Volcanic field",NA,NA,19.75,-98.5,3100,NA,"Subduction zone / Continental crust (>25 km)",NA,NA,NA,NA,"Subduction zone"
342190,"Ipala","Guatemala","Middle America-Caribbean Volcanic Regions","Central America Volcanic Arc","Composite","Stratovolcano",NA,NA,14.5574,-89.6398,1650,"Basalt / Picro-Basalt","Subduction zone / Continental crust (>25 km)","Guatemala","Stratovolcano","Holocene","U","Subduction zone"
342200,"Chiquimula Volcanic Field","Guatemala","Middle America-Caribbean Volcanic Regions","Central America Volcanic Arc","Cluster","Volcanic field",NA,NA,14.83,-89.55,1192,"Basalt / Picro-Basalt","Subduction zone / Continental crust (>25 km)","Guatemala","Cinder cone","Holocene","U","Subduction zone"
342800,"Santo Tomas-Zunil","Guatemala","Middle America-Caribbean Volcanic Regions","Central America Volcanic Arc","Composite","Stratovolcano(es)",NA,NA,14.71,-91.479,3542,NA,"Subduction zone / Continental crust (>25 km)",NA,NA,NA,NA,"Subduction zone"
342801,"Cuxliquel","Guatemala","Middle America-Caribbean Volcanic Regions","Central America Volcanic Arc","Minor","Lava dome(s)",NA,NA,14.889,-91.398,3029,NA,"Subduction zone / Continental crust (>25 km)",NA,NA,NA,NA,"Subduction zone"
342802,"Barahona","Guatemala","Middle America-Caribbean Volcanic Regions","Central America Volcanic Arc","Caldera","Caldera(s)",NA,NA,14.55,-90.78,2282,NA,"Subduction zone / Continental crust (>25 km)",NA,NA,NA,NA,"Subduction zone"
342803,"Pueblo Nuevo Viñas","Guatemala","Middle America-Caribbean Volcanic Regions","Central America Volcanic Arc","Composite","Stratovolcano",NA,NA,14.199,-90.505,1939,NA,"Subduction zone / Continental crust (>25 km)",NA,NA,NA,NA,"Subduction zone"
342804,"Piedra Grande","Guatemala","Middle America-Caribbean Volcanic Regions","Central America Volcanic Arc","Composite","Stratovolcano(es)",NA,NA,14.25,-90.4,1640,NA,"Subduction zone / Continental crust (>25 km)",NA,NA,NA,NA,"Subduction zone"
342805,"Ixhuatan","Guatemala","Middle America-Caribbean Volcanic Regions","Central America Volcanic Arc","Composite","Complex",NA,NA,14.161,-90.286,1675,NA,"Subduction zone / Continental crust (>25 km)",NA,NA,NA,NA,"Subduction zone"
342806,"Ayarza","Guatemala","Middle America-Caribbean Volcanic Regions","Central America Volcanic Arc","Caldera","Caldera(s)",NA,NA,14.42,-90.12,1409,NA,"Subduction zone / Continental crust (>25 km)",NA,NA,NA,NA,"Subduction zone"
342807,"Alutate, Cerro","Guatemala","Middle America-Caribbean Volcanic Regions","Central America Volcanic Arc","Composite","Stratovolcano",NA,NA,14.647,-90.144,2116,NA,"Subduction zone / Continental crust (>25 km)",NA,NA,NA,NA,"Subduction zone"
342808,"Guistepeque Volcanic Field","Guatemala","Middle America-Caribbean Volcanic Regions","Central America Volcanic Arc","Cluster","Pyroclastic cone(s)",NA,NA,14.5,-89.733,1358,NA,"Subduction zone / Continental crust (>25 km)",NA,NA,NA,NA,"Subduction zone"
342809,"Siete Orejas","Guatemala","Middle America-Caribbean Volcanic Regions","Central America Volcanic Arc","Composite","Stratovolcano",NA,NA,14.82,-91.62,3370,NA,"Subduction zone / Continental crust (>25 km)",NA,NA,NA,NA,"Subduction zone"
342810,"San Pedro","Guatemala","Middle America-Caribbean Volcanic Regions","Central America Volcanic Arc","Composite","Stratovolcano",NA,NA,14.656,-91.267,3020,NA,"Subduction zone / Continental crust (>25 km)",NA,NA,NA,NA,"Subduction zone"
342811,"Jumay Volcanic Field","Guatemala","Middle America-Caribbean Volcanic Regions","Central America Volcanic Arc","Composite","Stratovolcano",NA,NA,14.694,-89.993,2174,NA,"Subduction zone / Continental crust (>25 km)",NA,NA,NA,NA,"Subduction zone"
342812,"Ananopa, Cerro","Guatemala","Middle America-Caribbean Volcanic Regions","Central America Volcanic Arc","Cluster","Volcanic field",NA,NA,14.9,-89.93,386,NA,"Subduction zone / Continental crust (>25 km)",NA,NA,NA,NA,"Subduction zone"
342813,"Redondo, Cerro","El Salvador-Guatemala","Middle America-Caribbean Volcanic Regions","Central America Volcanic Arc","Shield","Shield(s)",NA,NA,14.263,-89.6093,764,NA,"Subduction zone / Continental crust (>25 km)",NA,NA,NA,NA,"Subduction zone"
343001,"San Diego","El Salvador","Middle America-Caribbean Volcanic Regions","Central America Volcanic Arc","Cluster","Volcanic field",NA,NA,14.27,-89.48,781,"Basalt / Picro-Basalt","Subduction zone / Continental crust (>25 km)","El Salvador","Volcanic field","Holocene","U","Subduction zone"
343052,"Guazapa","El Salvador","Middle America-Caribbean Volcanic Regions","Central America Volcanic Arc","Composite","Stratovolcano",NA,NA,13.9,-89.12,1438,"Basalt / Picro-Basalt","Subduction zone / Continental crust (>25 km)","El Salvador","Stratovolcano","Holocene","U","Subduction zone"
343071,"Apastepeque Field","El Salvador","Middle America-Caribbean Volcanic Regions","Central America Volcanic Arc","Cluster","Volcanic field",NA,NA,13.6958,-88.7722,700,"Dacite","Subduction zone / Continental crust (>25 km)","El Salvador","Volcanic field","Holocene","U","Subduction zone"
343110,"Conchagua","El Salvador","Middle America-Caribbean Volcanic Regions","Central America Volcanic Arc","Composite","Stratovolcano",NA,NA,13.275,-87.845,1225,"Basalt / Picro-Basalt","Subduction zone / Continental crust (>25 km)","El Salvador","Stratovolcano","Uncertain","Unknown","Subduction zone"
343120,"Conchaguita","El Salvador","Middle America-Caribbean Volcanic Regions","Central America Volcanic Arc","Composite","Stratovolcano",NA,NA,13.229,-87.767,505,"Basalt / Picro-Basalt","Subduction zone / Continental crust (>25 km)","El Salvador","Stratovolcano","Historical","D3","Subduction zone"
343160,"Utila Volcanic Center","Honduras","Middle America-Caribbean Volcanic Regions","Central America Volcanic Arc","Minor","Pyroclastic cone(s)",NA,NA,16.113,-86.888,51,"Basalt / Picro-Basalt","Subduction zone / Continental crust (>25 km)",NA,NA,NA,NA,"Subduction zone"
343800,"Masahuat Volcanic Field","El Salvador","Middle America-Caribbean Volcanic Regions","Central America Volcanic Arc","Composite","Stratovolcano",NA,NA,14.2,-89.4,1005,NA,"Subduction zone / Continental crust (>25 km)",NA,NA,NA,NA,"Subduction zone"
343801,"Tablas, Cerro las","El Salvador","Middle America-Caribbean Volcanic Regions","Central America Volcanic Arc","Composite","Stratovolcano(es)",NA,NA,14.07,-89.4,782,NA,"Subduction zone / Continental crust (>25 km)",NA,NA,NA,NA,"Subduction zone"
343802,"Limones Volcanic Field, Los","El Salvador","Middle America-Caribbean Volcanic Regions","Central America Volcanic Arc","Minor","Pyroclastic cone(s)",NA,NA,14.05,-89.13,420,NA,"Subduction zone / Continental crust (>25 km)",NA,NA,NA,NA,"Subduction zone"
343803,"Cacahuatique, Cerro","El Salvador","Middle America-Caribbean Volcanic Regions","Central America Volcanic Arc","Composite","Stratovolcano",NA,NA,13.75,-88.2,1500,NA,"Subduction zone / Continental crust (>25 km)",NA,NA,NA,NA,"Subduction zone"
343804,"Buena Vista, Cerro","El Salvador","Middle America-Caribbean Volcanic Regions","Central America Volcanic Arc","Composite","Stratovolcano",NA,NA,13.25,-88.15,750,NA,"Subduction zone / Continental crust (>25 km)",NA,NA,NA,NA,"Subduction zone"
343805,"Yayantique, Cerro","El Salvador","Middle America-Caribbean Volcanic Regions","Central America Volcanic Arc","Composite","Stratovolcano(es)",NA,NA,13.435,-87.999,613,NA,"Subduction zone / Continental crust (>25 km)",NA,NA,NA,NA,"Subduction zone"
343806,"La Union Norte Volcanic Field","El Salvador","Middle America-Caribbean Volcanic Regions","Central America Volcanic Arc","Cluster","Volcanic field",NA,NA,13.67,-87.82,377,NA,"Subduction zone / Continental crust (>25 km)",NA,NA,NA,NA,"Subduction zone"
343807,"Zacatillo, Isla","El Salvador","Middle America-Caribbean Volcanic Regions","Central America Volcanic Arc","Minor","Pyroclastic cone(s)",NA,NA,13.295,-87.761,158,NA,"Subduction zone / Continental crust (>25 km)",NA,NA,NA,NA,"Subduction zone"
343815,"Lolotique, Cerro","El Salvador","Middle America-Caribbean Volcanic Regions","Central America Volcanic Arc","Unknown","Unknown",NA,NA,13.559,-88.364,804,NA,"Subduction zone / Continental crust (>25 km)",NA,NA,NA,NA,"Subduction zone"
343816,"Meanguera, Isla","El Salvador","Middle America-Caribbean Volcanic Regions","Central America Volcanic Arc","Composite","Stratovolcano(es)",NA,NA,13.19,-87.72,468,NA,"Subduction zone / Continental crust (>25 km)",NA,NA,NA,NA,"Subduction zone"
343817,"Izopo, Montaña de","Honduras","Middle America-Caribbean Volcanic Regions","Central America Volcanic Arc","Shield","Shield(s)",NA,NA,13.92,-87.15,2020,NA,"Subduction zone / Continental crust (>25 km)",NA,NA,NA,NA,"Subduction zone"
343818,"Hule, Cerro de","Honduras","Middle America-Caribbean Volcanic Regions","Central America Volcanic Arc","Shield","Shield",NA,NA,13.95,-87.23,1725,NA,"Subduction zone / Continental crust (>25 km)",NA,NA,NA,NA,"Subduction zone"
343819,"Gavilantepeque, Cerro","Honduras","Middle America-Caribbean Volcanic Regions","Central America Volcanic Arc","Shield","Shield",NA,NA,14,-87.18,1280,NA,"Subduction zone / Continental crust (>25 km)",NA,NA,NA,NA,"Subduction zone"
343820,"Pedregal, El","Honduras","Middle America-Caribbean Volcanic Regions","Central America Volcanic Arc","Shield","Shield",NA,NA,14.1,-87.27,1593,NA,"Subduction zone / Continental crust (>25 km)",NA,NA,NA,NA,"Subduction zone"
343821,"Calanterique, Cerro","Honduras","Middle America-Caribbean Volcanic Regions","Central America Volcanic Arc","Minor","Lava cone",NA,NA,14.6,-87.87,0,NA,"Subduction zone / Continental crust (>25 km)",NA,NA,NA,NA,"Subduction zone"
344060,"Rota","Nicaragua","Middle America-Caribbean Volcanic Regions","Central America Volcanic Arc","Composite","Stratovolcano",NA,NA,12.55,-86.75,832,"Andesite / Basaltic Andesite","Subduction zone / Continental crust (>25 km)","Nicaragua","Stratovolcano","Holocene","U","Subduction zone"
344130,"Maderas","Nicaragua","Middle America-Caribbean Volcanic Regions","Central America Volcanic Arc","Composite","Stratovolcano",NA,NA,11.446,-85.515,1394,"Trachyandesite / Basaltic Trachyandesite","Subduction zone / Continental crust (>25 km)","Nicaragua","Stratovolcano","Holocene","U","Subduction zone"
344131,"Esteli","Nicaragua","Middle America-Caribbean Volcanic Regions","Central America Volcanic Arc","Cluster","Fissure vent(s)",NA,NA,13.17,-86.4,899,"Basalt / Picro-Basalt","Subduction zone / Continental crust (>25 km)","Nicaragua","Fissure vent","Holocene","Unknown","Subduction zone"
344132,"Ciguatepe, Cerro el","Nicaragua","Middle America-Caribbean Volcanic Regions","Central America Volcanic Arc","Composite","Stratovolcano",NA,NA,12.5351,-86.1439,603,"Basalt / Picro-Basalt","Subduction zone / Continental crust (>25 km)",NA,NA,NA,NA,"Subduction zone"
344133,"Lajas, Las","Nicaragua","Middle America-Caribbean Volcanic Regions","Central America Volcanic Arc","Caldera","Caldera",NA,NA,12.3045,-85.7293,926,"Basalt / Picro-Basalt","Subduction zone / Continental crust (>25 km)","Nicaragua","Shield volcano","Holocene","Unknown","Subduction zone"
344140,"Azul, Volcan","Nicaragua","Middle America-Caribbean Volcanic Regions","Central America Volcanic Arc","Minor","Pyroclastic cone(s)",NA,NA,12.549,-83.968,203,"Trachybasalt / Tephrite Basanite","Subduction zone / Intermediate crust (15-25 km)","Nicaragua","Cinder cone","Holocene","U","Subduction zone"
344801,"Malpaisillo","Nicaragua","Middle America-Caribbean Volcanic Regions","Central America Volcanic Arc","Unknown","Pyroclastic shield",NA,NA,12.58,-86.6,181,NA,"Subduction zone / Continental crust (>25 km)",NA,NA,NA,NA,"Subduction zone"
344802,"Apoyo","Nicaragua","Middle America-Caribbean Volcanic Regions","Central America Volcanic Arc","Caldera","Caldera",NA,NA,11.92,-86.03,600,NA,"Subduction zone / Continental crust (>25 km)",NA,NA,NA,NA,"Subduction zone"
344803,"San Jacinto, Cerro","Nicaragua","Middle America-Caribbean Volcanic Regions","Central America Volcanic Arc","Composite","Stratovolcano",NA,NA,12.37,-86.02,300,NA,"Subduction zone / Continental crust (>25 km)",NA,NA,NA,NA,"Subduction zone"
344805,"Tambor Grande","Nicaragua","Middle America-Caribbean Volcanic Regions","Central America Volcanic Arc","Caldera","Caldera",NA,NA,10.97,-84.08,648,NA,"Subduction zone / Intermediate crust (15-25 km)",NA,NA,NA,NA,"Subduction zone"
345800,"Chopo, Cerro","Costa Rica","Middle America-Caribbean Volcanic Regions","Central America Volcanic Arc","Minor","Pyroclastic cone",NA,NA,10.472,-85.07,402,NA,"Subduction zone / Continental crust (>25 km)",NA,NA,NA,NA,"Subduction zone"
345801,"Tilaran, Cerro","Costa Rica","Middle America-Caribbean Volcanic Regions","Central America Volcanic Arc","Shield","Shield",NA,NA,10.4665,-84.9765,636,NA,"Subduction zone / Continental crust (>25 km)",NA,NA,NA,NA,"Subduction zone"
345802,"Perdidos, Los","Costa Rica","Middle America-Caribbean Volcanic Regions","Central America Volcanic Arc","Caldera","Caldera",NA,NA,10.403,-84.675,1357,NA,"Subduction zone / Continental crust (>25 km)",NA,NA,NA,NA,"Subduction zone"
345803,"Poco Sol, Laguna","Costa Rica","Middle America-Caribbean Volcanic Regions","Central America Volcanic Arc","Minor","Explosion crater(?)",NA,NA,10.35,-84.67,789,NA,"Subduction zone / Continental crust (>25 km)",NA,NA,NA,NA,"Subduction zone"
345804,"San Miguel, Cerro","Costa Rica","Middle America-Caribbean Volcanic Regions","Central America Volcanic Arc","Minor","Lava dome",NA,NA,10.022,-84.708,414,NA,"Subduction zone / Continental crust (>25 km)",NA,NA,NA,NA,"Subduction zone"
345805,"Mercedes, Cerro las","Costa Rica","Middle America-Caribbean Volcanic Regions","Central America Volcanic Arc","Minor","Pyroclastic cone",NA,NA,10.97,-84.35,190,NA,"Rift zone / Oceanic crust (< 15 km)",NA,NA,NA,NA,"Rift zone"
345806,"Negro, Cerro","Costa Rica","Middle America-Caribbean Volcanic Regions","Central America Volcanic Arc","Shield","Shield",NA,NA,10.462,-83.855,136,NA,"Subduction zone / Continental crust (>25 km)","Nicaragua","Cinder cone","Historical","D1","Subduction zone"
345807,"Colorado, Lomas de","Costa Rica","Middle America-Caribbean Volcanic Regions","Central America Volcanic Arc","Shield","Shield(s)",NA,NA,10.658,-83.721,229,NA,"Subduction zone / Continental crust (>25 km)",NA,NA,NA,NA,"Subduction zone"
345808,"Tortuguero","Costa Rica","Middle America-Caribbean Volcanic Regions","Central America Volcanic Arc","Minor","Pyroclastic cone",NA,NA,10.586,-83.53,119,NA,"Unknown",NA,NA,NA,NA,"Unknown"
345809,"Sierpe, Lomas de","Costa Rica","Middle America-Caribbean Volcanic Regions","Central America Volcanic Arc","Shield","Shield(s)",NA,NA,10.376,-83.545,311,NA,"Subduction zone / Continental crust (>25 km)",NA,NA,NA,NA,"Subduction zone"
345810,"Durika","Costa Rica","Middle America-Caribbean Volcanic Regions","Central America Volcanic Arc","Minor","Lava dome(s)",NA,NA,9.374,-83.302,3257,NA,"Subduction zone / Continental crust (>25 km)",NA,NA,NA,NA,"Subduction zone"
345811,"Coco, Isla del","Costa Rica","Eastern Pacific Volcanic Regions","Cocos Ridge Volcanic Province","Shield","Shield",NA,NA,5.53,-87.082,575,NA,"Intraplate / Oceanic crust (< 15 km)",NA,NA,NA,NA,"Intraplate"
346030,"Valle, El","Panama","Middle America-Caribbean Volcanic Regions","Central America Volcanic Arc","Composite","Stratovolcano",NA,NA,8.6071,-80.1278,1185,"Dacite","Subduction zone / Continental crust (>25 km)","Panama","Stratovolcano","Holocene?","?","Subduction zone"
346800,"Tisingal","Panama","Middle America-Caribbean Volcanic Regions","Central America Volcanic Arc","Composite","Stratovolcano",NA,NA,8.88,-82.67,2986,NA,"Subduction zone / Continental crust (>25 km)",NA,NA,NA,NA,"Subduction zone"
346801,"Yeguada, La","Panama","Middle America-Caribbean Volcanic Regions","Central America Volcanic Arc","Composite","Stratovolcano",NA,NA,8.47,-80.82,1297,NA,"Subduction zone / Continental crust (>25 km)",NA,NA,NA,NA,"Subduction zone"
351001,"San Diego","Colombia","South America Volcanic Regions","Northern Andean Volcanic Arc","Minor","Maar",NA,NA,5.65,-74.961,1163,NA,NA,"El Salvador","Volcanic field","Holocene","U",NA
351002,"Escondido, El","Colombia","South America Volcanic Regions","Northern Andean Volcanic Arc","Minor","Lava dome",NA,NA,5.514,-75.043,1620,NA,NA,NA,NA,NA,NA,NA
351062,"Petacas","Colombia","South America Volcanic Regions","Northern Andean Volcanic Arc","Minor","Lava dome",NA,NA,1.6215,-76.8425,4007,"No Data (checked)","Subduction zone / Continental crust (>25 km)","Colombia","Lava dome","Holocene","Unknown","Subduction zone"
351800,"Santa Rosa","Colombia","South America Volcanic Regions","Northern Andean Volcanic Arc","Shield","Shield",NA,NA,4.8,-75.458,4584,NA,"Subduction zone / Continental crust (>25 km)",NA,NA,NA,NA,"Subduction zone"
351801,"Quindio, Nevado del","Colombia","South America Volcanic Regions","Northern Andean Volcanic Arc","Composite","Stratovolcano",NA,NA,4.701,-75.386,4756,NA,"Subduction zone / Continental crust (>25 km)",NA,NA,NA,NA,"Subduction zone"
351807,"Merenberg-Pensil Volcanic Field","Colombia","South America Volcanic Regions","Northern Andean Volcanic Arc","Cluster","Volcanic field",NA,NA,2.2189,-76.1167,2500,NA,"Subduction zone / Continental crust (>25 km)",NA,NA,NA,NA,"Subduction zone"
351808,"San Augustin-Isnos","Colombia","South America Volcanic Regions","Northern Andean Volcanic Arc","Cluster","Volcanic field",NA,NA,1.92,-76.23,1900,NA,"Subduction zone / Continental crust (>25 km)",NA,NA,NA,NA,"Subduction zone"
351809,"Cutanga","Colombia","South America Volcanic Regions","Northern Andean Volcanic Arc","Caldera","Unknown",NA,NA,1.875,-76.525,3900,NA,"Subduction zone / Continental crust (>25 km)",NA,NA,NA,NA,"Subduction zone"
351810,"Animas","Colombia","South America Volcanic Regions","Northern Andean Volcanic Arc","Composite","Stratovolcano",NA,NA,1.568,-76.857,4180,NA,"Subduction zone / Continental crust (>25 km)",NA,NA,NA,NA,"Subduction zone"
352800,"Yanaurcu de Pinan","Ecuador","South America Volcanic Regions","Northern Andean Volcanic Arc","Composite","Stratovolcano",NA,NA,0.484,-78.329,4535,NA,"Subduction zone / Continental crust (>25 km)",NA,NA,NA,NA,"Subduction zone"
352801,"Pilavo","Ecuador","South America Volcanic Regions","Northern Andean Volcanic Arc","Composite","Stratovolcano",NA,NA,0.526,-78.365,4254,NA,"Subduction zone / Continental crust (>25 km)",NA,NA,NA,NA,"Subduction zone"
352802,"Cotacachi","Ecuador","South America Volcanic Regions","Northern Andean Volcanic Arc","Composite","Stratovolcano",NA,NA,0.364,-78.351,4939,NA,"Subduction zone / Continental crust (>25 km)",NA,NA,NA,NA,"Subduction zone"
352803,"Cusin","Ecuador","South America Volcanic Regions","Northern Andean Volcanic Arc","Composite","Stratovolcano",NA,NA,0.127,-78.154,3989,NA,"Subduction zone / Continental crust (>25 km)",NA,NA,NA,NA,"Subduction zone"
352804,"Chalpatan","Ecuador","South America Volcanic Regions","Northern Andean Volcanic Arc","Caldera","Caldera",NA,NA,0.711,-77.784,3624,NA,"Subduction zone / Continental crust (>25 km)",NA,NA,NA,NA,"Subduction zone"
352805,"Chiltazon","Ecuador","South America Volcanic Regions","Northern Andean Volcanic Arc","Composite","Stratovolcano",NA,NA,0.687,-78.021,3967,NA,"Subduction zone / Continental crust (>25 km)",NA,NA,NA,NA,"Subduction zone"
352806,"Iguan","Ecuador","South America Volcanic Regions","Northern Andean Volcanic Arc","Composite","Stratovolcano",NA,NA,0.621,-78.007,3870,NA,"Subduction zone / Continental crust (>25 km)",NA,NA,NA,NA,"Subduction zone"
352807,"Pambamarca","Ecuador","South America Volcanic Regions","Northern Andean Volcanic Arc","Composite","Stratovolcano",NA,NA,-0.076,-78.207,4076,NA,"Subduction zone / Continental crust (>25 km)",NA,NA,NA,NA,"Subduction zone"
352808,"Casitagua","Ecuador","South America Volcanic Regions","Northern Andean Volcanic Arc","Composite","Stratovolcano",NA,NA,-0.036,-78.48,3501,NA,"Subduction zone / Continental crust (>25 km)",NA,NA,NA,NA,"Subduction zone"
352809,"Puntas, Cerro","Ecuador","South America Volcanic Regions","Northern Andean Volcanic Arc","Composite","Stratovolcano",NA,NA,-0.174,-78.2,4348,NA,"Subduction zone / Continental crust (>25 km)",NA,NA,NA,NA,"Subduction zone"
352810,"Ilalo","Ecuador","South America Volcanic Regions","Northern Andean Volcanic Arc","Composite","Stratovolcano",NA,NA,-0.259,-78.418,3185,NA,"Subduction zone / Continental crust (>25 km)",NA,NA,NA,NA,"Subduction zone"
352811,"Pasochoa","Ecuador","South America Volcanic Regions","Northern Andean Volcanic Arc","Composite","Stratovolcano",NA,NA,-0.462,-78.478,4199,NA,"Subduction zone / Continental crust (>25 km)",NA,NA,NA,NA,"Subduction zone"
352812,"Pan de Azucar","Ecuador","South America Volcanic Regions","Northern Andean Volcanic Arc","Composite","Stratovolcano",NA,NA,-0.43,-77.72,3482,NA,"Subduction zone / Continental crust (>25 km)",NA,NA,NA,NA,"Subduction zone"
352813,"Sincholagua","Ecuador","South America Volcanic Regions","Northern Andean Volcanic Arc","Composite","Stratovolcano",NA,NA,-0.534,-78.371,4893,NA,"Subduction zone / Continental crust (>25 km)",NA,NA,NA,NA,"Subduction zone"
352814,"Ruminahui","Ecuador","South America Volcanic Regions","Northern Andean Volcanic Arc","Composite","Stratovolcano",NA,NA,-0.578,-78.504,4712,NA,"Subduction zone / Continental crust (>25 km)",NA,NA,NA,NA,"Subduction zone"
352815,"Corazon","Ecuador","South America Volcanic Regions","Northern Andean Volcanic Arc","Composite","Stratovolcano",NA,NA,-0.528,-78.658,4786,NA,"Subduction zone / Continental crust (>25 km)",NA,NA,NA,NA,"Subduction zone"
352816,"Santa Cruz","Ecuador","South America Volcanic Regions","Northern Andean Volcanic Arc","Composite","Stratovolcano",NA,NA,-0.648,-78.631,3945,NA,"Subduction zone / Continental crust (>25 km)","Galapagos","Shield volcano","Holocene","U","Subduction zone"
352817,"Putzalagua","Ecuador","South America Volcanic Regions","Northern Andean Volcanic Arc","Minor","Lava dome",NA,NA,-0.962,-78.56,3512,NA,"Subduction zone / Continental crust (>25 km)",NA,NA,NA,NA,"Subduction zone"
352818,"Sagoatoa","Ecuador","South America Volcanic Regions","Northern Andean Volcanic Arc","Composite","Stratovolcano",NA,NA,-1.151,-78.666,4153,NA,"Subduction zone / Continental crust (>25 km)",NA,NA,NA,NA,"Subduction zone"
352819,"Llimpi","Ecuador","South America Volcanic Regions","Northern Andean Volcanic Arc","Composite","Stratovolcano",NA,NA,-1.381,-78.572,3732,NA,"Subduction zone / Continental crust (>25 km)",NA,NA,NA,NA,"Subduction zone"
352820,"Puyo","Ecuador","South America Volcanic Regions","Northern Andean Volcanic Arc","Minor","Pyroclastic cone(s)",NA,NA,-1.459,-77.917,1072,NA,"Subduction zone / Continental crust (>25 km)",NA,NA,NA,NA,"Subduction zone"
352821,"Carihuairazo","Ecuador","South America Volcanic Regions","Northern Andean Volcanic Arc","Composite","Stratovolcano",NA,NA,-1.404,-78.75,5102,NA,"Subduction zone / Continental crust (>25 km)",NA,NA,NA,NA,"Subduction zone"
352822,"Igualata","Ecuador","South America Volcanic Regions","Northern Andean Volcanic Arc","Composite","Stratovolcano",NA,NA,-1.49,-78.639,4430,NA,"Subduction zone / Continental crust (>25 km)",NA,NA,NA,NA,"Subduction zone"
352823,"Calpi","Ecuador","South America Volcanic Regions","Northern Andean Volcanic Arc","Minor","Tuff cone(s)",NA,NA,-1.634,-78.728,3215,NA,"Subduction zone / Continental crust (>25 km)",NA,NA,NA,NA,"Subduction zone"
352824,"Altar","Ecuador","South America Volcanic Regions","Northern Andean Volcanic Arc","Composite","Stratovolcano",NA,NA,-1.67,-78.42,5321,NA,"Unknown",NA,NA,NA,NA,"Unknown"
352826,"Chalupas","Ecuador","South America Volcanic Regions","Northern Andean Volcanic Arc","Caldera","Caldera",NA,NA,-0.804,-78.3,4812,NA,"Subduction zone / Continental crust (>25 km)",NA,NA,NA,NA,"Subduction zone"
353800,"Isla Darwin","Ecuador","Eastern Pacific Volcanic Regions","Northern Galapagos Volcanic Province","Shield","Shield",NA,NA,1.62,-92,168,NA,"Rift zone / Oceanic crust (< 15 km)",NA,NA,NA,NA,"Rift zone"
353801,"Isla Wolf","Ecuador","Eastern Pacific Volcanic Regions","Northern Galapagos Volcanic Province","Shield","Shield",NA,NA,1.37,-91.8,253,NA,"Rift zone / Oceanic crust (< 15 km)",NA,NA,NA,NA,"Rift zone"
353802,"Rabida","Ecuador","Eastern Pacific Volcanic Regions","Galapagos Hotspot Volcano Group","Minor","Lava dome(s)",NA,NA,-0.413,-90.708,338,NA,"Rift zone / Oceanic crust (< 15 km)",NA,NA,NA,NA,"Rift zone"
353803,"Pinzon","Ecuador","Eastern Pacific Volcanic Regions","Galapagos Hotspot Volcano Group","Shield","Shield",NA,NA,-0.6,-90.68,458,NA,"Rift zone / Oceanic crust (< 15 km)",NA,NA,NA,NA,"Rift zone"
353804,"Santa Fe","Ecuador","Eastern Pacific Volcanic Regions","Galapagos Hotspot Volcano Group","Shield","Shield",NA,NA,-0.806,-90.07,200,NA,"Rift zone / Oceanic crust (< 15 km)",NA,NA,NA,NA,"Rift zone"
353805,"Floreana","Ecuador","Eastern Pacific Volcanic Regions","Galapagos Hotspot Volcano Group","Shield","Shield",NA,NA,-1.3,-90.45,640,NA,"Rift zone / Oceanic crust (< 15 km)",NA,NA,NA,NA,"Rift zone"
353807,"Roca Redonda","Ecuador","Eastern Pacific Volcanic Regions","Galapagos Hotspot Volcano Group","Shield","Shield",NA,NA,0.27,-91.63,67,NA,"Rift zone / Oceanic crust (< 15 km)",NA,NA,NA,NA,"Rift zone"
354002,"Sara Sara","Peru","South America Volcanic Regions","Central Andean Volcanic Arc","Composite","Stratovolcano",NA,NA,-15.3299,-73.4456,5490,"Andesite / Basaltic Andesite","Subduction zone / Continental crust (>25 km)","Peru","Cinder cone","Holocene","U","Subduction zone"
354007,"Chachani Volcanic Complex","Peru","South America Volcanic Regions","Central Andean Volcanic Arc","Cluster","Stratovolcano",NA,NA,-16.1792,-71.5292,6059,"Andesite / Basaltic Andesite","Subduction zone / Continental crust (>25 km)",NA,NA,NA,NA,"Subduction zone"
354008,"Yura Volcanic Field","Peru","South America Volcanic Regions","Central Andean Volcanic Arc","Cluster","Volcanic field",NA,NA,-16.213,-71.725,3175,"Andesite / Basaltic Andesite","Subduction zone / Continental crust (>25 km)",NA,NA,NA,NA,"Subduction zone"
354801,"Huambutillo-Rumicola","Peru","South America Volcanic Regions","Central Andean Volcanic Arc","Unknown","Unknown",NA,NA,-13.58,-71.72,0,NA,"Subduction zone / Continental crust (>25 km)",NA,NA,NA,NA,"Subduction zone"
354802,"Firura, Nevados","Peru","South America Volcanic Regions","Central Andean Volcanic Arc","Composite","Stratovolcano(es)",NA,NA,-15.23,-72.63,5498,NA,"Subduction zone / Continental crust (>25 km)",NA,NA,NA,NA,"Subduction zone"
354803,"Solimana","Peru","South America Volcanic Regions","Central Andean Volcanic Arc","Composite","Stratovolcano",NA,NA,-15.4,-72.9,6093,NA,"Subduction zone / Continental crust (>25 km)",NA,NA,NA,NA,"Subduction zone"
354804,"Purupuruni, Cerros","Peru","South America Volcanic Regions","Central Andean Volcanic Arc","Minor","Lava dome(s)",NA,NA,-17.2587,-69.8216,4591,NA,"Subduction zone / Continental crust (>25 km)",NA,NA,NA,NA,"Subduction zone"
355010,"Tacora","Chile","South America Volcanic Regions","Central Andean Volcanic Arc","Composite","Stratovolcano(es)",NA,NA,-17.7209,-69.7728,5960,"Andesite / Basaltic Andesite","Subduction zone / Continental crust (>25 km)","Chile-N","Stratovolcano","Fumarolic","U","Subduction zone"
355021,"Tambo Quemado","Bolivia","South America Volcanic Regions","Central Andean Volcanic Arc","Shield","Shield(pyroclastic)",NA,NA,-18.62,-68.75,4215,"Rhyolite","Subduction zone / Continental crust (>25 km)","Bolivia","Maar","Holocene","Unknown","Subduction zone"
355035,"Jayu Khota, Laguna","Bolivia","South America Volcanic Regions","Central Andean Volcanic Arc","Minor","Maar(s)",NA,NA,-19.463,-67.432,3650,"Basalt / Picro-Basalt","Subduction zone / Continental crust (>25 km)","Bolivia","Maars","Holocene","U","Subduction zone"
355036,"Jatun Mundo Quri Warani","Bolivia","South America Volcanic Regions","Central Andean Volcanic Arc","Minor","Lava dome(s)",NA,NA,-19.78,-66.48,5438,"Dacite","Subduction zone / Continental crust (>25 km)","Bolivia","Lava domes","Holocene?","?","Subduction zone"
355042,"Pampa Luxsar","Bolivia","South America Volcanic Regions","Central Andean Volcanic Arc","Cluster","Volcanic field",NA,NA,-20.85,-68.2,5543,"Andesite / Basaltic Andesite","Subduction zone / Continental crust (>25 km)","Bolivia","Volcanic field","Holocene","U","Subduction zone"
355060,"Ollague","Chile-Bolivia","South America Volcanic Regions","Central Andean Volcanic Arc","Composite","Stratovolcano",NA,NA,-21.3,-68.18,5868,"Andesite / Basaltic Andesite","Subduction zone / Continental crust (>25 km)",NA,NA,NA,NA,"Subduction zone"
355061,"Azufre, Cerro del","Chile","South America Volcanic Regions","Central Andean Volcanic Arc","Composite","Stratovolcano",NA,NA,-21.787,-68.237,5846,"Andesite / Basaltic Andesite","Subduction zone / Continental crust (>25 km)","Chile-N","Stratovolcano","Holocene","U","Subduction zone"
355065,"Inacalari","Chile-Bolivia","South America Volcanic Regions","Central Andean Volcanic Arc","Composite","Stratovolcano",NA,NA,-21.981,-68.071,5618,NA,"Subduction zone / Continental crust (>25 km)",NA,NA,NA,NA,"Subduction zone"
355070,"San Pedro-San Pablo","Chile","South America Volcanic Regions","Central Andean Volcanic Arc","Composite","Stratovolcano(es)",NA,NA,-21.888,-68.391,6142,"Andesite / Basaltic Andesite","Subduction zone / Continental crust (>25 km)","Chile-N","Stratovolcano","Historical","D2","Subduction zone"
355097,"Overo, Cerro","Chile","South America Volcanic Regions","Central Andean Volcanic Arc","Minor","Maar",NA,NA,-23.52,-67.662,4576,"Andesite / Basaltic Andesite","Subduction zone / Continental crust (>25 km)","Chile-N","Maar","Holocene","U","Subduction zone"
355106,"Negros de Aras","Chile","South America Volcanic Regions","Central Andean Volcanic Arc","Cluster","Pyroclastic cone(s)",NA,NA,-24.18,-68.25,3500,"Andesite / Basaltic Andesite","Subduction zone / Continental crust (>25 km)",NA,NA,NA,NA,"Subduction zone"
355140,"Copiapo","Chile","South America Volcanic Regions","Central Andean Volcanic Arc","Composite","Stratovolcano",NA,NA,-27.3,-69.13,6052,"Dacite","Subduction zone / Continental crust (>25 km)","Chile-N","Stratovolcano","Uncertain","Unknown","Subduction zone"
355150,"Tuzgle","Argentina","South America Volcanic Regions","Central Andean Volcanic Arc","Composite","Stratovolcano",NA,NA,-24.0562,-66.479,5486,"Dacite","Subduction zone / Continental crust (>25 km)","Argentina","Stratovolcano","Holocene?","?","Subduction zone"
355180,"Antofagasta Volcanic Field","Argentina","South America Volcanic Regions","Central Andean Volcanic Arc","Cluster","Volcanic field",NA,NA,-26.12,-67.4,3495,"Andesite / Basaltic Andesite","Subduction zone / Continental crust (>25 km)","Argentina","Scoria cones","Holocene","U","Subduction zone"
355805,"Lexone","Chile","South America Volcanic Regions","Central Andean Volcanic Arc","Minor","Lava dome(s)",NA,NA,-17.87,-69.48,5340,NA,"Subduction zone / Continental crust (>25 km)",NA,NA,NA,NA,"Subduction zone"
355806,"Anallajsi, Nevado","Bolivia","South America Volcanic Regions","Central Andean Volcanic Arc","Composite","Stratovolcano",NA,NA,-17.92,-68.92,5750,NA,"Subduction zone / Continental crust (>25 km)",NA,NA,NA,NA,"Subduction zone"
355807,"Pucara, Cerro","Bolivia","South America Volcanic Regions","Central Andean Volcanic Arc","Cluster","Volcanic field",NA,NA,-16.236,-69.471,4080,NA,"Unknown",NA,NA,NA,NA,"Unknown"
355808,"Patilla Pata","Bolivia","South America Volcanic Regions","Central Andean Volcanic Arc","Composite","Stratovolcano",NA,NA,-18.05,-69.03,5300,NA,"Subduction zone / Continental crust (>25 km)",NA,NA,NA,NA,"Subduction zone"
355809,"Sajama, Nevado del","Bolivia","South America Volcanic Regions","Central Andean Volcanic Arc","Composite","Stratovolcano",NA,NA,-18.1,-68.88,6542,NA,"Subduction zone / Continental crust (>25 km)",NA,NA,NA,NA,"Subduction zone"
355810,"Larancagua, Volcan","Chile","South America Volcanic Regions","Central Andean Volcanic Arc","Composite","Stratovolcano",NA,NA,-18.02,-69.08,5580,NA,"Unknown",NA,NA,NA,NA,"Unknown"
355811,"Caquena","Chile","South America Volcanic Regions","Central Andean Volcanic Arc","Minor","Lava dome(s)",NA,NA,-18.07,-69.22,0,NA,"Subduction zone / Continental crust (>25 km)",NA,NA,NA,NA,"Subduction zone"
355812,"Vilacollo","Chile","South America Volcanic Regions","Central Andean Volcanic Arc","Minor","Pyroclastic cone(s)",NA,NA,-18.241,-69.307,4688,NA,"Subduction zone / Continental crust (>25 km)",NA,NA,NA,NA,"Subduction zone"
355813,"Acotango","Chile-Bolivia","South America Volcanic Regions","Central Andean Volcanic Arc","Composite","Stratovolcano(es)",NA,NA,-18.37,-69.05,6052,NA,"Subduction zone / Continental crust (>25 km)",NA,NA,NA,NA,"Subduction zone"
355814,"Arintica","Chile","South America Volcanic Regions","Central Andean Volcanic Arc","Composite","Stratovolcano(es)",NA,NA,-18.75,-69.05,5597,NA,"Subduction zone / Continental crust (>25 km)",NA,NA,NA,NA,"Subduction zone"
355815,"Rochaculla-Inca Camacha","Bolivia","South America Volcanic Regions","Central Andean Volcanic Arc","Composite","Stratovolcano(es)",NA,NA,-18.8,-68.3,5300,NA,"Unknown",NA,NA,NA,NA,"Unknown"
355817,"Tatajachura, Cerro","Chile","South America Volcanic Regions","Central Andean Volcanic Arc","Composite","Stratovolcano",NA,NA,-19.5,-69.12,5240,NA,"Unknown",NA,NA,NA,NA,"Unknown"
355818,"Cariquima, Cerro","Chile","South America Volcanic Regions","Central Andean Volcanic Arc","Composite","Stratovolcano",NA,NA,-19.55,-68.68,5365,NA,"Subduction zone / Continental crust (>25 km)",NA,NA,NA,NA,"Subduction zone"
355819,"Porquesa","Chile","South America Volcanic Regions","Central Andean Volcanic Arc","Minor","Lava dome(s)",NA,NA,-19.958,-68.73,5190,NA,"Subduction zone / Continental crust (>25 km)",NA,NA,NA,NA,"Subduction zone"
355820,"Napa, Cerro","Chile","South America Volcanic Regions","Central Andean Volcanic Arc","Composite","Stratovolcano",NA,NA,-20.52,-68.68,5145,NA,"Unknown",NA,NA,NA,NA,"Unknown"
355822,"Copa-Ocana","Chile","South America Volcanic Regions","Central Andean Volcanic Arc","Composite","Stratovolcano(es)",NA,NA,-20.643,-68.439,5299,NA,"Unknown",NA,NA,NA,NA,"Unknown"
355823,"Aucanquilcha","Chile","South America Volcanic Regions","Central Andean Volcanic Arc","Composite","Stratovolcano",NA,NA,-21.22,-68.47,6176,NA,"Subduction zone / Continental crust (>25 km)",NA,NA,NA,NA,"Subduction zone"
355824,"San Agustin, Cerro","Bolivia","South America Volcanic Regions","Central Andean Volcanic Arc","Composite","Stratovolcano",NA,NA,-21.25,-67.75,4980,NA,"Subduction zone / Continental crust (>25 km)",NA,NA,NA,NA,"Subduction zone"
355825,"Cañapa","Chile","South America Volcanic Regions","Central Andean Volcanic Arc","Composite","Stratovolcano",NA,NA,-21.5,-68.12,5630,NA,"Subduction zone / Continental crust (>25 km)",NA,NA,NA,NA,"Subduction zone"
355826,"Ascotan, Cerro","Chile","South America Volcanic Regions","Central Andean Volcanic Arc","Composite","Stratovolcano",NA,NA,-21.68,-68.12,5473,NA,"Unknown",NA,NA,NA,NA,"Unknown"
355827,"Escala","Bolivia","South America Volcanic Regions","Central Andean Volcanic Arc","Minor","Lava dome",NA,NA,-21.6,-66.88,4000,NA,"Subduction zone / Continental crust (>25 km)",NA,NA,NA,NA,"Subduction zone"
355828,"Moiro, Cerro","Bolivia","South America Volcanic Regions","Central Andean Volcanic Arc","Minor","Pyroclastic cone",NA,NA,-21.68,-67.47,4250,NA,"Subduction zone / Continental crust (>25 km)",NA,NA,NA,NA,"Subduction zone"
355829,"Chascon, Cerro","Bolivia","South America Volcanic Regions","Central Andean Volcanic Arc","Minor","Lava dome",NA,NA,-21.88,-67.9,5125,NA,"Subduction zone / Continental crust (>25 km)",NA,NA,NA,NA,"Subduction zone"
355830,"Apagado","Chile","South America Volcanic Regions","Central Andean Volcanic Arc","Composite","Stratovolcano",NA,NA,-22.05,-67.97,5680,NA,"Unknown","Argentina","Cinder cone","Holocene","U","Unknown"
355831,"Paniri","Chile","South America Volcanic Regions","Central Andean Volcanic Arc","Composite","Stratovolcano",NA,NA,-22.059,-68.228,5946,NA,"Subduction zone / Continental crust (>25 km)",NA,NA,NA,NA,"Subduction zone"
355832,"Leon, Cerro del","Chile","South America Volcanic Regions","Central Andean Volcanic Arc","Composite","Stratovolcano(es)",NA,NA,-22.142,-68.108,5754,NA,"Subduction zone / Continental crust (>25 km)",NA,NA,NA,NA,"Subduction zone"
355833,"Deslinde","Chile","South America Volcanic Regions","Central Andean Volcanic Arc","Composite","Stratovolcano",NA,NA,-22.27,-67.97,5651,NA,"Unknown",NA,NA,NA,NA,"Unknown"
355834,"Linzor, Volcan","Chile-Bolivia","South America Volcanic Regions","Central Andean Volcanic Arc","Composite","Stratovolcano",NA,NA,-22.18,-67.95,5680,NA,"Subduction zone / Continental crust (>25 km)",NA,NA,NA,NA,"Subduction zone"
355835,"Jorcada","Bolivia","South America Volcanic Regions","Central Andean Volcanic Arc","Cluster","Stratovolcano",NA,NA,-22.08,-67.77,5750,NA,"Subduction zone / Continental crust (>25 km)",NA,NA,NA,NA,"Subduction zone"
355836,"Quetena","Bolivia","South America Volcanic Regions","Central Andean Volcanic Arc","Cluster","Fissure vent",NA,NA,-22.25,-67.42,5730,NA,"Subduction zone / Continental crust (>25 km)",NA,NA,NA,NA,"Subduction zone"
355837,"Sunequera","Bolivia","South America Volcanic Regions","Central Andean Volcanic Arc","Shield","Shield",NA,NA,-21.98,-67.23,5899,NA,"Subduction zone / Continental crust (>25 km)",NA,NA,NA,NA,"Subduction zone"
355838,"Uturuncu","Bolivia","South America Volcanic Regions","Central Andean Volcanic Arc","Composite","Stratovolcano",NA,NA,-22.27,-67.18,6008,NA,"Subduction zone / Continental crust (>25 km)",NA,NA,NA,NA,"Subduction zone"
355840,"Tatio, Volcan","Chile","South America Volcanic Regions","Central Andean Volcanic Arc","Composite","Stratovolcano",NA,NA,-22.42,-68.02,5314,NA,"Unknown",NA,NA,NA,NA,"Unknown"
355841,"Volcan, El","Chile","South America Volcanic Regions","Central Andean Volcanic Arc","Composite","Stratovolcano",NA,NA,-22.33,-67.97,5100,NA,"Subduction zone / Continental crust (>25 km)",NA,NA,NA,NA,"Subduction zone"
355842,"Tocorpuri, Cerros de","Chile-Bolivia","South America Volcanic Regions","Central Andean Volcanic Arc","Composite","Stratovolcano",NA,NA,-22.439,-67.888,5808,NA,"Subduction zone / Continental crust (>25 km)",NA,NA,NA,NA,"Subduction zone"
355843,"Zapaleri, Cerro","Chile","South America Volcanic Regions","Central Andean Volcanic Arc","Composite","Stratovolcano",NA,NA,-22.82,-67.18,5643,NA,"Unknown",NA,NA,NA,NA,"Unknown"
355844,"Poquis","Chile","South America Volcanic Regions","Central Andean Volcanic Arc","Composite","Stratovolcano",NA,NA,-23.02,-67.05,5770,NA,"Unknown",NA,NA,NA,NA,"Unknown"
355845,"Curutu","Chile","South America Volcanic Regions","Central Andean Volcanic Arc","Composite","Stratovolcano",NA,NA,-23.17,-67.07,5394,NA,"Unknown",NA,NA,NA,NA,"Unknown"
355846,"Losloyo","Chile","South America Volcanic Regions","Central Andean Volcanic Arc","Composite","Stratovolcano",NA,NA,-23.13,-67.37,5343,NA,"Unknown",NA,NA,NA,NA,"Unknown"
355847,"Potor","Chile","South America Volcanic Regions","Central Andean Volcanic Arc","Composite","Stratovolcano",NA,NA,-23.2,-67.67,5318,NA,"Unknown",NA,NA,NA,NA,"Unknown"
355848,"Hecar","Chile","South America Volcanic Regions","Central Andean Volcanic Arc","Composite","Stratovolcano",NA,NA,-23.23,-67.75,5029,NA,"Unknown",NA,NA,NA,NA,"Unknown"
355849,"Verde, Laguna","Chile","South America Volcanic Regions","Central Andean Volcanic Arc","Composite","Stratovolcano",NA,NA,-23.252,-67.71,5464,NA,"Subduction zone / Continental crust (>25 km)",NA,NA,NA,NA,"Subduction zone"
355850,"Rio Negro, Cerro de","Chile","South America Volcanic Regions","Central Andean Volcanic Arc","Composite","Stratovolcano",NA,NA,-23.398,-67.582,5067,NA,"Unknown",NA,NA,NA,NA,"Unknown"
355851,"Tumisa","Chile","South America Volcanic Regions","Central Andean Volcanic Arc","Composite","Stratovolcano",NA,NA,-23.46,-67.81,5638,NA,"Unknown",NA,NA,NA,NA,"Unknown"
355852,"Lejia","Chile","South America Volcanic Regions","Central Andean Volcanic Arc","Composite","Stratovolcano",NA,NA,-23.555,-67.764,5774,NA,"Unknown",NA,NA,NA,NA,"Unknown"
355853,"Miscanti","Chile","South America Volcanic Regions","Central Andean Volcanic Arc","Composite","Stratovolcano",NA,NA,-23.67,-67.72,5613,NA,"Unknown",NA,NA,NA,NA,"Unknown"
355854,"Laco","Chile","South America Volcanic Regions","Central Andean Volcanic Arc","Minor","Lava dome",NA,NA,-23.818,-67.5,5314,NA,"Unknown",NA,NA,NA,NA,"Unknown"
355855,"Incaguasi","Chile","South America Volcanic Regions","Central Andean Volcanic Arc","Unknown","Unknown",NA,NA,-24.03,-67.53,5689,NA,"Unknown",NA,NA,NA,NA,"Unknown"
355856,"Capur","Chile","South America Volcanic Regions","Central Andean Volcanic Arc","Composite","Stratovolcano",NA,NA,-24.02,-67.85,5216,NA,"Unknown",NA,NA,NA,NA,"Unknown"
355857,"Aguas Delgadas","Chile","South America Volcanic Regions","Central Andean Volcanic Arc","Composite","Stratovolcano",NA,NA,-24.45,-68.4,0,NA,"Subduction zone / Continental crust (>25 km)",NA,NA,NA,NA,"Subduction zone"
355858,"Niebla, Cerro de la","Chile","South America Volcanic Regions","Central Andean Volcanic Arc","Composite","Compound",NA,NA,-25.25,-68.63,4500,NA,"Unknown",NA,NA,NA,NA,"Unknown"
355859,"Azufre, El","Chile","South America Volcanic Regions","Central Andean Volcanic Arc","Unknown","Unknown",NA,NA,-25.37,-68.88,5480,NA,"Unknown",NA,NA,NA,NA,"Unknown"
355860,"Piedra Parada","Chile","South America Volcanic Regions","Central Andean Volcanic Arc","Composite","Stratovolcano",NA,NA,-26.4,-68.75,5920,NA,"Subduction zone / Continental crust (>25 km)",NA,NA,NA,NA,"Subduction zone"
355861,"San Francisco","Chile","South America Volcanic Regions","Central Andean Volcanic Arc","Composite","Stratovolcano",NA,NA,-26.919,-68.263,6032,NA,"Subduction zone / Continental crust (>25 km)",NA,NA,NA,NA,"Subduction zone"
355862,"Tres Cruces","Chile","South America Volcanic Regions","Central Andean Volcanic Arc","Composite","Stratovolcano",NA,NA,-27.08,-68.8,6620,NA,"Subduction zone / Continental crust (>25 km)",NA,NA,NA,NA,"Subduction zone"
355863,"Patos, Los","Chile","South America Volcanic Regions","Central Andean Volcanic Arc","Composite","Stratovolcano",NA,NA,-27.27,-69,6250,NA,"Subduction zone / Continental crust (>25 km)",NA,NA,NA,NA,"Subduction zone"
355864,"Queva, Nevado","Argentina","South America Volcanic Regions","Central Andean Volcanic Arc","Unknown","Unknown",NA,NA,-24.309,-66.732,6134,NA,"Subduction zone / Continental crust (>25 km)",NA,NA,NA,NA,"Subduction zone"
355865,"Tocomar","Argentina","South America Volcanic Regions","Central Andean Volcanic Arc","Cluster","Unknown",NA,NA,-24.2,-66.5,4950,NA,"Intraplate / Continental crust (>25 km)",NA,NA,NA,NA,"Intraplate"
355866,"Gemelos-Saladillo","Argentina","South America Volcanic Regions","Central Andean Volcanic Arc","Minor","Pyroclastic cone(s)",NA,NA,-24.75,-66.17,0,NA,"Intraplate / Continental crust (>25 km)",NA,NA,NA,NA,"Intraplate"
355867,"Antofalla","Argentina","South America Volcanic Regions","Central Andean Volcanic Arc","Composite","Stratovolcano(es)",NA,NA,-25.55,-67.92,6409,NA,"Subduction zone / Continental crust (>25 km)",NA,NA,NA,NA,"Subduction zone"
355868,"Galan, Cerro","Argentina","South America Volcanic Regions","Central Andean Volcanic Arc","Caldera","Caldera",NA,NA,-25.93,-66.92,6000,NA,"Subduction zone / Continental crust (>25 km)",NA,NA,NA,NA,"Subduction zone"
355869,"Colorado, Cerro","Argentina","South America Volcanic Regions","Central Andean Volcanic Arc","Composite","Stratovolcano",NA,NA,-26.18,-68.37,6049,NA,"Subduction zone / Continental crust (>25 km)",NA,NA,NA,NA,"Subduction zone"
355870,"Incapillo","Argentina","South America Volcanic Regions","Central Andean Volcanic Arc","Caldera","Caldera",NA,NA,-27.9,-68.8,5750,NA,"Subduction zone / Continental crust (>25 km)",NA,NA,NA,NA,"Subduction zone"
356010,"San Felix","Chile","Southern Pacific Volcanic Regions","San Felix Hotspot Volcano Group","Shield","Shield",NA,NA,-26.294,-80.112,159,"Trachybasalt / Tephrite Basanite","Intraplate / Oceanic crust (< 15 km)","Chile-Is","Shield volcano","Holocene","U","Intraplate"
356020,"Robinson Crusoe","Chile","Southern Pacific Volcanic Regions","Juan Fernandez Hotspot Volcano Group","Shield","Shield(s)",NA,NA,-33.658,-78.85,922,"Basalt / Picro-Basalt","Intraplate / Oceanic crust (< 15 km)","Chile-Is","Shield volcano","Historical","D3","Intraplate"
356040,"Seamount JF6","Chile","Southern Pacific Volcanic Regions","Juan Fernandez Hotspot Volcano Group","Minor","Lava dome?",NA,NA,-33.427,-76.87,-642,"No Data (checked)","Intraplate / Oceanic crust (< 15 km)",NA,NA,NA,NA,"Intraplate"
356800,"Salas y Gomez","Chile","Southern Pacific Volcanic Regions","Salas y Gómez Ridge Volcano Group","Shield","Shield?",NA,NA,-26.47,-105.47,15,NA,"Intraplate / Oceanic crust (< 15 km)",NA,NA,NA,NA,"Intraplate"
356801,"Alexander Selkirk","Chile","Southern Pacific Volcanic Regions","Juan Fernandez Hotspot Volcano Group","Shield","Shield",NA,NA,-33.763,-80.811,1266,NA,"Intraplate / Oceanic crust (< 15 km)",NA,NA,NA,NA,"Intraplate"
357067,"Domuyo","Argentina","South America Volcanic Regions","Southern Andean Volcanic Arc","Composite","Stratovolcano",NA,NA,-36.638,-70.432,4702,"Dacite","Subduction zone / Continental crust (>25 km)","Argentina","Stratovolcano","Holocene","Unknown","Subduction zone"
357071,"Cochiquito Volcanic Group","Argentina","South America Volcanic Regions","Southern Andean Volcanic Arc","Composite","Stratovolcano(es)",NA,NA,-36.739,-69.834,1435,"Basalt / Picro-Basalt","Subduction zone / Continental crust (>25 km)",NA,NA,NA,NA,"Subduction zone"
357081,"Trolon","Argentina","South America Volcanic Regions","Southern Andean Volcanic Arc","Minor","Lava dome(s)",NA,NA,-37.738,-70.906,2360,"Dacite","Subduction zone / Continental crust (>25 km)","Argentina","Lava domes","Holocene?","?","Subduction zone"
357092,"Marinaqui, Laguna","Chile","South America Volcanic Regions","Southern Andean Volcanic Arc","Minor","Pyroclastic cone(s)",NA,NA,-38.301,-71.108,2186,"Andesite / Basaltic Andesite","Subduction zone / Continental crust (>25 km)",NA,NA,NA,NA,"Subduction zone"
357101,"Tralihue","Argentina","South America Volcanic Regions","Southern Andean Volcanic Arc","Composite","Stratovolcano",NA,NA,-38.509,-70.898,2448,"Trachyandesite / Basaltic Trachyandesite","Intraplate / Continental crust (>25 km)","Chile-C","Cinder cone","Holocene","U","Intraplate"
357152,"Pantoja, Cerro","Chile-Argentina","South America Volcanic Regions","Southern Andean Volcanic Arc","Composite","Stratovolcano",NA,NA,-40.768,-71.943,1897,"Basalt / Picro-Basalt","Subduction zone / Continental crust (>25 km)",NA,NA,NA,NA,"Subduction zone"
357800,"Tupungato","Chile-Argentina","South America Volcanic Regions","Southern Andean Volcanic Arc","Composite","Stratovolcano",NA,NA,-33.359,-69.77,6570,NA,"Subduction zone / Continental crust (>25 km)",NA,NA,NA,NA,"Subduction zone"
357801,"Piuquenes, Nevado de los","Chile-Argentina","South America Volcanic Regions","Southern Andean Volcanic Arc","Composite","Stratovolcano",NA,NA,-33.52,-69.83,6019,NA,"Subduction zone / Continental crust (>25 km)",NA,NA,NA,NA,"Subduction zone"
357802,"Northern Mendoza Volcanic Field","Argentina","South America Volcanic Regions","Southern Andean Volcanic Arc","Cluster","Volcanic field",NA,NA,-34.67,-69,0,NA,"Intraplate / Continental crust (>25 km)",NA,NA,NA,NA,"Intraplate"
357803,"Llancanelo Volcanic Field","Argentina","South America Volcanic Regions","Southern Andean Volcanic Arc","Cluster","Pyroclastic cone(s)",NA,NA,-35.75,-69.25,1876,NA,"Subduction zone / Continental crust (>25 km)",NA,NA,NA,NA,"Subduction zone"
357804,"Puelche Volcanic Field","Chile","South America Volcanic Regions","Southern Andean Volcanic Arc","Cluster","Volcanic field",NA,NA,-35.78,-70.48,3140,NA,"Subduction zone / Continental crust (>25 km)",NA,NA,NA,NA,"Subduction zone"
357805,"Sordo Lucas","Chile","South America Volcanic Regions","Southern Andean Volcanic Arc","Composite","Stratovolcano",NA,NA,-34.987,-70.456,3349,NA,"Subduction zone / Continental crust (>25 km)",NA,NA,NA,NA,"Subduction zone"
357806,"Nevado, Cerro","Argentina","South America Volcanic Regions","Southern Andean Volcanic Arc","Cluster","Volcanic field",NA,NA,-35.58,-68.489,3791,NA,"Intraplate / Continental crust (>25 km)",NA,NA,NA,NA,"Intraplate"
357807,"Auca Mahuida Volcanic Field","Argentina","South America Volcanic Regions","Southern Andean Volcanic Arc","Cluster","Volcanic field",NA,NA,-37.738,-68.924,2243,NA,"Intraplate / Continental crust (>25 km)",NA,NA,NA,NA,"Intraplate"
357808,"Nevada, Sierra","Chile","South America Volcanic Regions","Southern Andean Volcanic Arc","Composite","Stratovolcano",NA,NA,-38.58,-71.58,2554,NA,"Subduction zone / Continental crust (>25 km)","Argentina","Stratovolcano","Holocene","U","Subduction zone"
357809,"Pino Hachado","Argentina","South America Volcanic Regions","Southern Andean Volcanic Arc","Caldera","Caldera",NA,NA,-38.679,-70.814,2017,NA,"Intraplate / Continental crust (>25 km)",NA,NA,NA,NA,"Intraplate"
357810,"Trautrén, Cerro","Chile-Argentina","South America Volcanic Regions","Southern Andean Volcanic Arc","Composite","Stratovolcano(es)",NA,NA,-39.17,-71.4,1846,NA,"Subduction zone / Continental crust (>25 km)",NA,NA,NA,NA,"Subduction zone"
357812,"Maichín, Cerro","Chile","South America Volcanic Regions","Southern Andean Volcanic Arc","Composite","Stratovolcano",NA,NA,-39.35,-71.55,0,NA,"Subduction zone / Continental crust (>25 km)",NA,NA,NA,NA,"Subduction zone"
357813,"Quinchilca","Chile","South America Volcanic Regions","Southern Andean Volcanic Arc","Composite","Stratovolcano(es)",NA,NA,-39.68,-72.008,1632,NA,"Subduction zone / Continental crust (>25 km)",NA,NA,NA,NA,"Subduction zone"
358021,"Cuernos del Diablo","Chile","South America Volcanic Regions","Southern Andean Volcanic Arc","Composite","Stratovolcano",NA,NA,-41.363,-72.005,1846,"Basalt / Picro-Basalt","Subduction zone / Continental crust (>25 km)",NA,NA,NA,NA,"Subduction zone"
358058,"Rio Murta","Chile","South America Volcanic Regions","Southern Andean Volcanic Arc","Minor","Pyroclastic cone(s)",NA,NA,-46.17,-72.708,681,"Basalt / Picro-Basalt","Subduction zone / Continental crust (>25 km)",NA,NA,NA,NA,"Subduction zone"
360800,"Vigie, Morne la","Haiti","Middle America-Caribbean Volcanic Regions","Greater Antilles Volcanic Arc","Minor","Pyroclastic cone",NA,NA,18.78,-72.28,831,NA,"Subduction zone / Continental crust (>25 km)",NA,NA,NA,NA,"Subduction zone"
360801,"Thomazeau","Haiti","Middle America-Caribbean Volcanic Regions","Greater Antilles Volcanic Arc","Minor","Pyroclastic cone(s)",NA,NA,18.68,-72.08,0,NA,"Subduction zone / Continental crust (>25 km)",NA,NA,NA,NA,"Subduction zone"
360802,"San Juan","Dominican Republic","Middle America-Caribbean Volcanic Regions","Greater Antilles Volcanic Arc","Minor","Pyroclastic cone(s)",NA,NA,18.87,-71.33,0,NA,"Subduction zone / Continental crust (>25 km)",NA,NA,NA,NA,"Subduction zone"
360803,"Dos Hermanos","Dominican Republic","Middle America-Caribbean Volcanic Regions","Greater Antilles Volcanic Arc","Cluster","Volcanic field",NA,NA,18.75,-70.92,0,NA,"Subduction zone / Continental crust (>25 km)",NA,NA,NA,NA,"Subduction zone"
360804,"Valle Nuevo","Dominican Republic","Middle America-Caribbean Volcanic Regions","Greater Antilles Volcanic Arc","Cluster","Volcanic field",NA,NA,18.83,-70.67,0,NA,"Subduction zone / Continental crust (>25 km)",NA,NA,NA,NA,"Subduction zone"
360805,"South East Range","Saint Kitts and Nevis","Middle America-Caribbean Volcanic Regions","Lesser Antilles Volcanic Arc","Composite","Stratovolcano",NA,NA,17.33,-62.77,900,NA,"Subduction zone / Oceanic crust (< 15 km)",NA,NA,NA,NA,"Subduction zone"
360806,"Northern Centres","Netherlands","Middle America-Caribbean Volcanic Regions","Lesser Antilles Volcanic Arc","Composite","Stratovolcano(es)",NA,NA,17.508,-62.992,0,NA,"Subduction zone / Oceanic crust (< 15 km)",NA,NA,NA,NA,"Subduction zone"
360807,"Silver Hills","United Kingdom","Middle America-Caribbean Volcanic Regions","Lesser Antilles Volcanic Arc","Minor","Lava dome(s)",NA,NA,16.81,-62.194,403,NA,"Subduction zone / Oceanic crust (< 15 km)",NA,NA,NA,NA,"Subduction zone"
360808,"Centre Hills","United Kingdom","Middle America-Caribbean Volcanic Regions","Lesser Antilles Volcanic Arc","Minor","Lava dome(s)",NA,NA,16.759,-62.196,741,NA,"Subduction zone / Oceanic crust (< 15 km)",NA,NA,NA,NA,"Subduction zone"
360809,"Septentrional Chain","France","Middle America-Caribbean Volcanic Regions","Lesser Antilles Volcanic Arc","Minor","Lava dome(s)",NA,NA,16.23,-61.72,744,NA,"Subduction zone / Oceanic crust (< 15 km)",NA,NA,NA,NA,"Subduction zone"
360810,"Axial Chain","France","Middle America-Caribbean Volcanic Regions","Lesser Antilles Volcanic Arc","Composite","Stratovolcano(es)",NA,NA,16.12,-61.7,1354,NA,"Subduction zone / Oceanic crust (< 15 km)",NA,NA,NA,NA,"Subduction zone"
360811,"Bouillante Chain","France","Middle America-Caribbean Volcanic Regions","Lesser Antilles Volcanic Arc","Minor","Maar(s)",NA,NA,16.12,-61.75,420,NA,"Subduction zone / Oceanic crust (< 15 km)",NA,NA,NA,NA,"Subduction zone"
360812,"Caraïbes, Monts","France","Middle America-Caribbean Volcanic Regions","Lesser Antilles Volcanic Arc","Composite","Stratovolcano",NA,NA,15.97,-61.68,687,NA,"Subduction zone / Oceanic crust (< 15 km)",NA,NA,NA,NA,"Subduction zone"
360813,"Terre de Bas","France","Middle America-Caribbean Volcanic Regions","Lesser Antilles Volcanic Arc","Composite","Stratovolcano(es)",NA,NA,15.87,-61.63,274,NA,"Subduction zone / Oceanic crust (< 15 km)",NA,NA,NA,NA,"Subduction zone"
360814,"Foundland","Dominica","Middle America-Caribbean Volcanic Regions","Lesser Antilles Volcanic Arc","Composite","Stratovolcano",NA,NA,15.27,-61.28,960,NA,"Subduction zone / Oceanic crust (< 15 km)",NA,NA,NA,NA,"Subduction zone"
360815,"Carbets, Pitons de","France","Middle America-Caribbean Volcanic Regions","Lesser Antilles Volcanic Arc","Composite","Stratovolcano",NA,NA,14.7,-61.12,1196,NA,"Subduction zone / Oceanic crust (< 15 km)",NA,NA,NA,NA,"Subduction zone"
360816,"Trois Ilets Peninsula Group","France","Middle America-Caribbean Volcanic Regions","Lesser Antilles Volcanic Arc","Cluster","Volcanic field",NA,NA,14.4642,-61.0552,463,NA,"Subduction zone / Oceanic crust (< 15 km)",NA,NA,NA,NA,"Subduction zone"
360817,"Garu, Morne","Saint Vincent and the Grenadines","Middle America-Caribbean Volcanic Regions","Lesser Antilles Volcanic Arc","Composite","Stratovolcano",NA,NA,13.292,-61.2,1074,NA,"Subduction zone / Continental crust (>25 km)",NA,NA,NA,NA,"Subduction zone"
360818,"Grand Bonhomme","Saint Vincent and the Grenadines","Middle America-Caribbean Volcanic Regions","Lesser Antilles Volcanic Arc","Composite","Stratovolcano",NA,NA,13.22,-61.208,1021,NA,"Subduction zone / Continental crust (>25 km)",NA,NA,NA,NA,"Subduction zone"
371801,"Grensdalur","Iceland","Atlantic Ocean Volcanic Regions","Iceland Neovolcanic Rift Volcanic Province","Composite","Stratovolcano",NA,NA,64.02,-21.17,497,NA,"Rift zone / Oceanic crust (< 15 km)",NA,NA,NA,NA,"Rift zone"
371802,"Lyngdalsheidi","Iceland","Atlantic Ocean Volcanic Regions","Iceland Neovolcanic Rift Volcanic Province","Shield","Shield",NA,NA,64.15,-20.9,404,NA,"Rift zone / Oceanic crust (< 15 km)",NA,NA,NA,NA,"Rift zone"
371803,"Geysir","Iceland","Atlantic Ocean Volcanic Regions","Iceland Neovolcanic Rift Volcanic Province","Composite","Stratovolcano",NA,NA,64.32,-20.3,700,NA,"Rift zone / Oceanic crust (< 15 km)",NA,NA,NA,NA,"Rift zone"
371804,"Hlodufell","Iceland","Atlantic Ocean Volcanic Regions","Iceland Neovolcanic Rift Volcanic Province","Composite","Tuya",NA,NA,64.93,-20.53,1188,NA,"Rift zone / Oceanic crust (< 15 km)",NA,NA,NA,NA,"Rift zone"
371805,"Thorisjokull","Iceland","Atlantic Ocean Volcanic Regions","Iceland Neovolcanic Rift Volcanic Province","Shield","Shield",NA,NA,64.53,-20.7,1350,NA,"Rift zone / Oceanic crust (< 15 km)",NA,NA,NA,NA,"Rift zone"
371806,"Ok","Iceland","Atlantic Ocean Volcanic Regions","Iceland Neovolcanic Rift Volcanic Province","Shield","Shield",NA,NA,64.62,-20.88,1141,NA,"Rift zone / Oceanic crust (< 15 km)",NA,NA,NA,NA,"Rift zone"
371807,"Eríksjokull","Iceland","Atlantic Ocean Volcanic Regions","Iceland Neovolcanic Rift Volcanic Province","Composite","Tuya",NA,NA,64.77,-20.4,1675,NA,"Rift zone / Oceanic crust (< 15 km)",NA,NA,NA,NA,"Rift zone"
371808,"Hrutfell","Iceland","Atlantic Ocean Volcanic Regions","Iceland Neovolcanic Rift Volcanic Province","Composite","Tuya",NA,NA,64.73,-19.72,1396,NA,"Rift zone / Oceanic crust (< 15 km)",NA,NA,NA,NA,"Rift zone"
371809,"Blafell","Iceland","Atlantic Ocean Volcanic Regions","Iceland Neovolcanic Rift Volcanic Province","Composite","Tuya",NA,NA,64.492,-19.87,1204,NA,"Rift zone / Oceanic crust (< 15 km)",NA,NA,NA,NA,"Rift zone"
371810,"Hreppar","Iceland","Atlantic Ocean Volcanic Regions","Iceland Neovolcanic Rift Volcanic Province","Cluster","Fissure vent(s)",NA,NA,64.42,-19.5,0,NA,"Rift zone / Oceanic crust (< 15 km)",NA,NA,NA,NA,"Rift zone"
372800,"Strutur","Iceland","Atlantic Ocean Volcanic Regions","Iceland Neovolcanic Rift Volcanic Province","Composite","Tuya",NA,NA,63.839,-18.932,956,NA,"Rift zone / Oceanic crust (< 15 km)",NA,NA,NA,NA,"Rift zone"
373800,"Tungnaarfjoll","Iceland","Atlantic Ocean Volcanic Regions","Iceland Neovolcanic Rift Volcanic Province","Cluster","Fissure vent(s)",NA,NA,64.164,-18.496,983,NA,"Rift zone / Oceanic crust (< 15 km)",NA,NA,NA,NA,"Rift zone"
373801,"Kistufell","Iceland","Atlantic Ocean Volcanic Regions","Iceland Neovolcanic Rift Volcanic Province","Composite","Tuya",NA,NA,64.781,-17.21,1436,NA,"Rift zone / Oceanic crust (< 15 km)",NA,NA,NA,NA,"Rift zone"
373802,"Valdalda","Iceland","Atlantic Ocean Volcanic Regions","Iceland Neovolcanic Rift Volcanic Province","Shield","Shield",NA,NA,64.97,-16.48,941,NA,"Rift zone / Oceanic crust (< 15 km)",NA,NA,NA,NA,"Rift zone"
373803,"Herdubreid","Iceland","Atlantic Ocean Volcanic Regions","Iceland Neovolcanic Rift Volcanic Province","Composite","Tuya",NA,NA,65.18,-16.35,1682,NA,"Rift zone / Oceanic crust (< 15 km)",NA,NA,NA,NA,"Rift zone"
373804,"Sellandafjall","Iceland","Atlantic Ocean Volcanic Regions","Iceland Neovolcanic Rift Volcanic Province","Composite","Tuya",NA,NA,65.42,-17.03,988,NA,"Rift zone / Oceanic crust (< 15 km)",NA,NA,NA,NA,"Rift zone"
373805,"Blafjall","Iceland","Atlantic Ocean Volcanic Regions","Iceland Neovolcanic Rift Volcanic Province","Composite","Tuya",NA,NA,65.43,-16.85,1222,NA,"Rift zone / Oceanic crust (< 15 km)",NA,NA,NA,NA,"Rift zone"
373806,"Burfell","Iceland","Atlantic Ocean Volcanic Regions","Iceland Neovolcanic Rift Volcanic Province","Composite","Tuya",NA,NA,65.55,-16.65,953,NA,"Rift zone / Oceanic crust (< 15 km)",NA,NA,NA,NA,"Rift zone"
373807,"Fjallgardar Ridge","Iceland","Atlantic Ocean Volcanic Regions","Iceland Neovolcanic Rift Volcanic Province","Cluster","Fissure vent(s)",NA,NA,65.5,-15.67,1035,NA,"Rift zone / Oceanic crust (< 15 km)",NA,NA,NA,NA,"Rift zone"
373808,"Gaesafjoll","Iceland","Atlantic Ocean Volcanic Regions","Iceland Neovolcanic Rift Volcanic Province","Composite","Tuya",NA,NA,65.775,-16.88,882,NA,"Rift zone / Oceanic crust (< 15 km)",NA,NA,NA,NA,"Rift zone"
373809,"Lambafjoll","Iceland","Atlantic Ocean Volcanic Regions","Iceland Neovolcanic Rift Volcanic Province","Cluster","Fissure vent(s)",NA,NA,65.867,-17.133,840,NA,"Rift zone / Oceanic crust (< 15 km)",NA,NA,NA,NA,"Rift zone"
377800,"Sigurd","Norway","Atlantic Ocean Volcanic Regions","Arctic Ridge Volcanic Province","Minor","Explosion crater",NA,NA,79.17,13.5,1100,NA,"Intraplate / Continental crust (>25 km)",NA,NA,NA,NA,"Intraplate"
377801,"Halvdan","Norway","Atlantic Ocean Volcanic Regions","Arctic Ridge Volcanic Province","Minor","Explosion crater",NA,NA,79.33,13.5,834,NA,"Intraplate / Continental crust (>25 km)",NA,NA,NA,NA,"Intraplate"
377802,"Sverrefjell","Norway","Atlantic Ocean Volcanic Regions","Arctic Ridge Volcanic Province","Minor","Pyroclastic cone",NA,NA,79.43,13.3,506,NA,"Intraplate / Continental crust (>25 km)",NA,NA,NA,NA,"Intraplate"
382002,"Corvo","Portugal","European Volcanic Regions","Western European Volcanic Province","Composite","Stratovolcano",NA,NA,39.699,-31.111,718,"Basalt / Picro-Basalt","Intraplate / Oceanic crust (< 15 km)","Azores","Stratovolcano","Holocene","U","Intraplate"
384030,"Sao Vicente","Cabo Verde","Northern Africa Volcanic Regions","Cape Verde Hotspot Volcano Group","Composite","Stratovolcano",NA,NA,16.85,-24.97,725,"Basalt / Picro-Basalt","Intraplate / Intermediate crust (15-25 km)",NA,NA,NA,NA,"Intraplate"
384800,"Santo Antao","Cabo Verde","Northern Africa Volcanic Regions","Cape Verde Hotspot Volcano Group","Composite","Stratovolcano",NA,NA,17.07,-25.17,1979,NA,"Intraplate / Intermediate crust (15-25 km)","Cape Verde Is","Stratovolcano","Holocene","U","Intraplate"
384801,"Sao Nicolau","Cabo Verde","Northern Africa Volcanic Regions","Cape Verde Hotspot Volcano Group","Composite","Stratovolcano",NA,NA,16.62,-24.35,1270,NA,"Intraplate / Intermediate crust (15-25 km)",NA,NA,NA,NA,"Intraplate"
385051,"Trindade","Brazil","Atlantic Ocean Volcanic Regions","Trindade Hotspot Volcano Group","Composite","Stratovolcano",NA,NA,-20.514,-29.331,600,"Foidite","Intraplate / Oceanic crust (< 15 km)","Atlantic-S","Stratovolcano","Holocene","U","Intraplate"
385801,"Martin Vaz","Brazil","Atlantic Ocean Volcanic Regions","Trindade Hotspot Volcano Group","Composite","Stratovolcano",NA,NA,-20.47,-28.85,175,NA,"Intraplate / Oceanic crust (< 15 km)",NA,NA,NA,NA,"Intraplate"
386800,"Inaccessible Island","United Kingdom","Atlantic Ocean Volcanic Regions","Southern Atlantic Volcano Group","Composite","Stratovolcano",NA,NA,-37.303,-12.699,563,NA,"Rift zone / Oceanic crust (< 15 km)",NA,NA,NA,NA,"Rift zone"
386801,"Gough Island","United Kingdom","Atlantic Ocean Volcanic Regions","Southern Atlantic Volcano Group","Shield","Shield",NA,NA,-40.32,-9.93,910,NA,"Rift zone / Oceanic crust (< 15 km)",NA,NA,NA,NA,"Rift zone"
390014,"Northern Victoria Land","Antarctica","Antarctic-Scotia Volcanic Regions","McMurdo Volcanic Province","Cluster","Pyroclastic cone(s)",NA,NA,-73.45,164.58,2987,"Trachybasalt / Tephrite Basanite","Intraplate / Continental crust (>25 km)",NA,NA,NA,NA,"Intraplate"
390024,"Waesche","Antarctica","Antarctic-Scotia Volcanic Regions","Western Antarctica Volcanic Province","Shield","Shield(s)",NA,NA,-77.17,-126.88,3292,"Trachybasalt / Tephrite Basanite","Intraplate / Continental crust (>25 km)","Antarctica","Shield volcano","Holocene","Unknown","Intraplate"
390025,"Siple","Antarctica","Antarctic-Scotia Volcanic Regions","Western Antarctica Volcanic Province","Shield","Shield",NA,NA,-73.43,-126.67,3110,"Basalt / Picro-Basalt","Intraplate / Continental crust (>25 km)","Antarctica","Shield volcano","Holocene","Unknown","Intraplate"
390026,"Toney Mountain","Antarctica","Antarctic-Scotia Volcanic Regions","Western Antarctica Volcanic Province","Shield","Shield",NA,NA,-75.8,-115.83,3595,"Trachybasalt / Tephrite Basanite","Intraplate / Continental crust (>25 km)","Antarctica","Shield volcano","Holocene","Unknown","Intraplate"
390029,"Peter I Island","Antarctica","Antarctic-Scotia Volcanic Regions","Western Antarctica Volcanic Province","Shield","Shield",NA,NA,-68.85,-90.58,1640,"Basalt / Picro-Basalt","Intraplate / Oceanic crust (< 15 km)","Antarctica","Shield volcano","Holocene","U","Intraplate"
390050,"Seal Nunataks Volcanic Field","Antarctica","Antarctic-Scotia Volcanic Regions","Antarctic Peninsula Volcanic Province","Cluster","Pyroclastic cone(s)",NA,NA,-65.03,-60.05,368,"Basalt / Picro-Basalt","Intraplate / Continental crust (>25 km)",NA,NA,NA,NA,"Intraplate"
390810,"Gaussberg","Antarctica","Somalian-Antarctic Volcanic Regions","Eastern Antarctica Volcanic Province","Minor","Cone",NA,NA,-66.78,89.3,370,NA,"Intraplate / Continental crust (>25 km)",NA,NA,NA,NA,"Intraplate"
390811,"Adare Peninsula","Antarctica","Antarctic-Scotia Volcanic Regions","McMurdo Volcanic Province","Shield","Shield(s)",NA,NA,-71.7,170.6,2083,NA,"Intraplate / Continental crust (>25 km)",NA,NA,NA,NA,"Intraplate"
390812,"Rittmann, Mount","Antarctica","Antarctic-Scotia Volcanic Regions","McMurdo Volcanic Province","Shield","Shield",NA,NA,-73.45,165.5,2600,NA,"Intraplate / Continental crust (>25 km)",NA,NA,NA,NA,"Intraplate"
390813,"Terror","Antarctica","Antarctic-Scotia Volcanic Regions","McMurdo Volcanic Province","Shield","Shield",NA,NA,-77.52,168.55,3262,NA,"Intraplate / Continental crust (>25 km)",NA,NA,NA,NA,"Intraplate"
390814,"Hut Point Peninsula","Antarctica","Antarctic-Scotia Volcanic Regions","McMurdo Volcanic Province","Cluster","Pyroclastic cone(s)",NA,NA,-77.75,166.75,431,NA,"Intraplate / Continental crust (>25 km)",NA,NA,NA,NA,"Intraplate"
390815,"White Island","Antarctica","Antarctic-Scotia Volcanic Regions","McMurdo Volcanic Province","Shield","Shield(s)",NA,NA,-78.17,167.5,762,NA,"Intraplate / Continental crust (>25 km)",NA,NA,NA,NA,"Intraplate"
390816,"Black Island","Antarctica","Antarctic-Scotia Volcanic Regions","McMurdo Volcanic Province","Minor","Pyroclastic cone(s)",NA,NA,-78.22,166.33,1041,NA,"Intraplate / Continental crust (>25 km)",NA,NA,NA,NA,"Intraplate"
390817,"Transantarctic Mountain Foothills","Antarctica","Antarctic-Scotia Volcanic Regions","McMurdo Volcanic Province","Minor","Unknown",NA,NA,-78,163.83,0,NA,"Intraplate / Continental crust (>25 km)",NA,NA,NA,NA,"Intraplate"
390818,"Mason Spur","Antarctica","Antarctic-Scotia Volcanic Regions","McMurdo Volcanic Province","Cluster","Lava dome(s)",NA,NA,-78.58,164.37,0,NA,"Intraplate / Continental crust (>25 km)",NA,NA,NA,NA,"Intraplate"
390819,"Taylor Valley","Antarctica","Antarctic-Scotia Volcanic Regions","McMurdo Volcanic Province","Minor","Pyroclastic cone(s)",NA,NA,-77.748,161.526,1489,NA,"Intraplate / Continental crust (>25 km)",NA,NA,NA,NA,"Intraplate"
390820,"Bursey","Antarctica","Antarctic-Scotia Volcanic Regions","Western Antarctica Volcanic Province","Shield","Shield(s)",NA,NA,-76,-132.67,2787,NA,"Intraplate / Continental crust (>25 km)",NA,NA,NA,NA,"Intraplate"
390821,"Obiglio","Antarctica","Antarctic-Scotia Volcanic Regions","Western Antarctica Volcanic Province","Minor","Pyroclastic cone",NA,NA,-74.458,-131.848,488,NA,"Unknown",NA,NA,NA,NA,"Unknown"
390822,"Shepard Island","Antarctica","Antarctic-Scotia Volcanic Regions","Western Antarctica Volcanic Province","Minor","Tuff cone(s)",NA,NA,-74.424,-132.55,487,NA,"Unknown",NA,NA,NA,NA,"Unknown"
390823,"Crary Group","Antarctica","Antarctic-Scotia Volcanic Regions","Western Antarctica Volcanic Province","Cluster","Shield(s)",NA,NA,-76.767,-117.717,3654,NA,"Intraplate / Continental crust (>25 km)",NA,NA,NA,NA,"Intraplate"
390824,"Murphy","Antarctica","Antarctic-Scotia Volcanic Regions","Western Antarctica Volcanic Province","Shield","Shield",NA,NA,-75.37,-110.67,2703,NA,"Intraplate / Continental crust (>25 km)",NA,NA,NA,NA,"Intraplate"
390825,"Beethoven Peninsula","Antarctica","Antarctic-Scotia Volcanic Regions","Western Antarctica Volcanic Province","Cluster","Volcanic field",NA,NA,-71.55,-73.42,1050,NA,"Intraplate / Continental crust (>25 km)",NA,NA,NA,NA,"Intraplate"
390826,"Brabant Island","Antarctica","Antarctic-Scotia Volcanic Regions","Antarctic Peninsula Volcanic Province","Cluster","Volcanic field",NA,NA,-64.28,-62.33,2522,NA,"Intraplate / Continental crust (>25 km)",NA,NA,NA,NA,"Intraplate"
390827,"Livingston-Greenwich Islands","Antarctica","Antarctic-Scotia Volcanic Regions","South Shetlands Volcanic Arc","Minor","Tuff cone(s)",NA,NA,-62.52,-60.02,530,NA,"Intraplate / Continental crust (>25 km)",NA,NA,NA,NA,"Intraplate"
390828,"Tabarin Peninsula","Antarctica","Antarctic-Scotia Volcanic Regions","Antarctic Peninsula Volcanic Province","Shield","Shield?",NA,NA,-63.6,-57,730,NA,"Intraplate / Continental crust (>25 km)",NA,NA,NA,NA,"Intraplate"
390830,"Argo Point","Antarctica","Antarctic-Scotia Volcanic Regions","Antarctic Peninsula Volcanic Province","Minor","Pyroclastic cone",NA,NA,-66.25,-60.92,360,NA,"Intraplate / Continental crust (>25 km)",NA,NA,NA,NA,"Intraplate"
390844,"Franklin Island","Antarctica","Antarctic-Scotia Volcanic Regions","McMurdo Volcanic Province","Shield","Shield",NA,NA,-76.17,168.38,247,NA,"Intraplate / Continental crust (>25 km)",NA,NA,NA,NA,"Intraplate"
390845,"Beaufort Island","Antarctica","Antarctic-Scotia Volcanic Regions","McMurdo Volcanic Province","Composite","Stratovolcano",NA,NA,-76.98,167.02,740,NA,"Intraplate / Continental crust (>25 km)",NA,NA,NA,NA,"Intraplate"
422820,"Lenderut","Kenya","Eastern Africa Volcanic Regions","Kenyan Rift Volcanic Province","Caldera","Caldera",NA,NA,-2.095,36.285,1225,NA,"Rift zone / Continental crust (>25 km)",NA,NA,NA,NA,"Rift zone"
422821,"Shombole","Kenya","Eastern Africa Volcanic Regions","Kenyan Rift Volcanic Province","Minor","Cone",NA,NA,-2.131,36.1,1527,NA,"Rift zone / Continental crust (>25 km)",NA,NA,NA,NA,"Rift zone"
422826,"Tukuyu","Tanzania","Eastern Africa Volcanic Regions","Rukwa Rift Volcanic Province","Shield","Shield",NA,NA,-9.26,33.648,1541,NA,"Unknown",NA,NA,NA,NA,"Unknown"
422827,"Katete","Tanzania","Eastern Africa Volcanic Regions","Rukwa Rift Volcanic Province","Composite","Stratovolcano",NA,NA,-9.112,33.746,2481,NA,"Rift zone / Continental crust (>25 km)",NA,NA,NA,NA,"Rift zone"
430815,"Qiranah, Jabal al","Jordan","Arabia-Central Asia Volcanic Regions","Northern Arabia Volcanic Province","Cluster","Volcanic field",NA,NA,30.73,35.75,0,NA,"Unknown",NA,NA,NA,NA,"Unknown"
461838,"Raja-Sabanda","Indonesia","Sunda-Banda Volcanic Regions","Sunda Volcanic Arc","Unknown","Unknown",NA,NA,-2.228,101.43,2527,NA,"Unknown",NA,NA,NA,NA,"Unknown"
461839,"Hulunilo","Indonesia","Sunda-Banda Volcanic Regions","Sunda Volcanic Arc","Composite","Stratovolcano",NA,NA,-2.418,101.776,2469,NA,"Unknown",NA,NA,NA,NA,"Unknown"
461840,"Tungkat","Indonesia","Sunda-Banda Volcanic Regions","Sunda Volcanic Arc","Unknown","Unknown",NA,NA,-2.48,102.026,1576,NA,"Unknown",NA,NA,NA,NA,"Unknown"
464807,"Ramu-Labumbu","Indonesia","Sunda-Banda Volcanic Regions","Sunda Volcanic Arc","Unknown","Unknown",NA,NA,-8.416,118.207,1086,NA,"Unknown",NA,NA,NA,NA,"Unknown"
504802,"Ulagh Muztagh","China","Eastern Asia Volcanic Regions","Northern Tibetan Plateau Volcanic Province","Composite","Compound",NA,NA,36.4128,87.3836,6945,NA,"Intraplate / Continental crust (>25 km)",NA,NA,NA,NA,"Intraplate"
590835,"Discovery","Antarctica","Antarctic-Scotia Volcanic Regions","McMurdo Volcanic Province","Composite","Stratovolcano",NA,NA,-78.374,165.015,2578,NA,"Intraplate / Continental crust (>25 km)",NA,NA,NA,NA,"Intraplate"
210010,"West Eifel Volcanic Field","Germany","European Volcanic Regions","Central European Volcanic Province","Cluster","Volcanic field","Eruption Dated","8300 BCE",50.17,6.85,600,"Foidite","Rift zone / Continental crust (>25 km)","Germany","Maar","Radiocarbon","D7","Rift zone"
210020,"Chaine des Puys","France","European Volcanic Regions","Western European Volcanic Province","Cluster","Lava dome(s)","Eruption Dated","4040 BCE",45.786,2.981,1464,"Basalt / Picro-Basalt","Rift zone / Continental crust (>25 km)","France","Cinder cone","Radiocarbon","D7","Rift zone"
210030,"Olot Volcanic Field","Spain","European Volcanic Regions","Western European Volcanic Province","Cluster","Volcanic field","Evidence Credible","Unknown",42.17,2.53,893,"Trachybasalt / Tephrite Basanite","Intraplate / Continental crust (>25 km)","Spain","Pyroclastic cone","Holocene","Unknown","Intraplate"
210040,"Calatrava Volcanic Field","Spain","European Volcanic Regions","Western European Volcanic Province","Cluster","Volcanic field","Eruption Dated","3600 BCE",38.87,-4.02,1117,"Basalt / Picro-Basalt","Intraplate / Continental crust (>25 km)","Spain","Pyroclastic cones","Radiocarbon","D7","Intraplate"
211004,"Colli Albani","Italy","European Volcanic Regions","Italian Peninsula Volcanic Provinces","Caldera","Caldera","Evidence Uncertain","Unknown",41.7569,12.7251,949,"Foidite","Subduction zone / Continental crust (>25 km)","Italy","Caldera","Holocene","Unknown","Subduction zone"
211010,"Campi Flegrei","Italy","European Volcanic Regions","Italian Peninsula Volcanic Provinces","Caldera","Caldera","Eruption Observed","1538 CE",40.827,14.139,458,"Trachyte / Trachydacite","Subduction zone / Continental crust (>25 km)","Italy","Caldera","Historical","D5","Subduction zone"
211020,"Vesuvius","Italy","European Volcanic Regions","Italian Peninsula Volcanic Provinces","Composite","Stratovolcano","Eruption Observed","1944 CE",40.821,14.426,1281,"Phono-tephrite /  Tephri-phonolite","Subduction zone / Continental crust (>25 km)","Italy","Complex volcano","Historical","D2","Subduction zone"
211030,"Ischia","Italy","European Volcanic Regions","Italian Peninsula Volcanic Provinces","Composite","Complex","Eruption Observed","1302 CE",40.73,13.897,789,"Trachyte / Trachydacite","Subduction zone / Continental crust (>25 km)","Italy","Complex volcano","Historical","D6","Subduction zone"
211031,"Palinuro","Italy","European Volcanic Regions","Aeolian Volcanic Arc","Composite","Compound","Eruption Dated","8040 BCE",39.48,14.83,-70,"Phonolite","Subduction zone / Continental crust (>25 km)","Italy","Submarine volcano","Radiocarbon","D7","Subduction zone"
211040,"Stromboli","Italy","European Volcanic Regions","Aeolian Volcanic Arc","Composite","Stratovolcano","Eruption Observed","2026 CE",38.789,15.213,924,"Trachyandesite / Basaltic Trachyandesite","Subduction zone / Continental crust (>25 km)","Italy","Stratovolcano","Historical","D1","Subduction zone"
211041,"Panarea","Italy","European Volcanic Regions","Aeolian Volcanic Arc","Composite","Stratovolcano","Evidence Uncertain","Unknown",38.638,15.064,399,"Andesite / Basaltic Andesite","Subduction zone / Continental crust (>25 km)","Italy","Stratovolcano","Historical","D6","Subduction zone"
211042,"Lipari","Italy","European Volcanic Regions","Aeolian Volcanic Arc","Composite","Stratovolcano(es)","Eruption Dated","1230 CE",38.49,14.933,590,"Rhyolite","Subduction zone / Continental crust (>25 km)","Italy","Stratovolcanoes","Radiocarbon","D6","Subduction zone"
211050,"Vulcano","Italy","European Volcanic Regions","Aeolian Volcanic Arc","Composite","Stratovolcano(es)","Eruption Observed","1890 CE",38.404,14.962,500,"Trachybasalt / Tephrite Basanite","Subduction zone / Continental crust (>25 km)","Italy","Stratovolcano","Historical","D3","Subduction zone"
211060,"Etna","Italy","European Volcanic Regions","Sicily Volcanic Province","Composite","Stratovolcano(es)","Eruption Observed","2026 CE",37.748,14.999,3357,"Trachybasalt / Tephrite Basanite","Subduction zone / Continental crust (>25 km)","Italy","Stratovolcano","Historical","D1","Subduction zone"
211070,"Campi Flegrei del Mar di Sicilia","Italy","European Volcanic Regions","Sicily Volcanic Province","Cluster","Volcanic field","Eruption Observed","1867 CE",37.1,12.7,-8,"Trachybasalt / Tephrite Basanite","Rift zone / Continental crust (>25 km)","Italy","Submarine volcanoes","Historical","D3","Rift zone"
211071,"Pantelleria","Italy","European Volcanic Regions","Sicily Volcanic Province","Shield","Shield","Eruption Observed","1891 CE",36.77,12.02,836,"Rhyolite","Rift zone / Continental crust (>25 km)","Italy","Shield volcano","Historical","D3","Rift zone"
211080,"Marsili","Italy","European Volcanic Regions","Aeolian Volcanic Arc","Composite","Complex","Eruption Dated","1050 BCE",39.284,14.399,-779,NA,NA,"Italy","Submarine","","D7",NA
212020,"Methana","Greece","European Volcanic Regions","Hellenic Volcanic Arc","Minor (Basaltic)","Lava dome(s)","Eruption Observed","258 BCE",37.6186,23.3331,380,"Andesite / Basaltic Andesite","Subduction zone / Continental crust (>25 km)","Greece","Lava dome","Historical","D7","Subduction zone"
212030,"Milos","Greece","European Volcanic Regions","Hellenic Volcanic Arc","Composite","Stratovolcano(es)","Eruption Dated","140 CE",36.699,24.439,751,"Rhyolite","Subduction zone / Continental crust (>25 km)","Greece","Stratovolcano","Holocene","U","Subduction zone"
212040,"Santorini","Greece","European Volcanic Regions","Hellenic Volcanic Arc","Shield","Shield(s)","Eruption Observed","1950 CE",36.404,25.396,367,"Dacite","Subduction zone / Continental crust (>25 km)","Greece","Shield volcano","Historical","D2","Subduction zone"
212042,"Kolumbo","Greece","European Volcanic Regions","Hellenic Volcanic Arc","Cluster","Complex","Eruption Dated","1650 CE",36.524,25.483,-18,NA,NA,NA,NA,NA,NA,NA
212050,"Nisyros","Greece","European Volcanic Regions","Hellenic Volcanic Arc","Composite","Stratovolcano","Eruption Observed","1888 CE",36.5888,27.1553,698,"Dacite","Subduction zone / Continental crust (>25 km)","Greece","Stratovolcano","Historical","D3","Subduction zone"
213000,"Kula","Turkiye","European Volcanic Regions","Western Anatolian Volcanic Province","Cluster","Volcanic field","Evidence Credible","Unknown",38.58,28.52,750,"Trachybasalt / Tephrite Basanite","Intraplate / Continental crust (>25 km)","Turkey","Cinder cone","Holocene","U","Intraplate"
213002,"Hasandag-Keciboyduran Volcanic Complex","Turkiye","European Volcanic Regions","Western Anatolian Volcanic Province","Cluster","Stratovolcano","Evidence Credible","Unknown",38.13,34.17,3253,"Dacite","Intraplate / Continental crust (>25 km)",NA,NA,NA,NA,"Intraplate"
213010,"Erciyes Volcanic Complex","Turkiye","European Volcanic Regions","Western Anatolian Volcanic Province","Composite","Stratovolcano","Eruption Dated","6880 BCE",38.531,35.447,3864,"Dacite","Intraplate / Continental crust (>25 km)","Turkey","Stratovolcano","Holocene","U","Intraplate"
213011,"Karaca Dag","Turkiye","Arabia-Central Asia Volcanic Regions","Northern Arabia Volcanic Province","Shield","Shield","Evidence Credible","Unknown",37.67,39.83,1957,"Basalt / Picro-Basalt","Intraplate / Continental crust (>25 km)","Turkey","Shield volcano","Holocene","U","Intraplate"
213020,"Nemrut Dagi","Turkiye","Arabia-Central Asia Volcanic Regions","Central Anatolian Volcanic Province","Composite","Stratovolcano","Eruption Observed","1650 CE",38.654,42.229,2948,"Rhyolite","Intraplate / Continental crust (>25 km)","Turkey","Stratovolcano","Historical","D6","Intraplate"
213030,"Tenduruk Dagi","Turkiye","Arabia-Central Asia Volcanic Regions","Central Anatolian Volcanic Province","Shield","Shield","Eruption Observed","1855 CE",39.356,43.874,3514,"Basalt / Picro-Basalt","Intraplate / Continental crust (>25 km)","Turkey","Shield volcano","Holocene","U","Intraplate"
213040,"Ararat","Turkiye","Arabia-Central Asia Volcanic Regions","Central Anatolian Volcanic Province","Composite","Stratovolcano","Eruption Observed","1840 CE",39.7,44.3,5165,"Andesite / Basaltic Andesite","Intraplate / Continental crust (>25 km)","Turkey","Stratovolcano","Holocene","U","Intraplate"
214010,"Elbrus","Russia","Arabia-Central Asia Volcanic Regions","Caucasus Volcanic Province","Composite","Stratovolcano","Eruption Dated","50 CE",43.351,42.442,5642,"Dacite","Intraplate / Continental crust (>25 km)","Russia-SW","Stratovolcano","Tephrochronology","D6","Intraplate"
214020,"Kazbek","Georgia","Arabia-Central Asia Volcanic Regions","Caucasus Volcanic Province","Composite","Stratovolcano","Eruption Dated","750 BCE",42.697,44.5184,5004,"Andesite / Basaltic Andesite","Intraplate / Continental crust (>25 km)","Georgia","Stratovolcano","Tephrochronology","D7","Intraplate"
214050,"Samsari Volcanic Center","Georgia","Arabia-Central Asia Volcanic Regions","Caucasus Volcanic Province","Cluster","Volcanic field","Evidence Uncertain","Unknown",41.542,43.7,3290,"Andesite / Basaltic Andesite","Intraplate / Continental crust (>25 km)","Georgia","Lava cone","Holocene","U","Intraplate"
214060,"Aragats","Armenia","Arabia-Central Asia Volcanic Regions","Caucasus Volcanic Province","Composite","Stratovolcano","Evidence Credible","Unknown",40.53,44.2,4095,"Andesite / Basaltic Andesite","Intraplate / Continental crust (>25 km)","Armenia","Stratovolcano","Holocene","U","Intraplate"
214070,"Ghegham Volcanic Ridge","Armenia","Arabia-Central Asia Volcanic Regions","Caucasus Volcanic Province","Cluster","Volcanic field","Eruption Dated","1900 BCE",40.283,45,3597,"Andesite / Basaltic Andesite","Intraplate / Continental crust (>25 km)","Armenia","Volcanic field","Holocene","U","Intraplate"
214080,"Vaiyots-Sar","Armenia","Arabia-Central Asia Volcanic Regions","Caucasus Volcanic Province","Minor (Basaltic)","Pyroclastic cone(s)","Eruption Dated","2000 BCE",39.797,45.497,2575,"Andesite / Basaltic Andesite","Intraplate / Continental crust (>25 km)","Armenia","Unknown","Holocene","U","Intraplate"
214090,"Porak","Armenia-Azerbaijan","Arabia-Central Asia Volcanic Regions","Caucasus Volcanic Province","Cluster","Volcanic field","Eruption Dated","778 BCE",40.028,45.74,3029,"Andesite / Basaltic Andesite","Intraplate / Continental crust (>25 km)","Armenia","Stratovolcano","Anthropology","D7","Intraplate"
214100,"Tskhouk-Karckar","Armenia-Azerbaijan","Arabia-Central Asia Volcanic Regions","Caucasus Volcanic Province","Cluster","Pyroclastic cone(s)","Eruption Dated","3000 BCE",39.742,45.992,3139,"Andesite / Basaltic Andesite","Intraplate / Continental crust (>25 km)","Armenia","Pyroclastic cones","Tephrochronology","D7","Intraplate"
221010,"Tair, Jebel at","Yemen","Eastern Africa Volcanic Regions","Red Sea Rift Volcanic Province","Composite","Stratovolcano","Eruption Observed","2008 CE",15.55,41.83,244,"Trachybasalt / Tephrite Basanite","Rift zone / Oceanic crust (< 15 km)","Red Sea","Stratovolcano","Historical","D3","Rift zone"
221020,"Zubair Group","Yemen","Eastern Africa Volcanic Regions","Red Sea Rift Volcanic Province","Shield","Shield","Eruption Observed","2013 CE",15.05,42.18,191,"Basalt / Picro-Basalt","Rift zone / Oceanic crust (< 15 km)","Red Sea","Shield volcano","Historical","D3","Rift zone"
221021,"Zukur","Yemen","Eastern Africa Volcanic Regions","Red Sea Rift Volcanic Province","Shield","Shield","Evidence Credible","Unknown",14.02,42.75,624,"Basalt / Picro-Basalt","Rift zone / Oceanic crust (< 15 km)","Red Sea","Shield volcano","Holocene","U","Rift zone"
221022,"Hanish","Yemen","Eastern Africa Volcanic Regions","Red Sea Rift Volcanic Province","Shield","Shield","Evidence Credible","Unknown",13.72,42.73,422,"Basalt / Picro-Basalt","Rift zone / Oceanic crust (< 15 km)","Red Sea","Shield volcano","Holocene","U","Rift zone"
221040,"Alid","Eritrea","Eastern Africa Volcanic Regions","Afar Rift Volcanic Province","Composite","Stratovolcano","Evidence Credible","Unknown",14.88,39.92,904,"Rhyolite","Rift zone / Intermediate crust (15-25 km)","Africa-NE","Stratovolcano","Holocene","U","Rift zone"
221041,"Dallol","Ethiopia","Eastern Africa Volcanic Regions","Afar Rift Volcanic Province","Minor (Basaltic)","Explosion crater(s)","Eruption Observed","2011 CE",14.242,40.3,-48,"No Data (checked)","Rift zone / Intermediate crust (15-25 km)","Africa-NE","Explosion crater","Historical","D2","Rift zone"
221050,"Gada Ale","Ethiopia","Eastern Africa Volcanic Regions","Afar Rift Volcanic Province","Composite","Stratovolcano","Evidence Credible","Unknown",13.975,40.408,287,"Basalt / Picro-Basalt","Rift zone / Intermediate crust (15-25 km)","Africa-NE","Stratovolcano","Holocene","U","Rift zone"
221060,"Alu-Dalafilla","Ethiopia","Eastern Africa Volcanic Regions","Afar Rift Volcanic Province","Cluster","Fissure vent(s)","Eruption Observed","2008 CE",13.793,40.553,578,"Basalt / Picro-Basalt","Rift zone / Intermediate crust (15-25 km)","Africa-NE","Fissure vent","Holocene","U","Rift zone"
221071,"Bora Ale","Ethiopia","Eastern Africa Volcanic Regions","Afar Rift Volcanic Province","Composite","Stratovolcano","Evidence Credible","Unknown",13.725,40.6,668,"Basalt / Picro-Basalt","Rift zone / Intermediate crust (15-25 km)","Africa-NE","Stratovolcano","Holocene","U","Rift zone"
221080,"Erta Ale","Ethiopia","Eastern Africa Volcanic Regions","Afar Rift Volcanic Province","Shield","Shield","Eruption Observed","2025 CE",13.601,40.666,585,"Basalt / Picro-Basalt","Rift zone / Intermediate crust (15-25 km)","Africa-NE","Shield volcano","Historical","D1","Rift zone"
221090,"Ale Bagu","Ethiopia","Eastern Africa Volcanic Regions","Afar Rift Volcanic Province","Composite","Stratovolcano","Evidence Credible","Unknown",13.512,40.631,988,"Basalt / Picro-Basalt","Rift zone / Intermediate crust (15-25 km)","Africa-NE","Stratovolcano","Holocene","U","Rift zone"
221091,"Hayli Gubbi","Ethiopia","Eastern Africa Volcanic Regions","Afar Rift Volcanic Province","Shield","Shield","Eruption Observed","2025 CE",13.5111,40.7161,493,"Basalt / Picro-Basalt","Rift zone / Intermediate crust (15-25 km)","Africa-NE","Shield volcano","Holocene","U","Rift zone"
221100,"Dubbi","Eritrea","Eastern Africa Volcanic Regions","Afar Rift Volcanic Province","Composite","Stratovolcano","Eruption Observed","1861 CE",13.579,41.809,1625,"Basalt / Picro-Basalt","Rift zone / Intermediate crust (15-25 km)","Africa-NE","Stratovolcano","Historical","D3","Rift zone"
221101,"Nabro","Eritrea","Eastern Africa Volcanic Regions","Afar Rift Volcanic Province","Composite","Stratovolcano","Eruption Observed","2012 CE",13.37,41.7,2218,"Trachyte / Trachydacite","Rift zone / Intermediate crust (15-25 km)","Africa-NE","Stratovolcano","Holocene","Unknown","Rift zone"
221102,"Mallahle","Ethiopia-Eritrea","Eastern Africa Volcanic Regions","Afar Rift Volcanic Province","Composite","Stratovolcano","Evidence Uncertain","Unknown",13.27,41.65,1875,"Trachyte / Trachydacite","Rift zone / Intermediate crust (15-25 km)","Africa-NE","Stratovolcano","Holocene","Unknown","Rift zone"
221103,"Sork Ale","Ethiopia-Eritrea","Eastern Africa Volcanic Regions","Afar Rift Volcanic Province","Composite","Stratovolcano","Evidence Uncertain","Unknown",13.18,41.725,1611,"Basalt / Picro-Basalt","Rift zone / Intermediate crust (15-25 km)","Africa-NE","Stratovolcano","Holocene","Unknown","Rift zone"
221104,"Asavyo","Ethiopia","Eastern Africa Volcanic Regions","Afar Rift Volcanic Province","Shield","Shield","Evidence Credible","Unknown",13.098,41.599,1338,"Basalt / Picro-Basalt","Rift zone / Intermediate crust (15-25 km)","Africa-NE","Shield volcano","Holocene","U","Rift zone"
221105,"Mat Ala","Ethiopia","Eastern Africa Volcanic Regions","Afar Rift Volcanic Province","Shield","Shield","Evidence Credible","Unknown",13.106,41.161,493,"Basalt / Picro-Basalt","Rift zone / Intermediate crust (15-25 km)","Africa-NE","Shield volcano","Holocene","U","Rift zone"
221106,"Tat Ali","Ethiopia","Eastern Africa Volcanic Regions","Afar Rift Volcanic Province","Shield","Shield","Evidence Credible","Unknown",13.284,41.063,655,"Basalt / Picro-Basalt","Rift zone / Intermediate crust (15-25 km)","Africa-NE","Shield volcano","Holocene","U","Rift zone"
221107,"Borawli","Ethiopia","Eastern Africa Volcanic Regions","Afar Rift Volcanic Province","Composite","Stratovolcano","Evidence Credible","Unknown",13.304,40.987,784,"Basalt / Picro-Basalt","Rift zone / Intermediate crust (15-25 km)","Africa-NE","Stratovolcano","Holocene","U","Rift zone"
221110,"Afdera","Ethiopia","Eastern Africa Volcanic Regions","Afar Rift Volcanic Province","Composite","Stratovolcano","Evidence Uncertain","Unknown",13.088,40.853,1250,"Rhyolite","Rift zone / Intermediate crust (15-25 km)","Africa-NE","Stratovolcano","Holocene","Unknown","Rift zone"
221111,"Ma Alalta","Ethiopia","Eastern Africa Volcanic Regions","Afar Rift Volcanic Province","Composite","Stratovolcano","Evidence Credible","Unknown",13.013,40.185,1745,"Rhyolite","Rift zone / Intermediate crust (15-25 km)","Africa-NE","Stratovolcano","Holocene","U","Rift zone"
221112,"Alayta","Ethiopia","Eastern Africa Volcanic Regions","Afar Rift Volcanic Province","Shield","Shield","Eruption Observed","1915 CE",12.888,40.573,1496,"Basalt / Picro-Basalt","Rift zone / Intermediate crust (15-25 km)","Africa-NE","Shield volcano","Historical","D2","Rift zone"
221113,"Dabbahu","Ethiopia","Eastern Africa Volcanic Regions","Afar Rift Volcanic Province","Composite","Stratovolcano","Eruption Observed","2005 CE",12.595,40.48,1401,"Basalt / Picro-Basalt","Rift zone / Intermediate crust (15-25 km)","Africa-NE","Stratovolcano","Holocene","U","Rift zone"
221114,"Dabbayra","Ethiopia","Eastern Africa Volcanic Regions","Afar Rift Volcanic Province","Shield","Shield","Evidence Credible","Unknown",12.38,40.07,1302,"Basalt / Picro-Basalt","Rift zone / Intermediate crust (15-25 km)","Africa-NE","Shield volcano","Holocene","U","Rift zone"
221115,"Manda Hararo","Ethiopia","Eastern Africa Volcanic Regions","Afar Rift Volcanic Province","Shield","Shield(s)","Eruption Observed","2009 CE",12.17,40.82,600,"Basalt / Picro-Basalt","Rift zone / Intermediate crust (15-25 km)","Africa-NE","Shield volcano","Holocene","U","Rift zone"
221116,"Groppo","Ethiopia","Eastern Africa Volcanic Regions","Afar Rift Volcanic Province","Cluster","Volcanic field","Evidence Credible","Unknown",11.816,40.242,852,NA,"Rift zone / Intermediate crust (15-25 km)","Africa-NE","Stratovolcano","Holocene","U","Rift zone"
221120,"Kurub","Ethiopia","Eastern Africa Volcanic Regions","Afar Rift Volcanic Province","Shield","Shield","Evidence Credible","Unknown",11.88,41.208,625,"Basalt / Picro-Basalt","Rift zone / Intermediate crust (15-25 km)","Africa-NE","Shield volcano","Holocene","U","Rift zone"
221122,"Manda-Inakir","Ethiopia-Djibouti","Eastern Africa Volcanic Regions","Afar Rift Volcanic Province","Cluster","Fissure vent(s)","Eruption Observed","1928 CE",12.38,42.2,600,"Basalt / Picro-Basalt","Rift zone / Intermediate crust (15-25 km)","Africa-NE","Fissure vent","Historical","D2","Rift zone"
221123,"Mousa Alli","Ethiopia-Eritrea-Djibouti","Eastern Africa Volcanic Regions","Afar Rift Volcanic Province","Composite","Stratovolcano","Evidence Credible","Unknown",12.469,42.404,1993,"Rhyolite","Rift zone / Intermediate crust (15-25 km)","Africa-NE","Stratovolcano","Holocene","U","Rift zone"
221124,"Gufa","Eritrea-Djibouti","Eastern Africa Volcanic Regions","Afar Rift Volcanic Province","Cluster","Volcanic field","Evidence Credible","Unknown",12.55,42.53,600,"Basalt / Picro-Basalt","Rift zone / Intermediate crust (15-25 km)","Africa-NE","Volcanic field","Holocene","U","Rift zone"
221125,"Assab Volcanic Field","Eritrea","Eastern Africa Volcanic Regions","Afar Rift Volcanic Province","Cluster","Volcanic field","Evidence Credible","Unknown",12.95,42.43,987,"Basalt / Picro-Basalt","Rift zone / Intermediate crust (15-25 km)","Africa-NE","Volcanic field","Holocene","U","Rift zone"
221126,"Ardoukoba","Djibouti","Eastern Africa Volcanic Regions","Afar Rift Volcanic Province","Cluster","Fissure vent(s)","Eruption Observed","1978 CE",11.58,42.47,298,"Basalt / Picro-Basalt","Rift zone / Intermediate crust (15-25 km)","Africa-NE","Fissure vent","Historical","D1","Rift zone"
221127,"Manda Gargori","Ethiopia","Eastern Africa Volcanic Regions","Afar Rift Volcanic Province","Cluster","Fissure vent(s)","Evidence Credible","Unknown",11.75,41.48,700,"Basalt / Picro-Basalt","Rift zone / Intermediate crust (15-25 km)","Ethiopia","Fissure vents","Anthropology","U","Rift zone"
221141,"Dama Ali","Ethiopia","Eastern Africa Volcanic Regions","Main Ethiopian Rift Volcanic Province","Shield","Shield","Eruption Observed","1631 CE",11.28,41.63,1068,"Basalt / Picro-Basalt","Rift zone / Intermediate crust (15-25 km)","Africa-NE","Shield volcano","Historical","D5","Rift zone"
221150,"Gabillema","Ethiopia","Eastern Africa Volcanic Regions","Main Ethiopian Rift Volcanic Province","Composite","Stratovolcano","Evidence Credible","Unknown",11.08,41.27,1459,"Rhyolite","Rift zone / Intermediate crust (15-25 km)","Africa-NE","Stratovolcano","Holocene","U","Rift zone"
221151,"Yangudi","Ethiopia","Eastern Africa Volcanic Regions","Main Ethiopian Rift Volcanic Province","Composite","Complex","Evidence Credible","Unknown",10.58,41.042,1383,"Rhyolite","Rift zone / Intermediate crust (15-25 km)","Africa-NE","Complex volcano","Holocene","U","Rift zone"
221160,"Ayelu","Ethiopia","Eastern Africa Volcanic Regions","Main Ethiopian Rift Volcanic Province","Composite","Stratovolcano","Evidence Credible","Unknown",10.082,40.702,2145,"Rhyolite","Rift zone / Intermediate crust (15-25 km)","Africa-NE","Stratovolcano","Holocene","U","Rift zone"
221170,"Adwa","Ethiopia","Eastern Africa Volcanic Regions","Main Ethiopian Rift Volcanic Province","Composite","Stratovolcano","Evidence Credible","Unknown",10.063,40.831,1670,"Rhyolite","Rift zone / Intermediate crust (15-25 km)","Africa-NE","Stratovolcano","Holocene","U","Rift zone"
221171,"Hertali","Ethiopia","Eastern Africa Volcanic Regions","Main Ethiopian Rift Volcanic Province","Cluster","Fissure vent","Evidence Credible","Unknown",9.78,40.33,900,"Basalt / Picro-Basalt","Rift zone / Intermediate crust (15-25 km)","Africa-NE","Fissure vent","Holocene","U","Rift zone"
221172,"Liado Hayk","Ethiopia","Eastern Africa Volcanic Regions","Main Ethiopian Rift Volcanic Province","Cluster","Volcanic field","Evidence Uncertain","Unknown",9.57,40.28,878,"No Data (checked)","Rift zone / Continental crust (>25 km)","Africa-NE","Maar","Holocene","Unknown","Rift zone"
221180,"Dofen","Ethiopia","Eastern Africa Volcanic Regions","Main Ethiopian Rift Volcanic Province","Shield","Shield","Evidence Credible","Unknown",9.35,40.13,1151,"Rhyolite","Rift zone / Continental crust (>25 km)",NA,NA,NA,NA,"Rift zone"
221190,"Fentale","Ethiopia","Eastern Africa Volcanic Regions","Main Ethiopian Rift Volcanic Province","Composite","Stratovolcano","Eruption Observed","1789 CE",8.985,39.906,2007,"Rhyolite","Rift zone / Continental crust (>25 km)","Africa-NE","Stratovolcano","Historical","D3","Rift zone"
221191,"Beru","Ethiopia","Eastern Africa Volcanic Regions","Main Ethiopian Rift Volcanic Province","Cluster","Volcanic field","Evidence Credible","Unknown",8.95,39.75,1100,"Basalt / Picro-Basalt","Rift zone / Continental crust (>25 km)","Africa-NE","Volcanic field","Holocene","U","Rift zone"
221200,"Kone","Ethiopia","Eastern Africa Volcanic Regions","Main Ethiopian Rift Volcanic Province","Caldera","Caldera(s)","Eruption Observed","1820 CE",8.8105,39.6946,1380,"Rhyolite","Rift zone / Continental crust (>25 km)","Africa-NE","Caldera","Historical","D3","Rift zone"
221210,"Boset","Ethiopia","Eastern Africa Volcanic Regions","Main Ethiopian Rift Volcanic Province","Composite","Stratovolcano(es)","Evidence Credible","Unknown",8.558,39.475,2447,"Rhyolite","Rift zone / Continental crust (>25 km)","Africa-NE","Stratovolcano","Holocene","U","Rift zone"
221220,"Bishoftu Volcanic Field","Ethiopia","Eastern Africa Volcanic Regions","Main Ethiopian Rift Volcanic Province","Cluster","Volcanic field","Evidence Credible","Unknown",8.78,38.98,1850,"Basalt / Picro-Basalt","Rift zone / Continental crust (>25 km)","Africa-NE","Fissure vent","Holocene","U","Rift zone"
221222,"Melkassa","Ethiopia","Eastern Africa Volcanic Regions","Main Ethiopian Rift Volcanic Province","Cluster","Volcanic field","Evidence Credible","Unknown",8.43,39.35,1765,"Basalt / Picro-Basalt","Intraplate / Continental crust (>25 km)","Africa-NE","Pyroclastic cone","Holocene","U","Intraplate"
221230,"Gedemsa","Ethiopia","Eastern Africa Volcanic Regions","Main Ethiopian Rift Volcanic Province","Caldera","Caldera","Evidence Credible","Unknown",8.363,39.172,1909,"Rhyolite","Rift zone / Continental crust (>25 km)","Africa-NE","Caldera","Holocene","U","Rift zone"
221250,"Bora-Bericha-Tullu Moye","Ethiopia","Eastern Africa Volcanic Regions","Main Ethiopian Rift Volcanic Province","Cluster","Pyroclastic cone","Eruption Observed","1900 CE",8.2114,39.0812,2345,"Rhyolite","Rift zone / Continental crust (>25 km)","Africa-NE","Pumice cone","Anthropology","D2","Rift zone"
221252,"East Ziway","Ethiopia","Eastern Africa Volcanic Regions","Main Ethiopian Rift Volcanic Province","Cluster","Fissure vent(s)","Evidence Credible","Unknown",7.874,38.902,1889,"Basalt / Picro-Basalt","Rift zone / Continental crust (>25 km)","Africa-NE","Fissure vent","Holocene","U","Rift zone"
221260,"Butajiri-Silti Field","Ethiopia","Eastern Africa Volcanic Regions","Main Ethiopian Rift Volcanic Province","Cluster","Volcanic field","Evidence Credible","Unknown",8.05,38.35,2281,"Basalt / Picro-Basalt","Rift zone / Continental crust (>25 km)","Africa-NE","Fissure vent","Holocene","U","Rift zone"
221270,"Aluto","Ethiopia","Eastern Africa Volcanic Regions","Main Ethiopian Rift Volcanic Province","Composite","Stratovolcano","Eruption Dated","1550 CE",7.77,38.78,2335,"Rhyolite","Rift zone / Continental crust (>25 km)","Africa-NE","Stratovolcano","Holocene","U","Rift zone"
221280,"Shala","Ethiopia","Eastern Africa Volcanic Regions","Main Ethiopian Rift Volcanic Province","Caldera","Caldera","Evidence Credible","Unknown",7.4569,38.5571,2075,"Rhyolite","Rift zone / Continental crust (>25 km)","Africa-NE","Stratovolcano","Holocene","U","Rift zone"
221290,"Corbetti","Ethiopia","Eastern Africa Volcanic Regions","Main Ethiopian Rift Volcanic Province","Caldera","Caldera","Evidence Credible","396 BCE",7.193,38.39,2289,"Rhyolite","Rift zone / Continental crust (>25 km)","Africa-NE","Caldera","Holocene","U","Rift zone"
221291,"Bilate River Field","Ethiopia","Eastern Africa Volcanic Regions","Main Ethiopian Rift Volcanic Province","Cluster","Volcanic field","Unrest / Holocene","Unknown",7.07,38.1,1700,"No Data (checked)","Intraplate / Continental crust (>25 km)","Africa-NE","Maar","Holocene","U","Intraplate"
221294,"Northern Lake Abaya Volcanic Field","Ethiopia","Eastern Africa Volcanic Regions","Main Ethiopian Rift Volcanic Province","Cluster","Volcanic field","Evidence Credible","Unknown",6.76,37.97,1594,NA,"Intraplate / Continental crust (>25 km)","Africa-NE","Volcanic field","","Unknown","Intraplate"
221320,"Korath Range","Ethiopia","Eastern Africa Volcanic Regions","Kenyan Rift Volcanic Province","Cluster","Tuff cone(s)","Evidence Uncertain","Unknown",5.117,35.892,912,"Trachybasalt / Tephrite Basanite","Rift zone / Intermediate crust (15-25 km)","Africa-NE","Tuff cone","Holocene","Unknown","Rift zone"
221330,"Mega Volcanic Field","Ethiopia","Eastern Africa Volcanic Regions","Kenyan Rift Volcanic Province","Cluster","Volcanic field","Evidence Credible","Unknown",3.971,38.213,1500,NA,"Rift zone / Intermediate crust (15-25 km)","Africa-E","Pyroclastic cone","Holocene","U","Rift zone"
222001,"Lake Turkana North Island","Kenya","Eastern Africa Volcanic Regions","Kenyan Rift Volcanic Province","Minor (Basaltic)","Tuff cone(s)","Evidence Credible","Unknown",4.0631,36.0458,490,"Trachyandesite / Basaltic Trachyandesite","Rift zone / Continental crust (>25 km)","Africa-E","Tuff cone","Holocene","U","Rift zone"
222010,"Lake Turkana Central Island","Kenya","Eastern Africa Volcanic Regions","Kenyan Rift Volcanic Province","Minor (Basaltic)","Tuff cone(s)","Evidence Credible","Unknown",3.496,36.0365,518,"Basalt / Picro-Basalt","Rift zone / Continental crust (>25 km)","Africa-E","Stratovolcano","Holocene","U","Rift zone"
222020,"Lake Turkana South Island","Kenya","Eastern Africa Volcanic Regions","Kenyan Rift Volcanic Province","Shield","Stratovolcano","Eruption Observed","1888 CE",2.6364,36.5958,800,"Basalt / Picro-Basalt","Rift zone / Continental crust (>25 km)","Africa-E","Stratovolcano","Historical","D3","Rift zone"
222021,"Marsabit","Kenya","Eastern Africa Volcanic Regions","Kenyan Rift Volcanic Province","Shield","Shield","Evidence Uncertain","Unknown",2.32,37.97,1707,"Basalt / Picro-Basalt","Rift zone / Continental crust (>25 km)","Africa-E","Shield volcano","Holocene","Unknown","Rift zone"
222030,"Barrier, The","Kenya","Eastern Africa Volcanic Regions","Kenyan Rift Volcanic Province","Shield","Shield","Eruption Observed","1921 CE",2.32,36.57,1032,"Trachyte / Trachydacite","Rift zone / Continental crust (>25 km)","Africa-E","Shield volcano","Historical","D2","Rift zone"
222040,"Namarunu","Kenya","Eastern Africa Volcanic Regions","Kenyan Rift Volcanic Province","Shield","Shield","Eruption Dated","6550 BCE",1.98,36.43,817,"Basalt / Picro-Basalt","Rift zone / Continental crust (>25 km)","Africa-E","Shield volcano","Tephrochronology","D7","Rift zone"
222050,"Segererua Plateau","Kenya","Eastern Africa Volcanic Regions","Kenyan Rift Volcanic Province","Cluster","Pyroclastic cone(s)","Evidence Credible","Unknown",1.57,37.9,699,"Basalt / Picro-Basalt","Rift zone / Continental crust (>25 km)","Africa-E","Pyroclastic cone","Holocene","U","Rift zone"
222051,"Emuruangogolak","Kenya","Eastern Africa Volcanic Regions","Kenyan Rift Volcanic Province","Shield","Shield","Eruption Dated","1910 CE",1.5,36.33,1285,"Trachyte / Trachydacite","Rift zone / Continental crust (>25 km)","Africa-E","Shield volcano","Radiocarbon","D2","Rift zone"
222052,"Silali","Kenya","Eastern Africa Volcanic Regions","Kenyan Rift Volcanic Province","Shield","Shield","Eruption Dated","5050 BCE",1.15,36.23,1528,"Trachyte / Trachydacite","Rift zone / Continental crust (>25 km)","Africa-E","Shield volcano","Ar/Ar","D7","Rift zone"
222053,"Paka","Kenya","Eastern Africa Volcanic Regions","Kenyan Rift Volcanic Province","Shield","Shield","Eruption Dated","7550 BCE",0.92,36.18,1697,"Trachyte / Trachydacite","Rift zone / Continental crust (>25 km)","Africa-E","Shield volcano","Ar/Ar","D7","Rift zone"
222054,"Korosi","Kenya","Eastern Africa Volcanic Regions","Kenyan Rift Volcanic Province","Shield","Shield","Evidence Credible","Unknown",0.77,36.12,1446,"Trachyte / Trachydacite","Rift zone / Continental crust (>25 km)","Africa-E","Shield volcano","Holocene","U","Rift zone"
222055,"Ol Kokwe","Kenya","Eastern Africa Volcanic Regions","Kenyan Rift Volcanic Province","Shield","Shield","Evidence Credible","Unknown",0.62,36.075,1130,"Basalt / Picro-Basalt","Rift zone / Continental crust (>25 km)","Africa-E","Shield volcano","Holocene","U","Rift zone"
222056,"Nyambeni Hills","Kenya","Eastern Africa Volcanic Regions","Kenyan Rift Volcanic Province","Shield","Shield","Evidence Credible","Unknown",0.23,37.87,750,"Basalt / Picro-Basalt","Rift zone / Continental crust (>25 km)","Africa-E","Shield volcano","Holocene","U","Rift zone"
222060,"Menengai","Kenya","Eastern Africa Volcanic Regions","Kenyan Rift Volcanic Province","Shield","Shield","Eruption Dated","6050 BCE",-0.2,36.07,2278,"Trachyte / Trachydacite","Rift zone / Continental crust (>25 km)","Africa-E","Shield volcano","Tephrochronology","D7","Rift zone"
222070,"Homa Mountain","Kenya","Eastern Africa Volcanic Regions","Kenyan Rift Volcanic Province","Composite","Complex","Evidence Credible","Unknown",-0.38,34.5,1751,"Foidite","Rift zone / Continental crust (>25 km)","Africa-E","Complex volcano","Holocene","U","Rift zone"
222071,"Elmenteita Badlands","Kenya","Eastern Africa Volcanic Regions","Kenyan Rift Volcanic Province","Cluster","Pyroclastic cone(s)","Evidence Credible","Unknown",-0.546,36.249,2126,"Basalt / Picro-Basalt","Rift zone / Continental crust (>25 km)","Africa-E","Pyroclastic cone","Holocene","U","Rift zone"
222080,"Eburru, Ol Doinyo","Kenya","Eastern Africa Volcanic Regions","Kenyan Rift Volcanic Province","Composite","Complex","Evidence Credible","Unknown",-0.65,36.22,2856,"Rhyolite","Rift zone / Continental crust (>25 km)","Africa-E","Complex volcano","Holocene","U","Rift zone"
222090,"Olkaria","Kenya","Eastern Africa Volcanic Regions","Kenyan Rift Volcanic Province","Cluster","Pyroclastic cone(s)","Eruption Dated","1770 CE",-0.904,36.292,2434,"Rhyolite","Rift zone / Continental crust (>25 km)","Africa-E","Pumice cone","Radiocarbon","D4","Rift zone"
222100,"Longonot","Kenya","Eastern Africa Volcanic Regions","Kenyan Rift Volcanic Province","Composite","Stratovolcano","Eruption Dated","1863 CE",-0.914,36.446,2776,"Trachyte / Trachydacite","Rift zone / Continental crust (>25 km)","Africa-E","Stratovolcano","Anthropology","D3","Rift zone"
222110,"Suswa","Kenya","Eastern Africa Volcanic Regions","Kenyan Rift Volcanic Province","Shield","Shield","Evidence Credible","Unknown",-1.151,36.357,2356,"Phonolite","Rift zone / Continental crust (>25 km)","Africa-E","Shield volcano","Holocene","U","Rift zone"
222120,"Lengai, Ol Doinyo","Tanzania","Eastern Africa Volcanic Regions","Kenyan Rift Volcanic Province","Composite","Stratovolcano","Eruption Observed","2026 CE",-2.764,35.914,2962,"Foidite","Rift zone / Continental crust (>25 km)","Africa-E","Stratovolcano","Historical","D1","Rift zone"
222130,"Chyulu Hills","Kenya","Eastern Africa Volcanic Regions","Kenyan Rift Volcanic Province","Cluster","Volcanic field","Eruption Dated","1855 CE",-2.68,37.88,2188,"Trachybasalt / Tephrite Basanite","Rift zone / Continental crust (>25 km)","Africa-E","Volcanic field","Anthropology","D3","Rift zone"
222160,"Meru","Tanzania","Eastern Africa Volcanic Regions","Kenyan Rift Volcanic Province","Composite","Stratovolcano","Eruption Observed","1910 CE",-3.244,36.75,4550,"Phonolite","Rift zone / Continental crust (>25 km)","Africa-E","Stratovolcano","Historical","D2","Rift zone"
222164,"Ngozi","Tanzania","Eastern Africa Volcanic Regions","Rukwa Rift Volcanic Province","Caldera","Caldera","Eruption Dated","1450 CE",-9.0036,33.552,2614,"Trachyte / Trachydacite","Rift zone / Continental crust (>25 km)","Africa-E","Caldera","Holocene","U","Rift zone"
222166,"Rungwe","Tanzania","Eastern Africa Volcanic Regions","Rukwa Rift Volcanic Province","Composite","Stratovolcano","Eruption Dated","1250 CE",-9.135,33.668,2953,"Trachyte / Trachydacite","Rift zone / Continental crust (>25 km)","Africa-E","Stratovolcano","Holocene","U","Rift zone"
222170,"Kyejo","Tanzania","Eastern Africa Volcanic Regions","Rukwa Rift Volcanic Province","Composite","Stratovolcano","Eruption Observed","1800 CE",-9.229,33.792,2176,"Trachyte / Trachydacite","Rift zone / Continental crust (>25 km)","Africa-E","Stratovolcano","Historical","D3","Rift zone"
223001,"Fort Portal Volcanic Field","Uganda","Eastern Africa Volcanic Regions","Albertine Rift Volcanic Province","Cluster","Volcanic field","Eruption Dated","2120 BCE",0.7,30.25,1615,"Foidite","Rift zone / Continental crust (>25 km)",NA,NA,NA,NA,"Rift zone"
223002,"Ndali-Kasenda Volcanic Field","Uganda","Eastern Africa Volcanic Regions","Albertine Rift Volcanic Province","Cluster","Volcanic field","Evidence Uncertain","Unknown",0.4583,30.275,1300,"Foidite","Rift zone / Continental crust (>25 km)",NA,NA,NA,NA,"Rift zone"
223020,"Nyamulagira","DR Congo","Eastern Africa Volcanic Regions","Albertine Rift Volcanic Province","Shield","Shield","Eruption Observed","2026 CE",-1.408,29.2,3058,"Trachybasalt / Tephrite Basanite","Rift zone / Continental crust (>25 km)","Africa-C","Shield volcano","Historical","D1","Rift zone"
223030,"Nyiragongo","DR Congo","Eastern Africa Volcanic Regions","Albertine Rift Volcanic Province","Composite","Stratovolcano","Eruption Observed","2026 CE",-1.52,29.25,3470,"Foidite","Rift zone / Continental crust (>25 km)","Africa-C","Stratovolcano","Historical","D1","Rift zone"
223040,"Karisimbi","DR Congo-Rwanda","Eastern Africa Volcanic Regions","Albertine Rift Volcanic Province","Composite","Stratovolcano","Eruption Dated","8050 BCE",-1.506,29.45,4490,"Trachybasalt / Tephrite Basanite","Rift zone / Continental crust (>25 km)","Africa-C","Stratovolcano","Holocene","U","Rift zone"
223045,"Mugogo","DR Congo","Eastern Africa Volcanic Regions","Albertine Rift Volcanic Province","Minor","Cone",NA,"1957 CE",-1.3687,29.48,2338,NA,"Rift zone / Continental crust (>25 km)",NA,NA,NA,NA,"Rift zone"
224004,"Basile, Pico","Equatorial Guinea","Northern Africa Volcanic Regions","Western Africa Volcanic Province","Shield","Shield","Eruption Observed","1923 CE",3.588,8.762,2999,"Basalt / Picro-Basalt","Intraplate / Continental crust (>25 km)",NA,NA,NA,NA,"Intraplate"
224010,"Cameroon","Cameroon","Northern Africa Volcanic Regions","Western Africa Volcanic Province","Composite","Stratovolcano","Eruption Observed","2000 CE",4.203,9.17,4095,"Trachybasalt / Tephrite Basanite","Intraplate / Continental crust (>25 km)","Africa-W","Stratovolcano","Historical","D1","Intraplate"
224011,"Tombel Graben","Cameroon","Northern Africa Volcanic Regions","Western Africa Volcanic Province","Cluster","Volcanic field","Evidence Credible","Unknown",4.758,9.717,500,"Trachybasalt / Tephrite Basanite","Intraplate / Continental crust (>25 km)","Africa-W","Cinder cones","Holocene","U","Intraplate"
224030,"Oku Volcanic Field","Cameroon","Northern Africa Volcanic Regions","Western Africa Volcanic Province","Cluster","Volcanic field","Evidence Uncertain","Unknown",6.25,10.5,3011,"Basalt / Picro-Basalt","Intraplate / Continental crust (>25 km)","Africa-W","Maar","Radiocarbon","D5","Intraplate"
225001,"Todra Volcanic Field","Niger","Northern Africa Volcanic Regions","West Central Sahara Volcanic Province","Cluster","Volcanic field","Evidence Credible","Unknown",17.68,8.5,1780,"Basalt / Picro-Basalt","Intraplate / Continental crust (>25 km)","Africa-N","Volcanic field","Holocene","U","Intraplate"
225004,"Tahalra Volcanic Field","Algeria","Northern Africa Volcanic Regions","West Central Sahara Volcanic Province","Cluster","Volcanic field","Evidence Credible","Unknown",22.67,5,1467,"Trachybasalt / Tephrite Basanite","Intraplate / Continental crust (>25 km)","Africa-N","Pyroclastic cones","Holocene","U","Intraplate"
225005,"Atakor Volcanic Field","Algeria","Northern Africa Volcanic Regions","West Central Sahara Volcanic Province","Cluster","Volcanic field","Evidence Credible","Unknown",23.33,5.83,2918,"Trachybasalt / Tephrite Basanite","Intraplate / Continental crust (>25 km)","Africa-N","Scoria cones","Holocene","U","Intraplate"
225006,"Manzaz Volcanic Field","Algeria","Northern Africa Volcanic Regions","West Central Sahara Volcanic Province","Cluster","Volcanic field","Evidence Credible","Unknown",23.92,5.83,1672,"Trachybasalt / Tephrite Basanite","Intraplate / Continental crust (>25 km)","Africa-N","Scoria cones","Holocene","U","Intraplate"
225009,"Toh, Tarso","Chad","Northern Africa Volcanic Regions","East Central Sahara Volcanic Province","Cluster","Volcanic field","Evidence Credible","Unknown",21.33,16.33,2000,"Basalt / Picro-Basalt","Intraplate / Continental crust (>25 km)","Africa-N","Volcanic field","Holocene","U","Intraplate"
225010,"Tousside, Tarso","Chad","Northern Africa Volcanic Regions","East Central Sahara Volcanic Province","Composite","Stratovolcano","Evidence Credible","Unknown",21.0408,16.473,3299,"Trachyte / Trachydacite","Intraplate / Continental crust (>25 km)","Africa-N","Stratovolcano","Holocene","U","Intraplate"
225020,"Voon, Tarso","Chad","Northern Africa Volcanic Regions","East Central Sahara Volcanic Province","Composite","Stratovolcano","Unrest / Holocene","Unknown",20.92,17.28,3100,"Trachyte / Trachydacite","Intraplate / Continental crust (>25 km)","Africa-N","Stratovolcano","Fumarolic","U","Intraplate"
225021,"Koussi, Emi","Chad","Northern Africa Volcanic Regions","East Central Sahara Volcanic Province","Shield","Shield(pyroclastic)","Evidence Credible","Unknown",19.8,18.53,3415,"Trachyte / Trachydacite","Intraplate / Continental crust (>25 km)","Africa-N","Stratovolcano","Holocene","U","Intraplate"
225030,"Marra, Jebel","Sudan","Northern Africa Volcanic Regions","Southeast Sahara Volcanic Province","Cluster","Volcanic field","Eruption Dated","2000 BCE",12.95,24.27,3042,"Basalt / Picro-Basalt","Intraplate / Continental crust (>25 km)","Africa-N","Volcanic field","Radiocarbon","D7","Intraplate"
225040,"Kutum Volcanic Field","Sudan","Northern Africa Volcanic Regions","Southeast Sahara Volcanic Province","Cluster","Volcanic field","Evidence Uncertain","Unknown",14.57,25.85,1779,"Basalt / Picro-Basalt","Intraplate / Continental crust (>25 km)","Africa-N","Scoria cone","Holocene","Unknown","Intraplate"
225050,"Meidob Volcanic Field","Sudan","Northern Africa Volcanic Regions","Southeast Sahara Volcanic Province","Cluster","Volcanic field","Eruption Dated","2950 BCE",15.32,26.47,2000,"Trachybasalt / Tephrite Basanite","Intraplate / Continental crust (>25 km)","Africa-N","Scoria cone","Holocene","D7","Intraplate"
225060,"Bayuda Volcanic Field","Sudan","Northern Africa Volcanic Regions","Southeast Sahara Volcanic Province","Cluster","Volcanic field","Eruption Dated","850 CE",18.33,32.75,670,"Trachybasalt / Tephrite Basanite","Intraplate / Continental crust (>25 km)","Africa-N","Cinder cone","Radiocarbon","D6","Intraplate"
231001,"Ash Shaam, Harrat","Syria-Jordan-Saudi Arabia","Arabia-Central Asia Volcanic Regions","Northern Arabia Volcanic Province","Cluster","Volcanic field","Eruption Observed","2670 BCE",32.333,37.583,1100,"Basalt / Picro-Basalt","Intraplate / Continental crust (>25 km)","Arabia-W","Volcanic field","Holocene","U","Intraplate"
231040,"Lunayyir, Harrat","Saudi Arabia","Arabia-Central Asia Volcanic Regions","Western Arabia Volcanic Province","Cluster","Volcanic field","Eruption Observed","1000 CE",25.17,37.75,1370,"Basalt / Picro-Basalt","Intraplate / Continental crust (>25 km)","Arabia-W","Volcanic field","Historical","D6","Intraplate"
231050,"Ithnayn, Harrat","Saudi Arabia","Arabia-Central Asia Volcanic Regions","Western Arabia Volcanic Province","Cluster","Volcanic field","Evidence Credible","Unknown",26.58,40.2,1625,"Basalt / Picro-Basalt","Intraplate / Continental crust (>25 km)","Arabia-W","Volcanic field","Holocene","U","Intraplate"
231060,"Khaybar, Harrat","Saudi Arabia","Arabia-Central Asia Volcanic Regions","Western Arabia Volcanic Province","Cluster","Volcanic field","Eruption Observed","650 CE",25.5,40,2093,"Basalt / Picro-Basalt","Intraplate / Continental crust (>25 km)","Arabia-W","Volcanic field","Historical","D6","Intraplate"
231070,"Rahat, Harrat","Saudi Arabia","Arabia-Central Asia Volcanic Regions","Western Arabia Volcanic Province","Cluster","Volcanic field","Eruption Observed","1256 CE",23.08,39.78,1744,"Basalt / Picro-Basalt","Intraplate / Continental crust (>25 km)","Arabia-W","Volcanic field","Historical","D6","Intraplate"
231071,"Kishb, Harrat","Saudi Arabia","Arabia-Central Asia Volcanic Regions","Western Arabia Volcanic Province","Cluster","Volcanic field","Evidence Credible","Unknown",22.8,41.38,1475,"Trachybasalt / Tephrite Basanite","Intraplate / Continental crust (>25 km)","Arabia-W","Volcanic field","Holocene","U","Intraplate"
231072,"Birk, Harrat al","Saudi Arabia","Arabia-Central Asia Volcanic Regions","Southwest Arabia Volcanic Province","Cluster","Volcanic field","Evidence Credible","Unknown",18.37,41.63,587,"Basalt / Picro-Basalt","Intraplate / Continental crust (>25 km)","Arabia-W","Volcanic field","Holocene","U","Intraplate"
231080,"Yar, Jabal","Saudi Arabia","Arabia-Central Asia Volcanic Regions","Southwest Arabia Volcanic Province","Cluster","Volcanic field","Eruption Observed","1810 CE",17.05,42.83,305,"Basalt / Picro-Basalt","Intraplate / Continental crust (>25 km)","Arabia-W","Volcanic field","Historical","D3","Intraplate"
231090,"Arhab, Harra of","Yemen","Arabia-Central Asia Volcanic Regions","Southwest Arabia Volcanic Province","Cluster","Volcanic field","Eruption Observed","500 CE",15.6025,44.0978,3100,"Trachybasalt / Tephrite Basanite","Intraplate / Continental crust (>25 km)","Arabia-S","Volcanic field","Historical","D6","Intraplate"
231110,"Haylan, Jabal","Yemen","Arabia-Central Asia Volcanic Regions","Southwest Arabia Volcanic Province","Cluster","Volcanic field","Eruption Dated","1200 BCE",15.4,45.1,1550,"Basalt / Picro-Basalt","Intraplate / Continental crust (>25 km)","Arabia-S","Volcanic field","Anthropology","D7","Intraplate"
231120,"Dhamar, Harras of","Yemen","Arabia-Central Asia Volcanic Regions","Southwest Arabia Volcanic Province","Cluster","Volcanic field","Eruption Observed","Unknown",14.57,44.67,3500,"Basalt / Picro-Basalt","Intraplate / Continental crust (>25 km)","Arabia-S","Volcanic field","Historical","D2","Intraplate"
231160,"Sawad, Harra Es-","Yemen","Arabia-Central Asia Volcanic Regions","Southwest Arabia Volcanic Province","Cluster","Volcanic field","Eruption Observed","1253 CE",13.58,46.12,1737,"Trachybasalt / Tephrite Basanite","Intraplate / Continental crust (>25 km)","Arabia-S","Volcanic field","Historical","D6","Intraplate"
231170,"Balhaf-Bir Ali Volcanic Field","Yemen","Arabia-Central Asia Volcanic Regions","Southwest Arabia Volcanic Province","Cluster","Volcanic field","Evidence Credible","Unknown",14.067,48.3,604,"Basalt / Picro-Basalt","Intraplate / Continental crust (>25 km)","Arabia-S","Volcanic field","Holocene","U","Intraplate"
231180,"Bir Borhut","Yemen","Arabia-Central Asia Volcanic Regions","Southwest Arabia Volcanic Province","Cluster","Volcanic field","Evidence Uncertain","Unknown",15.515,50.935,464,"Basalt / Picro-Basalt","Intraplate / Continental crust (>25 km)","Arabia-S","Volcanic field","Holocene","Unknown","Intraplate"
232010,"Damavand","Iran","Arabia-Central Asia Volcanic Regions","Caucasus Volcanic Province","Composite","Stratovolcano","Eruption Dated","5350 BCE",35.951,52.109,5670,"Trachyandesite / Basaltic Trachyandesite","Intraplate / Continental crust (>25 km)","Iran","Stratovolcano","Holocene","U","Intraplate"
233001,"Grille, La","Union of the Comoros","Somalian-Antarctic Volcanic Regions","Madagascar-Comoros Volcanic Province","Shield","Shield","Evidence Credible","Unknown",-11.4861,43.35,1064,"Trachybasalt / Tephrite Basanite","Intraplate / Oceanic crust (< 15 km)","Indian O-W","Shield volcano","Holocene","U","Intraplate"
233005,"Mayotte","France","Somalian-Antarctic Volcanic Regions","Madagascar-Comoros Volcanic Province","Shield","Shield","Eruption Dated","2050 BCE",-12.83,45.17,660,"Basalt / Picro-Basalt","Intraplate / Oceanic crust (< 15 km)","Indian O-W","Shield","","D1","Intraplate"
233010,"Karthala","Union of the Comoros","Somalian-Antarctic Volcanic Regions","Madagascar-Comoros Volcanic Province","Shield","Shield","Eruption Observed","2007 CE",-11.7658,43.3639,2350,"Basalt / Picro-Basalt","Intraplate / Oceanic crust (< 15 km)","Indian O-W","Shield volcano","Historical","D1","Intraplate"
233020,"Fournaise, Piton de la","France","Somalian-Antarctic Volcanic Regions","Reunion Hotspot Volcano Group","Shield","Shield","Eruption Observed","2026 CE",-21.244,55.708,2632,"Basalt / Picro-Basalt","Intraplate / Oceanic crust (< 15 km)","Indian O-W","Shield volcano","Historical","D1","Intraplate"
233040,"Fani Maore","France","Somalian-Antarctic Volcanic Regions","Madagascar-Comoros Volcanic Province","Composite","Cone","Eruption Observed","2019 CE",-12.9121,45.7075,-2500,NA,"Intraplate / Oceanic crust (< 15 km)",NA,NA,NA,NA,"Intraplate"
234000,"Boomerang Seamount","France","Somalian-Antarctic Volcanic Regions","Amsterdam-St. Paul Hotspot Volcano Group","Caldera","Caldera","Eruption Dated","1995 CE",-37.7216,77.8221,-650,"Basalt / Picro-Basalt","Rift zone / Oceanic crust (< 15 km)","Indian O.-S","Submarine volcano","Historical","D2","Rift zone"
234001,"Amsterdam Island","France","Somalian-Antarctic Volcanic Regions","Amsterdam-St. Paul Hotspot Volcano Group","Composite","Stratovolcano","Evidence Credible","Unknown",-37.83,77.52,881,"Basalt / Picro-Basalt","Rift zone / Oceanic crust (< 15 km)","Indian O-S","Stratovolcano","Holocene","U","Rift zone"
234002,"St. Paul","France","Somalian-Antarctic Volcanic Regions","Amsterdam-St. Paul Hotspot Volcano Group","Composite","Stratovolcano","Eruption Observed","1793 CE",-38.72,77.53,268,"Basalt / Picro-Basalt","Rift zone / Oceanic crust (< 15 km)","Indian O-S","Stratovolcano","Historical","D4","Rift zone"
234010,"Heard","Australia","Somalian-Antarctic Volcanic Regions","Kerguelen Hotspot Volcano Group","Composite","Stratovolcano","Eruption Observed","2026 CE",-53.106,73.513,2745,"Trachybasalt / Tephrite Basanite","Intraplate / Oceanic crust (< 15 km)","Indian O-S","Stratovolcano","Historical","D1","Intraplate"
234011,"McDonald Islands","Australia","Somalian-Antarctic Volcanic Regions","Kerguelen Hotspot Volcano Group","Composite","Complex","Eruption Observed","2005 CE",-53.0394,72.595,263,"Phonolite","Intraplate / Oceanic crust (< 15 km)","Indian O-S","Complex volcano","Historical","D1","Intraplate"
234020,"Kerguelen Islands","France","Somalian-Antarctic Volcanic Regions","Kerguelen Hotspot Volcano Group","Composite","Stratovolcano(es)","Evidence Uncertain","Unknown",-49.58,69.5,1840,"Trachyandesite / Basaltic Trachyandesite","Intraplate / Oceanic crust (< 15 km)","Indian O-S","Stratovolcano","Holocene","U","Intraplate"
234030,"Est, Ile de l'","France","Somalian-Antarctic Volcanic Regions","Crozet Hotspot Volcano Group","Composite","Stratovolcano","Evidence Uncertain","Unknown",-46.43,52.2,1090,"Basalt / Picro-Basalt","Rift zone / Oceanic crust (< 15 km)","Indian O-S","Stratovolcano","Holocene","Unknown","Rift zone"
234040,"Possession, Ile de la","France","Somalian-Antarctic Volcanic Regions","Crozet Hotspot Volcano Group","Composite","Stratovolcano","Evidence Credible","Unknown",-46.42,51.75,934,"Basalt / Picro-Basalt","Rift zone / Oceanic crust (< 15 km)","Indian O-S","Stratovolcano","Holocene","U","Rift zone"
234050,"Cochons, Ile aux","France","Somalian-Antarctic Volcanic Regions","Crozet Hotspot Volcano Group","Composite","Stratovolcano","Evidence Credible","Unknown",-46.1,50.23,775,"Basalt / Picro-Basalt","Rift zone / Oceanic crust (< 15 km)",NA,NA,NA,NA,"Rift zone"
234060,"Prince Edward Island","South Africa","Somalian-Antarctic Volcanic Regions","Marion Hotspot Volcano Group","Shield","Shield","Evidence Credible","Unknown",-46.63,37.95,672,"Basalt / Picro-Basalt","Rift zone / Oceanic crust (< 15 km)","Indian O-S","Shield volcano","Holocene","U","Rift zone"
234070,"Marion Island","South Africa","Somalian-Antarctic Volcanic Regions","Marion Hotspot Volcano Group","Shield","Shield(s)","Eruption Observed","2004 CE",-46.9,37.75,1230,"Basalt / Picro-Basalt","Rift zone / Oceanic crust (< 15 km)","Indian O-S","Shield volcano","Historical","D1","Rift zone"
241020,"Auckland Volcanic Field","New Zealand","Tonga-Kermadec Volcanic Regions","Western North Island Volcanic Province","Cluster","Volcanic field","Eruption Dated","1446 CE",-36.89,174.81,260,"Trachybasalt / Tephrite Basanite","Intraplate / Continental crust (>25 km)","New Zealand","Volcanic field","Radiocarbon","D6","Intraplate"
241021,"Tuhua/Mayor Island","New Zealand","Tonga-Kermadec Volcanic Regions","Taupo Volcanic Arc","Shield","Shield","Eruption Dated","5055 BCE",-37.28,176.25,355,"Rhyolite","Subduction zone / Continental crust (>25 km)",NA,NA,NA,NA,"Subduction zone"
241030,"Taranaki","New Zealand","Tonga-Kermadec Volcanic Regions","Western North Island Volcanic Province","Composite","Stratovolcano","Eruption Observed","1800 CE",-39.3,174.07,2518,"Andesite / Basaltic Andesite","Subduction zone / Continental crust (>25 km)","New Zealand","Stratovolcano","Radiocarbon","D4","Subduction zone"
241040,"Whakaari/White Island","New Zealand","Tonga-Kermadec Volcanic Regions","Taupo Volcanic Arc","Composite","Stratovolcano(es)","Eruption Observed","2026 CE",-37.52,177.18,294,"Andesite / Basaltic Andesite","Subduction zone / Continental crust (>25 km)","New Zealand","Stratovolcano","Historical","D1","Subduction zone"
241050,"Okataina","New Zealand","Tonga-Kermadec Volcanic Regions","Taupo Volcanic Arc","Cluster","Lava dome(s)","Eruption Observed","1981 CE",-38.1569,176.5069,1111,"Rhyolite","Subduction zone / Continental crust (>25 km)","New Zealand","Lava dome","Historical","D1","Subduction zone"
241070,"Taupo","New Zealand","Tonga-Kermadec Volcanic Regions","Taupo Volcanic Arc","Caldera","Caldera","Eruption Dated","260 CE",-38.7811,175.893,760,"Rhyolite","Subduction zone / Continental crust (>25 km)","New Zealand","Caldera","Radiocarbon","D6","Subduction zone"
241080,"Tongariro","New Zealand","Tonga-Kermadec Volcanic Regions","Taupo Volcanic Arc","Composite","Stratovolcano(es)","Eruption Observed","2012 CE",-39.157,175.632,1978,"Andesite / Basaltic Andesite","Subduction zone / Continental crust (>25 km)","New Zealand","Stratovolcano","Historical","D1","Subduction zone"
241100,"Ruapehu","New Zealand","Tonga-Kermadec Volcanic Regions","Taupo Volcanic Arc","Composite","Stratovolcano","Eruption Observed","2007 CE",-39.28,175.57,2797,"Andesite / Basaltic Andesite","Subduction zone / Continental crust (>25 km)","New Zealand","Stratovolcano","Historical","D1","Subduction zone"
241101,"Clark","New Zealand","Tonga-Kermadec Volcanic Regions","Southern Kermadec Volcanic Arc","Composite","Stratovolcano","Unrest / Holocene","Unknown",-36.446,177.839,-860,"Basalt / Picro-Basalt","Subduction zone / Oceanic crust (< 15 km)","New Zealand","Submarine volcano","Fumarolic","U","Subduction zone"
241102,"Tangaroa","New Zealand","Tonga-Kermadec Volcanic Regions","Southern Kermadec Volcanic Arc","Composite","Stratovolcano","Unrest / Holocene","Unknown",-36.321,178.028,-600,"Basalt / Picro-Basalt","Subduction zone / Oceanic crust (< 15 km)","New Zealand","Submarine volcano","Fumarolic","U","Subduction zone"
241110,"Rumble V","New Zealand","Tonga-Kermadec Volcanic Regions","Southern Kermadec Volcanic Arc","Composite","Stratovolcano","Unrest / Holocene","Unknown",-36.142,178.196,-400,"Andesite / Basaltic Andesite","Subduction zone / Oceanic crust (< 15 km)","New Zealand","Submarine volcano","Fumarolic","U","Subduction zone"
241120,"Rumble IV","New Zealand","Tonga-Kermadec Volcanic Regions","Southern Kermadec Volcanic Arc","Composite","Stratovolcano","Unrest / Holocene","Unknown",-36.13,178.05,-500,"Andesite / Basaltic Andesite","Subduction zone / Oceanic crust (< 15 km)","New Zealand","Submarine volcano","Fumarolic","U","Subduction zone"
241130,"Rumble III","New Zealand","Tonga-Kermadec Volcanic Regions","Southern Kermadec Volcanic Arc","Composite","Stratovolcano","Eruption Observed","2008 CE",-35.745,178.478,-220,"Andesite / Basaltic Andesite","Subduction zone / Oceanic crust (< 15 km)","New Zealand","Submarine volcano","Hydrophonic","D1","Subduction zone"
241131,"Rumble II West","New Zealand","Tonga-Kermadec Volcanic Regions","Southern Kermadec Volcanic Arc","Composite","Stratovolcano","Unrest / Holocene","Unknown",-35.353,178.527,-1200,"Andesite / Basaltic Andesite","Subduction zone / Oceanic crust (< 15 km)","New Zealand","Submarine volcano","Fumarolic","U","Subduction zone"
241140,"Healy","New Zealand","Tonga-Kermadec Volcanic Regions","Southern Kermadec Volcanic Arc","Composite","Stratovolcano","Eruption Dated","1360 CE",-35.004,178.973,-980,"Dacite","Subduction zone / Oceanic crust (< 15 km)","New Zealand","Submarine volcano","Radiocarbon","D6","Subduction zone"
241150,"Brothers","New Zealand","Tonga-Kermadec Volcanic Regions","Southern Kermadec Volcanic Arc","Caldera","Caldera","Unrest / Holocene","Unknown",-34.875,179.0667,-1350,"Dacite","Subduction zone / Oceanic crust (< 15 km)","New Zealand","Submarine volcano","Fumarolic","U","Subduction zone"
242001,"Wright","New Zealand","Tonga-Kermadec Volcanic Regions","Middle Kermadec Volcanic Arc","Composite","Stratovolcano(es)","Unrest / Holocene","Unknown",-31.85,-179.18,-900,"Basalt / Picro-Basalt","Subduction zone / Oceanic crust (< 15 km)","Kermadec Is","Submarine volcanoes","Fumarolic","U","Subduction zone"
242005,"Havre Seamount","New Zealand","Tonga-Kermadec Volcanic Regions","Middle Kermadec Volcanic Arc","Composite","Stratovolcano","Eruption Observed","2012 CE",-31.08,-179.033,-897,NA,"Subduction zone / Oceanic crust (< 15 km)","Kermadec Is","Submarine","","D1","Subduction zone"
242010,"Curtis Island","New Zealand","Tonga-Kermadec Volcanic Regions","Middle Kermadec Volcanic Arc","Composite","Stratovolcano","Unrest / Holocene","Unknown",-30.543,-178.556,47,"Andesite / Basaltic Andesite","Subduction zone / Oceanic crust (< 15 km)","Kermadec Is","Submarine volcano","Uncertain","Unknown","Subduction zone"
242021,"Macauley","New Zealand","Tonga-Kermadec Volcanic Regions","Middle Kermadec Volcanic Arc","Caldera","Caldera","Eruption Dated","4360 BCE",-30.21,-178.475,238,"Basalt / Picro-Basalt","Subduction zone / Oceanic crust (< 15 km)","Kermadec Is","Caldera","Holocene","U","Subduction zone"
242022,"Giggenbach","New Zealand","Tonga-Kermadec Volcanic Regions","Middle Kermadec Volcanic Arc","Composite","Stratovolcano","Unrest / Holocene","Unknown",-30.036,-178.712,-65,"Basalt / Picro-Basalt","Subduction zone / Oceanic crust (< 15 km)","Kermadec Is","Submarine volcano","Fumarolic","U","Subduction zone"
242030,"Raoul Island","New Zealand","Tonga-Kermadec Volcanic Regions","Northern Kermadec Volcanic Arc","Composite","Stratovolcano","Eruption Observed","2006 CE",-29.27,-177.92,516,"Andesite / Basaltic Andesite","Subduction zone / Oceanic crust (< 15 km)","Kermadec Is","Stratovolcano","Historical","D1","Subduction zone"
242050,"Monowai","New Zealand","Tonga-Kermadec Volcanic Regions","Northern Kermadec Volcanic Arc","Composite","Stratovolcano","Eruption Observed","2014 CE",-25.887,-177.188,-132,"Basalt / Picro-Basalt","Subduction zone / Oceanic crust (< 15 km)","Kermadec Is","Submarine volcano","Historical","D1","Subduction zone"
243001,"Kermadec Arc at 24.8°S","Tonga","Tonga-Kermadec Volcanic Regions","Northern Kermadec Volcanic Arc","Composite","Stratovolcano","Unrest / Holocene","Unknown",-24.8,-177.02,-385,"Basalt / Picro-Basalt","Subduction zone / Oceanic crust (< 15 km)",NA,NA,NA,NA,"Subduction zone"
243010,"Tofua Arc at 21.3°S","Tonga","Tonga-Kermadec Volcanic Regions","Tofua Volcanic Arc","Composite","Stratovolcano","Eruption Observed","1932 CE",-21.338,-175.65,-68,"No Data (checked)","Subduction zone / Oceanic crust (< 15 km)",NA,NA,NA,NA,"Subduction zone"
243011,"Tofua Arc at 21.1°S","Tonga","Tonga-Kermadec Volcanic Regions","Tofua Volcanic Arc","Composite","Stratovolcano","Evidence Credible","Unknown",-21.15,-175.75,-65,"Andesite / Basaltic Andesite","Subduction zone / Oceanic crust (< 15 km)",NA,NA,NA,NA,"Subduction zone"
243030,"Tofua Arc at 20.9°S","Tonga","Tonga-Kermadec Volcanic Regions","Tofua Volcanic Arc","Composite","Stratovolcano","Eruption Observed","2017 CE",-20.852,-175.55,-296,"No Data (checked)","Subduction zone / Oceanic crust (< 15 km)",NA,NA,NA,NA,"Subduction zone"
243040,"Hunga Tonga-Hunga Ha'apai","Tonga","Tonga-Kermadec Volcanic Regions","Tofua Volcanic Arc","Caldera","Caldera","Eruption Observed","2022 CE",-20.5532,-175.3841,114,"Andesite / Basaltic Andesite","Subduction zone / Oceanic crust (< 15 km)","Tonga-SW Pacific","Submarine volcano","Historical","D1","Subduction zone"
243050,"Fonuafo'ou","Tonga","Tonga-Kermadec Volcanic Regions","Tofua Volcanic Arc","Composite","Stratovolcano","Eruption Observed","1936 CE",-20.32,-175.42,-17,"Andesite / Basaltic Andesite","Subduction zone / Oceanic crust (< 15 km)","Tonga-SW Pacific","Submarine volcano","Historical","D2","Subduction zone"
243060,"Tofua","Tonga","Tonga-Kermadec Volcanic Regions","Tofua Volcanic Arc","Caldera","Caldera","Eruption Observed","2026 CE",-19.75,-175.07,515,"Andesite / Basaltic Andesite","Subduction zone / Oceanic crust (< 15 km)","Tonga-SW Pacific","Caldera","Historical","D2","Subduction zone"
243061,"Kao","Tonga","Tonga-Kermadec Volcanic Regions","Tofua Volcanic Arc","Composite","Stratovolcano","Eruption Observed","1847 CE",-19.668,-175.016,1009,"Andesite / Basaltic Andesite","Subduction zone / Oceanic crust (< 15 km)","Tonga-SW Pacific","Stratovolcano","Holocene","U","Subduction zone"
243070,"Lateiki","Tonga","Tonga-Kermadec Volcanic Regions","Tofua Volcanic Arc","Composite","Stratovolcano","Eruption Observed","2019 CE",-19.18,-174.87,43,"Dacite","Subduction zone / Oceanic crust (< 15 km)","Tonga-SW Pacific","Submarine volcano","Historical","D1","Subduction zone"
243080,"Home Reef","Tonga","Tonga-Kermadec Volcanic Regions","Tofua Volcanic Arc","Composite","Stratovolcano","Eruption Observed","2026 CE",-18.992,-174.775,-10,"Dacite","Subduction zone / Oceanic crust (< 15 km)","Tonga-SW Pacific","Submarine volcano","Historical","D1","Subduction zone"
243090,"Late","Tonga","Tonga-Kermadec Volcanic Regions","Tofua Volcanic Arc","Composite","Stratovolcano","Eruption Observed","1854 CE",-18.806,-174.65,540,"Andesite / Basaltic Andesite","Subduction zone / Oceanic crust (< 15 km)","Tonga-SW Pacific","Stratovolcano","Historical","D3","Subduction zone"
243091,"Tofua Arc at 18.3°S","Tonga","Tonga-Kermadec Volcanic Regions","Tofua Volcanic Arc","Composite","Stratovolcano","Eruption Observed","2019 CE",-18.325,-174.365,-40,"Dacite","Subduction zone / Oceanic crust (< 15 km)",NA,NA,NA,NA,"Subduction zone"
243100,"Fonualei","Tonga","Tonga-Kermadec Volcanic Regions","Tofua Volcanic Arc","Composite","Stratovolcano","Eruption Observed","1957 CE",-18.023,-174.317,188,"Dacite","Subduction zone / Oceanic crust (< 15 km)","Tonga-SW Pacific","Stratovolcano","Historical","D2","Subduction zone"
243101,"Tafahi","Tonga","Tonga-Kermadec Volcanic Regions","Tofua Volcanic Arc","Composite","Stratovolcano","Evidence Uncertain","Unknown",-15.854,-173.747,546,"Andesite / Basaltic Andesite","Subduction zone / Oceanic crust (< 15 km)","Tonga-SW Pacific","Submarine volcano","Historical","D1","Subduction zone"
243102,"Curacoa","Tonga","Tonga-Kermadec Volcanic Regions","Tofua Volcanic Arc","Composite","Complex","Eruption Observed","1979 CE",-15.62,-173.67,-33,"Dacite","Subduction zone / Oceanic crust (< 15 km)","Tonga-SW Pacific","Submarine volcano","Historical","D2","Subduction zone"
243110,"Niuafo'ou","Tonga","Tonga-Kermadec Volcanic Regions","Northeast Lau Basin Volcano Group","Shield","Shield","Eruption Observed","1946 CE",-15.6,-175.63,260,"Basalt / Picro-Basalt","Subduction zone / Oceanic crust (< 15 km)","Tonga-SW Pacific","Shield volcano","Historical","D1","Subduction zone"
243111,"Dugong","Tonga","Tonga-Kermadec Volcanic Regions","Northeast Lau Basin Volcano Group","Shield","Shield","Evidence Uncertain","Unknown",-15.431,-175.725,-1170,NA,NA,"Tonga-SW Pacific","Submarine","","Unknown",NA
243112,"Lobster","Tonga","Tonga-Kermadec Volcanic Regions","Northeast Lau Basin Volcano Group","Shield","Shield","Evidence Uncertain","Unknown",-15.333,-176.283,-1500,NA,NA,"Tonga-SW Pacific","Submarine","","Unknown",NA
243120,"Tafu-Maka","Tonga","Tonga-Kermadec Volcanic Regions","Northeast Lau Basin Volcano Group","Cluster","Fissure vent","Eruption Observed","2008 CE",-15.37,-174.23,-1400,"Basalt / Picro-Basalt","Rift zone / Oceanic crust (< 15 km)","Tonga-SW Pacific","Submarine volcano","Historical","D1","Rift zone"
243130,"West Mata","Tonga","Tonga-Kermadec Volcanic Regions","Northeast Lau Basin Volcano Group","Cluster","Fissure vent(s)","Eruption Observed","2009 CE",-15.1,-173.75,-1174,"Andesite / Basaltic Andesite","Subduction zone / Oceanic crust (< 15 km)","Tonga-SW Pacific","Submarine volcano","Historical","D1","Subduction zone"
243140,"Niuatahi","Tonga","Tonga-Kermadec Volcanic Regions","Northeast Lau Basin Volcano Group","Caldera","Caldera","Unrest / Holocene","Unknown",-15.3675,-174.0028,-1270,NA,"Subduction zone / Oceanic crust (< 15 km)","Tonga-SW Pacific","Caldera","","Unknown","Subduction zone"
244000,"Vailulu'u","United States","Southern Pacific Volcanic Regions","Samoan Hotspot Volcano Group","Shield","Shield","Eruption Observed","2003 CE",-14.215,-169.058,-592,"Basalt / Picro-Basalt","Subduction zone / Oceanic crust (< 15 km)","Samoa-SW Pacific","Submarine volcano","Uncertain","Unknown","Subduction zone"
244001,"Ta'u","United States","Southern Pacific Volcanic Regions","Samoan Hotspot Volcano Group","Shield","Shield","Evidence Credible","Unknown",-14.23,-169.454,931,"Basalt / Picro-Basalt","Subduction zone / Oceanic crust (< 15 km)","Samoa-SW Pacific","Shield volcano","Holocene","U","Subduction zone"
244010,"Ofu-Olosega","United States","Southern Pacific Volcanic Regions","Samoan Hotspot Volcano Group","Shield","Shield(s)","Eruption Observed","1866 CE",-14.175,-169.618,639,"Basalt / Picro-Basalt","Subduction zone / Oceanic crust (< 15 km)","Samoa-SW Pacific","Shield volcano","Historical","D3","Subduction zone"
244020,"Tutuila","United States","Southern Pacific Volcanic Regions","Samoan Hotspot Volcano Group","Cluster","Tuff cone(s)","Eruption Dated","440 CE",-14.2903,-170.7019,653,"Basalt / Picro-Basalt","Subduction zone / Oceanic crust (< 15 km)","Samoa-SW Pacific","Tuff cone","Holocene","U","Subduction zone"
244021,"Malumalu","United States","Southern Pacific Volcanic Regions","Samoan Hotspot Volcano Group","Composite","Stratovolcano","Evidence Credible","Unknown",-14.601,-169.787,-145,NA,"Intraplate / Oceanic crust (< 15 km)","Samoa-SW Pacific","Stratovolcano","Holocene","Unknown","Intraplate"
244030,"Upolu","Samoa","Southern Pacific Volcanic Regions","Samoan Hotspot Volcano Group","Shield","Shield","Evidence Credible","Unknown",-13.935,-171.72,1100,"Basalt / Picro-Basalt","Subduction zone / Oceanic crust (< 15 km)","Samoa-SW Pacific","Shield volcano","Holocene","U","Subduction zone"
244040,"Savaii","Samoa","Southern Pacific Volcanic Regions","Samoan Hotspot Volcano Group","Shield","Shield","Eruption Observed","1911 CE",-13.612,-172.525,1858,"Basalt / Picro-Basalt","Subduction zone / Oceanic crust (< 15 km)","Samoa-SW Pacific","Shield volcano","Historical","D2","Subduction zone"
245010,"Taveuni","Fiji","Southwestern Pacific Volcanic Regions","Fiji Volcanic Arc","Shield","Shield","Eruption Dated","1550 CE",-16.8412,-179.9644,1241,"Basalt / Picro-Basalt","Subduction zone / Crustal thickness unknown","Fiji Is-SW Pacific","Shield volcano","Radiocarbon","D7","Subduction zone"
245030,"Nabukelevu","Fiji","Southwestern Pacific Volcanic Regions","Fiji Volcanic Arc","Minor (Silicic)","Lava dome(s)","Eruption Dated","1660 CE",-19.1181,177.9815,791,"Andesite / Basaltic Andesite","Subduction zone / Crustal thickness unknown","Fiji Is-SW Pacific","Lava domes","Radiocarbon","D5","Subduction zone"
250010,"St. Andrew Strait","Papua New Guinea","Southwestern Pacific Volcanic Regions","Bismarck Sea Volcanic Province","Composite","Complex","Eruption Observed","1957 CE",-2.38,147.35,270,"Rhyolite","Subduction zone / Oceanic crust (< 15 km)","Admiralty Is-SW Paci","Complex volcano","Historical","D2","Subduction zone"
250030,"Central Bismarck Sea","Papua New Guinea","Southwestern Pacific Volcanic Regions","Bismarck Sea Volcanic Province","Cluster","Fissure vent","Eruption Dated","1972 CE",-3.03,147.78,-1300,"No Data (checked)","Rift zone / Continental crust (>25 km)","Admiralty Is-SW Paci","Submarine volcano","Hydrophonic","D1","Rift zone"
251001,"Blup Blup","Papua New Guinea","Southwestern Pacific Volcanic Regions","Bismarck Volcanic Arc","Composite","Stratovolcano","Evidence Credible","Unknown",-3.507,144.605,402,"Andesite / Basaltic Andesite","Subduction zone / Continental crust (>25 km)","New Guinea-NE of","Stratovolcano","Holocene","U","Subduction zone"
251002,"Kadovar","Papua New Guinea","Southwestern Pacific Volcanic Regions","Bismarck Volcanic Arc","Composite","Stratovolcano","Evidence Credible","2023 CE",-3.608,144.588,365,"Andesite / Basaltic Andesite","Subduction zone / Continental crust (>25 km)","New Guinea-NE of","Stratovolcano","Holocene","U","Subduction zone"
251010,"Bam","Papua New Guinea","Southwestern Pacific Volcanic Regions","Bismarck Volcanic Arc","Composite","Stratovolcano","Eruption Observed","1960 CE",-3.613,144.818,685,"Andesite / Basaltic Andesite","Subduction zone / Continental crust (>25 km)","New Guinea-NE of","Stratovolcano","Historical","D2","Subduction zone"
251020,"Manam","Papua New Guinea","Southwestern Pacific Volcanic Regions","Bismarck Volcanic Arc","Composite","Stratovolcano","Eruption Observed","2026 CE",-4.08,145.037,1807,"Basalt / Picro-Basalt","Subduction zone / Continental crust (>25 km)","New Guinea-NE of","Stratovolcano","Historical","D1","Subduction zone"
251030,"Karkar","Papua New Guinea","Southwestern Pacific Volcanic Regions","Bismarck Volcanic Arc","Composite","Stratovolcano","Eruption Observed","1979 CE",-4.647,145.976,1839,"Andesite / Basaltic Andesite","Subduction zone / Continental crust (>25 km)","New Guinea-NE of","Stratovolcano","Historical","D1","Subduction zone"
251041,"Hankow Reef","Papua New Guinea","Southwestern Pacific Volcanic Regions","Bismarck Volcanic Arc","Composite","Stratovolcano","Evidence Uncertain","Unknown",-4.883,146.717,-5,"No Data (checked)","Subduction zone / Continental crust (>25 km)","New Guinea-NE of","Unknown","Uncertain","Unknown","Subduction zone"
251050,"Long Island","Papua New Guinea","Southwestern Pacific Volcanic Regions","Bismarck Volcanic Arc","Composite","Complex","Eruption Observed","1993 CE",-5.3144,147.105,1263,"Andesite / Basaltic Andesite","Subduction zone / Continental crust (>25 km)","New Guinea-NE of","Complex volcano","Historical","D1","Subduction zone"
251060,"Umboi","Papua New Guinea","Southwestern Pacific Volcanic Regions","Bismarck Volcanic Arc","Composite","Complex","Evidence Credible","Unknown",-5.592,147.892,1335,"Basalt / Picro-Basalt","Subduction zone / Continental crust (>25 km)","New Guinea-NE of","Complex volcano","Holocene","U","Subduction zone"
251070,"Ritter Island","Papua New Guinea","Southwestern Pacific Volcanic Regions","Bismarck Volcanic Arc","Composite","Stratovolcano","Eruption Observed","2007 CE",-5.519,148.115,75,"Basalt / Picro-Basalt","Subduction zone / Continental crust (>25 km)","New Guinea-NE of","Stratovolcano","Historical","D1","Subduction zone"
251080,"Sakar","Papua New Guinea","Southwestern Pacific Volcanic Regions","Bismarck Volcanic Arc","Composite","Stratovolcano","Evidence Uncertain","Unknown",-5.4098,148.0836,947,"Basalt / Picro-Basalt","Subduction zone / Continental crust (>25 km)","New Guinea-NE of","Stratovolcano","Holocene","Unknown","Subduction zone"
252010,"Langila","Papua New Guinea","Southwestern Pacific Volcanic Regions","Bismarck Volcanic Arc","Composite","Complex","Eruption Observed","2026 CE",-5.525,148.42,1330,"Basalt / Picro-Basalt","Subduction zone / Continental crust (>25 km)","New Britain-SW Pac","Complex volcano","Historical","D1","Subduction zone"
252040,"Dakataua","Papua New Guinea","Southwestern Pacific Volcanic Regions","Bismarck Volcanic Arc","Caldera","Caldera","Eruption Dated","1895 CE",-5.0455,150.0996,408,"Andesite / Basaltic Andesite","Subduction zone / Continental crust (>25 km)","New Britain-SW Pac","Caldera","Anthropology","D3","Subduction zone"
252050,"Bola","Papua New Guinea","Southwestern Pacific Volcanic Regions","Bismarck Volcanic Arc","Composite","Stratovolcano","Evidence Credible","Unknown",-5.141,150.038,1116,"Andesite / Basaltic Andesite","Subduction zone / Continental crust (>25 km)","New Britain-SW Pac","Stratovolcano","Holocene","U","Subduction zone"
252060,"Garua Harbour","Papua New Guinea","Southwestern Pacific Volcanic Regions","Bismarck Volcanic Arc","Cluster","Volcanic field","Evidence Uncertain","Unknown",-5.3,150.07,565,"Rhyolite","Subduction zone / Continental crust (>25 km)","New Britain-SW Pac","Volcanic field","Holocene","Unknown","Subduction zone"
252070,"Krummel-Garbuna-Welcker","Papua New Guinea","Southwestern Pacific Volcanic Regions","Bismarck Volcanic Arc","Composite","Stratovolcano(es)","Eruption Observed","2008 CE",-5.416,150.027,564,"Andesite / Basaltic Andesite","Subduction zone / Continental crust (>25 km)","New Britain-SW Pac","Stratovolcano","Holocene","U","Subduction zone"
252071,"Lolo","Papua New Guinea","Southwestern Pacific Volcanic Regions","Bismarck Volcanic Arc","Composite","Stratovolcano","Evidence Uncertain","Unknown",-5.466,150.509,796,"Andesite / Basaltic Andesite","Subduction zone / Continental crust (>25 km)","New Britain-SW Pac","Stratovolcano","Holocene","Unknown","Subduction zone"
252080,"Witori","Papua New Guinea","Southwestern Pacific Volcanic Regions","Bismarck Volcanic Arc","Caldera","Caldera","Eruption Observed","2012 CE",-5.5745,150.5161,724,"Dacite","Subduction zone / Continental crust (>25 km)","New Britain-SW Pac","Caldera","Historical","D2","Subduction zone"
252090,"Sulu Range","Papua New Guinea","Southwestern Pacific Volcanic Regions","Bismarck Volcanic Arc","Composite","Stratovolcano(es)","Unrest / Holocene","Unknown",-5.5,150.942,610,"Andesite / Basaltic Andesite","Subduction zone / Continental crust (>25 km)","New Britain-SW Pac","Hydrothermal field","Hot Springs","Unknown","Subduction zone"
252100,"Hargy","Papua New Guinea","Southwestern Pacific Volcanic Regions","Bismarck Volcanic Arc","Composite","Stratovolcano","Eruption Dated","950 CE",-5.33,151.1,1148,"Dacite","Subduction zone / Continental crust (>25 km)","New Britain-SW Pac","Stratovolcano","Radiocarbon","D6","Subduction zone"
252110,"Bamus","Papua New Guinea","Southwestern Pacific Volcanic Regions","Bismarck Volcanic Arc","Composite","Stratovolcano","Eruption Observed","1886 CE",-5.2,151.23,2248,"Andesite / Basaltic Andesite","Subduction zone / Continental crust (>25 km)","New Britain-SW Pac","Stratovolcano","Anthropology","D3","Subduction zone"
252120,"Ulawun","Papua New Guinea","Southwestern Pacific Volcanic Regions","Bismarck Volcanic Arc","Composite","Stratovolcano","Eruption Observed","2025 CE",-5.05,151.33,2334,"Basalt / Picro-Basalt","Subduction zone / Continental crust (>25 km)","New Britain-SW Pac","Stratovolcano","Historical","D1","Subduction zone"
252130,"Lolobau","Papua New Guinea","Southwestern Pacific Volcanic Regions","Bismarck Volcanic Arc","Caldera","Caldera","Eruption Observed","1912 CE",-4.9156,151.1617,878,"Basalt / Picro-Basalt","Subduction zone / Continental crust (>25 km)","New Britain-SW Pac","Caldera","Historical","D2","Subduction zone"
252140,"Rabaul","Papua New Guinea","Southwestern Pacific Volcanic Regions","Bismarck Volcanic Arc","Caldera","Caldera","Eruption Observed","2014 CE",-4.2459,152.1937,688,"Dacite","Subduction zone / Continental crust (>25 km)","New Britain-SW Pac","Pyroclastic shield","Historical","D1","Subduction zone"
252150,"Tavui","Papua New Guinea","Southwestern Pacific Volcanic Regions","Bismarck Volcanic Arc","Caldera","Caldera","Eruption Dated","4946 BCE",-4.1089,152.2134,200,"Rhyolite","Subduction zone / Continental crust (>25 km)","New Britain-SW Pac","Caldera","Radiocarbon","D7","Subduction zone"
253010,"Lamington","Papua New Guinea","Southwestern Pacific Volcanic Regions","Trobriand Volcanic Province","Composite","Stratovolcano","Eruption Observed","1956 CE",-8.95,148.15,1680,"Andesite / Basaltic Andesite","Subduction zone / Continental crust (>25 km)","New Guinea","Stratovolcano","Historical","D2","Subduction zone"
253011,"Hydrographers Range","Papua New Guinea","Southwestern Pacific Volcanic Regions","Trobriand Volcanic Province","Composite","Stratovolcano","Evidence Credible","Unknown",-9,148.37,1915,"Andesite / Basaltic Andesite","Subduction zone / Continental crust (>25 km)","New Guinea","Stratovolcano","Holocene","U","Subduction zone"
253021,"Managlase Plateau","Papua New Guinea","Southwestern Pacific Volcanic Regions","Trobriand Volcanic Province","Cluster","Volcanic field","Evidence Credible","Unknown",-9.08,148.33,1342,"Trachybasalt / Tephrite Basanite","Subduction zone / Continental crust (>25 km)","New Guinea","Volcanic field","Anthropology","U","Subduction zone"
253030,"Victory","Papua New Guinea","Southwestern Pacific Volcanic Regions","Trobriand Volcanic Province","Composite","Stratovolcano","Eruption Observed","1935 CE",-9.2003,149.072,1832,"Andesite / Basaltic Andesite","Subduction zone / Continental crust (>25 km)","New Guinea","Stratovolcano","Historical","D2","Subduction zone"
253040,"Sessagara Hills","Papua New Guinea","Southwestern Pacific Volcanic Regions","Trobriand Volcanic Province","Cluster","Volcanic field","Eruption Observed","1944 CE",-9.5542,149.1278,493,"Trachyandesite / Basaltic Trachyandesite","Subduction zone / Continental crust (>25 km)","New Guinea","Pyroclastic cone","Historical","D2","Subduction zone"
253041,"Goodenough","Papua New Guinea","Southwestern Pacific Volcanic Regions","Trobriand Volcanic Province","Cluster","Volcanic field","Evidence Credible","Unknown",-9.358,150.246,220,"Andesite / Basaltic Andesite","Subduction zone / Continental crust (>25 km)","D'Entrecasteaux Is","Volcanic field","Holocene","U","Subduction zone"
253050,"Iamalele","Papua New Guinea","Southwestern Pacific Volcanic Regions","Trobriand Volcanic Province","Cluster","Lava dome(s)","Evidence Credible","Unknown",-9.5056,150.5239,194,"Andesite / Basaltic Andesite","Subduction zone / Continental crust (>25 km)","D'Entrecasteaux Is","Lava dome","Holocene","U","Subduction zone"
253060,"Dawson Strait Group","Papua New Guinea","Southwestern Pacific Volcanic Regions","Trobriand Volcanic Province","Cluster","Volcanic field","Eruption Dated","1350 CE",-9.62,150.88,500,"Rhyolite","Subduction zone / Continental crust (>25 km)","D'Entrecasteaux Is","Volcanic field","Hydration Rind","D6","Subduction zone"
255010,"Balbi","Papua New Guinea","Southwestern Pacific Volcanic Regions","Bougainville Volcanic Arc","Composite","Stratovolcano","Evidence Credible","Unknown",-5.9156,155.0008,2715,"Andesite / Basaltic Andesite","Subduction zone / Crustal thickness unknown","Bougainville-SW Paci","Stratovolcano","Holocene","U","Subduction zone"
255011,"Billy Mitchell","Papua New Guinea","Southwestern Pacific Volcanic Regions","Bougainville Volcanic Arc","Caldera","Caldera","Eruption Dated","1580 CE",-6.0898,155.2254,1544,"Andesite / Basaltic Andesite","Subduction zone / Crustal thickness unknown","Bougainville-SW Paci","Pyroclastic shield","Radiocarbon","D5","Subduction zone"
255020,"Bagana","Papua New Guinea","Southwestern Pacific Volcanic Regions","Bougainville Volcanic Arc","Composite","Lava cone","Eruption Observed","2026 CE",-6.137,155.196,1855,"Andesite / Basaltic Andesite","Subduction zone / Crustal thickness unknown","Bougainville-SW Paci","Lava cone","Historical","D1","Subduction zone"
255021,"Takuan Group","Papua New Guinea","Southwestern Pacific Volcanic Regions","Bougainville Volcanic Arc","Composite","Compound","Evidence Credible","Unknown",-6.442,155.608,2210,"Andesite / Basaltic Andesite","Subduction zone / Crustal thickness unknown","Bougainville-SW Paci","Volcanic complex","Holocene","U","Subduction zone"
255030,"Loloru","Papua New Guinea","Southwestern Pacific Volcanic Regions","Bougainville Volcanic Arc","Composite","Compound","Eruption Dated","1050 BCE",-6.52,155.62,1887,"Andesite / Basaltic Andesite","Subduction zone / Crustal thickness unknown","Bougainville-SW Paci","Pyroclastic shield","Radiocarbon","D7","Subduction zone"
255050,"Simbo","Solomon Islands","Southwestern Pacific Volcanic Regions","Solomon Volcanic Province","Composite","Stratovolcano(es)","Eruption Dated","1910 CE",-8.292,156.52,335,"Andesite / Basaltic Andesite","Subduction zone / Crustal thickness unknown","Solomon Is-SW Pacifi","Stratovolcano","Uncertain","Unknown","Subduction zone"
255052,"Kana Keoki","Solomon Islands","Southwestern Pacific Volcanic Regions","Solomon Volcanic Province","Composite","Stratovolcano","Evidence Credible","Unknown",-8.75,157.03,-700,"Dacite","Subduction zone / Crustal thickness unknown","Solomon Is-SW Pacifi","Submarine volcano","Holocene","U","Subduction zone"
255053,"Coleman Seamount","Solomon Islands","Southwestern Pacific Volcanic Regions","Solomon Volcanic Province","Composite","Stratovolcano","Evidence Credible","Unknown",-8.841,157.16,-717,"No Data (checked)","Subduction zone / Crustal thickness unknown","Solomon Is-SW Pacifi","Submarine volcano","Holocene","U","Subduction zone"
255060,"Kavachi","Solomon Islands","Southwestern Pacific Volcanic Regions","Solomon Volcanic Province","Composite","Stratovolcano","Eruption Observed","2014 CE",-8.991,157.979,-20,"Andesite / Basaltic Andesite","Subduction zone / Crustal thickness unknown","Solomon Is-SW Pacifi","Submarine volcano","Historical","D1","Subduction zone"
255061,"New Georgia at 8.9°S","Solomon Islands","Southwestern Pacific Volcanic Regions","Solomon Volcanic Province","Composite","Stratovolcano","Evidence Credible","Unknown",-8.92,158.03,-240,"Andesite / Basaltic Andesite","Subduction zone / Crustal thickness unknown",NA,NA,NA,NA,"Subduction zone"
255070,"Savo","Solomon Islands","Southwestern Pacific Volcanic Regions","Solomon Volcanic Province","Composite","Stratovolcano","Eruption Observed","1847 CE",-9.1324,159.8119,455,"Andesite / Basaltic Andesite","Subduction zone / Crustal thickness unknown","Solomon Is-SW Pacifi","Stratovolcano","Historical","D3","Subduction zone"
256010,"Tinakula","Solomon Islands","Southwestern Pacific Volcanic Regions","Vanuatu Volcanic Arc","Composite","Stratovolcano","Eruption Observed","2024 CE",-10.386,165.804,796,"Andesite / Basaltic Andesite","Subduction zone / Crustal thickness unknown","Santa Cruz Is-SW Pac","Stratovolcano","Historical","D1","Subduction zone"
257001,"Motlav","Vanuatu","Southwestern Pacific Volcanic Regions","Vanuatu Volcanic Arc","Composite","Stratovolcano","Evidence Credible","Unknown",-13.67,167.67,411,"Basalt / Picro-Basalt","Subduction zone / Intermediate crust (15-25 km)","Vanuatu-SW Pacific","Stratovolcano","Holocene","U","Subduction zone"
257010,"Suretamatai","Vanuatu","Southwestern Pacific Volcanic Regions","Vanuatu Volcanic Arc","Composite","Complex","Eruption Observed","1966 CE",-13.8,167.47,921,"Andesite / Basaltic Andesite","Subduction zone / Intermediate crust (15-25 km)","Vanuatu-SW Pacific","Complex volcano","Historical","D1","Subduction zone"
257020,"Gaua","Vanuatu","Southwestern Pacific Volcanic Regions","Vanuatu Volcanic Arc","Composite","Stratovolcano","Eruption Observed","2022 CE",-14.281,167.514,729,"Andesite / Basaltic Andesite","Subduction zone / Intermediate crust (15-25 km)","Vanuatu-SW Pacific","Stratovolcano","Historical","D1","Subduction zone"
257030,"Ambae","Vanuatu","Southwestern Pacific Volcanic Regions","Vanuatu Volcanic Arc","Shield","Shield","Eruption Observed","2026 CE",-15.389,167.835,1496,"Basalt / Picro-Basalt","Subduction zone / Intermediate crust (15-25 km)","Vanuatu-SW Pacific","Shield volcano","Historical","D1","Subduction zone"
257040,"Ambrym","Vanuatu","Southwestern Pacific Volcanic Regions","Vanuatu Volcanic Arc","Shield","Shield(pyroclastic)","Eruption Observed","2024 CE",-16.25,168.12,1334,"Basalt / Picro-Basalt","Subduction zone / Intermediate crust (15-25 km)","Vanuatu-SW Pacific","Pyroclastic shield","Historical","D1","Subduction zone"
257050,"Lopevi","Vanuatu","Southwestern Pacific Volcanic Regions","Vanuatu Volcanic Arc","Composite","Stratovolcano","Eruption Observed","2007 CE",-16.507,168.346,1413,"Basalt / Picro-Basalt","Subduction zone / Intermediate crust (15-25 km)","Vanuatu-SW Pacific","Stratovolcano","Historical","D1","Subduction zone"
257060,"East Epi","Vanuatu","Southwestern Pacific Volcanic Regions","Vanuatu Volcanic Arc","Cluster","Stratovolcano(es)","Eruption Observed","2023 CE",-16.6797,168.3893,833,"Basalt / Picro-Basalt","Subduction zone / Intermediate crust (15-25 km)","Vanuatu-SW Pacific","Stratovolcano","Historical","D1","Subduction zone"
257070,"Kuwae","Vanuatu","Southwestern Pacific Volcanic Regions","Vanuatu Volcanic Arc","Caldera","Caldera","Eruption Observed","1974 CE",-16.8304,168.5227,-2,"Basalt / Picro-Basalt","Subduction zone / Intermediate crust (15-25 km)","Vanuatu-SW Pacific","Caldera","Historical","D1","Subduction zone"
257081,"Nguna-Emau","Vanuatu","Southwestern Pacific Volcanic Regions","Vanuatu Volcanic Arc","Composite","Stratovolcano(es)","Evidence Credible","Unknown",-17.4522,168.353,589,"Basalt / Picro-Basalt","Subduction zone / Intermediate crust (15-25 km)","Vanuatu-SW Pacific","Stratovolcano","Holocene","U","Subduction zone"
257090,"Traitor's Head","Vanuatu","Southwestern Pacific Volcanic Regions","Vanuatu Volcanic Arc","Composite","Stratovolcano","Eruption Observed","1881 CE",-18.754,169.238,817,"Basalt / Picro-Basalt","Subduction zone / Intermediate crust (15-25 km)","Vanuatu-SW Pacific","Stratovolcano","Historical","D3","Subduction zone"
257100,"Yasur","Vanuatu","Southwestern Pacific Volcanic Regions","Vanuatu Volcanic Arc","Composite","Stratovolcano","Eruption Observed","2026 CE",-19.532,169.447,361,"Andesite / Basaltic Andesite","Subduction zone / Intermediate crust (15-25 km)","Vanuatu-SW Pacific","Stratovolcano","Historical","D1","Subduction zone"
258001,"Gemini-Oscostar","Vanuatu","Southwestern Pacific Volcanic Regions","Vanuatu Volcanic Arc","Cluster","Stratovolcano","Eruption Observed","1996 CE",-20.957,170.13,-33,"Basalt / Picro-Basalt","Rift zone / Oceanic crust (< 15 km)","SW Pacific","Submarine volcano","Historical","D1","Rift zone"
258010,"Matthew Island","France - claimed by Vanuatu","Southwestern Pacific Volcanic Regions","Vanuatu Volcanic Arc","Composite","Stratovolcano","Eruption Observed","1956 CE",-22.33,171.32,177,"Andesite / Basaltic Andesite","Subduction zone / Crustal thickness unknown","SW Pacific","Stratovolcano","Historical","D2","Subduction zone"
258020,"Hunter Island","France - claimed by Vanuatu","Southwestern Pacific Volcanic Regions","Vanuatu Volcanic Arc","Composite","Stratovolcano","Eruption Observed","1903 CE",-22.4,172.05,297,"Andesite / Basaltic Andesite","Subduction zone / Crustal thickness unknown","SW Pacific","Stratovolcano","Historical","D2","Subduction zone"
259010,"Newer Volcanics Province","Australia","Eastern Australia Volcanic Regions","Southeastern Australia Volcanic Province","Cluster","Volcanic field","Eruption Dated","2900 BCE",-37.77,142.5,1011,"Trachybasalt / Tephrite Basanite","Intraplate / Continental crust (>25 km)","Australia","Shield volcano","Radiocarbon","D7","Intraplate"
259804,"McBride Volcanic Province","Australia","Eastern Australia Volcanic Regions","Northeastern Australia Volcanic Province","Cluster","Volcanic field","Eruption Dated","5050 BCE",-18.367,144.567,1020,NA,"Intraplate / Continental crust (>25 km)","Australia","Volcanic field","Ar/Ar","D7","Intraplate"
260010,"Barren Island","India","Sunda-Banda Volcanic Regions","Andaman Volcanic Province","Composite","Stratovolcano","Eruption Observed","2026 CE",12.278,93.858,354,"Basalt / Picro-Basalt","Subduction zone / Continental crust (>25 km)","Andaman Is-Indian O","Stratovolcano","Historical","D1","Subduction zone"
261030,"Peuet Sague","Indonesia","Sunda-Banda Volcanic Regions","Sunda Volcanic Arc","Composite","Complex","Eruption Observed","2000 CE",4.903,96.289,2785,"Andesite / Basaltic Andesite","Subduction zone / Continental crust (>25 km)","Sumatra","Complex volcano","Historical","D1","Subduction zone"
261050,"Telong, Bur ni","Indonesia","Sunda-Banda Volcanic Regions","Sunda Volcanic Arc","Composite","Stratovolcano","Eruption Observed","1937 CE",4.769,96.821,2617,"Andesite / Basaltic Andesite","Subduction zone / Continental crust (>25 km)","Sumatra","Stratovolcano","Historical","D2","Subduction zone"
261070,"Singkut","Indonesia","Sunda-Banda Volcanic Regions","Sunda Volcanic Arc","Caldera","Caldera(s)","Eruption Observed","1881 CE",3.2379,98.5127,2181,"Andesite / Basaltic Andesite","Subduction zone / Continental crust (>25 km)","Sumatra","Stratovolcano","Historical","D3","Subduction zone"
261080,"Sinabung","Indonesia","Sunda-Banda Volcanic Regions","Sunda Volcanic Arc","Composite","Stratovolcano","Eruption Observed","2021 CE",3.17,98.392,2460,"Andesite / Basaltic Andesite","Subduction zone / Continental crust (>25 km)","Sumatra","Stratovolcano","Holocene","U","Subduction zone"
261120,"Sorikmarapi","Indonesia","Sunda-Banda Volcanic Regions","Sunda Volcanic Arc","Composite","Stratovolcano","Eruption Observed","1986 CE",0.6834,99.5409,2145,"Andesite / Basaltic Andesite","Subduction zone / Continental crust (>25 km)","Sumatra","Stratovolcano","Historical","D1","Subduction zone"
261121,"Malintang","Indonesia","Sunda-Banda Volcanic Regions","Sunda Volcanic Arc","Composite","Stratovolcano","Evidence Credible","Unknown",0.4756,99.6628,1988,"Andesite / Basaltic Andesite","Subduction zone / Continental crust (>25 km)","Sumatra","Stratovolcano","Holocene","U","Subduction zone"
261130,"Talakmau","Indonesia","Sunda-Banda Volcanic Regions","Sunda Volcanic Arc","Composite","Complex","Evidence Credible","Unknown",0.0787,99.984,2911,"Andesite / Basaltic Andesite","Subduction zone / Continental crust (>25 km)","Sumatra","Complex volcano","Holocene","U","Subduction zone"
261140,"Marapi","Indonesia","Sunda-Banda Volcanic Regions","Sunda Volcanic Arc","Composite","Complex","Eruption Observed","2026 CE",-0.38,100.474,2885,"Andesite / Basaltic Andesite","Subduction zone / Continental crust (>25 km)","Sumatra","Complex volcano","Historical","D1","Subduction zone"
261150,"Tandikat-Singgalang","Indonesia","Sunda-Banda Volcanic Regions","Sunda Volcanic Arc","Composite","Stratovolcano(es)","Eruption Observed","1924 CE",-0.4311,100.3192,2879,"Andesite / Basaltic Andesite","Subduction zone / Continental crust (>25 km)","Sumatra","Stratovolcano","Historical","D2","Subduction zone"
261160,"Talang","Indonesia","Sunda-Banda Volcanic Regions","Sunda Volcanic Arc","Composite","Stratovolcano","Eruption Observed","2007 CE",-0.979,100.681,2575,"Andesite / Basaltic Andesite","Subduction zone / Continental crust (>25 km)","Sumatra","Stratovolcano","Historical","D1","Subduction zone"
261170,"Kerinci","Indonesia","Sunda-Banda Volcanic Regions","Sunda Volcanic Arc","Composite","Stratovolcano","Eruption Observed","2024 CE",-1.697,101.264,3800,"Andesite / Basaltic Andesite","Subduction zone / Continental crust (>25 km)","Sumatra","Stratovolcano","Historical","D1","Subduction zone"
261180,"Sumbing","Indonesia","Sunda-Banda Volcanic Regions","Sunda Volcanic Arc","Composite","Stratovolcano","Eruption Observed","1921 CE",-2.414,101.728,2507,"Andesite / Basaltic Andesite","Subduction zone / Continental crust (>25 km)","Java","Stratovolcano","Historical","D4","Subduction zone"
261180,"Sumbing","Indonesia","Sunda-Banda Volcanic Regions","Sunda Volcanic Arc","Composite","Stratovolcano","Eruption Observed","1921 CE",-2.414,101.728,2507,"Andesite / Basaltic Andesite","Subduction zone / Continental crust (>25 km)","Sumatra","Stratovolcano","Historical","D2","Subduction zone"
261220,"Kaba","Indonesia","Sunda-Banda Volcanic Regions","Sunda Volcanic Arc","Composite","Stratovolcano","Eruption Observed","2000 CE",-3.5156,102.6261,1962,"Andesite / Basaltic Andesite","Subduction zone / Continental crust (>25 km)","Sumatra","Stratovolcano","Historical","D2","Subduction zone"
261230,"Dempo","Indonesia","Sunda-Banda Volcanic Regions","Sunda Volcanic Arc","Composite","Stratovolcano(es)","Eruption Observed","2025 CE",-4.016,103.121,3142,"Andesite / Basaltic Andesite","Subduction zone / Continental crust (>25 km)","Sumatra","Stratovolcano","Historical","D1","Subduction zone"
261231,"Patah","Indonesia","Sunda-Banda Volcanic Regions","Sunda Volcanic Arc","Composite","Stratovolcano?","Unrest / Holocene","Unknown",-4.257,103.306,2836,"No Data (checked)","Subduction zone / Continental crust (>25 km)","Sumatra","Unknown","Uncertain","Unknown","Subduction zone"
261251,"Ranau","Indonesia","Sunda-Banda Volcanic Regions","Sunda Volcanic Arc","Caldera","Caldera","Evidence Uncertain","Unknown",-4.871,103.925,1854,"Dacite","Subduction zone / Continental crust (>25 km)","Sumatra","Caldera","Holocene","Unknown","Subduction zone"
261270,"Suoh","Indonesia","Sunda-Banda Volcanic Regions","Sunda Volcanic Arc","Cluster","Caldera(s)","Eruption Observed","2024 CE",-5.25,104.27,1000,"No Data (checked)","Subduction zone / Continental crust (>25 km)","Sumatra","Maar","Historical","D2","Subduction zone"
262000,"Krakatau","Indonesia","Sunda-Banda Volcanic Regions","Sunda Volcanic Arc","Caldera","Caldera","Eruption Observed","2024 CE",-6.1009,105.4233,285,"Andesite / Basaltic Andesite","Subduction zone / Continental crust (>25 km)","Indonesia","Caldera","Historical","D1","Subduction zone"
263010,"Pulosari","Indonesia","Sunda-Banda Volcanic Regions","Sunda Volcanic Arc","Composite","Stratovolcano","Evidence Credible","Unknown",-6.343,105.978,1324,"Andesite / Basaltic Andesite","Subduction zone / Continental crust (>25 km)","Java","Caldera","Holocene","U","Subduction zone"
263020,"Karang","Indonesia","Sunda-Banda Volcanic Regions","Sunda Volcanic Arc","Composite","Stratovolcano","Evidence Uncertain","Unknown",-6.268,106.05,1768,"Andesite / Basaltic Andesite","Subduction zone / Continental crust (>25 km)","Java","Stratovolcano","Holocene","Unknown","Subduction zone"
263040,"Perbakti-Gagak","Indonesia","Sunda-Banda Volcanic Regions","Sunda Volcanic Arc","Composite","Stratovolcano(es)","Eruption Observed","1939 CE",-6.75,106.675,1726,"Andesite / Basaltic Andesite","Subduction zone / Continental crust (>25 km)","Java","Stratovolcano","Fumarolic","U","Subduction zone"
263050,"Salak","Indonesia","Sunda-Banda Volcanic Regions","Sunda Volcanic Arc","Composite","Stratovolcano","Eruption Observed","1938 CE",-6.716,106.733,2218,"Andesite / Basaltic Andesite","Subduction zone / Continental crust (>25 km)","Java","Stratovolcano","Historical","D2","Subduction zone"
263060,"Gede-Pangrango","Indonesia","Sunda-Banda Volcanic Regions","Sunda Volcanic Arc","Composite","Stratovolcano(es)","Eruption Observed","1957 CE",-6.786,106.983,3026,"Andesite / Basaltic Andesite","Subduction zone / Continental crust (>25 km)","Java","Stratovolcano","Historical","D2","Subduction zone"
263070,"Patuha","Indonesia","Sunda-Banda Volcanic Regions","Sunda Volcanic Arc","Composite","Stratovolcano","Evidence Credible","Unknown",-7.162,107.4,2422,"Andesite / Basaltic Andesite","Subduction zone / Continental crust (>25 km)","Java","Stratovolcano","Holocene","U","Subduction zone"
263090,"Tangkuban Parahu","Indonesia","Sunda-Banda Volcanic Regions","Sunda Volcanic Arc","Composite","Stratovolcano","Eruption Observed","2019 CE",-6.77,107.6,2084,"Andesite / Basaltic Andesite","Subduction zone / Continental crust (>25 km)","Java","Stratovolcano","Historical","D1","Subduction zone"
263100,"Papandayan","Indonesia","Sunda-Banda Volcanic Regions","Sunda Volcanic Arc","Composite","Stratovolcano(es)","Eruption Observed","2002 CE",-7.3175,107.7306,2643,"Andesite / Basaltic Andesite","Subduction zone / Continental crust (>25 km)","Java","Stratovolcano","Historical","D2","Subduction zone"
263130,"Guntur","Indonesia","Sunda-Banda Volcanic Regions","Sunda Volcanic Arc","Composite","Complex","Eruption Observed","1847 CE",-7.143,107.841,2251,"Andesite / Basaltic Andesite","Subduction zone / Continental crust (>25 km)","Java","Complex volcano","Historical","D3","Subduction zone"
263131,"Tampomas","Indonesia","Sunda-Banda Volcanic Regions","Sunda Volcanic Arc","Composite","Stratovolcano","Evidence Credible","Unknown",-6.7639,107.9612,1690,"Andesite / Basaltic Andesite","Subduction zone / Continental crust (>25 km)","Java","Stratovolcano","Holocene","U","Subduction zone"
263140,"Galunggung","Indonesia","Sunda-Banda Volcanic Regions","Sunda Volcanic Arc","Composite","Stratovolcano","Eruption Observed","1984 CE",-7.25,108.058,2168,"Basalt / Picro-Basalt","Subduction zone / Continental crust (>25 km)","Java","Stratovolcano","Historical","D1","Subduction zone"
263150,"Talagabodas","Indonesia","Sunda-Banda Volcanic Regions","Sunda Volcanic Arc","Composite","Stratovolcano","Unrest / Holocene","Unknown",-7.208,108.07,2201,"Basalt / Picro-Basalt","Subduction zone / Continental crust (>25 km)","Java","Stratovolcano","Fumarolic","U","Subduction zone"
263170,"Ciremai","Indonesia","Sunda-Banda Volcanic Regions","Sunda Volcanic Arc","Composite","Stratovolcano","Eruption Observed","1951 CE",-6.895,108.408,3039,"Andesite / Basaltic Andesite","Subduction zone / Continental crust (>25 km)","Java","Stratovolcano","Historical","D2","Subduction zone"
263180,"Slamet","Indonesia","Sunda-Banda Volcanic Regions","Sunda Volcanic Arc","Composite","Stratovolcano","Eruption Observed","2014 CE",-7.242,109.208,3428,"Basalt / Picro-Basalt","Subduction zone / Continental crust (>25 km)","Java","Stratovolcano","Historical","D1","Subduction zone"
263200,"Dieng Volcanic Complex","Indonesia","Sunda-Banda Volcanic Regions","Sunda Volcanic Arc","Composite","Complex","Eruption Observed","2025 CE",-7.2,109.879,2565,"Andesite / Basaltic Andesite","Subduction zone / Continental crust (>25 km)","Java","Complex volcano","Historical","D1","Subduction zone"
263210,"Sundoro","Indonesia","Sunda-Banda Volcanic Regions","Sunda Volcanic Arc","Composite","Stratovolcano","Eruption Observed","1971 CE",-7.3014,109.997,3149,"Andesite / Basaltic Andesite","Subduction zone / Continental crust (>25 km)","Java","Stratovolcano","Historical","D1","Subduction zone"
263220,"Sumbing","Indonesia","Sunda-Banda Volcanic Regions","Sunda Volcanic Arc","Composite","Stratovolcano","Eruption Observed","1730 CE",-7.3819,110.0747,3370,"Andesite / Basaltic Andesite","Subduction zone / Continental crust (>25 km)","Java","Stratovolcano","Historical","D4","Subduction zone"
263220,"Sumbing","Indonesia","Sunda-Banda Volcanic Regions","Sunda Volcanic Arc","Composite","Stratovolcano","Eruption Observed","1730 CE",-7.3819,110.0747,3370,"Andesite / Basaltic Andesite","Subduction zone / Continental crust (>25 km)","Sumatra","Stratovolcano","Historical","D2","Subduction zone"
263240,"Merbabu","Indonesia","Sunda-Banda Volcanic Regions","Sunda Volcanic Arc","Composite","Stratovolcano","Eruption Observed","1797 CE",-7.454,110.44,3118,"Basalt / Picro-Basalt","Subduction zone / Continental crust (>25 km)","Java","Stratovolcano","Historical","D4","Subduction zone"
263250,"Merapi","Indonesia","Sunda-Banda Volcanic Regions","Sunda Volcanic Arc","Composite","Stratovolcano","Eruption Observed","2026 CE",-7.54,110.446,2910,"Andesite / Basaltic Andesite","Subduction zone / Continental crust (>25 km)","Java","Stratovolcano","Historical","D1","Subduction zone"
263260,"Lawu","Indonesia","Sunda-Banda Volcanic Regions","Sunda Volcanic Arc","Composite","Stratovolcano","Evidence Uncertain","Unknown",-7.625,111.192,3265,"Andesite / Basaltic Andesite","Subduction zone / Continental crust (>25 km)","Java","Stratovolcano","Holocene","U","Subduction zone"
263280,"Kelud","Indonesia","Sunda-Banda Volcanic Regions","Sunda Volcanic Arc","Composite","Stratovolcano","Eruption Observed","2014 CE",-7.935,112.314,1730,"Andesite / Basaltic Andesite","Subduction zone / Continental crust (>25 km)","Java","Stratovolcano","Historical","D1","Subduction zone"
263281,"Kawi-Butak","Indonesia","Sunda-Banda Volcanic Regions","Sunda Volcanic Arc","Composite","Stratovolcano(es)","Evidence Credible","Unknown",-7.92,112.45,2651,"No Data (checked)","Subduction zone / Continental crust (>25 km)","Java","Stratovolcano","Holocene","U","Subduction zone"
263290,"Arjuno-Welirang","Indonesia","Sunda-Banda Volcanic Regions","Sunda Volcanic Arc","Composite","Stratovolcano","Eruption Observed","1952 CE",-7.733,112.575,3343,"Andesite / Basaltic Andesite","Subduction zone / Continental crust (>25 km)","Java","Stratovolcano","Historical","D2","Subduction zone"
263291,"Penanggungan","Indonesia","Sunda-Banda Volcanic Regions","Sunda Volcanic Arc","Composite","Stratovolcano","Evidence Credible","Unknown",-7.616,112.62,1631,"Andesite / Basaltic Andesite","Subduction zone / Continental crust (>25 km)","Java","Stratovolcano","Holocene","U","Subduction zone"
263300,"Semeru","Indonesia","Sunda-Banda Volcanic Regions","Sunda Volcanic Arc","Composite","Stratovolcano","Eruption Observed","2026 CE",-8.108,112.922,3657,"Andesite / Basaltic Andesite","Subduction zone / Continental crust (>25 km)","Java","Stratovolcano","Historical","D1","Subduction zone"
263310,"Tengger Caldera","Indonesia","Sunda-Banda Volcanic Regions","Sunda Volcanic Arc","Composite","Stratovolcano(es)","Eruption Observed","2023 CE",-7.942,112.95,2329,"Trachyandesite / Basaltic Trachyandesite","Subduction zone / Continental crust (>25 km)","Java","Stratovolcano","Historical","D1","Subduction zone"
263320,"Lamongan","Indonesia","Sunda-Banda Volcanic Regions","Sunda Volcanic Arc","Composite","Stratovolcano","Eruption Observed","1898 CE",-7.981,113.341,1641,"Basalt / Picro-Basalt","Subduction zone / Continental crust (>25 km)","Java","Stratovolcano","Historical","D3","Subduction zone"
263330,"Iyang-Argapura","Indonesia","Sunda-Banda Volcanic Regions","Sunda Volcanic Arc","Composite","Complex","Evidence Credible","Unknown",-7.97,113.57,3088,"Andesite / Basaltic Andesite","Subduction zone / Continental crust (>25 km)","Java","Complex volcano","Holocene","U","Subduction zone"
263340,"Raung","Indonesia","Sunda-Banda Volcanic Regions","Sunda Volcanic Arc","Composite","Stratovolcano","Eruption Observed","2025 CE",-8.119,114.056,3260,"Andesite / Basaltic Andesite","Subduction zone / Continental crust (>25 km)","Java","Stratovolcano","Historical","D1","Subduction zone"
263350,"Ijen","Indonesia","Sunda-Banda Volcanic Regions","Sunda Volcanic Arc","Composite","Stratovolcano(es)","Eruption Observed","1999 CE",-8.058,114.242,2769,"Andesite / Basaltic Andesite","Subduction zone / Continental crust (>25 km)","Java","Stratovolcano","Historical","D1","Subduction zone"
263351,"Baluran","Indonesia","Sunda-Banda Volcanic Regions","Sunda Volcanic Arc","Composite","Stratovolcano","Evidence Uncertain","Unknown",-7.85,114.37,1247,"Andesite / Basaltic Andesite","Subduction zone / Continental crust (>25 km)","Java","Stratovolcano","Holocene","Unknown","Subduction zone"
264001,"Buyan-Bratan","Indonesia","Sunda-Banda Volcanic Regions","Sunda Volcanic Arc","Cluster","Caldera","Evidence Credible","Unknown",-8.283,115.133,2244,"Andesite / Basaltic Andesite","Subduction zone / Continental crust (>25 km)","Lesser Sunda Is","Caldera","Holocene","U","Subduction zone"
264010,"Batur","Indonesia","Sunda-Banda Volcanic Regions","Sunda Volcanic Arc","Caldera","Caldera","Eruption Observed","2000 CE",-8.2403,115.3775,1711,"Andesite / Basaltic Andesite","Subduction zone / Continental crust (>25 km)","Lesser Sunda Is","Caldera","Historical","D1","Subduction zone"
264020,"Agung","Indonesia","Sunda-Banda Volcanic Regions","Sunda Volcanic Arc","Composite","Stratovolcano","Eruption Observed","2022 CE",-8.343,115.508,2997,"Andesite / Basaltic Andesite","Subduction zone / Continental crust (>25 km)","Lesser Sunda Is","Stratovolcano","Historical","D1","Subduction zone"
264030,"Rinjani","Indonesia","Sunda-Banda Volcanic Regions","Sunda Volcanic Arc","Composite","Stratovolcano","Eruption Observed","2016 CE",-8.42,116.47,3726,"Andesite / Basaltic Andesite","Subduction zone / Continental crust (>25 km)","Lesser Sunda Is","Stratovolcano","Historical","D1","Subduction zone"
264040,"Tambora","Indonesia","Sunda-Banda Volcanic Regions","Sunda Volcanic Arc","Composite","Stratovolcano","Eruption Observed","1967 CE",-8.25,118,2850,"Trachybasalt / Tephrite Basanite","Subduction zone / Continental crust (>25 km)","Lesser Sunda Is","Stratovolcano","Historical","D1","Subduction zone"
264050,"Sangeang Api","Indonesia","Sunda-Banda Volcanic Regions","Sunda Volcanic Arc","Composite","Complex","Eruption Observed","2022 CE",-8.2,119.07,1912,"Trachybasalt / Tephrite Basanite","Subduction zone / Continental crust (>25 km)","Lesser Sunda Is","Complex volcano","Historical","D1","Subduction zone"
264060,"Sano, Wai","Indonesia","Sunda-Banda Volcanic Regions","Sunda Volcanic Arc","Composite","Caldera","Evidence Credible","Unknown",-8.7345,120.0074,1319,"Dacite","Subduction zone / Continental crust (>25 km)","Lesser Sunda Is","Caldera","Holocene","U","Subduction zone"
264071,"Ranakah","Indonesia","Sunda-Banda Volcanic Regions","Sunda Volcanic Arc","Cluster","Lava dome(s)","Eruption Observed","1991 CE",-8.637,120.5302,2288,"Andesite / Basaltic Andesite","Subduction zone / Continental crust (>25 km)","Lesser Sunda Is","Lava dome","Historical","D1","Subduction zone"
264080,"Inierie","Indonesia","Sunda-Banda Volcanic Regions","Sunda Volcanic Arc","Composite","Stratovolcano","Eruption Dated","8050 BCE",-8.875,120.95,2245,"Andesite / Basaltic Andesite","Subduction zone / Crustal thickness unknown","Lesser Sunda Is","Stratovolcano","Fumarolic","U","Subduction zone"
264090,"Inielika","Indonesia","Sunda-Banda Volcanic Regions","Sunda Volcanic Arc","Composite","Complex","Eruption Observed","2001 CE",-8.73,120.98,1559,"Andesite / Basaltic Andesite","Subduction zone / Crustal thickness unknown","Lesser Sunda Is","Complex volcano","Historical","D2","Subduction zone"
264100,"Ebulobo","Indonesia","Sunda-Banda Volcanic Regions","Sunda Volcanic Arc","Composite","Stratovolcano","Eruption Observed","1969 CE",-8.817,121.191,2096,"Andesite / Basaltic Andesite","Subduction zone / Crustal thickness unknown","Lesser Sunda Is","Stratovolcano","Historical","D1","Subduction zone"
264110,"Iya","Indonesia","Sunda-Banda Volcanic Regions","Sunda Volcanic Arc","Composite","Stratovolcano","Eruption Observed","1969 CE",-8.891,121.641,618,"Basalt / Picro-Basalt","Subduction zone / Crustal thickness unknown","Lesser Sunda Is","Stratovolcano","Historical","D1","Subduction zone"
264140,"Kelimutu","Indonesia","Sunda-Banda Volcanic Regions","Sunda Volcanic Arc","Composite","Complex","Eruption Observed","1968 CE",-8.77,121.82,1639,"Andesite / Basaltic Andesite","Subduction zone / Crustal thickness unknown","Lesser Sunda Is","Complex volcano","Historical","D1","Subduction zone"
264150,"Paluweh","Indonesia","Sunda-Banda Volcanic Regions","Sunda Volcanic Arc","Composite","Stratovolcano","Eruption Observed","2013 CE",-8.32,121.708,875,"Andesite / Basaltic Andesite","Subduction zone / Crustal thickness unknown","Lesser Sunda Is","Stratovolcano","Historical","D1","Subduction zone"
264160,"Egon","Indonesia","Sunda-Banda Volcanic Regions","Sunda Volcanic Arc","Composite","Stratovolcano","Eruption Observed","2008 CE",-8.676,122.455,1661,"Andesite / Basaltic Andesite","Subduction zone / Crustal thickness unknown","Lesser Sunda Is","Stratovolcano","Historical","D2","Subduction zone"
264180,"Lewotobi","Indonesia","Sunda-Banda Volcanic Regions","Sunda Volcanic Arc","Composite","Stratovolcano(es)","Eruption Observed","2026 CE",-8.542,122.775,1703,"Andesite / Basaltic Andesite","Subduction zone / Crustal thickness unknown","Lesser Sunda Is","Stratovolcano","Historical","D1","Subduction zone"
264220,"Iliboleng","Indonesia","Sunda-Banda Volcanic Regions","Sunda Volcanic Arc","Composite","Stratovolcano","Eruption Observed","1993 CE",-8.342,123.258,1659,"Basalt / Picro-Basalt","Subduction zone / Crustal thickness unknown","Lesser Sunda Is","Stratovolcano","Historical","D1","Subduction zone"
264230,"Lewotolok","Indonesia","Sunda-Banda Volcanic Regions","Sunda Volcanic Arc","Composite","Stratovolcano","Eruption Observed","2026 CE",-8.274,123.508,1431,"Andesite / Basaltic Andesite","Subduction zone / Crustal thickness unknown","Lesser Sunda Is","Stratovolcano","Historical","D2","Subduction zone"
264240,"Ililabalekan","Indonesia","Sunda-Banda Volcanic Regions","Sunda Volcanic Arc","Composite","Stratovolcano","Unrest / Holocene","Unknown",-8.55,123.38,1018,"Basalt / Picro-Basalt","Subduction zone / Crustal thickness unknown","Lesser Sunda Is","Stratovolcano","Fumarolic","U","Subduction zone"
264250,"Iliwerung","Indonesia","Sunda-Banda Volcanic Regions","Sunda Volcanic Arc","Composite","Complex","Eruption Observed","2021 CE",-8.532,123.573,583,"Basalt / Picro-Basalt","Subduction zone / Crustal thickness unknown","Lesser Sunda Is","Complex volcano","Historical","D1","Subduction zone"
264260,"Tara, Batu","Indonesia","Sunda-Banda Volcanic Regions","Sunda Volcanic Arc","Composite","Stratovolcano","Eruption Observed","2015 CE",-7.791,123.585,633,"Trachybasalt / Tephrite Basanite","Subduction zone / Oceanic crust (< 15 km)","Lesser Sunda Is","Stratovolcano","Historical","D3","Subduction zone"
264270,"Sirung","Indonesia","Sunda-Banda Volcanic Regions","Sunda Volcanic Arc","Composite","Complex","Eruption Observed","2021 CE",-8.4972,124.1306,1347,"Andesite / Basaltic Andesite","Subduction zone / Crustal thickness unknown","Lesser Sunda Is","Complex volcano","Historical","D1","Subduction zone"
265040,"Wurlali","Indonesia","Sunda-Banda Volcanic Regions","Inner Banda Volcanic Arc","Composite","Stratovolcano","Eruption Observed","1892 CE",-7.125,128.675,868,"Andesite / Basaltic Andesite","Subduction zone / Oceanic crust (< 15 km)","Banda Sea","Stratovolcano","Historical","D3","Subduction zone"
265050,"Teon","Indonesia","Sunda-Banda Volcanic Regions","Inner Banda Volcanic Arc","Composite","Stratovolcano","Eruption Observed","1904 CE",-6.976,129.144,728,"Andesite / Basaltic Andesite","Subduction zone / Oceanic crust (< 15 km)","Banda Sea","Stratovolcano","Historical","D2","Subduction zone"
265060,"Nila","Indonesia","Sunda-Banda Volcanic Regions","Inner Banda Volcanic Arc","Composite","Stratovolcano","Eruption Observed","1968 CE",-6.73,129.5,781,"Andesite / Basaltic Andesite","Subduction zone / Oceanic crust (< 15 km)","Banda Sea","Stratovolcano","Historical","D1","Subduction zone"
265070,"Serua","Indonesia","Sunda-Banda Volcanic Regions","Inner Banda Volcanic Arc","Composite","Stratovolcano","Eruption Observed","1921 CE",-6.312,130.017,608,"Andesite / Basaltic Andesite","Subduction zone / Oceanic crust (< 15 km)","Banda Sea","Stratovolcano","Historical","D2","Subduction zone"
265080,"Manuk","Indonesia","Sunda-Banda Volcanic Regions","Inner Banda Volcanic Arc","Composite","Stratovolcano","Unrest / Holocene","Unknown",-5.543,130.303,257,"Andesite / Basaltic Andesite","Subduction zone / Oceanic crust (< 15 km)","Banda Sea","Stratovolcano","Fumarolic","U","Subduction zone"
265090,"Banda Api","Indonesia","Sunda-Banda Volcanic Regions","Inner Banda Volcanic Arc","Composite","Caldera","Eruption Observed","1988 CE",-4.523,129.881,596,"Dacite","Subduction zone / Oceanic crust (< 15 km)","Banda Sea","Caldera","Historical","D1","Subduction zone"
266010,"Colo","Indonesia","Western Pacific Volcanic Regions","Sangihe Volcanic Arc","Composite","Stratovolcano","Eruption Observed","1983 CE",-0.162,121.601,404,"Trachyandesite / Basaltic Trachyandesite","Subduction zone / Continental crust (>25 km)","Sulawesi-Indonesia","Stratovolcano","Historical","D1","Subduction zone"
266020,"Ambang","Indonesia","Western Pacific Volcanic Regions","Sangihe Volcanic Arc","Composite","Complex","Eruption Observed","2005 CE",0.75,124.42,1795,"Andesite / Basaltic Andesite","Subduction zone / Continental crust (>25 km)","Sulawesi-Indonesia","Complex volcano","Historical","D3","Subduction zone"
266030,"Soputan","Indonesia","Western Pacific Volcanic Regions","Sangihe Volcanic Arc","Composite","Stratovolcano","Eruption Observed","2020 CE",1.112,124.737,1785,"Andesite / Basaltic Andesite","Subduction zone / Continental crust (>25 km)","Sulawesi-Indonesia","Stratovolcano","Historical","D1","Subduction zone"
266100,"Lokon-Empung","Indonesia","Western Pacific Volcanic Regions","Sangihe Volcanic Arc","Composite","Stratovolcano(es)","Eruption Observed","2015 CE",1.3644,124.7992,1580,"Basalt / Picro-Basalt","Subduction zone / Continental crust (>25 km)","Sulawesi-Indonesia","Stratovolcano","Historical","D1","Subduction zone"
266110,"Mahawu","Indonesia","Western Pacific Volcanic Regions","Sangihe Volcanic Arc","Composite","Stratovolcano","Eruption Observed","1977 CE",1.352,124.865,1299,"Andesite / Basaltic Andesite","Subduction zone / Continental crust (>25 km)","Sulawesi-Indonesia","Stratovolcano","Historical","D1","Subduction zone"
266120,"Klabat","Indonesia","Western Pacific Volcanic Regions","Sangihe Volcanic Arc","Composite","Stratovolcano","Unrest / Holocene","Unknown",1.454,125.031,1968,"Andesite / Basaltic Andesite","Subduction zone / Continental crust (>25 km)","Sulawesi-Indonesia","Stratovolcano","Fumarolic","U","Subduction zone"
266130,"Tangkoko-Duasudara","Indonesia","Western Pacific Volcanic Regions","Sangihe Volcanic Arc","Composite","Stratovolcano","Eruption Observed","1880 CE",1.518,125.185,1334,"Andesite / Basaltic Andesite","Subduction zone / Continental crust (>25 km)","Sulawesi-Indonesia","Stratovolcano","Historical","D3","Subduction zone"
267010,"Ruang","Indonesia","Western Pacific Volcanic Regions","Sangihe Volcanic Arc","Composite","Stratovolcano","Eruption Observed","2024 CE",2.3058,125.3671,703,"Andesite / Basaltic Andesite","Subduction zone / Oceanic crust (< 15 km)","Sangihe Is-Indonesia","Stratovolcano","Historical","D2","Subduction zone"
267020,"Karangetang","Indonesia","Western Pacific Volcanic Regions","Sangihe Volcanic Arc","Composite","Stratovolcano","Eruption Observed","2023 CE",2.781,125.407,1797,"Andesite / Basaltic Andesite","Subduction zone / Oceanic crust (< 15 km)","Sangihe Is-Indonesia","Stratovolcano","Historical","D1","Subduction zone"
267030,"Banua Wuhu","Indonesia","Western Pacific Volcanic Regions","Sangihe Volcanic Arc","Composite","Complex","Eruption Observed","1919 CE",3.1463,125.4422,-5,"Andesite / Basaltic Andesite","Subduction zone / Oceanic crust (< 15 km)","Sangihe Is-Indonesia","Submarine volcano","Historical","D2","Subduction zone"
267040,"Awu","Indonesia","Western Pacific Volcanic Regions","Sangihe Volcanic Arc","Composite","Stratovolcano","Eruption Observed","2004 CE",3.689,125.447,1318,"Andesite / Basaltic Andesite","Subduction zone / Oceanic crust (< 15 km)","Sangihe Is-Indonesia","Stratovolcano","Historical","D1","Subduction zone"
268001,"Tarakan","Indonesia","Western Pacific Volcanic Regions","Halmahera Volcanic Arc","Minor (Basaltic)","Pyroclastic cone(s)","Evidence Credible","Unknown",1.832,127.825,317,"Basalt / Picro-Basalt","Subduction zone / Oceanic crust (< 15 km)","Halmahera-Indonesia","Pyroclastic cone","Holocene","U","Subduction zone"
268010,"Dukono","Indonesia","Western Pacific Volcanic Regions","Halmahera Volcanic Arc","Composite","Complex","Eruption Observed","2026 CE",1.6992,127.8783,1273,"Andesite / Basaltic Andesite","Subduction zone / Oceanic crust (< 15 km)","Halmahera-Indonesia","Complex volcano","Historical","D1","Subduction zone"
268020,"Tobaru","Indonesia","Western Pacific Volcanic Regions","Halmahera Volcanic Arc","Composite","Stratovolcano","Evidence Credible","Unknown",1.63,127.67,1035,"Andesite / Basaltic Andesite","Subduction zone / Oceanic crust (< 15 km)","Halmahera-Indonesia","Unknown","Holocene","U","Subduction zone"
268030,"Ibu","Indonesia","Western Pacific Volcanic Regions","Halmahera Volcanic Arc","Composite","Stratovolcano","Eruption Observed","2026 CE",1.4941,127.6324,1357,"Andesite / Basaltic Andesite","Subduction zone / Oceanic crust (< 15 km)","Halmahera-Indonesia","Stratovolcano","Historical","D1","Subduction zone"
268040,"Gamkonora","Indonesia","Western Pacific Volcanic Regions","Halmahera Volcanic Arc","Composite","Stratovolcano","Eruption Observed","2007 CE",1.38,127.53,1635,"Andesite / Basaltic Andesite","Subduction zone / Oceanic crust (< 15 km)","Halmahera-Indonesia","Stratovolcano","Historical","D1","Subduction zone"
268050,"Todoko-Ranu","Indonesia","Western Pacific Volcanic Regions","Halmahera Volcanic Arc","Composite","Caldera(s)","Evidence Credible","Unknown",1.2389,127.4556,979,"Andesite / Basaltic Andesite","Subduction zone / Oceanic crust (< 15 km)","Halmahera-Indonesia","Caldera","Holocene","U","Subduction zone"
268051,"Jailolo","Indonesia","Western Pacific Volcanic Regions","Halmahera Volcanic Arc","Composite","Stratovolcano","Evidence Credible","Unknown",1.08,127.439,993,"Andesite / Basaltic Andesite","Subduction zone / Oceanic crust (< 15 km)","Halmahera-Indonesia","Stratovolcano","Holocene","U","Subduction zone"
268052,"Hiri","Indonesia","Western Pacific Volcanic Regions","Halmahera Volcanic Arc","Composite","Stratovolcano","Evidence Credible","Unknown",0.8971,127.317,687,"Basalt / Picro-Basalt","Subduction zone / Oceanic crust (< 15 km)","Halmahera-Indonesia","Stratovolcano","Holocene","U","Subduction zone"
268060,"Gamalama","Indonesia","Western Pacific Volcanic Regions","Halmahera Volcanic Arc","Composite","Stratovolcano(es)","Eruption Observed","2018 CE",0.81,127.3322,1714,"Andesite / Basaltic Andesite","Subduction zone / Oceanic crust (< 15 km)","Halmahera-Indonesia","Stratovolcano","Historical","D1","Subduction zone"
268061,"Kie Matubu","Indonesia","Western Pacific Volcanic Regions","Halmahera Volcanic Arc","Composite","Stratovolcano","Eruption Dated","1210 CE",0.6623,127.4029,1713,"Andesite / Basaltic Andesite","Subduction zone / Oceanic crust (< 15 km)","Halmahera-Indonesia","Stratovolcano","Holocene","U","Subduction zone"
268062,"Mare","Indonesia","Western Pacific Volcanic Regions","Halmahera Volcanic Arc","Composite","Stratovolcano","Evidence Credible","Unknown",0.57,127.4,308,"Andesite / Basaltic Andesite","Subduction zone / Oceanic crust (< 15 km)","Halmahera-Indonesia","Unknown","Holocene","U","Subduction zone"
268063,"Moti","Indonesia","Western Pacific Volcanic Regions","Halmahera Volcanic Arc","Composite","Stratovolcano","Evidence Credible","Unknown",0.454,127.411,927,"Andesite / Basaltic Andesite","Subduction zone / Oceanic crust (< 15 km)","Halmahera-Indonesia","Stratovolcano","Holocene","U","Subduction zone"
268070,"Kie Besi","Indonesia","Western Pacific Volcanic Regions","Halmahera Volcanic Arc","Composite","Stratovolcano","Eruption Observed","1988 CE",0.32,127.4,1357,"Andesite / Basaltic Andesite","Subduction zone / Oceanic crust (< 15 km)","Halmahera-Indonesia","Stratovolcano","Historical","D1","Subduction zone"
271011,"Melebingoy","Philippines","Western Pacific Volcanic Regions","Mindanao Volcanic Province","Composite","Stratovolcano","Eruption Observed","1641 CE",6.113,124.892,1824,"Andesite / Basaltic Andesite","Subduction zone / Continental crust (>25 km)","Mindanao-Philippines","Stratovolcano","Historical","D5","Subduction zone"
271020,"Matutum","Philippines","Western Pacific Volcanic Regions","Mindanao Volcanic Province","Composite","Stratovolcano","Eruption Dated","1290 CE",6.3604,125.0765,2262,"Andesite / Basaltic Andesite","Subduction zone / Continental crust (>25 km)","Mindanao-Philippines","Stratovolcano","Holocene","U","Subduction zone"
271031,"Leonard Range","Philippines","Western Pacific Volcanic Regions","Eastern Philippine Volcanic Arc","Cluster","Stratovolcano","Eruption Dated","80 CE",7.382,126.047,1080,"Andesite / Basaltic Andesite","Subduction zone / Continental crust (>25 km)","Mindanao-Philippines","Stratovolcano","Holocene","U","Subduction zone"
271040,"Makaturing","Philippines","Western Pacific Volcanic Regions","Mindanao Volcanic Province","Composite","Stratovolcano","Eruption Observed","1882 CE",7.644,124.317,1818,"Basalt / Picro-Basalt","Subduction zone / Continental crust (>25 km)","Mindanao-Philippines","Stratovolcano","Holocene","U","Subduction zone"
271060,"Ragang","Philippines","Western Pacific Volcanic Regions","Mindanao Volcanic Province","Composite","Stratovolcano","Eruption Observed","1916 CE",7.691,124.507,2790,"Basalt / Picro-Basalt","Subduction zone / Continental crust (>25 km)","Mindanao-Philippines","Stratovolcano","Historical","D2","Subduction zone"
271070,"Musuan","Philippines","Western Pacific Volcanic Regions","Mindanao Volcanic Province","Minor (Silicic)","Lava dome","Evidence Uncertain","Unknown",7.8765,125.0697,610,"Andesite / Basaltic Andesite","Subduction zone / Continental crust (>25 km)","Mindanao-Philippines","Tuff cone","Historical","D3","Subduction zone"
271080,"Camiguin","Philippines","Western Pacific Volcanic Regions","Mindanao Volcanic Province","Composite","Stratovolcano(es)","Eruption Observed","1953 CE",9.203,124.673,1552,"Andesite / Basaltic Andesite","Subduction zone / Continental crust (>25 km)","Mindanao-Philippines","Stratovolcano","Historical","D2","Subduction zone"
272020,"Kanlaon","Philippines","Western Pacific Volcanic Regions","Negros-Sulu Volcanic Arc","Composite","Stratovolcano","Eruption Observed","2026 CE",10.4096,123.13,2422,"Andesite / Basaltic Andesite","Subduction zone / Continental crust (>25 km)","Philippines-C","Stratovolcano","Historical","D1","Subduction zone"
272050,"Cabalían","Philippines","Western Pacific Volcanic Regions","Eastern Philippine Volcanic Arc","Composite","Stratovolcano","Eruption Dated","1820 CE",10.285,125.218,912,"Andesite / Basaltic Andesite","Subduction zone / Continental crust (>25 km)",NA,NA,NA,NA,"Subduction zone"
272080,"Biliran","Philippines","Western Pacific Volcanic Regions","Eastern Philippine Volcanic Arc","Composite","Compound","Eruption Observed","1939 CE",11.523,124.535,1301,"Andesite / Basaltic Andesite","Subduction zone / Continental crust (>25 km)","Philippines-C","Compound volcano","Historical","D2","Subduction zone"
273010,"Bulusan","Philippines","Western Pacific Volcanic Regions","Eastern Philippine Volcanic Arc","Composite","Stratovolcano(es)","Eruption Observed","2025 CE",12.769,124.056,1535,"Andesite / Basaltic Andesite","Subduction zone / Continental crust (>25 km)","Luzon-Philippines","Stratovolcano","Historical","D1","Subduction zone"
273030,"Mayon","Philippines","Western Pacific Volcanic Regions","Eastern Philippine Volcanic Arc","Composite","Stratovolcano","Eruption Observed","2026 CE",13.257,123.685,2462,"Andesite / Basaltic Andesite","Subduction zone / Continental crust (>25 km)","Luzon-Philippines","Stratovolcano","Historical","D1","Subduction zone"
273041,"Iriga","Philippines","Western Pacific Volcanic Regions","Eastern Philippine Volcanic Arc","Composite","Stratovolcano","Evidence Credible","Unknown",13.458,123.451,1138,"Andesite / Basaltic Andesite","Subduction zone / Continental crust (>25 km)","Luzon-Philippines","Stratovolcano","Historical","D5","Subduction zone"
273042,"Isarog","Philippines","Western Pacific Volcanic Regions","Eastern Philippine Volcanic Arc","Composite","Stratovolcano","Eruption Dated","3500 BCE",13.658,123.38,1966,"Andesite / Basaltic Andesite","Subduction zone / Continental crust (>25 km)","Luzon-Philippines","Stratovolcano","Holocene","U","Subduction zone"
273050,"Banahaw","Philippines","Western Pacific Volcanic Regions","Luzon Volcanic Arc","Composite","Complex","Evidence Credible","Unknown",14.07,121.48,2158,"Andesite / Basaltic Andesite","Subduction zone / Continental crust (>25 km)","Luzon-Philippines","Complex volcano","Holocene","U","Subduction zone"
273060,"San Pablo Volcanic Field","Philippines","Western Pacific Volcanic Regions","Luzon Volcanic Arc","Cluster","Volcanic field","Eruption Dated","1350 CE",14.12,121.3,1090,"Trachyandesite / Basaltic Trachyandesite","Subduction zone / Continental crust (>25 km)","Luzon-Philippines","Stratovolcano","Holocene","U","Subduction zone"
273070,"Taal","Philippines","Western Pacific Volcanic Regions","Luzon Volcanic Arc","Caldera","Caldera","Eruption Observed","2026 CE",14.0106,120.9975,311,"Andesite / Basaltic Andesite","Subduction zone / Continental crust (>25 km)","Luzon-Philippines","Stratovolcano","Historical","D1","Subduction zone"
273083,"Pinatubo","Philippines","Western Pacific Volcanic Regions","Luzon Volcanic Arc","Composite","Stratovolcano","Eruption Observed","2021 CE",15.13,120.35,1486,"Dacite","Subduction zone / Continental crust (>25 km)","Luzon-Philippines","Stratovolcano","Historical","D1","Subduction zone"
273090,"Cagua","Philippines","Western Pacific Volcanic Regions","Luzon Volcanic Arc","Composite","Stratovolcano","Eruption Observed","1860 CE",18.222,122.123,1133,"Andesite / Basaltic Andesite","Subduction zone / Continental crust (>25 km)","Luzon-Philippines","Stratovolcano","Holocene","U","Subduction zone"
274010,"Camiguin de Babuyanes","Philippines","Western Pacific Volcanic Regions","Luzon Volcanic Arc","Composite","Stratovolcano","Eruption Observed","1857 CE",18.83,121.86,712,"Andesite / Basaltic Andesite","Subduction zone / Crustal thickness unknown","Luzon-N of","Stratovolcano","Historical","D3","Subduction zone"
274020,"Didicas","Philippines","Western Pacific Volcanic Regions","Luzon Volcanic Arc","Composite","Compound","Eruption Observed","1978 CE",19.077,122.202,228,"Andesite / Basaltic Andesite","Subduction zone / Crustal thickness unknown","Luzon-N of","Compound volcano","Historical","D1","Subduction zone"
274030,"Babuyan Claro","Philippines","Western Pacific Volcanic Regions","Luzon Volcanic Arc","Composite","Stratovolcano(es)","Eruption Observed","1924 CE",19.524,121.95,1064,"Andesite / Basaltic Andesite","Subduction zone / Crustal thickness unknown","Luzon-N of","Stratovolcano","Historical","D2","Subduction zone"
274060,"Iraya","Philippines","Western Pacific Volcanic Regions","Luzon Volcanic Arc","Composite","Stratovolcano","Eruption Observed","1454 CE",20.469,122.01,1009,"Andesite / Basaltic Andesite","Subduction zone / Crustal thickness unknown","Luzon-N of","Stratovolcano","Historical","D6","Subduction zone"
275001,"Hainan Volcanic Field","China","Eastern Asia Volcanic Regions","Southeast Asia Volcanic Province","Cluster","Volcanic field","Eruption Observed","1933 CE",19.905,110.229,196,"Basalt / Picro-Basalt","Intraplate / Continental crust (>25 km)","SE Asia","Pyroclastic cones","Historical","D2","Intraplate"
275020,"Ly Son Group","Vietnam","Eastern Asia Volcanic Regions","Southeast Asia Volcanic Province","Cluster","Volcanic field","Evidence Credible","Unknown",15.38,109.12,157,"Basalt / Picro-Basalt","Intraplate / Continental crust (>25 km)","SE Asia","Volcanic field","Holocene","U","Intraplate"
275060,"Cendres, Ile des","Vietnam","Eastern Asia Volcanic Regions","Southeast Asia Volcanic Province","Cluster","Volcanic field","Eruption Observed","1923 CE",10.158,109.014,-20,"Basalt / Picro-Basalt","Intraplate / Continental crust (>25 km)","SE Asia","Submarine volcanoes","Historical","D2","Intraplate"
275080,"Popa","Burma (Myanmar)","Eastern Asia Volcanic Regions","Southeast Asia Volcanic Province","Composite","Stratovolcano","Eruption Dated","6050 BCE",20.92,95.25,1518,"Basalt / Picro-Basalt","Intraplate / Continental crust (>25 km)","SE Asia","Stratovolcano","Anthropology","D7","Intraplate"
275110,"Tengchong","China","Eastern Asia Volcanic Regions","Southeast Asia Volcanic Province","Cluster","Volcanic field","Eruption Dated","5750 BCE",25.23,98.5,2865,"Basalt / Picro-Basalt","Intraplate / Continental crust (>25 km)","China-S","Pyroclastic cone","Historical","D5","Intraplate"
281031,"Kueishantao","Taiwan","Western Pacific Volcanic Regions","Ryukyu Volcanic Arc","Composite","Stratovolcano","Eruption Observed","1853 CE",24.841,121.953,361,"Andesite / Basaltic Andesite","Subduction zone / Continental crust (>25 km)","Taiwan","Stratovolcano","Pleistocene-Fumarol","Q","Subduction zone"
281032,"Tatun Volcanic Group","Taiwan","Western Pacific Volcanic Regions","Ryukyu Volcanic Arc","Cluster","Lava dome(s)","Eruption Dated","648 CE",25.178,121.553,1120,"Andesite / Basaltic Andesite","Subduction zone / Continental crust (>25 km)","Taiwan","Stratovolcano","Pleistocene-Fumarol","Q","Subduction zone"
282010,"Submarine Volcano NNE of Iriomotejima","Japan","Western Pacific Volcanic Regions","Ryukyu Volcanic Arc","Composite","Stratovolcano","Eruption Observed","1924 CE",24.57,123.93,-200,"Rhyolite","Subduction zone / Oceanic crust (< 15 km)","Ryukyu Is","Submarine volcano","Historical","D2","Subduction zone"
282020,"Io-Torishima","Japan","Western Pacific Volcanic Regions","Ryukyu Volcanic Arc","Composite","Complex","Eruption Observed","1968 CE",27.881,128.223,212,"Andesite / Basaltic Andesite","Subduction zone / Oceanic crust (< 15 km)","Ryukyu Is","Complex volcano","Historical","D1","Subduction zone"
282021,"Yokoatejima","Japan","Western Pacific Volcanic Regions","Ryukyu Volcanic Arc","Composite","Stratovolcano(es)","Eruption Observed","1835 CE",28.797,128.997,495,"Andesite / Basaltic Andesite","Subduction zone / Oceanic crust (< 15 km)","Ryukyu Is","Stratovolcano","Holocene","U","Subduction zone"
282022,"Akusekijima","Japan","Western Pacific Volcanic Regions","Ryukyu Volcanic Arc","Composite","Stratovolcano(es)","Evidence Uncertain","Unknown",29.465,129.594,555,"Andesite / Basaltic Andesite","Subduction zone / Oceanic crust (< 15 km)","Ryukyu Is","Stratovolcanoes","Holocene?","?","Subduction zone"
282030,"Suwanosejima","Japan","Western Pacific Volcanic Regions","Ryukyu Volcanic Arc","Composite","Stratovolcano(es)","Eruption Observed","2026 CE",29.638,129.714,796,"Andesite / Basaltic Andesite","Subduction zone / Oceanic crust (< 15 km)","Ryukyu Is","Stratovolcano","Historical","D1","Subduction zone"
282040,"Nakanoshima","Japan","Western Pacific Volcanic Regions","Ryukyu Volcanic Arc","Composite","Stratovolcano(es)","Eruption Observed","1914 CE",29.859,129.857,979,"Andesite / Basaltic Andesite","Subduction zone / Oceanic crust (< 15 km)","Ryukyu Is","Stratovolcano","Historical","D2","Subduction zone"
282043,"Kuchinoshima","Japan","Western Pacific Volcanic Regions","Ryukyu Volcanic Arc","Composite","Stratovolcano(es)","Eruption Dated","1190 CE",29.968,129.926,628,"Andesite / Basaltic Andesite","Subduction zone / Oceanic crust (< 15 km)","Ryukyu Is","Stratovolcanoes","Radiocarbon","D6","Subduction zone"
282050,"Kuchinoerabujima","Japan","Western Pacific Volcanic Regions","Ryukyu Volcanic Arc","Composite","Stratovolcano(es)","Eruption Observed","2020 CE",30.443,130.217,657,"Andesite / Basaltic Andesite","Subduction zone / Oceanic crust (< 15 km)","Ryukyu Is","Stratovolcano","Historical","D1","Subduction zone"
282060,"Kikai","Japan","Western Pacific Volcanic Regions","Ryukyu Volcanic Arc","Caldera","Caldera","Eruption Observed","2025 CE",30.793,130.305,704,"Rhyolite","Subduction zone / Oceanic crust (< 15 km)","Ryukyu Is","Caldera","Historical","D1","Subduction zone"
282070,"Ata","Japan","Western Pacific Volcanic Regions","Ryukyu Volcanic Arc","Caldera","Caldera(s)","Eruption Observed","885 CE",31.22,130.57,924,"Andesite / Basaltic Andesite","Subduction zone / Continental crust (>25 km)","Kyushu-Japan","Caldera","Historical","D6","Subduction zone"
282080,"Aira","Japan","Western Pacific Volcanic Regions","Ryukyu Volcanic Arc","Caldera","Caldera","Eruption Observed","2026 CE",31.5772,130.6589,1117,"Andesite / Basaltic Andesite","Subduction zone / Continental crust (>25 km)","Kyushu-Japan","Stratovolcano","Historical","D1","Subduction zone"
282081,"Yonemaru-Sumiyoshiike","Japan","Western Pacific Volcanic Regions","Ryukyu Volcanic Arc","Minor (Basaltic)","Maar(s)","Eruption Dated","6200 BCE",31.771,130.592,40,"Basalt / Picro-Basalt","Subduction zone / Continental crust (>25 km)","Kyushu-Japan","Maar","Radiocarbon","D7","Subduction zone"
282090,"Kirishimayama","Japan","Western Pacific Volcanic Regions","Ryukyu Volcanic Arc","Shield","Shield","Eruption Observed","2025 CE",31.934,130.862,1700,"Andesite / Basaltic Andesite","Subduction zone / Continental crust (>25 km)","Kyushu-Japan","Shield volcano","Historical","D1","Subduction zone"
282091,"Fukue","Japan","Western Pacific Volcanic Regions","Nankai Volcanic Arc","Cluster","Volcanic field","Eruption Dated","400 BCE",32.657,128.849,315,"Basalt / Picro-Basalt","Subduction zone / Continental crust (>25 km)","Kyushu-Japan","Shield volcanoes","Tephrochronology","D7","Subduction zone"
282100,"Unzendake","Japan","Western Pacific Volcanic Regions","Nankai Volcanic Arc","Composite","Complex","Eruption Observed","1996 CE",32.761,130.299,1483,"Andesite / Basaltic Andesite","Subduction zone / Continental crust (>25 km)","Kyushu-Japan","Complex volcano","Historical","D1","Subduction zone"
282110,"Asosan","Japan","Western Pacific Volcanic Regions","Nankai Volcanic Arc","Caldera","Caldera","Eruption Observed","2021 CE",32.8849,131.085,1592,"Andesite / Basaltic Andesite","Subduction zone / Continental crust (>25 km)","Kyushu-Japan","Caldera","Historical","D1","Subduction zone"
282120,"Kujusan","Japan","Western Pacific Volcanic Regions","Nankai Volcanic Arc","Composite","Stratovolcano(es)","Eruption Observed","1996 CE",33.086,131.249,1791,"Andesite / Basaltic Andesite","Subduction zone / Continental crust (>25 km)","Kyushu-Japan","Stratovolcano","Historical","D1","Subduction zone"
282130,"Yufu-Tsurumi","Japan","Western Pacific Volcanic Regions","Nankai Volcanic Arc","Composite","Lava dome(s)","Eruption Observed","867 CE",33.282,131.39,1584,"Andesite / Basaltic Andesite","Subduction zone / Continental crust (>25 km)","Kyushu-Japan","Lava dome","Historical","D6","Subduction zone"
283001,"Abu","Japan","Western Pacific Volcanic Regions","Nankai Volcanic Arc","Cluster","Volcanic field","Eruption Dated","6850 BCE",34.4833,131.5167,641,"Andesite / Basaltic Andesite","Subduction zone / Continental crust (>25 km)","Honshu-Japan","Shield volcano","Holocene","Unknown","Subduction zone"
283002,"Sanbesan","Japan","Western Pacific Volcanic Regions","Nankai Volcanic Arc","Composite","Stratovolcano","Eruption Dated","650 CE",35.141,132.622,1126,"Dacite","Subduction zone / Continental crust (>25 km)","Honshu-Japan","Caldera","Radiocarbon","D7","Subduction zone"
283010,"Izu-Tobu","Japan","Northwestern Pacific Volcanic Regions","Izu Volcanic Arc","Cluster","Pyroclastic cone(s)","Eruption Observed","1989 CE",34.9,139.098,1406,"Basalt / Picro-Basalt","Subduction zone / Continental crust (>25 km)","Honshu-Japan","Pyroclastic cone","Historical","D1","Subduction zone"
283020,"Hakoneyama","Japan","Northwestern Pacific Volcanic Regions","Izu Volcanic Arc","Composite","Complex","Eruption Dated","2015 CE",35.233,139.021,1438,"Andesite / Basaltic Andesite","Subduction zone / Continental crust (>25 km)","Honshu-Japan","Complex volcano","Radiocarbon","D7","Subduction zone"
283030,"Fujisan","Japan","Northwestern Pacific Volcanic Regions","Izu Volcanic Arc","Composite","Stratovolcano","Eruption Observed","1708 CE",35.361,138.728,3776,"Basalt / Picro-Basalt","Subduction zone / Continental crust (>25 km)","Honshu-Japan","Stratovolcano","Historical","D4","Subduction zone"
283031,"Yokodake","Japan","Northwestern Pacific Volcanic Regions","Northeast Japan Volcanic Arc","Composite","Stratovolcano(es)","Eruption Dated","1200 CE",36.087,138.32,2480,"Andesite / Basaltic Andesite","Subduction zone / Continental crust (>25 km)","Honshu-Japan","Stratovolcano","Holocene","U","Subduction zone"
283040,"Ontakesan","Japan","Western Pacific Volcanic Regions","Nankai Volcanic Arc","Composite","Complex","Eruption Observed","2014 CE",35.893,137.48,3067,"Andesite / Basaltic Andesite","Subduction zone / Continental crust (>25 km)","Honshu-Japan","Complex volcano","Historical","D1","Subduction zone"
283050,"Hakusan","Japan","Western Pacific Volcanic Regions","Nankai Volcanic Arc","Composite","Stratovolcano","Eruption Observed","1659 CE",36.155,136.771,2702,"Andesite / Basaltic Andesite","Subduction zone / Continental crust (>25 km)","Honshu-Japan","Stratovolcano","Historical","D5","Subduction zone"
283060,"Norikuradake","Japan","Western Pacific Volcanic Regions","Nankai Volcanic Arc","Composite","Stratovolcano(es)","Eruption Dated","50 BCE",36.106,137.554,3026,"Andesite / Basaltic Andesite","Subduction zone / Continental crust (>25 km)","Honshu-Japan","Stratovolcano","Radiocarbon","D7","Subduction zone"
283069,"Akandanayama","Japan","Western Pacific Volcanic Regions","Nankai Volcanic Arc","Composite","Stratovolcano","Evidence Credible","Unknown",36.2,137.573,2109,NA,NA,"Honshu-Japan","Stratovolcano","","Unknown",NA
283070,"Yakedake","Japan","Western Pacific Volcanic Regions","Nankai Volcanic Arc","Composite","Stratovolcano(es)","Eruption Observed","1995 CE",36.227,137.587,2455,"Andesite / Basaltic Andesite","Subduction zone / Continental crust (>25 km)","Honshu-Japan","Stratovolcano","Historical","D1","Subduction zone"
283080,"Midagahara","Japan","Western Pacific Volcanic Regions","Nankai Volcanic Arc","Composite","Stratovolcano","Eruption Observed","1839 CE",36.571,137.59,2621,"Andesite / Basaltic Andesite","Subduction zone / Continental crust (>25 km)","Honshu-Japan","Stratovolcano","Historical","D3","Subduction zone"
283090,"Niigata-Yakeyama","Japan","Northwestern Pacific Volcanic Regions","Northeast Japan Volcanic Arc","Minor (Silicic)","Lava dome","Eruption Observed","1998 CE",36.921,138.036,2400,"Andesite / Basaltic Andesite","Subduction zone / Continental crust (>25 km)","Honshu-Japan","Lava dome","Historical","D1","Subduction zone"
283100,"Myokosan","Japan","Northwestern Pacific Volcanic Regions","Northeast Japan Volcanic Arc","Composite","Stratovolcano","Eruption Dated","750 BCE",36.891,138.114,2454,"Andesite / Basaltic Andesite","Subduction zone / Continental crust (>25 km)","Honshu-Japan","Stratovolcano","Radiocarbon","D7","Subduction zone"
283110,"Asamayama","Japan","Northwestern Pacific Volcanic Regions","Northeast Japan Volcanic Arc","Composite","Complex","Eruption Observed","2019 CE",36.406,138.523,2568,"Andesite / Basaltic Andesite","Subduction zone / Continental crust (>25 km)","Honshu-Japan","Complex volcano","Historical","D1","Subduction zone"
283120,"Kusatsu-Shiranesan","Japan","Northwestern Pacific Volcanic Regions","Northeast Japan Volcanic Arc","Composite","Stratovolcano(es)","Eruption Observed","2018 CE",36.618,138.528,2165,"Andesite / Basaltic Andesite","Subduction zone / Continental crust (>25 km)","Honshu-Japan","Stratovolcano","Historical","D1","Subduction zone"
283121,"Shiga","Japan","Northwestern Pacific Volcanic Regions","Northeast Japan Volcanic Arc","Shield","Shield(s)","Evidence Uncertain","Unknown",36.688,138.519,2041,"Andesite / Basaltic Andesite","Subduction zone / Continental crust (>25 km)","Honshu-Japan","Shield volcano","Holocene","U","Subduction zone"
283122,"Harunasan","Japan","Northwestern Pacific Volcanic Regions","Northeast Japan Volcanic Arc","Composite","Stratovolcano","Eruption Dated","550 CE",36.477,138.851,1449,"Andesite / Basaltic Andesite","Subduction zone / Continental crust (>25 km)","Honshu-Japan","Stratovolcano","Anthropology","D6","Subduction zone"
283130,"Akagisan","Japan","Northwestern Pacific Volcanic Regions","Northeast Japan Volcanic Arc","Composite","Stratovolcano","Evidence Uncertain","Unknown",36.56,139.193,1828,"Andesite / Basaltic Andesite","Subduction zone / Continental crust (>25 km)","Honshu-Japan","Stratovolcano","Historical","D6","Subduction zone"
283131,"Hiuchigatake","Japan","Northwestern Pacific Volcanic Regions","Northeast Japan Volcanic Arc","Composite","Stratovolcano","Eruption Observed","1544 CE",36.955,139.285,2356,"Andesite / Basaltic Andesite","Subduction zone / Continental crust (>25 km)","Honshu-Japan","Stratovolcano","Historical","D5","Subduction zone"
283140,"Nikko-Shiranesan","Japan","Northwestern Pacific Volcanic Regions","Northeast Japan Volcanic Arc","Shield","Shield","Eruption Observed","1952 CE",36.799,139.376,2578,"Andesite / Basaltic Andesite","Subduction zone / Continental crust (>25 km)","Honshu-Japan","Shield volcano","Historical","D3","Subduction zone"
283141,"Nantaisan","Japan","Northwestern Pacific Volcanic Regions","Northeast Japan Volcanic Arc","Composite","Stratovolcano","Eruption Dated","9540 BCE",36.765,139.491,2486,"Andesite / Basaltic Andesite","Subduction zone / Continental crust (>25 km)","Honshu-Japan","Stratovolcano","Holocene","U","Subduction zone"
283142,"Omanago Group","Japan","Northwestern Pacific Volcanic Regions","Northeast Japan Volcanic Arc","Cluster","Lava dome(s)","Eruption Dated","3050 BCE",36.8067,139.4756,2341,"Dacite","Subduction zone / Continental crust (>25 km)","Honshu-Japan","Lava dome","Holocene","U","Subduction zone"
283143,"Takaharayama","Japan","Northwestern Pacific Volcanic Regions","Northeast Japan Volcanic Arc","Composite","Stratovolcano","Eruption Dated","4570 BCE",36.9,139.777,1795,"Andesite / Basaltic Andesite","Subduction zone / Continental crust (>25 km)","Honshu-Japan","Stratovolcano","Holocene","U7","Subduction zone"
283150,"Nasudake","Japan","Northwestern Pacific Volcanic Regions","Northeast Japan Volcanic Arc","Composite","Stratovolcano(es)","Eruption Observed","1963 CE",37.125,139.963,1915,"Andesite / Basaltic Andesite","Subduction zone / Continental crust (>25 km)","Honshu-Japan","Stratovolcano","Historical","D2","Subduction zone"
283151,"Numazawa","Japan","Northwestern Pacific Volcanic Regions","Northeast Japan Volcanic Arc","Shield","Shield","Eruption Dated","3400 BCE",37.444,139.566,835,"Dacite","Subduction zone / Continental crust (>25 km)","Honshu-Japan","Shield volcano","Radiocarbon","D7","Subduction zone"
283160,"Bandaisan","Japan","Northwestern Pacific Volcanic Regions","Northeast Japan Volcanic Arc","Composite","Stratovolcano","Eruption Observed","1888 CE",37.601,140.072,1816,"Andesite / Basaltic Andesite","Subduction zone / Continental crust (>25 km)","Honshu-Japan","Stratovolcano","Historical","D3","Subduction zone"
283170,"Adatarayama","Japan","Northwestern Pacific Volcanic Regions","Northeast Japan Volcanic Arc","Composite","Stratovolcano(es)","Eruption Observed","1996 CE",37.647,140.281,1728,"Andesite / Basaltic Andesite","Subduction zone / Continental crust (>25 km)","Honshu-Japan","Stratovolcano","Historical","D1","Subduction zone"
283180,"Azumayama","Japan","Northwestern Pacific Volcanic Regions","Northeast Japan Volcanic Arc","Composite","Stratovolcano(es)","Eruption Observed","1977 CE",37.735,140.244,1949,"Andesite / Basaltic Andesite","Subduction zone / Continental crust (>25 km)","Honshu-Japan","Stratovolcano","Historical","D1","Subduction zone"
283190,"Zaozan [Zaosan]","Japan","Northwestern Pacific Volcanic Regions","Northeast Japan Volcanic Arc","Composite","Complex","Eruption Observed","1940 CE",38.144,140.44,1841,"Andesite / Basaltic Andesite","Subduction zone / Continental crust (>25 km)","Honshu-Japan","Complex volcano","Historical","D2","Subduction zone"
283191,"Hijiori","Japan","Northwestern Pacific Volcanic Regions","Northeast Japan Volcanic Arc","Caldera","Caldera","Evidence Credible","Unknown",38.5992,140.1617,552,"Dacite","Subduction zone / Continental crust (>25 km)","Honshu-Japan","Caldera","Radiocarbon","D7","Subduction zone"
283200,"Naruko","Japan","Northwestern Pacific Volcanic Regions","Northeast Japan Volcanic Arc","Cluster","Caldera","Eruption Observed","837 CE",38.729,140.734,470,"Rhyolite","Subduction zone / Continental crust (>25 km)","Honshu-Japan","Caldera","Historical","D6","Subduction zone"
283210,"Kurikomayama","Japan","Northwestern Pacific Volcanic Regions","Northeast Japan Volcanic Arc","Composite","Stratovolcano","Eruption Observed","1950 CE",38.961,140.788,1627,"Andesite / Basaltic Andesite","Subduction zone / Continental crust (>25 km)","Honshu-Japan","Stratovolcano","Historical","D2","Subduction zone"
283220,"Chokaisan","Japan","Northwestern Pacific Volcanic Regions","Northeast Japan Volcanic Arc","Composite","Stratovolcano(es)","Eruption Observed","1974 CE",39.099,140.049,2236,"Andesite / Basaltic Andesite","Subduction zone / Continental crust (>25 km)","Honshu-Japan","Stratovolcano","Historical","D1","Subduction zone"
283230,"Akita-Komagatake","Japan","Northwestern Pacific Volcanic Regions","Northeast Japan Volcanic Arc","Composite","Stratovolcano(es)","Eruption Observed","1971 CE",39.761,140.799,1637,"Basalt / Picro-Basalt","Subduction zone / Continental crust (>25 km)","Honshu-Japan","Stratovolcano","Historical","D1","Subduction zone"
283240,"Iwatesan","Japan","Northwestern Pacific Volcanic Regions","Northeast Japan Volcanic Arc","Composite","Complex","Eruption Observed","1919 CE",39.853,141.001,2038,"Basalt / Picro-Basalt","Subduction zone / Continental crust (>25 km)","Honshu-Japan","Complex volcano","Historical","D2","Subduction zone"
283250,"Hachimantai","Japan","Northwestern Pacific Volcanic Regions","Northeast Japan Volcanic Arc","Composite","Stratovolcano","Eruption Dated","5350 BCE",39.958,140.854,1613,"Andesite / Basaltic Andesite","Subduction zone / Continental crust (>25 km)","Honshu-Japan","Stratovolcano","Holocene","Unknown","Subduction zone"
283260,"Akita-Yakeyama","Japan","Northwestern Pacific Volcanic Regions","Northeast Japan Volcanic Arc","Composite","Stratovolcano","Eruption Observed","1997 CE",39.964,140.757,1366,"Andesite / Basaltic Andesite","Subduction zone / Continental crust (>25 km)","Honshu-Japan","Complex volcano","Historical","D1","Subduction zone"
283262,"Megata","Japan","Northwestern Pacific Volcanic Regions","Northeast Japan Volcanic Arc","Minor (Basaltic)","Maar(s)","Eruption Dated","2050 BCE",39.95,139.725,160,"Andesite / Basaltic Andesite","Subduction zone / Continental crust (>25 km)","Honshu-Japan","Maar","Tephrochronology","D7","Subduction zone"
283270,"Iwakisan","Japan","Northwestern Pacific Volcanic Regions","Northeast Japan Volcanic Arc","Composite","Stratovolcano","Eruption Observed","1863 CE",40.656,140.303,1625,"Andesite / Basaltic Andesite","Subduction zone / Continental crust (>25 km)","Honshu-Japan","Stratovolcano","Historical","D3","Subduction zone"
283271,"Towada","Japan","Northwestern Pacific Volcanic Regions","Northeast Japan Volcanic Arc","Caldera","Caldera","Eruption Observed","915 CE",40.51,140.88,1011,"Andesite / Basaltic Andesite","Subduction zone / Continental crust (>25 km)","Honshu-Japan","Caldera","Historical","D6","Subduction zone"
283280,"Hakkodasan","Japan","Northwestern Pacific Volcanic Regions","Northeast Japan Volcanic Arc","Composite","Stratovolcano(es)","Eruption Dated","1550 CE",40.659,140.877,1585,"Andesite / Basaltic Andesite","Subduction zone / Continental crust (>25 km)","Honshu-Japan","Stratovolcano","Holocene","U","Subduction zone"
283290,"Osorezan","Japan","Northwestern Pacific Volcanic Regions","Northeast Japan Volcanic Arc","Composite","Stratovolcano","Eruption Observed","1787 CE",41.279,141.12,878,"Andesite / Basaltic Andesite","Subduction zone / Continental crust (>25 km)","Honshu-Japan","Stratovolcano","Historical","D4","Subduction zone"
284010,"Izu-Oshima","Japan","Northwestern Pacific Volcanic Regions","Izu Volcanic Arc","Composite","Stratovolcano","Eruption Observed","1990 CE",34.724,139.394,746,"Basalt / Picro-Basalt","Subduction zone / Oceanic crust (< 15 km)","Izu Is-Japan","Stratovolcano","Historical","D1","Subduction zone"
284011,"Toshima","Japan","Northwestern Pacific Volcanic Regions","Izu Volcanic Arc","Composite","Stratovolcano","Eruption Dated","4550 BCE",34.52,139.279,508,"Basalt / Picro-Basalt","Subduction zone / Oceanic crust (< 15 km)","Izu Is-Japan","Stratovolcano","Holocene","Unknown","Subduction zone"
284020,"Niijima","Japan","Northwestern Pacific Volcanic Regions","Izu Volcanic Arc","Minor (Silicic)","Lava dome(s)","Eruption Observed","886 CE",34.397,139.27,432,"Rhyolite","Subduction zone / Oceanic crust (< 15 km)","Izu Is-Japan","Lava dome","Historical","D6","Subduction zone"
284030,"Kozushima","Japan","Northwestern Pacific Volcanic Regions","Izu Volcanic Arc","Composite","Lava dome(s)","Eruption Observed","838 CE",34.219,139.153,572,"Rhyolite","Subduction zone / Oceanic crust (< 15 km)","Izu Is-Japan","Lava dome","Historical","D6","Subduction zone"
284040,"Miyakejima","Japan","Northwestern Pacific Volcanic Regions","Izu Volcanic Arc","Composite","Stratovolcano","Eruption Observed","2010 CE",34.094,139.526,775,"Basalt / Picro-Basalt","Subduction zone / Oceanic crust (< 15 km)","Izu Is-Japan","Stratovolcano","Historical","D1","Subduction zone"
284041,"Mikurajima","Japan","Northwestern Pacific Volcanic Regions","Izu Volcanic Arc","Composite","Stratovolcano","Eruption Dated","4100 BCE",33.874,139.602,851,"Basalt / Picro-Basalt","Subduction zone / Oceanic crust (< 15 km)","Izu Is-Japan","Submarine volcano","Holocene","Unknown","Subduction zone"
284042,"Kurose Hole","Japan","Northwestern Pacific Volcanic Regions","Izu Volcanic Arc","Caldera","Caldera","Evidence Uncertain","Unknown",33.4,139.68,-114,"Dacite","Subduction zone / Oceanic crust (< 15 km)","Izu Is-Japan","Submarine volcano","Holocene?","?","Subduction zone"
284050,"Hachijojima","Japan","Northwestern Pacific Volcanic Regions","Izu Volcanic Arc","Composite","Stratovolcano(es)","Eruption Observed","1606 CE",33.137,139.766,854,"Basalt / Picro-Basalt","Subduction zone / Oceanic crust (< 15 km)","Izu Is-Japan","Stratovolcano","Historical","D5","Subduction zone"
284060,"Aogashima","Japan","Northwestern Pacific Volcanic Regions","Izu Volcanic Arc","Composite","Stratovolcano","Eruption Observed","1785 CE",32.458,139.759,423,"Basalt / Picro-Basalt","Subduction zone / Oceanic crust (< 15 km)","Izu Is-Japan","Stratovolcano","Historical","D4","Subduction zone"
284061,"Kita-Bayonnaise","Japan","Northwestern Pacific Volcanic Regions","Izu Volcanic Arc","Caldera","Caldera","Evidence Uncertain","Unknown",32.1,139.85,-360,"Rhyolite","Subduction zone / Oceanic crust (< 15 km)","Izu Is-Japan","Submarine volcano","Holocene","Unknown","Subduction zone"
284070,"Myojinsho","Japan","Northwestern Pacific Volcanic Regions","Izu Volcanic Arc","Caldera","Caldera","Eruption Observed","1970 CE",31.888,139.918,11,"Dacite","Subduction zone / Oceanic crust (< 15 km)","Izu Is-Japan","Submarine volcano","Historical","D1","Subduction zone"
284080,"Sumisujima","Japan","Northwestern Pacific Volcanic Regions","Izu Volcanic Arc","Caldera","Caldera","Eruption Observed","1916 CE",31.44,140.051,136,"Dacite","Subduction zone / Oceanic crust (< 15 km)","Izu Is-Japan","Submarine volcano","Historical","D2","Subduction zone"
284090,"Izu-Torishima","Japan","Northwestern Pacific Volcanic Regions","Izu Volcanic Arc","Composite","Stratovolcano","Eruption Observed","2002 CE",30.484,140.303,394,"Basalt / Picro-Basalt","Subduction zone / Oceanic crust (< 15 km)","Izu Is-Japan","Stratovolcano","Historical","D1","Subduction zone"
284091,"Sofugan","Japan","Northwestern Pacific Volcanic Regions","Izu Volcanic Arc","Composite","Stratovolcano","Evidence Uncertain","Unknown",29.794,140.342,99,"Basalt / Picro-Basalt","Subduction zone / Oceanic crust (< 15 km)","Izu Is-Japan","Submarine volcano","Uncertain","Unknown","Subduction zone"
284093,"Suiyo Seamount","Japan","Northwestern Pacific Volcanic Regions","Ogasawara Volcanic Arc","Composite","Stratovolcano","Unrest / Holocene","Unknown",28.575,140.633,-991,"Andesite / Basaltic Andesite","Subduction zone / Crustal thickness unknown","Volcano Is-Japan","Submarine volcano","Uncertain","Unknown","Subduction zone"
284094,"Mokuyo Seamount","Japan","Northwestern Pacific Volcanic Regions","Ogasawara Volcanic Arc","Composite","Stratovolcano","Unrest / Holocene","Unknown",28.327,140.572,-933,"Andesite / Basaltic Andesite","Subduction zone / Crustal thickness unknown","Izu Is-Japan","Submarine volcano","Fumarolic","U","Subduction zone"
284095,"Doyo Seamount","Japan","Northwestern Pacific Volcanic Regions","Ogasawara Volcanic Arc","Composite","Stratovolcano","Unrest / Holocene","Unknown",27.68,140.8,-590,"Basalt / Picro-Basalt","Subduction zone / Crustal thickness unknown","Izu Is-Japan","Submarine volcano","Fumarolic","U","Subduction zone"
284096,"Nishinoshima","Japan","Northwestern Pacific Volcanic Regions","Ogasawara Volcanic Arc","Caldera","Caldera","Eruption Observed","2023 CE",27.247,140.874,100,"Andesite / Basaltic Andesite","Subduction zone / Crustal thickness unknown","Volcano Is-Japan","Caldera","Historical","D2","Subduction zone"
284097,"Kaikata Seamount","Japan","Northwestern Pacific Volcanic Regions","Ogasawara Volcanic Arc","Composite","Stratovolcano","Unrest / Holocene","Unknown",26.667,140.929,-165,"Andesite / Basaltic Andesite","Subduction zone / Crustal thickness unknown","Volcano Is-Japan","Submarine volcano","Fumarolic","U","Subduction zone"
284100,"Kaitoku Seamount","Japan","Northwestern Pacific Volcanic Regions","Ogasawara Volcanic Arc","Composite","Stratovolcano","Eruption Observed","2023 CE",26.1217,141.0955,-95,"Basalt / Picro-Basalt","Subduction zone / Crustal thickness unknown","Volcano Is-Japan","Submarine volcano","Historical","D1","Subduction zone"
284110,"Kita-Ioto","Japan","Northwestern Pacific Volcanic Regions","Ogasawara Volcanic Arc","Composite","Stratovolcano","Eruption Observed","2022 CE",25.424,141.284,792,"Basalt / Picro-Basalt","Subduction zone / Crustal thickness unknown","Volcano Is-Japan","Stratovolcano","Historical","D2","Subduction zone"
284120,"Ioto","Japan","Northwestern Pacific Volcanic Regions","Ogasawara Volcanic Arc","Caldera","Caldera","Eruption Observed","2025 CE",24.751,141.289,169,"Trachyandesite / Basaltic Trachyandesite","Subduction zone / Crustal thickness unknown","Volcano Is-Japan","Caldera","Historical","D1","Subduction zone"
284121,"Kita-Fukutokutai","Japan","Northwestern Pacific Volcanic Regions","Ogasawara Volcanic Arc","Composite","Stratovolcano","Eruption Observed","1954 CE",24.417,141.417,-73,"No Data (checked)","Subduction zone / Crustal thickness unknown","Volcano Is-Japan","Submarine volcano","Holocene","U1","Subduction zone"
284130,"Fukutoku-Oka-no-Ba","Japan","Northwestern Pacific Volcanic Regions","Ogasawara Volcanic Arc","Composite","Pyroclastic cone","Eruption Observed","2021 CE",24.285,141.481,-29,"Trachyandesite / Basaltic Trachyandesite","Subduction zone / Crustal thickness unknown","Volcano Is-Japan","Submarine volcano","Historical","D1","Subduction zone"
284131,"Minami-Hiyoshi","Japan","Northwestern Pacific Volcanic Regions","Mariana Volcanic Arc","Composite","Stratovolcano","Eruption Observed","1975 CE",23.5,141.935,-107,"Trachyandesite / Basaltic Trachyandesite","Subduction zone / Crustal thickness unknown","Volcano Is-Japan","Submarine volcano","Historical","D1","Subduction zone"
284132,"Nikko","Japan","Northwestern Pacific Volcanic Regions","Mariana Volcanic Arc","Composite","Stratovolcano","Unrest / Holocene","Unknown",23.078,142.326,-392,"Basalt / Picro-Basalt","Subduction zone / Crustal thickness unknown","Volcano Is-Japan","Submarine volcano","Uncertain","Unknown","Subduction zone"
284133,"Fukujin","United States","Northwestern Pacific Volcanic Regions","Mariana Volcanic Arc","Composite","Stratovolcano","Eruption Observed","1974 CE",21.93,143.47,-217,"Andesite / Basaltic Andesite","Subduction zone / Crustal thickness unknown","Volcano Is-Japan","Submarine volcano","Historical","D1","Subduction zone"
284134,"Kasuga 1","United States","Northwestern Pacific Volcanic Regions","Mariana Volcanic Arc","Composite","Stratovolcano","Eruption Observed","1959 CE",21.765,143.71,-598,"Andesite / Basaltic Andesite","Subduction zone / Crustal thickness unknown","Volcano Is-Japan","Submarine volcano","Uncertain","Unknown","Subduction zone"
284135,"Kasuga 2","United States","Northwestern Pacific Volcanic Regions","Mariana Volcanic Arc","Composite","Stratovolcano","Evidence Credible","Unknown",21.6,143.637,-274,"Basalt / Picro-Basalt","Subduction zone / Crustal thickness unknown","Mariana Is-C Pacific","Submarine volcano","Uncertain","Unknown","Subduction zone"
284136,"NW Eifuku","United States","Northwestern Pacific Volcanic Regions","Mariana Volcanic Arc","Composite","Stratovolcano","Unrest / Holocene","Unknown",21.485,144.043,-1535,"Basalt / Picro-Basalt","Subduction zone / Crustal thickness unknown","Mariana Is-C Pacific","Submarine volcano","Uncertain","Unknown","Subduction zone"
284137,"Daikoku","United States","Northwestern Pacific Volcanic Regions","Mariana Volcanic Arc","Composite","Stratovolcano","Unrest / Holocene","Unknown",21.324,144.194,-323,"Andesite / Basaltic Andesite","Subduction zone / Crustal thickness unknown","Volcano Is-Japan","Submarine volcano","Fumarolic","U","Subduction zone"
284140,"Farallon de Pajaros","United States","Northwestern Pacific Volcanic Regions","Mariana Volcanic Arc","Composite","Stratovolcano","Eruption Observed","1953 CE",20.546,144.893,337,"Andesite / Basaltic Andesite","Subduction zone / Crustal thickness unknown","Mariana Is-C Pacific","Stratovolcano","Historical","D1","Subduction zone"
284141,"Ahyi","United States","Northwestern Pacific Volcanic Regions","Mariana Volcanic Arc","Composite","Stratovolcano","Eruption Dated","2026 CE",20.437,145.03,-55,"Andesite / Basaltic Andesite","Subduction zone / Crustal thickness unknown","Mariana Is-C Pacific","Submarine volcano","Uncertain","U","Subduction zone"
284142,"Supply Reef","United States","Northwestern Pacific Volcanic Regions","Mariana Volcanic Arc","Composite","Stratovolcano","Evidence Uncertain","Unknown",20.13,145.1,-8,"Andesite / Basaltic Andesite","Subduction zone / Crustal thickness unknown","Mariana Is-C Pacific","Submarine volcano","Hydrophonic","D1","Subduction zone"
284143,"Maug Islands","United States","Northwestern Pacific Volcanic Regions","Mariana Volcanic Arc","Composite","Stratovolcano","Unrest / Holocene","Unknown",20.02,145.22,227,"Basalt / Picro-Basalt","Subduction zone / Crustal thickness unknown","Mariana Is-C Pacific","Stratovolcano","Fumarolic","U","Subduction zone"
284150,"Asuncion","United States","Northwestern Pacific Volcanic Regions","Mariana Volcanic Arc","Composite","Stratovolcano","Eruption Observed","1906 CE",19.671,145.406,857,"Andesite / Basaltic Andesite","Subduction zone / Crustal thickness unknown","Mariana Is-C Pacific","Stratovolcano","Historical","D2","Subduction zone"
284160,"Agrigan","United States","Northwestern Pacific Volcanic Regions","Mariana Volcanic Arc","Composite","Stratovolcano","Eruption Observed","1917 CE",18.77,145.67,965,"Basalt / Picro-Basalt","Subduction zone / Crustal thickness unknown","Mariana Is-C Pacific","Stratovolcano","Historical","D2","Subduction zone"
284170,"Pagan","United States","Northwestern Pacific Volcanic Regions","Mariana Volcanic Arc","Composite","Stratovolcano(es)","Eruption Observed","2021 CE",18.13,145.8,570,"Basalt / Picro-Basalt","Subduction zone / Crustal thickness unknown","Mariana Is-C Pacific","Stratovolcano","Historical","D1","Subduction zone"
284180,"Alamagan","United States","Northwestern Pacific Volcanic Regions","Mariana Volcanic Arc","Composite","Stratovolcano","Eruption Dated","870 CE",17.6,145.83,744,"Andesite / Basaltic Andesite","Subduction zone / Crustal thickness unknown","Mariana Is-C Pacific","Stratovolcano","Radiocarbon","D6","Subduction zone"
284190,"Guguan","United States","Northwestern Pacific Volcanic Regions","Mariana Volcanic Arc","Composite","Stratovolcano","Eruption Observed","1883 CE",17.3137,145.84,232,"Andesite / Basaltic Andesite","Subduction zone / Crustal thickness unknown","Mariana Is-C Pacific","Stratovolcano","Historical","D3","Subduction zone"
284191,"Zealandia Bank","United States","Northwestern Pacific Volcanic Regions","Mariana Volcanic Arc","Composite","Stratovolcano","Unrest / Holocene","Unknown",16.88,145.85,0,"Basalt / Picro-Basalt","Subduction zone / Crustal thickness unknown","Mariana Is-C Pacific","Stratovolcano","Holocene","U","Subduction zone"
284192,"Sarigan","United States","Northwestern Pacific Volcanic Regions","Mariana Volcanic Arc","Composite","Stratovolcano","Evidence Credible","Unknown",16.6991,145.7803,494,"Andesite / Basaltic Andesite","Subduction zone / Crustal thickness unknown","Mariana Is-C Pacific","Stratovolcano","Holocene","U","Subduction zone"
284193,"South Sarigan Seamount","United States","Northwestern Pacific Volcanic Regions","Mariana Volcanic Arc","Composite","Stratovolcano","Eruption Observed","2010 CE",16.58,145.78,-184,"No Data (checked)","Subduction zone / Crustal thickness unknown","Mariana Is-C Pacific","Submarine","","D1","Subduction zone"
284200,"Anatahan","United States","Northwestern Pacific Volcanic Regions","Mariana Volcanic Arc","Composite","Stratovolcano","Eruption Observed","2008 CE",16.35,145.67,790,"Andesite / Basaltic Andesite","Subduction zone / Crustal thickness unknown","Mariana Is-C Pacific","Stratovolcano","Holocene","U","Subduction zone"
284201,"East Diamante","United States","Northwestern Pacific Volcanic Regions","Mariana Volcanic Arc","Composite","Stratovolcano","Unrest / Holocene","Unknown",15.93,145.67,-127,"Dacite","Subduction zone / Crustal thickness unknown","Mariana Is-C Pacific","Submarine volcano","Historical","D1","Subduction zone"
284202,"Ruby","United States","Northwestern Pacific Volcanic Regions","Mariana Volcanic Arc","Composite","Stratovolcano","Eruption Observed","2023 CE",15.605,145.572,-174,"Basalt / Picro-Basalt","Subduction zone / Crustal thickness unknown","Mariana Is-C Pacific","Submarine volcano","Historical","D2","Subduction zone"
284210,"Esmeralda Bank","United States","Northwestern Pacific Volcanic Regions","Mariana Volcanic Arc","Composite","Stratovolcano","Unrest / Holocene","Unknown",14.958,145.249,-74,"Basalt / Picro-Basalt","Subduction zone / Crustal thickness unknown","Mariana Is-C Pacific","Submarine volcano","Fumarolic","U","Subduction zone"
284211,"NW Rota-1","United States","Northwestern Pacific Volcanic Regions","Mariana Volcanic Arc","Composite","Stratovolcano","Eruption Observed","2010 CE",14.601,144.775,-455,"Basalt / Picro-Basalt","Subduction zone / Crustal thickness unknown","Mariana Is-C Pacific","Submarine volcano","Historical","D1","Subduction zone"
284220,"Forecast Seamount","United States","Northwestern Pacific Volcanic Regions","Mariana Volcanic Arc","Composite","Stratovolcano","Unrest / Holocene","Unknown",13.4,143.92,-1456,"No Data (checked)","Subduction zone / Crustal thickness unknown","Mariana Is-C Pacific","Submarine volcano","Fumarolic","U","Subduction zone"
284230,"Seamount X","United States","Northwestern Pacific Volcanic Regions","Mariana Volcanic Arc","Composite","Stratovolcano","Unrest / Holocene","Unknown",13.25,144.02,-1230,"Basalt / Picro-Basalt","Subduction zone / Crustal thickness unknown","Mariana Is-C Pacific","Submarine volcano","Fumarolic","U","Subduction zone"
284305,"Mariana Back-Arc Segment at 15.5°N","United States","Northwestern Pacific Volcanic Regions","Mariana Volcanic Arc","Cluster","Fissure vent","Eruption Dated","2015 CE",15.406,144.506,-4100,NA,"Subduction zone / Oceanic crust (< 15 km)","Mariana Is-C Pacific","Submarine","","D1","Subduction zone"
285010,"Oshima-Oshima","Japan","Northwestern Pacific Volcanic Regions","Northeast Japan Volcanic Arc","Composite","Stratovolcano","Eruption Observed","1790 CE",41.51,139.367,732,"Basalt / Picro-Basalt","Subduction zone / Continental crust (>25 km)","Hokkaido-Japan","Stratovolcano","Historical","D4","Subduction zone"
285011,"Esan","Japan","Northwestern Pacific Volcanic Regions","Northeast Japan Volcanic Arc","Minor (Silicic)","Lava dome(s)","Eruption Observed","1874 CE",41.805,141.166,618,"Andesite / Basaltic Andesite","Subduction zone / Continental crust (>25 km)","Hokkaido-Japan","Stratovolcano","Historical","D3","Subduction zone"
285020,"Hokkaido-Komagatake","Japan","Northwestern Pacific Volcanic Regions","Northeast Japan Volcanic Arc","Composite","Stratovolcano","Eruption Observed","2000 CE",42.063,140.677,1131,"Andesite / Basaltic Andesite","Subduction zone / Continental crust (>25 km)","Hokkaido-Japan","Stratovolcano","Historical","D1","Subduction zone"
285030,"Toya","Japan","Northwestern Pacific Volcanic Regions","Northeast Japan Volcanic Arc","Composite","Stratovolcano","Eruption Observed","2001 CE",42.544,140.839,733,"Basalt / Picro-Basalt","Subduction zone / Continental crust (>25 km)","Hokkaido-Japan","Stratovolcano","Historical","D1","Subduction zone"
285031,"Niseko","Japan","Northwestern Pacific Volcanic Regions","Northeast Japan Volcanic Arc","Composite","Stratovolcano(es)","Eruption Dated","4900 BCE",42.875,140.659,1308,"Andesite / Basaltic Andesite","Subduction zone / Continental crust (>25 km)","Hokkaido-Japan","Stratovolcano","Holocene","U","Subduction zone"
285032,"Yoteizan","Japan","Northwestern Pacific Volcanic Regions","Northeast Japan Volcanic Arc","Composite","Stratovolcano","Eruption Dated","1050 BCE",42.827,140.812,1888,"Andesite / Basaltic Andesite","Subduction zone / Continental crust (>25 km)","Hokkaido-Japan","Stratovolcano","Radiocarbon","D7","Subduction zone"
285034,"Kuttara","Japan","Northwestern Pacific Volcanic Regions","Northeast Japan Volcanic Arc","Composite","Stratovolcano(es)","Eruption Dated","1820 CE",42.491,141.16,549,"Basalt / Picro-Basalt","Subduction zone / Continental crust (>25 km)","Hokkaido-Japan","Stratovolcano","Tephrochronology","D3","Subduction zone"
285040,"Shikotsu","Japan","Northwestern Pacific Volcanic Regions","Northeast Japan Volcanic Arc","Caldera","Caldera","Eruption Observed","1981 CE",42.688,141.38,1320,"Andesite / Basaltic Andesite","Subduction zone / Continental crust (>25 km)","Hokkaido-Japan","Caldera","Historical","D1","Subduction zone"
285041,"Rishirizan","Japan","Northwestern Pacific Volcanic Regions","Kuril Volcanic Arc","Composite","Stratovolcano","Eruption Dated","5830 BCE",45.179,141.242,1721,"Andesite / Basaltic Andesite","Subduction zone / Continental crust (>25 km)","Hokkaido-Japan","Stratovolcano","Radiocarbon","D7","Subduction zone"
285050,"Tokachidake","Japan","Northwestern Pacific Volcanic Regions","Kuril Volcanic Arc","Composite","Stratovolcano(es)","Eruption Observed","2004 CE",43.418,142.686,2077,"Andesite / Basaltic Andesite","Subduction zone / Continental crust (>25 km)","Hokkaido-Japan","Stratovolcano","Historical","D1","Subduction zone"
285060,"Taisetsuzan","Japan","Northwestern Pacific Volcanic Regions","Kuril Volcanic Arc","Composite","Stratovolcano(es)","Eruption Dated","1739 CE",43.664,142.854,2291,"Andesite / Basaltic Andesite","Subduction zone / Continental crust (>25 km)","Hokkaido-Japan","Stratovolcano","Tephrochronology","D6","Subduction zone"
285061,"Maruyama","Japan","Northwestern Pacific Volcanic Regions","Kuril Volcanic Arc","Composite","Stratovolcano(es)","Eruption Observed","1898 CE",43.418,143.031,2013,"Andesite / Basaltic Andesite","Subduction zone / Continental crust (>25 km)","Japan","Lava dome","Historical","D3","Subduction zone"
285070,"Akan","Japan","Northwestern Pacific Volcanic Regions","Kuril Volcanic Arc","Caldera","Caldera","Eruption Observed","2026 CE",43.384,144.013,1499,"Andesite / Basaltic Andesite","Subduction zone / Continental crust (>25 km)","Hokkaido-Japan","Caldera","Historical","D1","Subduction zone"
285080,"Kussharo","Japan","Northwestern Pacific Volcanic Regions","Kuril Volcanic Arc","Caldera","Caldera","Eruption Dated","1320 CE",43.615,144.427,574,"Dacite","Subduction zone / Continental crust (>25 km)","Hokkaido-Japan","Caldera","Tephrochronology","D6","Subduction zone"
285081,"Mashu","Japan","Northwestern Pacific Volcanic Regions","Kuril Volcanic Arc","Caldera","Caldera","Eruption Dated","1080 CE",43.572,144.561,857,"Andesite / Basaltic Andesite","Subduction zone / Continental crust (>25 km)","Hokkaido-Japan","Caldera","Radiocarbon","D6","Subduction zone"
285082,"Rausudake","Japan","Northwestern Pacific Volcanic Regions","Kuril Volcanic Arc","Composite","Stratovolcano","Eruption Dated","1800 CE",44.076,145.122,1660,"Andesite / Basaltic Andesite","Subduction zone / Continental crust (>25 km)","Hokkaido-Japan","Stratovolcano","Tephrochronology","D3","Subduction zone"
285083,"Tenchozan","Japan","Northwestern Pacific Volcanic Regions","Kuril Volcanic Arc","Cluster","Crater rows","Eruption Dated","Unknown",44.044,145.086,1046,NA,NA,"Hokkaido-Japan","Crater rows","","?",NA
285090,"Shiretoko-Iozan","Japan","Northwestern Pacific Volcanic Regions","Kuril Volcanic Arc","Composite","Stratovolcano","Eruption Observed","1936 CE",44.133,145.161,1562,"Andesite / Basaltic Andesite","Subduction zone / Continental crust (>25 km)","Hokkaido-Japan","Stratovolcano","Historical","D2","Subduction zone"
290010,"Tomariyama [Golovnin]","Japan - administered by Russia","Northwestern Pacific Volcanic Regions","Kuril Volcanic Arc","Caldera","Caldera","Eruption Observed","1848 CE",43.844,145.504,535,"Andesite / Basaltic Andesite","Subduction zone / Intermediate crust (15-25 km)","Kuril Is","Caldera","Historical","D3","Subduction zone"
290020,"Raususan [Mendeleev]","Japan - administered by Russia","Northwestern Pacific Volcanic Regions","Kuril Volcanic Arc","Composite","Stratovolcano","Eruption Observed","1880 CE",43.979,145.733,882,"Andesite / Basaltic Andesite","Subduction zone / Intermediate crust (15-25 km)","Kuril Is","Stratovolcano","Historical","D3","Subduction zone"
290021,"Ruruidake [Smirnov]","Japan - administered by Russia","Northwestern Pacific Volcanic Regions","Kuril Volcanic Arc","Composite","Stratovolcano","Evidence Credible","Unknown",44.4541,146.1401,1447,"Andesite / Basaltic Andesite","Subduction zone / Intermediate crust (15-25 km)","Kuril Is","Stratovolcano","Holocene","U","Subduction zone"
290030,"Chachadake [Tiatia]","Japan - administered by Russia","Northwestern Pacific Volcanic Regions","Kuril Volcanic Arc","Composite","Stratovolcano","Eruption Observed","1981 CE",44.353,146.252,1822,"Basalt / Picro-Basalt","Subduction zone / Intermediate crust (15-25 km)","Kuril Is","Stratovolcano","Historical","D1","Subduction zone"
290040,"Berutarubesan [Berutarube]","Japan - administered by Russia","Northwestern Pacific Volcanic Regions","Kuril Volcanic Arc","Composite","Stratovolcano","Evidence Credible","Unknown",44.462,146.932,1221,"Andesite / Basaltic Andesite","Subduction zone / Intermediate crust (15-25 km)","Kuril Is","Stratovolcano","Holocene","U","Subduction zone"
290050,"Etorofu-Atosanupuri [Atosanupuri]","Japan - administered by Russia","Northwestern Pacific Volcanic Regions","Kuril Volcanic Arc","Composite","Stratovolcano","Eruption Observed","1932 CE",44.808,147.131,1206,"Andesite / Basaltic Andesite","Subduction zone / Intermediate crust (15-25 km)","Kuril Is","Stratovolcano","Historical","D2","Subduction zone"
290060,"Hitokappu Volcano Group [Bogatyr Ridge]","Japan - administered by Russia","Northwestern Pacific Volcanic Regions","Kuril Volcanic Arc","Cluster","Stratovolcano","Evidence Credible","Unknown",44.857,147.403,1610,"Andesite / Basaltic Andesite","Subduction zone / Intermediate crust (15-25 km)",NA,NA,NA,NA,"Subduction zone"
290070,"Etorofu-Yakeyama [Grozny Group]","Japan - administered by Russia","Northwestern Pacific Volcanic Regions","Kuril Volcanic Arc","Composite","Complex","Eruption Observed","2013 CE",45.012,147.871,1158,"Andesite / Basaltic Andesite","Subduction zone / Intermediate crust (15-25 km)","Kuril Is","Complex volcano","Historical","D1","Subduction zone"
290072,"Odamoisan [Tebenkov]","Japan - administered by Russia","Northwestern Pacific Volcanic Regions","Kuril Volcanic Arc","Composite","Stratovolcano","Evidence Uncertain","Unknown",45.028,147.918,1208,NA,"Subduction zone / Intermediate crust (15-25 km)","Kuril Is","Stratovolcano","","Unknown","Subduction zone"
290080,"Sashiusudake [Baransky]","Japan - administered by Russia","Northwestern Pacific Volcanic Regions","Kuril Volcanic Arc","Composite","Stratovolcano","Eruption Observed","1951 CE",45.103,148.0148,1107,"Andesite / Basaltic Andesite","Subduction zone / Intermediate crust (15-25 km)","Kuril Is","Stratovolcano","Historical","D2","Subduction zone"
290090,"Chirippusan [Chirip]","Japan - administered by Russia","Northwestern Pacific Volcanic Regions","Kuril Volcanic Arc","Composite","Stratovolcano(es)","Eruption Observed","1860 CE",45.338,147.92,1587,"Basalt / Picro-Basalt","Subduction zone / Intermediate crust (15-25 km)","Kuril Is","Stratovolcano","Historical","D3","Subduction zone"
290100,"Moyorodake [Medvezhia]","Japan - administered by Russia","Northwestern Pacific Volcanic Regions","Kuril Volcanic Arc","Composite","Stratovolcano","Eruption Observed","1999 CE",45.389,148.838,1124,"Andesite / Basaltic Andesite","Subduction zone / Intermediate crust (15-25 km)","Kuril Is","Somma volcano","Historical","D1","Subduction zone"
290111,"Ivao Group","Russia","Northwestern Pacific Volcanic Regions","Kuril Volcanic Arc","Cluster","Pyroclastic cone(s)","Evidence Credible","Unknown",45.7593,149.6762,1426,"No Data (checked)","Subduction zone / Intermediate crust (15-25 km)","Kuril Is","Cinder cone","Holocene","U","Subduction zone"
290120,"Kolokol Group","Russia","Northwestern Pacific Volcanic Regions","Kuril Volcanic Arc","Composite","Stratovolcano","Eruption Observed","1973 CE",46.042,150.083,1328,"Andesite / Basaltic Andesite","Subduction zone / Intermediate crust (15-25 km)","Kuril Is","Somma volcano","Historical","D1","Subduction zone"
290130,"Kuril Arc at 46.3°N","Japan - administered by Russia","Northwestern Pacific Volcanic Regions","Kuril Volcanic Arc","Composite",NA,"Evidence Uncertain","Unknown",46.2944,150.8526,-100,"No Data (checked)","Subduction zone / Crustal thickness unknown",NA,NA,NA,NA,"Subduction zone"
290150,"Chirpoi","Russia","Northwestern Pacific Volcanic Regions","Kuril Volcanic Arc","Composite","Caldera","Eruption Observed","2016 CE",46.532,150.871,742,"Andesite / Basaltic Andesite","Subduction zone / Oceanic crust (< 15 km)","Kuril Is","Caldera","Historical","D1","Subduction zone"
290161,"Milna","Russia","Northwestern Pacific Volcanic Regions","Kuril Volcanic Arc","Composite","Stratovolcano","Eruption Observed","1914 CE",46.815,151.786,1504,"Andesite / Basaltic Andesite","Subduction zone / Oceanic crust (< 15 km)","Kuril Is","Somma volcano","Holocene","U","Subduction zone"
290180,"Zavaritzki Caldera","Russia","Northwestern Pacific Volcanic Regions","Kuril Volcanic Arc","Caldera","Caldera","Eruption Observed","1957 CE",46.9178,151.9518,612,"Andesite / Basaltic Andesite","Subduction zone / Oceanic crust (< 15 km)","Kuril Is","Caldera","Historical","D2","Subduction zone"
290190,"Prevo Peak","Russia","Northwestern Pacific Volcanic Regions","Kuril Volcanic Arc","Composite","Stratovolcano","Eruption Observed","1825 CE",47.0139,152.1167,1360,"Basalt / Picro-Basalt","Subduction zone / Oceanic crust (< 15 km)","Kuril Is","Stratovolcano","Historical","D3","Subduction zone"
290191,"Uratman","Russia","Northwestern Pacific Volcanic Regions","Kuril Volcanic Arc","Composite","Stratovolcano","Evidence Credible","Unknown",47.12,152.25,678,"Andesite / Basaltic Andesite","Subduction zone / Oceanic crust (< 15 km)","Kuril Is","Somma volcano","Holocene","U","Subduction zone"
290200,"Ketoi","Russia","Northwestern Pacific Volcanic Regions","Kuril Volcanic Arc","Composite","Stratovolcano","Eruption Observed","1960 CE",47.35,152.475,1172,"Andesite / Basaltic Andesite","Subduction zone / Oceanic crust (< 15 km)","Kuril Is","Stratovolcano","Historical","D2","Subduction zone"
290210,"Ushishur","Russia","Northwestern Pacific Volcanic Regions","Kuril Volcanic Arc","Caldera","Caldera","Eruption Observed","1884 CE",47.5125,152.8139,357,"Andesite / Basaltic Andesite","Subduction zone / Oceanic crust (< 15 km)","Kuril Is","Caldera","Historical","D3","Subduction zone"
290211,"Srednii","Russia","Northwestern Pacific Volcanic Regions","Kuril Volcanic Arc","Composite","Stratovolcano","Evidence Credible","Unknown",47.5861,152.893,36,"No Data (checked)","Subduction zone / Oceanic crust (< 15 km)","Kuril Is","Submarine volcano","Holocene","U","Subduction zone"
290220,"Rasshua","Russia","Northwestern Pacific Volcanic Regions","Kuril Volcanic Arc","Composite","Stratovolcano","Eruption Observed","1957 CE",47.77,153.02,956,"Andesite / Basaltic Andesite","Subduction zone / Oceanic crust (< 15 km)","Kuril Is","Stratovolcano","Historical","D2","Subduction zone"
290240,"Sarychev Peak","Russia","Northwestern Pacific Volcanic Regions","Kuril Volcanic Arc","Composite","Stratovolcano","Eruption Observed","2021 CE",48.092,153.2,1496,"Andesite / Basaltic Andesite","Subduction zone / Intermediate crust (15-25 km)","Kuril Is","Stratovolcano","Historical","D1","Subduction zone"
290250,"Raikoke","Russia","Northwestern Pacific Volcanic Regions","Kuril Volcanic Arc","Composite","Stratovolcano","Eruption Observed","2019 CE",48.292,153.25,551,"Basalt / Picro-Basalt","Subduction zone / Intermediate crust (15-25 km)","Kuril Is","Stratovolcano","Historical","D2","Subduction zone"
290260,"Chirinkotan","Russia","Northwestern Pacific Volcanic Regions","Kuril Volcanic Arc","Composite","Stratovolcano","Eruption Observed","2022 CE",48.98,153.48,724,"Andesite / Basaltic Andesite","Subduction zone / Intermediate crust (15-25 km)","Kuril Is","Stratovolcano","Historical","D1","Subduction zone"
290270,"Ekarma","Russia","Northwestern Pacific Volcanic Regions","Kuril Volcanic Arc","Composite","Stratovolcano","Eruption Observed","2010 CE",48.958,153.93,1170,"Andesite / Basaltic Andesite","Subduction zone / Intermediate crust (15-25 km)","Kuril Is","Stratovolcano","Historical","D1","Subduction zone"
290290,"Sinarka","Russia","Northwestern Pacific Volcanic Regions","Kuril Volcanic Arc","Composite","Stratovolcano","Eruption Observed","1878 CE",48.873,154.182,911,"Andesite / Basaltic Andesite","Subduction zone / Intermediate crust (15-25 km)","Kuril Is","Stratovolcano","Historical","D3","Subduction zone"
290300,"Kharimkotan","Russia","Northwestern Pacific Volcanic Regions","Kuril Volcanic Arc","Composite","Stratovolcano","Eruption Observed","1933 CE",49.12,154.508,1145,"Andesite / Basaltic Andesite","Subduction zone / Intermediate crust (15-25 km)","Kuril Is","Stratovolcano","Historical","D2","Subduction zone"
290310,"Tao-Rusyr Caldera","Russia","Northwestern Pacific Volcanic Regions","Kuril Volcanic Arc","Composite","Stratovolcano","Eruption Observed","1952 CE",49.34,154.725,1272,"Andesite / Basaltic Andesite","Subduction zone / Intermediate crust (15-25 km)","Kuril Is","Stratovolcano","Historical","D2","Subduction zone"
290320,"Nemo Peak","Russia","Northwestern Pacific Volcanic Regions","Kuril Volcanic Arc","Caldera","Caldera","Eruption Observed","1938 CE",49.5641,154.8126,994,"Andesite / Basaltic Andesite","Subduction zone / Intermediate crust (15-25 km)","Kuril Is","Caldera","Historical","D2","Subduction zone"
290331,"Shirinki","Russia","Northwestern Pacific Volcanic Regions","Kuril Volcanic Arc","Composite","Stratovolcano","Evidence Credible","Unknown",50.1973,154.9781,693,"Andesite / Basaltic Andesite","Subduction zone / Continental crust (>25 km)","Kuril Is","Stratovolcano","Holocene","U","Subduction zone"
290340,"Fuss Peak","Russia","Northwestern Pacific Volcanic Regions","Kuril Volcanic Arc","Composite","Stratovolcano","Eruption Observed","1854 CE",50.267,155.246,1742,"Andesite / Basaltic Andesite","Subduction zone / Continental crust (>25 km)","Kuril Is","Stratovolcano","Historical","D3","Subduction zone"
290350,"Karpinsky Group","Russia","Northwestern Pacific Volcanic Regions","Kuril Volcanic Arc","Composite","Complex","Unrest / Holocene","Unknown",50.1419,155.3847,1326,"Andesite / Basaltic Andesite","Subduction zone / Continental crust (>25 km)","Kuril Is","Cone","Historical","D2","Subduction zone"
290360,"Chikurachki","Russia","Northwestern Pacific Volcanic Regions","Kuril Volcanic Arc","Composite","Stratovolcano(es)","Eruption Observed","2023 CE",50.324,155.461,1781,"Basalt / Picro-Basalt","Subduction zone / Continental crust (>25 km)","Kuril Is","Stratovolcano","Historical","D1","Subduction zone"
290370,"Vernadsky Ridge","Russia","Northwestern Pacific Volcanic Regions","Kuril Volcanic Arc","Cluster","Pyroclastic cone(s)","Evidence Credible","Unknown",50.5819,155.9867,1183,"Andesite / Basaltic Andesite","Subduction zone / Continental crust (>25 km)",NA,NA,NA,NA,"Subduction zone"
290380,"Ebeko","Russia","Northwestern Pacific Volcanic Regions","Kuril Volcanic Arc","Composite","Stratovolcano","Eruption Observed","2024 CE",50.686,156.014,1103,"Andesite / Basaltic Andesite","Subduction zone / Continental crust (>25 km)","Kuril Is","Somma volcano","Historical","D1","Subduction zone"
290390,"Alaid","Russia","Northwestern Pacific Volcanic Regions","Kuril Volcanic Arc","Composite","Stratovolcano","Eruption Observed","2022 CE",50.861,155.565,2285,"Basalt / Picro-Basalt","Subduction zone / Continental crust (>25 km)","Kuril Is","Stratovolcano","Historical","D1","Subduction zone"
300010,"Kambalny","Russia","Northwestern Pacific Volcanic Regions","Kuril Volcanic Arc","Composite","Stratovolcano","Eruption Dated","2017 CE",51.306,156.875,2116,"Basalt / Picro-Basalt","Subduction zone / Continental crust (>25 km)","Kamchatka","Stratovolcano","Holocene","U","Subduction zone"
300020,"Koshelev","Russia","Northwestern Pacific Volcanic Regions","Kuril Volcanic Arc","Composite","Stratovolcano","Eruption Observed","1690 CE",51.356,156.753,1822,"Basalt / Picro-Basalt","Subduction zone / Continental crust (>25 km)","Kamchatka","Stratovolcano","Historical","D5","Subduction zone"
300021,"Yavinsky","Russia","Northwestern Pacific Volcanic Regions","Kuril Volcanic Arc","Composite","Stratovolcano","Eruption Dated","4050 BCE",51.533,156.629,646,"Basalt / Picro-Basalt","Subduction zone / Continental crust (>25 km)","Kamchatka","Cinder cone","Holocene","U","Subduction zone"
300022,"Diky Greben","Russia","Northwestern Pacific Volcanic Regions","Kuril Volcanic Arc","Minor (Silicic)","Lava dome(s)","Eruption Dated","350 CE",51.452,156.978,1040,"Dacite","Subduction zone / Continental crust (>25 km)","Kamchatka","Lava dome","Radiocarbon","D6","Subduction zone"
300023,"Kurile Lake","Russia","Northwestern Pacific Volcanic Regions","Kuril Volcanic Arc","Caldera","Caldera","Eruption Dated","6440 BCE",51.45,157.12,81,"Dacite","Subduction zone / Continental crust (>25 km)","Kamchatka","Caldera","Radiocarbon","D7","Subduction zone"
300030,"Iliinsky","Russia","Northwestern Pacific Volcanic Regions","Kuril Volcanic Arc","Composite","Stratovolcano","Eruption Observed","1901 CE",51.498,157.203,1555,"Andesite / Basaltic Andesite","Subduction zone / Continental crust (>25 km)","Kamchatka","Stratovolcano","Historical","D2","Subduction zone"
300040,"Zheltovsky","Russia","Northwestern Pacific Volcanic Regions","Kuril Volcanic Arc","Composite","Stratovolcano","Eruption Observed","1923 CE",51.577,157.328,1926,"Basalt / Picro-Basalt","Subduction zone / Continental crust (>25 km)","Kamchatka","Stratovolcano","Historical","D1","Subduction zone"
300050,"Ksudach","Russia","Northwestern Pacific Volcanic Regions","Kuril Volcanic Arc","Caldera","Stratovolcano","Eruption Observed","1907 CE",51.8042,157.5292,1007,"Andesite / Basaltic Andesite","Subduction zone / Continental crust (>25 km)","Kamchatka","Stratovolcano","Historical","D2","Subduction zone"
300052,"Olkoviy-Ozernoy Volcanic Field","Russia","Northwestern Pacific Volcanic Regions","Kuril Volcanic Arc","Cluster","Volcanic field","Evidence Credible","Unknown",52.02,157.53,681,"Basalt / Picro-Basalt","Subduction zone / Continental crust (>25 km)",NA,NA,NA,NA,"Subduction zone"
300053,"Khodutka","Russia","Northwestern Pacific Volcanic Regions","Kuril Volcanic Arc","Composite","Stratovolcano(es)","Eruption Dated","300 BCE",52.062,157.711,2039,"Andesite / Basaltic Andesite","Subduction zone / Continental crust (>25 km)","Kamchatka","Stratovolcano","Radiocarbon","D7","Subduction zone"
300058,"Asacha","Russia","Northwestern Pacific Volcanic Regions","Kuril Volcanic Arc","Composite","Complex","Evidence Credible","Unknown",52.355,157.827,1910,"Basalt / Picro-Basalt","Subduction zone / Continental crust (>25 km)","Kamchatka","Pyroclastic cone","Holocene","U","Subduction zone"
300059,"Visokiy","Russia","Northwestern Pacific Volcanic Regions","Kuril Volcanic Arc","Cluster","Stratovolcano","Evidence Credible","Unknown",52.435,157.9332,1227,"Basalt / Picro-Basalt","Subduction zone / Continental crust (>25 km)","Kamchatka","Shield volcano","Holocene","U","Subduction zone"
300060,"Mutnovsky","Russia","Northwestern Pacific Volcanic Regions","Kuril Volcanic Arc","Composite","Complex","Eruption Observed","2000 CE",52.449,158.196,2288,"Basalt / Picro-Basalt","Subduction zone / Continental crust (>25 km)","Kamchatka","Complex volcano","Historical","D2","Subduction zone"
300070,"Gorely","Russia","Northwestern Pacific Volcanic Regions","Kuril Volcanic Arc","Composite","Caldera","Eruption Observed","2010 CE",52.5549,158.0358,1799,"Basalt / Picro-Basalt","Subduction zone / Continental crust (>25 km)","Kamchatka","Caldera","Historical","D1","Subduction zone"
300080,"Opala","Russia","Northwestern Pacific Volcanic Regions","Kuril Volcanic Arc","Composite","Caldera","Eruption Observed","1776 CE",52.543,157.339,2439,"Basalt / Picro-Basalt","Subduction zone / Continental crust (>25 km)","Kamchatka","Caldera","Radiocarbon","D6","Subduction zone"
300082,"Tolmachev Dol","Russia","Northwestern Pacific Volcanic Regions","Kuril Volcanic Arc","Cluster","Pyroclastic cone(s)","Eruption Dated","300 CE",52.63,157.58,1021,"Basalt / Picro-Basalt","Subduction zone / Continental crust (>25 km)","Kamchatka","Cinder cone","Holocene","U","Subduction zone"
300083,"Vilyuchinsky","Russia","Northwestern Pacific Volcanic Regions","Kuril Volcanic Arc","Composite","Stratovolcano","Eruption Dated","8050 BCE",52.7,158.28,2173,"Andesite / Basaltic Andesite","Subduction zone / Continental crust (>25 km)","Kamchatka","Stratovolcano","Tephrochronology","D7","Subduction zone"
300084,"Barkhatnaya Sopka","Russia","Northwestern Pacific Volcanic Regions","Kuril Volcanic Arc","Cluster","Volcanic field","Eruption Dated","3550 BCE",52.802,158.24,874,"Basalt / Picro-Basalt","Subduction zone / Continental crust (>25 km)","Kamchatka","Lava dome","Tephrochronology","D7","Subduction zone"
300090,"Koryaksky","Russia","Northwestern Pacific Volcanic Regions","Eastern Kamchatka Volcanic Arc","Composite","Stratovolcano","Eruption Observed","2009 CE",53.321,158.712,3430,"Andesite / Basaltic Andesite","Subduction zone / Continental crust (>25 km)","Kamchatka","Stratovolcano","Historical","D2","Subduction zone"
300100,"Avachinsky","Russia","Northwestern Pacific Volcanic Regions","Eastern Kamchatka Volcanic Arc","Composite","Stratovolcano","Eruption Observed","2001 CE",53.256,158.836,2717,"Andesite / Basaltic Andesite","Subduction zone / Continental crust (>25 km)","Kamchatka","Stratovolcano","Historical","D1","Subduction zone"
300110,"Dzenzursky","Russia","Northwestern Pacific Volcanic Regions","Eastern Kamchatka Volcanic Arc","Composite","Compound","Evidence Credible","Unknown",53.637,158.922,2285,"Andesite / Basaltic Andesite","Subduction zone / Continental crust (>25 km)","Kamchatka","Compound volcano","Holocene","U","Subduction zone"
300120,"Zhupanovsky","Russia","Northwestern Pacific Volcanic Regions","Eastern Kamchatka Volcanic Arc","Composite","Compound","Eruption Observed","2016 CE",53.589,159.15,2899,"Andesite / Basaltic Andesite","Subduction zone / Continental crust (>25 km)","Kamchatka","Compound volcano","Historical","D2","Subduction zone"
300121,"Veer","Russia","Northwestern Pacific Volcanic Regions","Eastern Kamchatka Volcanic Arc","Minor (Basaltic)","Pyroclastic cone(s)","Eruption Dated","390 CE",53.7525,158.4478,520,"Basalt / Picro-Basalt","Subduction zone / Continental crust (>25 km)","Kamchatka","Stratovolcano","Radiocarbon","D7","Subduction zone"
300122,"Kostakan","Russia","Northwestern Pacific Volcanic Regions","Eastern Kamchatka Volcanic Arc","Minor (Basaltic)","Pyroclastic cone(s)","Eruption Dated","1350 CE",53.833,158.052,1150,"Basalt / Picro-Basalt","Subduction zone / Continental crust (>25 km)","Kamchatka","Stratovolcano","Tephrochronology","D7","Subduction zone"
300123,"Bakening","Russia","Northwestern Pacific Volcanic Regions","Eastern Kamchatka Volcanic Arc","Composite","Stratovolcano","Eruption Dated","550 BCE",53.905,158.07,2278,"Andesite / Basaltic Andesite","Subduction zone / Continental crust (>25 km)","Kamchatka","Stratovolcano","Historical","D1","Subduction zone"
300124,"Zavaritsky","Russia","Northwestern Pacific Volcanic Regions","Eastern Kamchatka Volcanic Arc","Composite","Pyroclastic cone(s)","Eruption Dated","800 BCE",53.9065,158.3851,1547,"Basalt / Picro-Basalt","Subduction zone / Continental crust (>25 km)","Kamchatka","Cinder cones","Radiocarbon","D7","Subduction zone"
300125,"Akademia Nauk","Russia","Northwestern Pacific Volcanic Regions","Eastern Kamchatka Volcanic Arc","Composite","Stratovolcano(es)","Eruption Observed","1996 CE",53.98,159.45,1180,"Andesite / Basaltic Andesite","Subduction zone / Continental crust (>25 km)","Kamchatka","Stratovolcanoes","Historical","D2","Subduction zone"
300130,"Karymsky","Russia","Northwestern Pacific Volcanic Regions","Eastern Kamchatka Volcanic Arc","Composite","Stratovolcano","Eruption Observed","2025 CE",54.049,159.443,1513,"Andesite / Basaltic Andesite","Subduction zone / Continental crust (>25 km)","Kamchatka","Stratovolcano","Historical","D1","Subduction zone"
300140,"Maly Semyachik","Russia","Northwestern Pacific Volcanic Regions","Eastern Kamchatka Volcanic Arc","Composite","Caldera","Eruption Observed","1952 CE",54.135,159.674,1527,"Basalt / Picro-Basalt","Subduction zone / Continental crust (>25 km)","Kamchatka","Caldera","Historical","D2","Subduction zone"
300150,"Bolshoi Semiachik","Russia","Northwestern Pacific Volcanic Regions","Eastern Kamchatka Volcanic Arc","Composite","Stratovolcano(es)","Eruption Dated","4450 BCE",54.32,160.02,1720,"Basalt / Picro-Basalt","Subduction zone / Continental crust (>25 km)","Kamchatka","Stratovolcano","Radiocarbon","D7","Subduction zone"
300160,"Taunshits","Russia","Northwestern Pacific Volcanic Regions","Eastern Kamchatka Volcanic Arc","Composite","Stratovolcano","Eruption Dated","550 BCE",54.528,159.804,2301,"Andesite / Basaltic Andesite","Subduction zone / Continental crust (>25 km)","Kamchatka","Stratovolcano","Radiocarbon","D7","Subduction zone"
300170,"Uzon","Russia","Northwestern Pacific Volcanic Regions","Eastern Kamchatka Volcanic Arc","Caldera","Caldera(s)","Eruption Dated","200 CE",54.4885,159.9741,1617,"Andesite / Basaltic Andesite","Subduction zone / Continental crust (>25 km)","Kamchatka","Caldera","Radiocarbon","D7","Subduction zone"
300180,"Kikhpinych","Russia","Northwestern Pacific Volcanic Regions","Eastern Kamchatka Volcanic Arc","Composite","Stratovolcano(es)","Eruption Dated","1550 CE",54.489,160.251,1515,"Basalt / Picro-Basalt","Subduction zone / Continental crust (>25 km)","Kamchatka","Stratovolcano","Radiocarbon","D5","Subduction zone"
300190,"Krasheninnikov","Russia","Northwestern Pacific Volcanic Regions","Eastern Kamchatka Volcanic Arc","Composite","Caldera","Eruption Dated","2026 CE",54.596,160.27,1816,"Basalt / Picro-Basalt","Subduction zone / Continental crust (>25 km)","Kamchatka","Caldera","Radiocarbon","D5","Subduction zone"
300200,"Kronotsky","Russia","Northwestern Pacific Volcanic Regions","Eastern Kamchatka Volcanic Arc","Composite","Stratovolcano","Eruption Dated","3350 BCE",54.753,160.533,3482,"Basalt / Picro-Basalt","Subduction zone / Continental crust (>25 km)","Kamchatka","Stratovolcano","Historical","D2","Subduction zone"
300210,"Gamchen","Russia","Northwestern Pacific Volcanic Regions","Eastern Kamchatka Volcanic Arc","Composite","Complex","Eruption Dated","188 BCE",54.974,160.703,2539,"Basalt / Picro-Basalt","Subduction zone / Continental crust (>25 km)","Kamchatka","Complex volcano","Holocene","U","Subduction zone"
300220,"Komarov","Russia","Northwestern Pacific Volcanic Regions","Eastern Kamchatka Volcanic Arc","Composite","Stratovolcano","Eruption Dated","950 CE",55.033,160.725,2065,"Basalt / Picro-Basalt","Subduction zone / Continental crust (>25 km)","Kamchatka","Stratovolcano","Holocene","U","Subduction zone"
300221,"Vysoky","Russia","Northwestern Pacific Volcanic Regions","Eastern Kamchatka Volcanic Arc","Composite","Stratovolcano","Eruption Dated","550 BCE",55.064,160.765,2129,"Andesite / Basaltic Andesite","Subduction zone / Continental crust (>25 km)","Kamchatka","Stratovolcano","Holocene","U","Subduction zone"
300230,"Kizimen","Russia","Northwestern Pacific Volcanic Regions","Eastern Kamchatka Volcanic Arc","Composite","Stratovolcano","Eruption Observed","2013 CE",55.131,160.32,2334,"Andesite / Basaltic Andesite","Subduction zone / Continental crust (>25 km)","Kamchatka","Stratovolcano","Historical","D2","Subduction zone"
300240,"Tolbachik","Russia","Northwestern Pacific Volcanic Regions","Eastern Kamchatka Volcanic Arc","Shield","Shield","Eruption Observed","2013 CE",55.832,160.326,3611,"Basalt / Picro-Basalt","Subduction zone / Continental crust (>25 km)","Kamchatka","Shield volcano","Historical","D1","Subduction zone"
300241,"Udina","Russia","Northwestern Pacific Volcanic Regions","Eastern Kamchatka Volcanic Arc","Composite","Stratovolcano(es)","Evidence Credible","Unknown",55.758,160.527,2886,"Andesite / Basaltic Andesite","Subduction zone / Continental crust (>25 km)","Kamchatka","Stratovolcano","Holocene","U","Subduction zone"
300242,"Zimina","Russia","Northwestern Pacific Volcanic Regions","Eastern Kamchatka Volcanic Arc","Composite","Stratovolcano(es)","Evidence Uncertain","Unknown",55.862,160.603,3057,"Andesite / Basaltic Andesite","Subduction zone / Continental crust (>25 km)","Kamchatka","Stratovolcano","Holocene","U","Subduction zone"
300250,"Bezymianny","Russia","Northwestern Pacific Volcanic Regions","Eastern Kamchatka Volcanic Arc","Composite","Stratovolcano","Eruption Observed","2025 CE",55.972,160.595,2882,"Andesite / Basaltic Andesite","Subduction zone / Continental crust (>25 km)","Kamchatka","Stratovolcano","Historical","D1","Subduction zone"
300251,"Kamen","Russia","Northwestern Pacific Volcanic Regions","Eastern Kamchatka Volcanic Arc","Composite","Stratovolcano","Evidence Credible","Unknown",56.02,160.593,4585,"Basalt / Picro-Basalt","Subduction zone / Continental crust (>25 km)","Kamchatka","Stratovolcano","Holocene","U","Subduction zone"
300260,"Klyuchevskoy","Russia","Northwestern Pacific Volcanic Regions","Eastern Kamchatka Volcanic Arc","Composite","Stratovolcano","Eruption Observed","2025 CE",56.056,160.642,4754,"Basalt / Picro-Basalt","Subduction zone / Continental crust (>25 km)","Kamchatka","Stratovolcano","Historical","D1","Subduction zone"
300261,"Ushkovsky","Russia","Northwestern Pacific Volcanic Regions","Eastern Kamchatka Volcanic Arc","Composite","Compound","Eruption Observed","1890 CE",56.113,160.509,3943,"Basalt / Picro-Basalt","Subduction zone / Continental crust (>25 km)","Kamchatka","Compound volcano","Historical","D3","Subduction zone"
300270,"Sheveluch","Russia","Northwestern Pacific Volcanic Regions","Eastern Kamchatka Volcanic Arc","Composite","Stratovolcano","Eruption Observed","2026 CE",56.653,161.36,3283,"Andesite / Basaltic Andesite","Subduction zone / Continental crust (>25 km)","Kamchatka","Stratovolcano","Historical","D1","Subduction zone"
300271,"Piip","Russia","North America Volcanic Regions","Aleutian Ridge Volcanic Arc","Composite","Stratovolcano","Eruption Dated","5050 BCE",55.42,167.33,-300,"Dacite","Subduction zone / Intermediate crust (15-25 km)","Kamchatka-E of","Submarine volcano","Tephrochronology","D7","Subduction zone"
300272,"Khangar","Russia","Northwestern Pacific Volcanic Regions","Central Kamchatka Volcanic Arc","Composite","Stratovolcano","Eruption Dated","1500 CE",54.761,157.407,1967,"Dacite","Subduction zone / Continental crust (>25 km)","Kamchatka","Stratovolcano","Radiocarbon","D7","Subduction zone"
300273,"Cherpuk Group","Russia","Northwestern Pacific Volcanic Regions","Central Kamchatka Volcanic Arc","Minor","Pyroclastic cone(s)","Eruption Dated","4550 BCE",55.55,157.47,1868,"Andesite / Basaltic Andesite","Subduction zone / Continental crust (>25 km)","Kamchatka","Pyroclastic cones","Radiocarbon","D7","Subduction zone"
300280,"Ichinsky","Russia","Northwestern Pacific Volcanic Regions","Central Kamchatka Volcanic Arc","Composite","Stratovolcano","Eruption Observed","1740 CE",55.678,157.718,3596,"Basalt / Picro-Basalt","Subduction zone / Continental crust (>25 km)","Kamchatka","Stratovolcano","Holocene","U","Subduction zone"
300360,"Bolshoi-Kekuknaysky","Russia","Northwestern Pacific Volcanic Regions","Central Kamchatka Volcanic Arc","Shield","Shield(s)","Eruption Dated","5310 BCE",56.483,157.917,1401,"Basalt / Picro-Basalt","Subduction zone / Continental crust (>25 km)","Kamchatka","Shield volcano","Holocene","U","Subduction zone"
300450,"Alney-Chashakondzha","Russia","Northwestern Pacific Volcanic Regions","Central Kamchatka Volcanic Arc","Composite","Stratovolcano","Eruption Dated","1600 CE",56.656,159.647,2570,"Basalt / Picro-Basalt","Subduction zone / Continental crust (>25 km)","Kamchatka","Stratovolcano","Holocene","U","Subduction zone"
300511,"Shisheika","Russia","Northwestern Pacific Volcanic Regions","Central Kamchatka Volcanic Arc","Minor (Basaltic)","Lava dome","Eruption Dated","2240 BCE",57.153,161.09,355,"Andesite / Basaltic Andesite","Subduction zone / Continental crust (>25 km)","Kamchatka","Lava dome","Radiocarbon","D7","Subduction zone"
300512,"Terpuk","Russia","Northwestern Pacific Volcanic Regions","Central Kamchatka Volcanic Arc","Shield","Shield","Eruption Dated","800 BCE",57.2,159.83,765,"Basalt / Picro-Basalt","Subduction zone / Continental crust (>25 km)","Kamchatka","Shield volcano","Radiocarbon","D7","Subduction zone"
300520,"Sedanka Lava Field","Russia","Northwestern Pacific Volcanic Regions","Central Kamchatka Volcanic Arc","Cluster","Volcanic field","Eruption Dated","7050 BCE",57.317,160.067,1399,"Basalt / Picro-Basalt","Subduction zone / Continental crust (>25 km)","Kamchatka","Shield volcano","Holocene","U","Subduction zone"
300550,"Gorny Institute","Russia","Northwestern Pacific Volcanic Regions","Central Kamchatka Volcanic Arc","Composite","Stratovolcano","Eruption Dated","1250 CE",57.33,160.2,2125,"Andesite / Basaltic Andesite","Subduction zone / Continental crust (>25 km)","Kamchatka","Stratovolcano","Holocene","U","Subduction zone"
300551,"Kinenin","Russia","Northwestern Pacific Volcanic Regions","Central Kamchatka Volcanic Arc","Minor","Maar","Eruption Dated","850 CE",57.35,160.97,583,"Basalt / Picro-Basalt","Subduction zone / Continental crust (>25 km)","Kamchatka","Maar","Radiocarbon","D6","Subduction zone"
300552,"Bliznetsy","Russia","Northwestern Pacific Volcanic Regions","Central Kamchatka Volcanic Arc","Minor","Lava cone","Eruption Dated","1060 BCE",57.35,161.37,265,"Andesite / Basaltic Andesite","Subduction zone / Continental crust (>25 km)","Kamchatka","Lava cone","Radiocarbon","D7","Subduction zone"
300560,"Titila","Russia","Northwestern Pacific Volcanic Regions","Central Kamchatka Volcanic Arc","Shield","Shield(s)","Eruption Dated","550 BCE",57.406,160.108,1523,"Basalt / Picro-Basalt","Subduction zone / Continental crust (>25 km)","Kamchatka","Shield volcano","Holocene","U","Subduction zone"
300590,"Elovsky","Russia","Northwestern Pacific Volcanic Regions","Central Kamchatka Volcanic Arc","Shield","Shield(s)","Eruption Dated","7550 BCE",57.55,160.53,1381,"Basalt / Picro-Basalt","Subduction zone / Continental crust (>25 km)","Kamchatka","Shield volcano","Holocene","U","Subduction zone"
300650,"Nylgimelkin","Russia","Northwestern Pacific Volcanic Regions","Central Kamchatka Volcanic Arc","Shield","Shield(s)","Eruption Dated","3550 BCE",57.97,160.65,1764,"Basalt / Picro-Basalt","Subduction zone / Continental crust (>25 km)","Kamchatka","Shield volcano","Holocene","U","Subduction zone"
300671,"Spokoiny","Russia","Northwestern Pacific Volcanic Regions","Central Kamchatka Volcanic Arc","Composite","Stratovolcano","Eruption Dated","3450 BCE",58.13,160.82,2171,"Dacite","Subduction zone / Continental crust (>25 km)","Kamchatka","Stratovolcano","Radiocarbon","D7","Subduction zone"
300680,"Ostry","Russia","Northwestern Pacific Volcanic Regions","Central Kamchatka Volcanic Arc","Composite","Stratovolcano","Eruption Dated","2050 BCE",58.18,160.82,2552,"Basalt / Picro-Basalt","Subduction zone / Continental crust (>25 km)","Kamchatka","Stratovolcano","Holocene","U","Subduction zone"
300700,"Severny","Russia","Northwestern Pacific Volcanic Regions","Central Kamchatka Volcanic Arc","Shield","Shield","Eruption Dated","1550 BCE",58.28,160.87,1936,"Basalt / Picro-Basalt","Subduction zone / Continental crust (>25 km)","Kamchatka","Shield volcano","Holocene","U","Subduction zone"
302030,"Udokan Plateau","Russia","Eastern Asia Volcanic Regions","Baikal Rift Volcanic Province","Cluster","Volcanic field","Eruption Dated","220 BCE",56.28,117.77,2180,"Trachybasalt / Tephrite Basanite","Rift zone / Continental crust (>25 km)","Russia-SE","Shield volcano","Radiocarbon","D7","Rift zone"
302060,"Jombolok","Russia","Eastern Asia Volcanic Regions","Baikal Rift Volcanic Province","Minor (Basaltic)","Volcanic field","Eruption Dated","737 CE",52.713,99.021,2047,"Basalt / Picro-Basalt","Rift zone / Continental crust (>25 km)",NA,NA,NA,NA,"Rift zone"
303010,"Taryatu-Chulutu","Mongolia","Eastern Asia Volcanic Regions","Baikal Rift Volcanic Province","Cluster","Volcanic field","Eruption Dated","2980 BCE",48.133,99.95,2326,"Trachybasalt / Tephrite Basanite","Intraplate / Continental crust (>25 km)","Mongolia","Volcanic field","Holocene","U","Intraplate"
303015,"Khoid Naiman Nuur","Mongolia","Eastern Asia Volcanic Regions","Baikal Rift Volcanic Province","Minor (Basaltic)","Pyroclastic cone","Evidence Uncertain","Unknown",46.6459,101.7982,2532,NA,"Intraplate / Continental crust (>25 km)",NA,NA,NA,NA,"Intraplate"
304030,"Ashikule Volcanic Field","China","Eastern Asia Volcanic Regions","Northern Tibetan Plateau Volcanic Province","Cluster","Volcanic field","Eruption Observed","1951 CE",35.742,81.646,5090,"Trachyte / Trachydacite","Intraplate / Continental crust (>25 km)","China-W","Pyroclastic cone","Historical","D2","Intraplate"
305010,"Honggeertu","China","Eastern Asia Volcanic Regions","Central East Asia Volcanic Province","Cluster","Volcanic field","Evidence Uncertain","Unknown",41.59,113.111,1605,"Basalt / Picro-Basalt","Intraplate / Continental crust (>25 km)","China-E","Cinder cone","Holocene","Unknown","Intraplate"
305011,"Arxan-Chaihe","China","Eastern Asia Volcanic Regions","Central East Asia Volcanic Province","Cluster","Volcanic field","Eruption Dated","0 CE",47.45,120.8,1677,"Basalt / Picro-Basalt","Intraplate / Continental crust (>25 km)","China-E","Cinder cones","Radiocarbon","D","Intraplate"
305020,"Keluo Group","China","Eastern Asia Volcanic Regions","Central East Asia Volcanic Province","Cluster","Volcanic field","Evidence Credible","Unknown",49.37,125.92,670,"Trachybasalt / Tephrite Basanite","Intraplate / Continental crust (>25 km)","China-E","Pyroclastic cone","Holocene","U","Intraplate"
305030,"Wudalianchi","China","Eastern Asia Volcanic Regions","Central East Asia Volcanic Province","Cluster","Volcanic field","Eruption Observed","1776 CE",48.722,126.15,597,"Trachybasalt / Tephrite Basanite","Intraplate / Continental crust (>25 km)","China-E","Volcanic field","Historical","D4","Intraplate"
305040,"Jingpohu","China","Eastern Asia Volcanic Regions","Central East Asia Volcanic Province","Cluster","Volcanic field","Eruption Dated","520 BCE",44.08,128.83,1000,"Trachybasalt / Tephrite Basanite","Intraplate / Continental crust (>25 km)","China-E","Volcanic field","Radiocarbon","D7","Intraplate"
305050,"Longgang Group","China","Eastern Asia Volcanic Regions","Central East Asia Volcanic Province","Cluster","Volcanic field","Eruption Dated","350 CE",42.33,126.5,1000,"Basalt / Picro-Basalt","Intraplate / Continental crust (>25 km)","China-E","Cinder cone","Radiocarbon","D4","Intraplate"
305060,"Changbaishan","China-North Korea","Eastern Asia Volcanic Regions","Central East Asia Volcanic Province","Composite","Stratovolcano","Eruption Observed","1903 CE",41.98,128.08,2744,"Trachyte / Trachydacite","Intraplate / Continental crust (>25 km)","China-E","Stratovolcano","Historical","D4","Intraplate"
306030,"Ulleungdo","South Korea","Eastern Asia Volcanic Regions","Central East Asia Volcanic Province","Composite","Stratovolcano","Eruption Dated","2990 BCE",37.5,130.87,984,"Trachyandesite / Basaltic Trachyandesite","Intraplate / Continental crust (>25 km)","Korea","Stratovolcano","Radiocarbon","D7","Intraplate"
306040,"Halla","South Korea","Eastern Asia Volcanic Regions","Central East Asia Volcanic Province","Shield","Shield","Eruption Observed","1007 CE",33.361,126.53,1919,"Basalt / Picro-Basalt","Intraplate / Continental crust (>25 km)","Korea","Shield volcano","Historical","D6","Intraplate"
311010,"Buldir","United States","North America Volcanic Regions","Aleutian Ridge Volcanic Arc","Composite","Stratovolcano","Evidence Uncertain","Unknown",52.35,175.911,656,"Basalt / Picro-Basalt","Subduction zone / Intermediate crust (15-25 km)","Aleutian Is","Stratovolcano","Holocene","U","Subduction zone"
311020,"Kiska","United States","North America Volcanic Regions","Aleutian Ridge Volcanic Arc","Composite","Stratovolcano","Eruption Observed","1990 CE",52.103,177.602,1220,"Andesite / Basaltic Andesite","Subduction zone / Intermediate crust (15-25 km)","Aleutian Is","Stratovolcano","Historical","D1","Subduction zone"
311030,"Segula","United States","North America Volcanic Regions","Aleutian Ridge Volcanic Arc","Composite","Stratovolcano","Evidence Credible","Unknown",52.015,178.136,1160,"Andesite / Basaltic Andesite","Subduction zone / Intermediate crust (15-25 km)","Aleutian Is","Stratovolcano","Holocene","U","Subduction zone"
311040,"Davidof","United States","North America Volcanic Regions","Aleutian Ridge Volcanic Arc","Composite","Stratovolcano","Evidence Uncertain","Unknown",51.97,178.33,328,"No Data (checked)","Subduction zone / Intermediate crust (15-25 km)","Aleutian Is","Stratovolcano","Holocene","Unknown","Subduction zone"
311050,"Little Sitkin","United States","North America Volcanic Regions","Aleutian Ridge Volcanic Arc","Composite","Stratovolcano","Eruption Observed","1830 CE",51.95,178.543,1174,"Andesite / Basaltic Andesite","Subduction zone / Intermediate crust (15-25 km)","Aleutian Is","Stratovolcano","Historical","D3","Subduction zone"
311060,"Semisopochnoi","United States","North America Volcanic Regions","Aleutian Ridge Volcanic Arc","Composite","Stratovolcano","Eruption Observed","2023 CE",51.93,179.58,1221,"Basalt / Picro-Basalt","Subduction zone / Intermediate crust (15-25 km)","Aleutian Is","Stratovolcano","Historical","D1","Subduction zone"
311070,"Gareloi","United States","North America Volcanic Regions","Aleutian Ridge Volcanic Arc","Composite","Stratovolcano","Eruption Observed","1989 CE",51.79,-178.794,1573,"Basalt / Picro-Basalt","Subduction zone / Intermediate crust (15-25 km)","Aleutian Is","Stratovolcano","Historical","D1","Subduction zone"
311080,"Tanaga","United States","North America Volcanic Regions","Aleutian Ridge Volcanic Arc","Composite","Stratovolcano(es)","Eruption Observed","1914 CE",51.885,-178.146,1806,"Basalt / Picro-Basalt","Subduction zone / Intermediate crust (15-25 km)","Aleutian Is","Stratovolcano","Historical","D2","Subduction zone"
311090,"Takawangha","United States","North America Volcanic Regions","Aleutian Ridge Volcanic Arc","Composite","Stratovolcano","Eruption Dated","1550 CE",51.873,-178.006,1449,"Basalt / Picro-Basalt","Subduction zone / Intermediate crust (15-25 km)","Aleutian Is","Stratovolcano","Holocene","U","Subduction zone"
311100,"Bobrof","United States","North America Volcanic Regions","Aleutian Ridge Volcanic Arc","Composite","Stratovolcano","Evidence Uncertain","Unknown",51.91,-177.438,738,"Basalt / Picro-Basalt","Subduction zone / Intermediate crust (15-25 km)","Aleutian Is","Stratovolcano","Holocene","Unknown","Subduction zone"
311110,"Kanaga","United States","North America Volcanic Regions","Aleutian Ridge Volcanic Arc","Composite","Stratovolcano","Eruption Observed","2023 CE",51.923,-177.168,1307,"Andesite / Basaltic Andesite","Subduction zone / Intermediate crust (15-25 km)","Aleutian Is","Stratovolcano","Historical","D1","Subduction zone"
311111,"Moffett","United States","North America Volcanic Regions","Aleutian Ridge Volcanic Arc","Composite","Stratovolcano","Eruption Dated","1600 BCE",51.944,-176.747,1196,"Andesite / Basaltic Andesite","Subduction zone / Intermediate crust (15-25 km)","Aleutian Is","Stratovolcano","Holocene","U","Subduction zone"
311120,"Great Sitkin","United States","North America Volcanic Regions","Aleutian Ridge Volcanic Arc","Composite","Stratovolcano","Eruption Observed","2026 CE",52.076,-176.13,1740,"Andesite / Basaltic Andesite","Subduction zone / Intermediate crust (15-25 km)","Aleutian Is","Stratovolcano","Historical","D1","Subduction zone"
311130,"Kasatochi","United States","North America Volcanic Regions","Aleutian Ridge Volcanic Arc","Composite","Stratovolcano","Eruption Observed","2008 CE",52.177,-175.508,314,"Basalt / Picro-Basalt","Subduction zone / Intermediate crust (15-25 km)","Aleutian Is","Stratovolcano","Historical","D1","Subduction zone"
311140,"Koniuji","United States","North America Volcanic Regions","Aleutian Ridge Volcanic Arc","Composite","Stratovolcano","Eruption Dated","1150 BCE",52.22,-175.13,273,"Andesite / Basaltic Andesite","Subduction zone / Intermediate crust (15-25 km)","Aleutian Is","Stratovolcano","Uncertain","Unknown","Subduction zone"
311160,"Atka Volcanic Complex","United States","North America Volcanic Regions","Aleutian Ridge Volcanic Arc","Composite","Stratovolcano(es)","Eruption Observed","2025 CE",52.331,-174.139,1518,"Basalt / Picro-Basalt","Subduction zone / Intermediate crust (15-25 km)","Aleutian Is","Stratovolcano","Historical","D1","Subduction zone"
311180,"Seguam","United States","North America Volcanic Regions","Aleutian Ridge Volcanic Arc","Composite","Stratovolcano(es)","Eruption Observed","1993 CE",52.315,-172.51,1054,"Andesite / Basaltic Andesite","Subduction zone / Intermediate crust (15-25 km)","Aleutian Is","Stratovolcano","Historical","D1","Subduction zone"
311190,"Amukta","United States","North America Volcanic Regions","Aleutian Ridge Volcanic Arc","Composite","Stratovolcano","Eruption Observed","1996 CE",52.5,-171.252,1066,"Andesite / Basaltic Andesite","Subduction zone / Intermediate crust (15-25 km)","Aleutian Is","Stratovolcano","Historical","D1","Subduction zone"
311200,"Chagulak","United States","North America Volcanic Regions","Aleutian Ridge Volcanic Arc","Composite","Stratovolcano","Evidence Uncertain","Unknown",52.5716,-171.1383,1028,"Andesite / Basaltic Andesite","Subduction zone / Intermediate crust (15-25 km)","Aleutian Is","Stratovolcano","Holocene","U","Subduction zone"
311210,"Yunaska","United States","North America Volcanic Regions","Aleutian Ridge Volcanic Arc","Shield","Shield","Eruption Observed","1937 CE",52.6394,-170.6317,550,"Andesite / Basaltic Andesite","Subduction zone / Intermediate crust (15-25 km)","Aleutian Is","Shield volcano","Historical","D2","Subduction zone"
311220,"Herbert","United States","North America Volcanic Regions","Aleutian Ridge Volcanic Arc","Composite","Stratovolcano","Evidence Credible","Unknown",52.742,-170.111,1280,"Andesite / Basaltic Andesite","Subduction zone / Intermediate crust (15-25 km)","Aleutian Is","Stratovolcano","Holocene","U","Subduction zone"
311230,"Carlisle","United States","North America Volcanic Regions","Aleutian Ridge Volcanic Arc","Composite","Stratovolcano","Eruption Observed","1828 CE",52.894,-170.054,1620,"Andesite / Basaltic Andesite","Subduction zone / Intermediate crust (15-25 km)","Aleutian Is","Stratovolcano","Historical","D3","Subduction zone"
311240,"Cleveland","United States","North America Volcanic Regions","Aleutian Ridge Volcanic Arc","Composite","Stratovolcano","Eruption Observed","2020 CE",52.825,-169.944,1730,"Andesite / Basaltic Andesite","Subduction zone / Intermediate crust (15-25 km)","Aleutian Is","Stratovolcano","Historical","D1","Subduction zone"
311241,"Tana","United States","North America Volcanic Regions","Aleutian Ridge Volcanic Arc","Composite","Stratovolcano(es)","Evidence Credible","Unknown",52.83,-169.77,1170,"Rhyolite","Subduction zone / Intermediate crust (15-25 km)","Aleutian Is","Stratovolcanoes","Holocene","U","Subduction zone"
311250,"Uliaga","United States","North America Volcanic Regions","Aleutian Ridge Volcanic Arc","Composite","Stratovolcano","Evidence Credible","Unknown",53.065,-169.77,888,"No Data (checked)","Subduction zone / Intermediate crust (15-25 km)","Aleutian Is","Stratovolcano","Holocene","Unknown","Subduction zone"
311260,"Kagamil","United States","North America Volcanic Regions","Aleutian Ridge Volcanic Arc","Composite","Stratovolcano","Eruption Observed","1929 CE",52.974,-169.72,893,"No Data (checked)","Subduction zone / Intermediate crust (15-25 km)","Aleutian Is","Stratovolcano","Historical","D2","Subduction zone"
311270,"Vsevidof","United States","North America Volcanic Regions","Aleutian Ridge Volcanic Arc","Composite","Stratovolcano","Eruption Observed","1878 CE",53.1264,-168.6875,2160,"Andesite / Basaltic Andesite","Subduction zone / Intermediate crust (15-25 km)","Aleutian Is","Stratovolcano","Historical","D3","Subduction zone"
311280,"Recheschnoi","United States","North America Volcanic Regions","Aleutian Ridge Volcanic Arc","Composite","Stratovolcano","Evidence Credible","Unknown",53.157,-168.539,1984,"Andesite / Basaltic Andesite","Subduction zone / Intermediate crust (15-25 km)","Aleutian Is","Stratovolcano","Holocene","U","Subduction zone"
311290,"Okmok","United States","North America Volcanic Regions","Aleutian Ridge Volcanic Arc","Shield","Shield","Eruption Observed","2008 CE",53.43,-168.13,1073,"Basalt / Picro-Basalt","Subduction zone / Intermediate crust (15-25 km)","Aleutian Is","Shield volcano","Historical","D1","Subduction zone"
311300,"Bogoslof","United States","North America Volcanic Regions","Aleutian Ridge Volcanic Arc","Composite","Stratovolcano","Eruption Observed","2017 CE",53.93,-168.03,150,"Trachyandesite / Basaltic Trachyandesite","Subduction zone / Intermediate crust (15-25 km)","Aleutian Is","Submarine volcano","Historical","D1","Subduction zone"
311310,"Makushin","United States","North America Volcanic Regions","Aleutian Ridge Volcanic Arc","Composite","Stratovolcano","Eruption Observed","1995 CE",53.891,-166.923,1800,"Andesite / Basaltic Andesite","Subduction zone / Intermediate crust (15-25 km)","Aleutian Is","Stratovolcano","Historical","D1","Subduction zone"
311320,"Akutan","United States","North America Volcanic Regions","Aleutian Ridge Volcanic Arc","Composite","Stratovolcano","Eruption Observed","1992 CE",54.134,-165.986,1303,"Basalt / Picro-Basalt","Subduction zone / Intermediate crust (15-25 km)","Aleutian Is","Stratovolcano","Historical","D1","Subduction zone"
311340,"Westdahl","United States","North America Volcanic Regions","Aleutian Ridge Volcanic Arc","Composite","Stratovolcano?","Eruption Observed","1992 CE",54.516,-164.65,1563,"Basalt / Picro-Basalt","Subduction zone / Continental crust (>25 km)","Aleutian Is","Stratovolcano","Historical","D1","Subduction zone"
311350,"Fisher","United States","North America Volcanic Regions","Aleutian Ridge Volcanic Arc","Composite","Stratovolcano","Eruption Observed","1830 CE",54.65,-164.43,1112,"Andesite / Basaltic Andesite","Subduction zone / Continental crust (>25 km)","Aleutian Is","Stratovolcano","Historical","D3","Subduction zone"
311360,"Shishaldin","United States","North America Volcanic Regions","Aleutian Ridge Volcanic Arc","Composite","Stratovolcano","Eruption Observed","2023 CE",54.756,-163.97,2857,"Basalt / Picro-Basalt","Subduction zone / Continental crust (>25 km)","Aleutian Is","Stratovolcano","Historical","D1","Subduction zone"
311380,"Roundtop","United States","North America Volcanic Regions","Aleutian Ridge Volcanic Arc","Composite","Stratovolcano","Eruption Dated","7600 BCE",54.8,-163.589,1871,"Rhyolite","Subduction zone / Continental crust (>25 km)","Aleutian Is","Stratovolcano","Holocene","U","Subduction zone"
311390,"Amak","United States","North America Volcanic Regions","Aleutian Ridge Volcanic Arc","Composite","Stratovolcano","Eruption Observed","1796 CE",55.4184,-163.1472,547,"Andesite / Basaltic Andesite","Subduction zone / Continental crust (>25 km)","Aleutian Is","Stratovolcano","Historical","D4","Subduction zone"
312010,"Frosty","United States","North America Volcanic Regions","Aleutian Ridge Volcanic Arc","Composite","Stratovolcano(es)","Evidence Credible","Unknown",55.067,-162.835,1728,"Andesite / Basaltic Andesite","Subduction zone / Continental crust (>25 km)","Alaska Peninsula","Stratovolcano","Holocene","U","Subduction zone"
312011,"Dutton","United States","North America Volcanic Regions","Aleutian Ridge Volcanic Arc","Composite","Stratovolcano","Evidence Credible","Unknown",55.183,-162.276,1465,"Andesite / Basaltic Andesite","Subduction zone / Continental crust (>25 km)","Alaska Peninsula","Stratovolcano","Holocene","U","Subduction zone"
312020,"Emmons Lake Volcanic Center","United States","North America Volcanic Regions","Aleutian Ridge Volcanic Arc","Caldera","Caldera","Evidence Credible","Unknown",55.3519,-162.0445,1534,"Andesite / Basaltic Andesite","Subduction zone / Continental crust (>25 km)","Alaska Peninsula","Caldera","Holocene","U","Subduction zone"
312030,"Pavlof","United States","North America Volcanic Regions","Aleutian Ridge Volcanic Arc","Composite","Stratovolcano","Eruption Observed","2022 CE",55.417,-161.894,2493,"Andesite / Basaltic Andesite","Subduction zone / Continental crust (>25 km)","Alaska Peninsula","Stratovolcano","Historical","D1","Subduction zone"
312040,"Pavlof Sister","United States","North America Volcanic Regions","Aleutian Ridge Volcanic Arc","Composite","Stratovolcano","Evidence Credible","Unknown",55.457,-161.854,2142,"Basalt / Picro-Basalt","Subduction zone / Continental crust (>25 km)","Alaska Peninsula","Stratovolcano","Historical","D4","Subduction zone"
312050,"Dana","United States","North America Volcanic Regions","Aleutian Ridge Volcanic Arc","Composite","Stratovolcano","Eruption Dated","1890 BCE",55.641,-161.214,1354,"Andesite / Basaltic Andesite","Subduction zone / Continental crust (>25 km)","Alaska Peninsula","Stratovolcano","Radiocarbon","D7","Subduction zone"
312055,"Stepovak Bay Group","United States","North America Volcanic Regions","Aleutian Ridge Volcanic Arc","Cluster","Volcanic field","Evidence Credible","Unknown",55.917,-160.017,1633,NA,"Subduction zone / Continental crust (>25 km)","Alaska Peninsula","Volcanic field","Holocene","Unknown","Subduction zone"
312060,"Kupreanof","United States","North America Volcanic Regions","Aleutian Ridge Volcanic Arc","Composite","Stratovolcano","Evidence Uncertain","Unknown",56.011,-159.797,1895,"Andesite / Basaltic Andesite","Subduction zone / Continental crust (>25 km)","Alaska Peninsula","Stratovolcano","Historical","D1","Subduction zone"
312070,"Veniaminof","United States","North America Volcanic Regions","Aleutian Ridge Volcanic Arc","Composite","Stratovolcano","Eruption Observed","2021 CE",56.17,-159.38,2507,"Andesite / Basaltic Andesite","Subduction zone / Continental crust (>25 km)","Alaska Peninsula","Stratovolcano","Historical","D1","Subduction zone"
312080,"Black Peak","United States","North America Volcanic Regions","Alaska Peninsula Volcanic Arc","Composite","Stratovolcano","Eruption Dated","1900 BCE",56.552,-158.785,1032,"Andesite / Basaltic Andesite","Subduction zone / Continental crust (>25 km)","Alaska Peninsula","Stratovolcano","Radiocarbon","D7","Subduction zone"
312090,"Aniakchak","United States","North America Volcanic Regions","Alaska Peninsula Volcanic Arc","Caldera","Caldera","Eruption Observed","1931 CE",56.88,-158.17,1341,"Andesite / Basaltic Andesite","Subduction zone / Continental crust (>25 km)","Alaska Peninsula","Caldera","Historical","D2","Subduction zone"
312100,"Yantarni","United States","North America Volcanic Regions","Alaska Peninsula Volcanic Arc","Composite","Stratovolcano","Eruption Dated","800 BCE",57.019,-157.185,1345,"Andesite / Basaltic Andesite","Subduction zone / Continental crust (>25 km)","Alaska Peninsula","Stratovolcano","Tephrochronology","D7","Subduction zone"
312110,"Chiginagak","United States","North America Volcanic Regions","Alaska Peninsula Volcanic Arc","Composite","Stratovolcano","Eruption Observed","1998 CE",57.135,-156.99,2221,"Andesite / Basaltic Andesite","Subduction zone / Continental crust (>25 km)","Alaska Peninsula","Stratovolcano","Historical","D1","Subduction zone"
312120,"Kialagvik","United States","North America Volcanic Regions","Alaska Peninsula Volcanic Arc","Composite","Stratovolcano","Evidence Credible","Unknown",57.203,-156.745,1677,"Andesite / Basaltic Andesite","Subduction zone / Continental crust (>25 km)","Alaska Peninsula","Stratovolcano","Holocene","U","Subduction zone"
312130,"Ugashik-Peulik","United States","North America Volcanic Regions","Alaska Peninsula Volcanic Arc","Composite","Stratovolcano","Eruption Observed","1814 CE",57.751,-156.368,1474,"Andesite / Basaltic Andesite","Subduction zone / Continental crust (>25 km)","Alaska Peninsula","Stratovolcano","Historical","D3","Subduction zone"
312131,"Ukinrek Maars","United States","North America Volcanic Regions","Alaska Peninsula Volcanic Arc","Minor (Basaltic)","Maar(s)","Eruption Observed","1977 CE",57.8344,-156.5203,91,"Basalt / Picro-Basalt","Subduction zone / Continental crust (>25 km)","Alaska Peninsula","Maar","Historical","D1","Subduction zone"
312132,"Alaska Peninsula Arc at 155.4°W","United States","North America Volcanic Regions","Alaska Peninsula Volcanic Arc","Minor (Silicic)","Lava dome","Evidence Credible","Unknown",57.87,-155.411,402,"No Data (checked)","Subduction zone / Continental crust (>25 km)",NA,NA,NA,NA,"Subduction zone"
312140,"Martin","United States","North America Volcanic Regions","Alaska Peninsula Volcanic Arc","Composite","Stratovolcano","Eruption Dated","1953 CE",58.172,-155.361,1863,"Dacite","Subduction zone / Continental crust (>25 km)","Alaska Peninsula","Stratovolcano","Historical","D2","Subduction zone"
312150,"Mageik","United States","North America Volcanic Regions","Alaska Peninsula Volcanic Arc","Composite","Stratovolcano","Eruption Dated","500 BCE",58.195,-155.253,2165,"Andesite / Basaltic Andesite","Subduction zone / Continental crust (>25 km)","Alaska Peninsula","Stratovolcano","Historical","D2","Subduction zone"
312160,"Trident","United States","North America Volcanic Regions","Alaska Peninsula Volcanic Arc","Composite","Stratovolcano","Eruption Observed","1974 CE",58.236,-155.1,1864,"Andesite / Basaltic Andesite","Subduction zone / Continental crust (>25 km)","Alaska Peninsula","Stratovolcano","Historical","D1","Subduction zone"
312170,"Katmai","United States","North America Volcanic Regions","Alaska Peninsula Volcanic Arc","Composite","Stratovolcano","Eruption Observed","1912 CE",58.279,-154.9533,2047,"Andesite / Basaltic Andesite","Subduction zone / Continental crust (>25 km)","Alaska Peninsula","Stratovolcano","Historical","D2","Subduction zone"
312180,"Novarupta","United States","North America Volcanic Regions","Alaska Peninsula Volcanic Arc","Caldera","Caldera","Eruption Observed","1912 CE",58.2655,-155.1588,841,"Rhyolite","Subduction zone / Continental crust (>25 km)","Alaska Peninsula","Caldera","Historical","D2","Subduction zone"
312190,"Griggs","United States","North America Volcanic Regions","Alaska Peninsula Volcanic Arc","Composite","Stratovolcano","Eruption Dated","1790 BCE",58.354,-155.092,2317,"Andesite / Basaltic Andesite","Subduction zone / Continental crust (>25 km)","Alaska Peninsula","Stratovolcano","Holocene","U","Subduction zone"
312200,"Snowy Mountain","United States","North America Volcanic Regions","Alaska Peninsula Volcanic Arc","Composite","Stratovolcano(es)","Eruption Dated","1710 CE",58.336,-154.682,2162,"Andesite / Basaltic Andesite","Subduction zone / Continental crust (>25 km)","Alaska Peninsula","Stratovolcano","Fumarolic","U","Subduction zone"
312210,"Denison","United States","North America Volcanic Regions","Alaska Peninsula Volcanic Arc","Composite","Stratovolcano","Evidence Uncertain","Unknown",58.418,-154.449,2287,"Andesite / Basaltic Andesite","Subduction zone / Continental crust (>25 km)","Alaska Peninsula","Stratovolcano","Uncertain","Unknown","Subduction zone"
312220,"Steller","United States","North America Volcanic Regions","Alaska Peninsula Volcanic Arc","Composite","Stratovolcano","Evidence Credible","Unknown",58.4298,-154.3895,2279,"Andesite / Basaltic Andesite","Subduction zone / Continental crust (>25 km)","Alaska Peninsula","Unknown","Uncertain","Unknown","Subduction zone"
312230,"Kukak","United States","North America Volcanic Regions","Alaska Peninsula Volcanic Arc","Composite","Stratovolcano","Unrest / Holocene","Unknown",58.453,-154.355,2043,"Andesite / Basaltic Andesite","Subduction zone / Continental crust (>25 km)","Alaska Peninsula","Stratovolcano","Fumarolic","U","Subduction zone"
312250,"Kaguyak","United States","North America Volcanic Regions","Alaska Peninsula Volcanic Arc","Caldera","Lava dome(s)","Eruption Dated","3850 BCE",58.6113,-154.0245,901,"Dacite","Subduction zone / Continental crust (>25 km)","Alaska Peninsula","Stratovolcano","Holocene","D7","Subduction zone"
312260,"Fourpeaked","United States","North America Volcanic Regions","Alaska Peninsula Volcanic Arc","Composite","Stratovolcano","Eruption Observed","2006 CE",58.77,-153.672,2105,"Andesite / Basaltic Andesite","Subduction zone / Continental crust (>25 km)","Alaska Peninsula","Stratovolcano","Uncertain","Unknown","Subduction zone"
312270,"Douglas","United States","North America Volcanic Regions","Alaska Peninsula Volcanic Arc","Composite","Stratovolcano","Evidence Credible","Unknown",58.855,-153.542,2140,"Andesite / Basaltic Andesite","Subduction zone / Continental crust (>25 km)","Alaska Peninsula","Stratovolcano","Fumarolic","U","Subduction zone"
313010,"Augustine","United States","North America Volcanic Regions","Alaska Peninsula Volcanic Arc","Composite","Lava dome(s)","Eruption Observed","2006 CE",59.3626,-153.435,1218,"Andesite / Basaltic Andesite","Subduction zone / Continental crust (>25 km)","Alaska-SW","Lava dome","Historical","D1","Subduction zone"
313020,"Iliamna","United States","North America Volcanic Regions","Alaska Peninsula Volcanic Arc","Composite","Stratovolcano","Eruption Observed","1876 CE",60.032,-153.09,3053,"Andesite / Basaltic Andesite","Subduction zone / Continental crust (>25 km)","Alaska-SW","Stratovolcano","Historical","D2","Subduction zone"
313030,"Redoubt","United States","North America Volcanic Regions","Alaska Peninsula Volcanic Arc","Composite","Stratovolcano","Eruption Observed","2009 CE",60.485,-152.742,3108,"Andesite / Basaltic Andesite","Subduction zone / Continental crust (>25 km)","Alaska-SW","Stratovolcano","Historical","D1","Subduction zone"
313040,"Spurr","United States","North America Volcanic Regions","Alaska Peninsula Volcanic Arc","Composite","Stratovolcano","Eruption Observed","1992 CE",61.299,-152.251,3374,"Andesite / Basaltic Andesite","Subduction zone / Continental crust (>25 km)","Alaska-SW","Stratovolcano","Historical","D1","Subduction zone"
313050,"Hayes","United States","North America Volcanic Regions","Alaska Peninsula Volcanic Arc","Composite","Stratovolcano","Eruption Dated","1200 CE",61.64,-152.411,3034,"Dacite","Subduction zone / Continental crust (>25 km)","Alaska-SW","Stratovolcano","Radiocarbon","D6","Subduction zone"
314010,"St. Paul Island","United States","North America Volcanic Regions","Northern Alaska-Bering Sea Volcanic Province","Shield","Shield","Eruption Dated","1280 BCE",57.167,-170.213,203,"Trachybasalt / Tephrite Basanite","Intraplate / Continental crust (>25 km)","Alaska-W","Shield","Holocene","D7","Intraplate"
314030,"Ingakslugwat Hills","United States","North America Volcanic Regions","Northern Alaska-Bering Sea Volcanic Province","Cluster","Volcanic field","Evidence Credible","Unknown",61.43,-164.47,190,"Basalt / Picro-Basalt","Intraplate / Continental crust (>25 km)","Alaska-W","Cinder cone","Holocene","U","Intraplate"
314040,"St. Michael","United States","North America Volcanic Regions","Northern Alaska-Bering Sea Volcanic Province","Cluster","Volcanic field","Evidence Credible","Unknown",63.45,-162.12,715,"Basalt / Picro-Basalt","Intraplate / Continental crust (>25 km)","Alaska-W","Shield volcano","Anthropology","U","Intraplate"
314060,"Imuruk Lake","United States","North America Volcanic Regions","Northern Alaska-Bering Sea Volcanic Province","Cluster","Volcanic field","Eruption Dated","300 CE",65.517,-163.45,610,"Basalt / Picro-Basalt","Intraplate / Continental crust (>25 km)","Alaska-W","Shield volcano","Radiocarbon","D6","Intraplate"
314060,"Imuruk Lake","United States","North America Volcanic Regions","Northern Alaska-Bering Sea Volcanic Province","Cluster","Volcanic field","Eruption Dated","300 CE",65.517,-163.45,610,"Basalt / Picro-Basalt","Intraplate / Continental crust (>25 km)","Alaska-W","Shield volcano","Holocene","U","Intraplate"
315001,"Buzzard Creek","United States","North America Volcanic Regions","Alaska Peninsula Volcanic Arc","Minor (Basaltic)","Tuff ring(s)","Eruption Dated","1050 BCE",64.0616,-148.4327,830,"Basalt / Picro-Basalt","Subduction zone / Continental crust (>25 km)","Alaska-E","Tuff rings","Radiocarbon","D7","Subduction zone"
315020,"Wrangell","United States","North America Volcanic Regions","Wrangell Volcanic Arc","Shield","Shield","Eruption Observed","1912 CE",62.006,-144.017,4278,"Andesite / Basaltic Andesite","Intraplate / Continental crust (>25 km)","Alaska-E","Shield volcano","Historical","D2","Intraplate"
315030,"Churchill","United States","North America Volcanic Regions","Wrangell Volcanic Arc","Composite","Stratovolcano","Eruption Dated","847 CE",61.38,-141.75,5005,"Dacite","Intraplate / Continental crust (>25 km)","Alaska-E","Stratovolcano","Radiocarbon","D6","Intraplate"
315040,"Edgecumbe","United States","North America Volcanic Regions","Queen Charlotte Volcano Group","Cluster","Volcanic field","Eruption Dated","2080 BCE",57.05,-135.75,970,"Andesite / Basaltic Andesite","Intraplate / Continental crust (>25 km)","Alaska-SE","Stratovolcano","Radiocarbon","D7","Intraplate"
315050,"Duncan Canal","United States","North America Volcanic Regions","Queen Charlotte Volcano Group","Cluster","Volcanic field","Evidence Credible","Unknown",56.5,-133.1,15,"Basalt / Picro-Basalt","Subduction zone / Continental crust (>25 km)","Alaska-SE","Unknown","Holocene","U","Subduction zone"
315060,"Tlevak Strait-Suemez Island","United States","North America Volcanic Regions","Queen Charlotte Volcano Group","Cluster","Volcanic field","Evidence Credible","Unknown",55.25,-133.3,50,"Basalt / Picro-Basalt","Subduction zone / Continental crust (>25 km)","Alaska-SE","Volcanic field","Holocene","U","Subduction zone"
315070,"Behm Canal-Rudyerd Bay","United States","North America Volcanic Regions","Northern Cordilleran Volcanic Province","Cluster","Volcanic field","Evidence Uncertain","Unknown",55.35,-131,500,"Basalt / Picro-Basalt","Intraplate / Continental crust (>25 km)","Alaska-SE","Cinder cone","Holocene","Unknown","Intraplate"
320010,"Fort Selkirk","Canada","North America Volcanic Regions","Northern Cordilleran Volcanic Province","Cluster","Volcanic field","Evidence Uncertain","Unknown",62.93,-137.38,1239,"Trachybasalt / Tephrite Basanite","Intraplate / Continental crust (>25 km)","Canada","Volcanic field","Holocene","U","Intraplate"
320020,"Alligator Lake","Canada","North America Volcanic Regions","Northern Cordilleran Volcanic Province","Cluster","Volcanic field","Evidence Credible","Unknown",60.42,-135.42,2217,"Basalt / Picro-Basalt","Intraplate / Continental crust (>25 km)","Canada","Volcanic field","Holocene","U","Intraplate"
320030,"Atlin Volcanic Field","Canada","North America Volcanic Regions","Northern Cordilleran Volcanic Province","Cluster","Pyroclastic cone(s)","Evidence Credible","Unknown",59.708,-133.358,1880,"Trachybasalt / Tephrite Basanite","Intraplate / Continental crust (>25 km)","Canada","Cinder cone","Historical","D3","Intraplate"
320031,"Tuya Volcanic Field","Canada","North America Volcanic Regions","Northern Cordilleran Volcanic Province","Cluster","Volcanic field","Evidence Credible","Unknown",59.37,-130.58,2123,"Basalt / Picro-Basalt","Intraplate / Continental crust (>25 km)","Canada","Volcanic field","Holocene","U","Intraplate"
320040,"Heart Peaks","Canada","North America Volcanic Regions","Northern Cordilleran Volcanic Province","Shield","Shield","Evidence Uncertain","Unknown",58.6,-131.97,2012,"Basalt / Picro-Basalt","Intraplate / Continental crust (>25 km)","Canada","Shield volcano","Holocene","U","Intraplate"
320050,"Level Mountain","Canada","North America Volcanic Regions","Northern Cordilleran Volcanic Province","Shield","Shield","Evidence Uncertain","Unknown",58.42,-131.35,2164,"Trachyte / Trachydacite","Intraplate / Continental crust (>25 km)","Canada","Shield volcano","Holocene","U","Intraplate"
320060,"Edziza","Canada","North America Volcanic Regions","Northern Cordilleran Volcanic Province","Composite","Stratovolcano","Eruption Dated","950 CE",57.72,-130.63,2786,"Trachyte / Trachydacite","Intraplate / Continental crust (>25 km)","Canada","Stratovolcano","Radiocarbon","D6","Intraplate"
320070,"Spectrum Range","Canada","North America Volcanic Regions","Northern Cordilleran Volcanic Province","Shield","Shield","Evidence Credible","Unknown",57.43,-130.68,2430,"Rhyolite","Intraplate / Continental crust (>25 km)","Canada","Shield volcano","Holocene","U","Intraplate"
320080,"Hoodoo Mountain","Canada","North America Volcanic Regions","Northern Cordilleran Volcanic Province","Minor","Pyroclastic cone(s)","Eruption Dated","7050 BCE",56.78,-131.28,1850,"Phonolite","Intraplate / Continental crust (>25 km)","Canada","Subglacial volcano","Holocene","U","Intraplate"
320090,"Iskut-Unuk River Cones","Canada","North America Volcanic Regions","Northern Cordilleran Volcanic Province","Cluster","Pyroclastic cone(s)","Eruption Dated","1800 CE",56.567,-130.75,1880,"Basalt / Picro-Basalt","Intraplate / Continental crust (>25 km)","Canada","Cinder cone","Radiocarbon","D3","Intraplate"
320100,"Tseax River Cone","Canada","North America Volcanic Regions","Northern Cordilleran Volcanic Province","Minor (Basaltic)","Pyroclastic cone","Eruption Dated","1690 CE",55.1109,-128.8991,612,"Basalt / Picro-Basalt","Intraplate / Continental crust (>25 km)","Canada","Pyroclastic cone","Radiocarbon","D4","Intraplate"
320110,"Crow Lagoon","Canada","North America Volcanic Regions","Northern Cordilleran Volcanic Province","Minor","Pyroclastic cone","Evidence Credible","Unknown",54.7,-130.23,335,"Basalt / Picro-Basalt","Intraplate / Continental crust (>25 km)","Canada","Pyroclastic cone","Holocene","U","Intraplate"
320120,"Milbanke Sound Group","Canada","North America Volcanic Regions","Queen Charlotte Volcano Group","Minor (Basaltic)","Pyroclastic cone(s)","Evidence Credible","Unknown",52.498,-128.723,233,"Basalt / Picro-Basalt","Intraplate / Continental crust (>25 km)","Canada","Cinder cone","Holocene","U","Intraplate"
320140,"Nazko","Canada","North America Volcanic Regions","Interior Western Canada Volcanic Province","Minor (Basaltic)","Pyroclastic cone(s)","Eruption Dated","5220 BCE",52.928,-123.732,1238,"Trachybasalt / Tephrite Basanite","Intraplate / Continental crust (>25 km)","Canada","Cinder cone","Radiocarbon","D7","Intraplate"
320150,"Wells Gray-Clearwater","Canada","North America Volcanic Regions","Interior Western Canada Volcanic Province","Cluster","Volcanic field","Eruption Dated","1550 CE",52.0306,-120.1125,950,"Basalt / Picro-Basalt","Intraplate / Continental crust (>25 km)","Canada","Cinder cone","Dendrochronology","D5","Intraplate"
320160,"Silverthrone","Canada","North America Volcanic Regions","Garibaldi Volcanic Arc","Composite","Caldera","Evidence Credible","Unknown",51.5179,-126.1133,2860,"Andesite / Basaltic Andesite","Subduction zone / Continental crust (>25 km)","Canada","Caldera","Holocene","U","Subduction zone"
320170,"Bridge River Cones","Canada","North America Volcanic Regions","Garibaldi Volcanic Arc","Cluster","Volcanic field","Evidence Credible","Unknown",50.8,-123.4,2500,"Basalt / Picro-Basalt","Subduction zone / Continental crust (>25 km)","Canada","Volcanic field","Holocene","U","Subduction zone"
320180,"Meager","Canada","North America Volcanic Regions","Garibaldi Volcanic Arc","Composite","Complex","Eruption Dated","410 BCE",50.63,-123.5,2680,"Dacite","Subduction zone / Continental crust (>25 km)","Canada","Complex volcano","Radiocarbon","D7","Subduction zone"
320190,"Garibaldi Lake","Canada","North America Volcanic Regions","Garibaldi Volcanic Arc","Cluster","Volcanic field","Evidence Credible","Unknown",49.933,-123,2316,"Andesite / Basaltic Andesite","Subduction zone / Continental crust (>25 km)","Canada","Volcanic field","Holocene","U","Subduction zone"
320200,"Garibaldi","Canada","North America Volcanic Regions","Garibaldi Volcanic Arc","Composite","Stratovolcano","Eruption Dated","8060 BCE",49.85,-123,2678,"Dacite","Subduction zone / Continental crust (>25 km)","Canada","Stratovolcano","Radiocarbon","D7","Subduction zone"
320811,"Cayley Volcanic Field","Canada","North America Volcanic Regions","Garibaldi Volcanic Arc","Cluster","Volcanic field","Evidence Credible","Unknown",50.12,-123.28,2375,"Andesite / Basaltic Andesite","Subduction zone / Continental crust (>25 km)","Canada","Volcanic field","","Unknown","Subduction zone"
321010,"Baker","United States","North America Volcanic Regions","Garibaldi Volcanic Arc","Composite","Stratovolcano(es)","Eruption Observed","1880 CE",48.777,-121.813,3285,"Andesite / Basaltic Andesite","Subduction zone / Continental crust (>25 km)","US-Washington","Stratovolcano","Historical","D3","Subduction zone"
321020,"Glacier Peak","United States","North America Volcanic Regions","Garibaldi Volcanic Arc","Composite","Stratovolcano","Eruption Dated","1700 CE",48.112,-121.113,3213,"Dacite","Subduction zone / Continental crust (>25 km)","US-Washington","Stratovolcano","Tephrochronology","D4","Subduction zone"
321030,"Rainier","United States","North America Volcanic Regions","High Cascades Volcanic Arc","Composite","Stratovolcano","Eruption Dated","1450 CE",46.853,-121.76,4392,"Andesite / Basaltic Andesite","Subduction zone / Continental crust (>25 km)","US-Washington","Stratovolcano","Dendrochronology","D3","Subduction zone"
321040,"Adams","United States","North America Volcanic Regions","High Cascades Volcanic Arc","Composite","Stratovolcano","Eruption Dated","950 CE",46.206,-121.49,3742,"Andesite / Basaltic Andesite","Subduction zone / Continental crust (>25 km)","US-Washington","Stratovolcano","Tephrochronology","D6","Subduction zone"
321050,"St. Helens","United States","North America Volcanic Regions","High Cascades Volcanic Arc","Composite","Stratovolcano","Eruption Observed","2008 CE",46.2,-122.18,2549,"Dacite","Subduction zone / Continental crust (>25 km)","US-Washington","Stratovolcano","Historical","D1","Subduction zone"
321060,"West Crater","United States","North America Volcanic Regions","High Cascades Volcanic Arc","Cluster","Volcanic field","Eruption Dated","5750 BCE",45.88,-122.08,1329,"Andesite / Basaltic Andesite","Subduction zone / Continental crust (>25 km)","US-Washington","Volcanic field","Radiocarbon","D7","Subduction zone"
321070,"Indian Heaven","United States","North America Volcanic Regions","High Cascades Volcanic Arc","Cluster","Volcanic field","Eruption Dated","6250 BCE",45.93,-121.82,1806,"Basalt / Picro-Basalt","Subduction zone / Continental crust (>25 km)","US-Washington","Shield volcano","Radiocarbon","D7","Subduction zone"
322010,"Hood","United States","North America Volcanic Regions","High Cascades Volcanic Arc","Composite","Stratovolcano","Eruption Observed","1866 CE",45.374,-121.695,3426,"Andesite / Basaltic Andesite","Subduction zone / Continental crust (>25 km)","US-Oregon","Stratovolcano","Historical","D3","Subduction zone"
322020,"Jefferson","United States","North America Volcanic Regions","High Cascades Volcanic Arc","Composite","Stratovolcano","Eruption Dated","950 CE",44.674,-121.8,3199,"Andesite / Basaltic Andesite","Subduction zone / Continental crust (>25 km)","US-Oregon","Stratovolcano","Varve Count","D6","Subduction zone"
322030,"Blue Lake Crater","United States","North America Volcanic Regions","High Cascades Volcanic Arc","Minor (Basaltic)","Maar","Eruption Dated","680 CE",44.4125,-121.7686,1136,"Basalt / Picro-Basalt","Subduction zone / Continental crust (>25 km)","US-Oregon","Maar","Radiocarbon","D7","Subduction zone"
322040,"Sand Mountain Field","United States","North America Volcanic Regions","High Cascades Volcanic Arc","Cluster","Volcanic field","Eruption Dated","950 BCE",44.38,-121.93,1664,"Basalt / Picro-Basalt","Subduction zone / Continental crust (>25 km)","US-Oregon","Cinder cone","Radiocarbon","D7","Subduction zone"
322060,"Belknap","United States","North America Volcanic Regions","High Cascades Volcanic Arc","Shield","Shield(s)","Eruption Dated","475 CE",44.285,-121.8423,2094,"Andesite / Basaltic Andesite","Subduction zone / Continental crust (>25 km)","US-Oregon","Shield volcano","Radiocarbon","D6","Subduction zone"
322070,"Three Sisters","United States","North America Volcanic Regions","High Cascades Volcanic Arc","Composite","Complex","Eruption Dated","439 CE",44.133,-121.767,3159,"Andesite / Basaltic Andesite","Subduction zone / Continental crust (>25 km)","US-Oregon","Complex volcano","Radiocarbon","D6","Subduction zone"
322090,"Bachelor","United States","North America Volcanic Regions","High Cascades Volcanic Arc","Composite","Stratovolcano","Eruption Dated","5800 BCE",43.979,-121.688,2763,"Andesite / Basaltic Andesite","Subduction zone / Continental crust (>25 km)","US-Oregon","Stratovolcano","Tephrochronology","D7","Subduction zone"
322100,"Davis Lake","United States","North America Volcanic Regions","High Cascades Volcanic Arc","Cluster","Volcanic field","Eruption Dated","2790 BCE",43.57,-121.82,2163,"Andesite / Basaltic Andesite","Subduction zone / Continental crust (>25 km)","US-Oregon","Volcanic field","Radiocarbon","D7","Subduction zone"
322110,"Newberry","United States","North America Volcanic Regions","High Cascades Volcanic Arc","Shield","Shield","Eruption Dated","690 CE",43.722,-121.229,2434,"Andesite / Basaltic Andesite","Subduction zone / Continental crust (>25 km)","US-Oregon","Shield volcano","Radiocarbon","D6","Subduction zone"
322120,"Devils Garden","United States","North America Volcanic Regions","High Lava Plains Volcanic Province","Cluster","Volcanic field","Evidence Uncertain","Unknown",43.512,-120.861,1698,"Basalt / Picro-Basalt","Rift zone / Continental crust (>25 km)","US-Oregon","Volcanic field","Holocene","Unknown","Rift zone"
322150,"Cinnamon Butte","United States","North America Volcanic Regions","High Cascades Volcanic Arc","Minor (Basaltic)","Pyroclastic cone(s)","Evidence Uncertain","Unknown",43.2411,-122.1111,1958,"Basalt / Picro-Basalt","Subduction zone / Continental crust (>25 km)","US-Oregon","Cinder cone","Holocene","Unknown","Subduction zone"
322160,"Crater Lake","United States","North America Volcanic Regions","High Cascades Volcanic Arc","Caldera","Caldera","Eruption Dated","2850 BCE",42.942,-122.107,2487,"Dacite","Subduction zone / Continental crust (>25 km)","US-Oregon","Caldera","Radiocarbon","D7","Subduction zone"
322170,"Diamond Craters","United States","North America Volcanic Regions","High Lava Plains Volcanic Province","Cluster","Volcanic field","Eruption Dated","5610 BCE",43.1,-118.75,1435,"Basalt / Picro-Basalt","Rift zone / Continental crust (>25 km)","US-Oregon","Volcanic field","Holocene","Unknown","Rift zone"
322190,"Jordan Craters","United States","North America Volcanic Regions","High Lava Plains Volcanic Province","Cluster","Volcanic field","Eruption Dated","1250 BCE",43.147,-117.46,1473,"Basalt / Picro-Basalt","Rift zone / Continental crust (>25 km)","US-Oregon","Volcanic field","Holocene","U","Rift zone"
323010,"Shasta","United States","North America Volcanic Regions","High Cascades Volcanic Arc","Composite","Stratovolcano","Eruption Observed","1250 CE",41.409,-122.193,4317,"Andesite / Basaltic Andesite","Subduction zone / Continental crust (>25 km)","US-California","Stratovolcano","Historical","D4","Subduction zone"
323020,"Medicine Lake","United States","North America Volcanic Regions","High Cascades Volcanic Arc","Shield","Shield","Eruption Dated","1060 CE",41.611,-121.554,2412,"Basalt / Picro-Basalt","Subduction zone / Continental crust (>25 km)","US-California","Shield volcano","Radiocarbon","D6","Subduction zone"
323080,"Lassen Volcanic Center","United States","North America Volcanic Regions","High Cascades Volcanic Arc","Composite","Stratovolcano","Eruption Observed","1917 CE",40.492,-121.508,3187,"Andesite / Basaltic Andesite","Subduction zone / Continental crust (>25 km)","US-California","Stratovolcano","Historical","D2","Subduction zone"
323100,"Clear Lake Volcanic Field","United States","North America Volcanic Regions","California Coast Ranges Volcano Group","Cluster","Volcanic field","Evidence Credible","Unknown",38.97,-122.77,1439,"Dacite","Subduction zone / Continental crust (>25 km)","US-California","Volcanic field","Holocene","U","Subduction zone"
323110,"Mono Lake Volcanic Field","United States","North America Volcanic Regions","Basin and Range Volcanic Province","Cluster","Volcanic field","Eruption Dated","1790 CE",38,-119.03,2121,"Dacite","Rift zone / Continental crust (>25 km)","US-California","Cinder cone","Tephrochronology","D4","Rift zone"
323120,"Mono-Inyo Craters","United States","North America Volcanic Regions","Basin and Range Volcanic Province","Cluster","Lava dome(s)","Eruption Dated","1380 CE",37.804,-119.029,2796,"Rhyolite","Rift zone / Continental crust (>25 km)","US-California","Lava dome","Radiocarbon","D6","Rift zone"
323150,"Mammoth Mountain","United States","North America Volcanic Regions","Basin and Range Volcanic Province","Minor","Lava dome(s)","Eruption Dated","1260 CE",37.631,-119.032,3369,"Trachyte / Trachydacite","Rift zone / Continental crust (>25 km)","US-California","Cinder cone","Holocene","U","Rift zone"
323160,"Ubehebe Craters","United States","North America Volcanic Regions","Basin and Range Volcanic Province","Minor","Maar(s)","Eruption Dated","150 BCE",37.02,-117.45,752,"Basalt / Picro-Basalt","Rift zone / Continental crust (>25 km)","US-California","Maar","Holocene","U","Rift zone"
323200,"Salton Buttes","United States","Eastern Pacific Volcanic Regions","Gulf of California Rift Volcanic Province","Minor (Silicic)","Lava dome(s)","Eruption Dated","210 CE",33.197,-115.616,-40,"Rhyolite","Rift zone / Continental crust (>25 km)","US-California","Cinder cone","Holocene","U","Rift zone"
324010,"Black Butte Crater Lava Field","United States","North America Volcanic Regions","Yellowstone-Snake River Hotspot Volcano Group","Shield","Shield","Eruption Dated","8180 BCE",43.185,-114.3542,1478,"Basalt / Picro-Basalt","Rift zone / Continental crust (>25 km)","US-Idaho","Cinder cone","Holocene","Unknown","Rift zone"
324020,"Craters of the Moon","United States","North America Volcanic Regions","Yellowstone-Snake River Hotspot Volcano Group","Cluster","Volcanic field","Eruption Dated","130 BCE",43.371,-113.493,2005,"Basalt / Picro-Basalt","Rift zone / Continental crust (>25 km)","US-Idaho","Cinder cone","Radiocarbon","D7","Rift zone"
324030,"Wapi Lava Field","United States","North America Volcanic Regions","Yellowstone-Snake River Hotspot Volcano Group","Shield","Shield","Eruption Dated","300 BCE",42.8859,-113.2166,1597,"Basalt / Picro-Basalt","Rift zone / Continental crust (>25 km)","US-Idaho","Shield volcano","Radiocarbon","D7","Rift zone"
324040,"Hell's Half Acre","United States","North America Volcanic Regions","Yellowstone-Snake River Hotspot Volcano Group","Shield","Shield","Eruption Dated","3250 BCE",43.492,-112.4503,1632,"Basalt / Picro-Basalt","Rift zone / Continental crust (>25 km)","US-Idaho","Shield volcano","Radiocarbon","D7","Rift zone"
326010,"Soda Lakes","United States","North America Volcanic Regions","Basin and Range Volcanic Province","Minor (Basaltic)","Maar(s)","Evidence Credible","Unknown",39.525,-118.8778,1251,"Basalt / Picro-Basalt","Rift zone / Continental crust (>25 km)","US-Nevada","Lava dome","Pleistocene-Fumarol","Q","Rift zone"
327040,"Markagunt Plateau","United States","North America Volcanic Regions","Basin and Range Volcanic Province","Cluster","Volcanic field","Evidence Credible","1050 CE",37.58,-112.67,2840,"Basalt / Picro-Basalt","Rift zone / Continental crust (>25 km)","US-Utah","Volcanic field","Dendrochronology","D6","Rift zone"
327050,"Black Rock Desert","United States","North America Volcanic Regions","Basin and Range Volcanic Province","Cluster","Volcanic field","Eruption Dated","1290 CE",38.97,-112.5,1800,"Basalt / Picro-Basalt","Rift zone / Continental crust (>25 km)","US-Utah","Volcanic field","Radiocarbon","D6","Rift zone"
327110,"Carrizozo","United States","North America Volcanic Regions","Basin and Range Volcanic Province","Minor","Pyroclastic cone(s)","Eruption Dated","3250 BCE",33.78,-105.93,1731,"Basalt / Picro-Basalt","Rift zone / Continental crust (>25 km)","US-New Mexico","Cinder cone","Holocene","U","Rift zone"
327120,"Zuni-Bandera","United States","North America Volcanic Regions","Basin and Range Volcanic Province","Cluster","Volcanic field","Eruption Dated","1170 BCE",34.8,-108,2550,"Basalt / Picro-Basalt","Rift zone / Continental crust (>25 km)","US-New Mexico","Volcanic field","Anthropology","D7","Rift zone"
327812,"Red Hill-Quemado","United States","North America Volcanic Regions","Basin and Range Volcanic Province","Cluster","Volcanic field","Eruption Dated","9450 BCE",34.25,-108.83,2300,"Basalt / Picro-Basalt","Rift zone / Continental crust (>25 km)",NA,NA,NA,NA,"Rift zone"
328010,"Dotsero","United States","North America Volcanic Regions","Basin and Range Volcanic Province","Minor (Basaltic)","Maar","Eruption Dated","2200 BCE",39.6613,-107.0355,2230,"Basalt / Picro-Basalt","Rift zone / Continental crust (>25 km)","US-Colorado","Maar","Radiocarbon","D7","Rift zone"
329010,"Uinkaret Field","United States","North America Volcanic Regions","Basin and Range Volcanic Province","Cluster","Volcanic field","Eruption Dated","1100 CE",36.38,-113.13,1555,"Trachybasalt / Tephrite Basanite","Rift zone / Continental crust (>25 km)","US-Arizona","Volcanic field","Holocene","U","Rift zone"
329020,"San Francisco Volcanic Field","United States","North America Volcanic Regions","Basin and Range Volcanic Province","Cluster","Volcanic field","Eruption Dated","1075 CE",35.347,-111.678,3850,"Basalt / Picro-Basalt","Rift zone / Continental crust (>25 km)","US-Arizona","Cinder cone","Dendrochronology","D6","Rift zone"
331005,"West Valley Segment","Canada","Eastern Pacific Volcanic Regions","Northeast Pacific Rifts Volcanic Province","Cluster","Fissure vent","Unrest / Holocene","Unknown",48.78,-128.64,-2550,NA,"Rift zone / Intermediate crust (15-25 km)","Pacific-NE","Submarine","","Unknown","Rift zone"
331010,"Endeavour Segment","Canada","Eastern Pacific Volcanic Regions","Northeast Pacific Rifts Volcanic Province","Cluster","Fissure vent(s)","Eruption Dated","3490 BCE",47.95,-129.1,-2050,"Basalt / Picro-Basalt","Rift zone / Oceanic crust (< 15 km)","Pacific-NE","Submarine volcano","Historical","D1","Rift zone"
331011,"Cobb Segment","Canada","Eastern Pacific Volcanic Regions","Northeast Pacific Rifts Volcanic Province","Cluster","Fissure vent(s)","Eruption Dated","1180 BCE",46.88,-129.33,-2100,"Basalt / Picro-Basalt","Rift zone / Oceanic crust (< 15 km)","Pacific-NE","Submarine volcano","Historical","D1","Rift zone"
331020,"CoAxial Segment","Undersea Features","Eastern Pacific Volcanic Regions","Northeast Pacific Rifts Volcanic Province","Cluster","Fissure vent(s)","Eruption Observed","1993 CE",46.52,-129.58,-2400,"Basalt / Picro-Basalt","Rift zone / Oceanic crust (< 15 km)","Pacific-NE","Submarine","","D1","Rift zone"
331021,"Axial Seamount","Undersea Features","Eastern Pacific Volcanic Regions","Northeast Pacific Rifts Volcanic Province","Cluster","Fissure vent(s)","Eruption Observed","2015 CE",45.95,-130,-1410,"Basalt / Picro-Basalt","Rift zone / Oceanic crust (< 15 km)","Pacific-NE","Submarine volcano","Historical","D1","Rift zone"
331030,"Cleft Segment","Undersea Features","Eastern Pacific Volcanic Regions","Northeast Pacific Rifts Volcanic Province","Cluster","Fissure vent(s)","Eruption Observed","1986 CE",44.83,-130.3,-2140,"Basalt / Picro-Basalt","Rift zone / Oceanic crust (< 15 km)","Pacific-NE","Submarine volcano","Historical","D1","Rift zone"
331031,"North Gorda Ridge Segment","United States","Eastern Pacific Volcanic Regions","Northeast Pacific Rifts Volcanic Province","Cluster","Fissure vent(s)","Eruption Observed","1996 CE",42.67,-126.78,-3000,"Basalt / Picro-Basalt","Rift zone / Oceanic crust (< 15 km)","Pacific-NE","Submarine volcano","Historical","D2","Rift zone"
331032,"Jackson Segment","United States","Eastern Pacific Volcanic Regions","Northeast Pacific Rifts Volcanic Province","Cluster","Fissure vent(s)","Unrest / Holocene","Unknown",42.15,-127.05,-3100,NA,"Rift zone / Oceanic crust (< 15 km)","Pacific-NE","Submarine","","Unknown","Rift zone"
331040,"Escanaba Segment","United States","Eastern Pacific Volcanic Regions","Northeast Pacific Rifts Volcanic Province","Cluster","Fissure vent(s)","Eruption Dated","2260 BCE",40.98,-127.5,-1700,"Basalt / Picro-Basalt","Rift zone / Oceanic crust (< 15 km)","Pacific-NE","Submarine volcano","Uranium-series","D7","Rift zone"
331060,"East Blanco Depression","Undersea Features","Eastern Pacific Volcanic Regions","Northeast Pacific Rifts Volcanic Province","Cluster","Fissure vent","Unrest / Holocene","Unknown",44.267,-129.879,-3000,NA,"Rift zone / Intermediate crust (15-25 km)","Pacific-NE","Submarine","","Unknown","Rift zone"
332000,"Kama'ehuakanaloa","United States","Eastern Pacific Volcanic Regions","Hawaiian-Emperor Hotspot Volcano Group","Shield","Shield","Eruption Observed","1996 CE",18.92,-155.27,-975,"Basalt / Picro-Basalt","Intraplate / Oceanic crust (< 15 km)","Hawaiian Is","Submarine volcano","Historical","D1","Intraplate"
332010,"Kilauea","United States","Eastern Pacific Volcanic Regions","Hawaiian-Emperor Hotspot Volcano Group","Shield","Shield","Eruption Observed","2026 CE",19.421,-155.287,1222,"Basalt / Picro-Basalt","Intraplate / Oceanic crust (< 15 km)","Hawaiian Is","Shield volcano","Historical","D1","Intraplate"
332020,"Mauna Loa","United States","Eastern Pacific Volcanic Regions","Hawaiian-Emperor Hotspot Volcano Group","Shield","Shield","Eruption Observed","2022 CE",19.475,-155.608,4170,"Basalt / Picro-Basalt","Intraplate / Oceanic crust (< 15 km)","Hawaiian Is","Shield volcano","Historical","D1","Intraplate"
332030,"Mauna Kea","United States","Eastern Pacific Volcanic Regions","Hawaiian-Emperor Hotspot Volcano Group","Shield","Shield","Eruption Dated","2460 BCE",19.82,-155.47,4205,"Basalt / Picro-Basalt","Intraplate / Oceanic crust (< 15 km)","Hawaiian Is","Shield volcano","Radiocarbon","D7","Intraplate"
332040,"Hualalai","United States","Eastern Pacific Volcanic Regions","Hawaiian-Emperor Hotspot Volcano Group","Shield","Shield","Eruption Observed","1801 CE",19.692,-155.87,2523,"Basalt / Picro-Basalt","Intraplate / Oceanic crust (< 15 km)","Hawaiian Is","Shield volcano","Historical","D3","Intraplate"
332060,"Haleakala","United States","Eastern Pacific Volcanic Regions","Hawaiian-Emperor Hotspot Volcano Group","Shield","Shield","Eruption Dated","1750 CE",20.7099,-156.2537,3053,"Basalt / Picro-Basalt","Intraplate / Oceanic crust (< 15 km)","Hawaiian Is","Shield volcano","Historical","D4","Intraplate"
333010,"Teahitia","France","Southern Pacific Volcanic Regions","Society Islands Hotspot Volcano Group","Composite","Compound","Eruption Dated","1985 CE",-17.564,-148.821,-1743,"Trachybasalt / Tephrite Basanite","Intraplate / Oceanic crust (< 15 km)","Society Is-C Pacific","Submarine volcano","Seismicity","U","Intraplate"
333020,"Rocard","France","Southern Pacific Volcanic Regions","Society Islands Hotspot Volcano Group","Composite","Cone","Eruption Dated","1972 CE",-17.662,-148.586,-2515,"Trachyte / Trachydacite","Intraplate / Oceanic crust (< 15 km)","Society Is-C Pacific","Submarine volcano","Seismicity","U","Intraplate"
333030,"Moua Pihaa","France","Southern Pacific Volcanic Regions","Society Islands Hotspot Volcano Group","Composite","Stratovolcano","Eruption Dated","1970 CE",-18.325,-148.525,-312,"Trachybasalt / Tephrite Basanite","Intraplate / Oceanic crust (< 15 km)","Society Is-C Pacific","Submarine volcano","Seismicity","U","Intraplate"
333040,"Mehetia","France","Southern Pacific Volcanic Regions","Society Islands Hotspot Volcano Group","Composite","Stratovolcano","Evidence Credible","Unknown",-17.874,-148.068,389,"Trachybasalt / Tephrite Basanite","Intraplate / Oceanic crust (< 15 km)","Society Is-C Pacific","Stratovolcano","Anthropology","U","Intraplate"
333050,"Adams Seamount","United Kingdom","Southern Pacific Volcanic Regions","Pitcairn Hotspot Volcano Group","Minor","Lava dome","Eruption Dated","50 BCE",-25.37,-129.27,-39,"Basalt / Picro-Basalt","Intraplate / Oceanic crust (< 15 km)","Society Is-C Pacific","Submarine","","D7","Intraplate"
333060,"Macdonald","France","Southern Pacific Volcanic Regions","Austral-Cook Hotspot Volcano Group","Shield","Shield","Eruption Observed","1989 CE",-28.98,-140.25,-39,"Basalt / Picro-Basalt","Intraplate / Oceanic crust (< 15 km)","Austral Is-C Pacific","Submarine volcano","Historical","D1","Intraplate"
334020,"Northern EPR at 17°N","Mexico","Eastern Pacific Volcanic Regions","Northern East Pacific Rise Volcanic Province","Cluster","Fissure vent(s)","Eruption Dated","50 BCE",16.55,-105.32,-2700,"Basalt / Picro-Basalt","Rift zone / Oceanic crust (< 15 km)","Pacific-E","Submarine","","D7","Rift zone"
334021,"Northern EPR at 16°N","Mexico","Eastern Pacific Volcanic Regions","Northern East Pacific Rise Volcanic Province","Cluster","Fissure vent(s)","Eruption Dated","50 BCE",15.83,-105.43,-2300,"Basalt / Picro-Basalt","Rift zone / Oceanic crust (< 15 km)","Pacific-E","Submarine volcano","Magnetism","D7","Rift zone"
334040,"Northern EPR at 10.7°N","Undersea Features","Eastern Pacific Volcanic Regions","Northern East Pacific Rise Volcanic Province","Cluster","Fissure vent(s)","Eruption Observed","2003 CE",10.73,-103.58,-2900,"Basalt / Picro-Basalt","Intraplate / Oceanic crust (< 15 km)","Pacific-E","Submarine volcano","Historical","D1","Intraplate"
334050,"Northern EPR at 9.8°N","Undersea Features","Eastern Pacific Volcanic Regions","Northern East Pacific Rise Volcanic Province","Cluster","Fissure vent(s)","Eruption Observed","2025 CE",9.83,-104.3,-2500,"Basalt / Picro-Basalt","Rift zone / Oceanic crust (< 15 km)","Pacific-E","Submarine volcano","Historical","D1","Rift zone"
334070,"Galapagos Rift at 86°W","Ecuador","Eastern Pacific Volcanic Regions","Galapagos Rift Volcanic Province","Cluster","Fissure vent(s)","Eruption Observed","1996 CE",0.792,-86.15,-2430,"Basalt / Picro-Basalt","Rift zone / Oceanic crust (< 15 km)",NA,NA,NA,NA,"Rift zone"
334100,"Southern EPR at 8°S","Undersea Features","Southern Pacific Volcanic Regions","Southern East Pacific Rise Volcanic Province","Cluster","Fissure vent(s)","Eruption Observed","1969 CE",-8.27,-107.95,-2800,"Basalt / Picro-Basalt","Rift zone / Oceanic crust (< 15 km)","Pacific-E","Submarine volcano","Historical","D2","Rift zone"
334120,"Southern EPR at 17.5°S (Segment K)","Undersea Features","Southern Pacific Volcanic Regions","Southern East Pacific Rise Volcanic Province","Cluster","Fissure vent(s)","Eruption Observed","1990 CE",-17.436,-113.206,-2566,"Basalt / Picro-Basalt","Rift zone / Oceanic crust (< 15 km)",NA,NA,NA,NA,"Rift zone"
334130,"Southern EPR at 18.2°S (Segment J)","Undersea Features","Southern Pacific Volcanic Regions","Southern East Pacific Rise Volcanic Province","Cluster","Fissure vent(s)","Eruption Dated","1890 CE",-18.175,-113.35,-2650,"Basalt / Picro-Basalt","Rift zone / Oceanic crust (< 15 km)",NA,NA,NA,NA,"Rift zone"
334140,"Southern EPR at 18.5°S (Segment I)","Undersea Features","Southern Pacific Volcanic Regions","Southern East Pacific Rise Volcanic Province","Cluster","Fissure vent(s)","Eruption Dated","1915 CE",-18.53,-113.42,-2600,"Basalt / Picro-Basalt","Rift zone / Oceanic crust (< 15 km)",NA,NA,NA,NA,"Rift zone"
335020,"Hollister Ridge","Undersea Features","Southern Pacific Volcanic Regions","Pacific-Antarctic Ridge Volcanic Province","Cluster","Fissure vent","Evidence Uncertain","Unknown",-53.998,-139.845,-1000,"No Data (checked)","Intraplate / Oceanic crust (< 15 km)","Pacific-S","Submarine volcano","Uncertain","?","Intraplate"
335030,"Udintsev Transform","Undersea Features","Southern Pacific Volcanic Regions","Pacific-Antarctic Ridge Volcanic Province","Cluster","Fissure vent","Evidence Uncertain","Unknown",-56.153,-143.373,-5700,"No Data (checked)","Intraplate / Oceanic crust (< 15 km)","Pacific-S","Submarine volcano","Uncertain","?","Intraplate"
341001,"Pinacate","Mexico","North America Volcanic Regions","Basin and Range Volcanic Province","Cluster","Volcanic field","Evidence Credible","Unknown",31.85,-113.5,1183,"Basalt / Picro-Basalt","Subduction zone / Continental crust (>25 km)","Mexico","Cinder cone","Holocene","U","Subduction zone"
341003,"San Luis, Isla","Mexico","Eastern Pacific Volcanic Regions","Gulf of California Rift Volcanic Province","Minor (Silicic)","Tuff cone","Evidence Credible","1141 BCE",29.9728,-114.4082,183,"Rhyolite","Rift zone / Continental crust (>25 km)","Mexico","Tuff cone","Holocene","U","Rift zone"
341004,"Jaraguay Volcanic Field","Mexico","Eastern Pacific Volcanic Regions","Gulf of California Rift Volcanic Province","Cluster","Volcanic field","Evidence Credible","Unknown",29.33,-114.5,960,"Andesite / Basaltic Andesite","Rift zone / Continental crust (>25 km)","Mexico","Cinder cone","Holocene","U","Rift zone"
341007,"San Borja Volcanic Field","Mexico","Eastern Pacific Volcanic Regions","Gulf of California Rift Volcanic Province","Cluster","Volcanic field","Evidence Credible","Unknown",28.5,-113.75,1360,"Andesite / Basaltic Andesite","Rift zone / Continental crust (>25 km)","Mexico","Cinder cone","Holocene","U","Rift zone"
341011,"Tortuga, Isla","Mexico","Eastern Pacific Volcanic Regions","Gulf of California Rift Volcanic Province","Shield","Shield","Evidence Credible","Unknown",27.438,-111.881,224,"Basalt / Picro-Basalt","Rift zone / Continental crust (>25 km)","Mexico","Shield volcano","Holocene","U","Rift zone"
341012,"Comondu-La Purisima","Mexico","Eastern Pacific Volcanic Regions","Gulf of California Rift Volcanic Province","Cluster","Volcanic field","Evidence Uncertain","Unknown",26,-111.92,780,"Trachyandesite / Basaltic Trachyandesite","Rift zone / Continental crust (>25 km)","Mexico","Volcanic field","Holocene","Unknown","Rift zone"
341020,"Barcena","Mexico","Eastern Pacific Volcanic Regions","Mathematicians Ridge Volcanic Province","Minor","Pyroclastic cone(s)","Eruption Observed","1953 CE",19.3,-110.82,332,"Trachyte / Trachydacite","Rift zone / Oceanic crust (< 15 km)","Mexico-Is","Cinder cone","Historical","D2","Rift zone"
341021,"Socorro","Mexico","Eastern Pacific Volcanic Regions","Mathematicians Ridge Volcanic Province","Shield","Shield","Eruption Observed","1994 CE",18.78,-110.95,1050,"Trachyte / Trachydacite","Rift zone / Oceanic crust (< 15 km)","Mexico-Is","Shield volcano","Historical","D1","Rift zone"
341022,"Durango Volcanic Field","Mexico","North America Volcanic Regions","Basin and Range Volcanic Province","Cluster","Volcanic field","Evidence Credible","Unknown",24.15,-104.45,2075,"Trachybasalt / Tephrite Basanite","Subduction zone / Continental crust (>25 km)","Mexico","Cinder cone","Holocene","U","Subduction zone"
341024,"Sanganguey","Mexico","Middle America-Caribbean Volcanic Regions","Trans-Mexican Volcanic Arc","Composite","Stratovolcano","Evidence Credible","Unknown",21.45,-104.73,2340,"Andesite / Basaltic Andesite","Subduction zone / Continental crust (>25 km)","Mexico","Stratovolcano","Holocene","U","Subduction zone"
341030,"Ceboruco","Mexico","Middle America-Caribbean Volcanic Regions","Trans-Mexican Volcanic Arc","Composite","Stratovolcano","Eruption Observed","1875 CE",21.125,-104.508,2280,"Andesite / Basaltic Andesite","Subduction zone / Continental crust (>25 km)","Mexico","Stratovolcano","Historical","D3","Subduction zone"
341031,"Mascota Volcanic Field","Mexico","Middle America-Caribbean Volcanic Regions","Trans-Mexican Volcanic Arc","Cluster","Volcanic field","Evidence Credible","Unknown",20.567,-104.817,2525,"Andesite / Basaltic Andesite","Subduction zone / Continental crust (>25 km)","Mexico","Shield volcano","Holocene","U","Subduction zone"
341040,"Colima","Mexico","Middle America-Caribbean Volcanic Regions","Trans-Mexican Volcanic Arc","Composite","Stratovolcano(es)","Eruption Observed","2019 CE",19.514,-103.62,3850,"Andesite / Basaltic Andesite","Subduction zone / Continental crust (>25 km)","Mexico","Stratovolcano","Historical","D1","Subduction zone"
341060,"Michoacan-Guanajuato","Mexico","Middle America-Caribbean Volcanic Regions","Trans-Mexican Volcanic Arc","Cluster","Volcanic field","Eruption Observed","1952 CE",19.85,-101.75,3860,"Andesite / Basaltic Andesite","Subduction zone / Continental crust (>25 km)","Mexico","Cinder cone","Historical","D2","Subduction zone"
341061,"Zitacuaro-Valle de Bravo","Mexico","Middle America-Caribbean Volcanic Regions","Trans-Mexican Volcanic Arc","Cluster","Volcanic field","Eruption Dated","3050 BCE",19.4,-100.25,3500,"Dacite","Subduction zone / Continental crust (>25 km)","Mexico","Stratovolcano","Radiocarbon","D6","Subduction zone"
341062,"Jocotitlan","Mexico","Middle America-Caribbean Volcanic Regions","Trans-Mexican Volcanic Arc","Composite","Stratovolcano","Eruption Dated","1270 CE",19.7383,-99.7579,3911,"Dacite","Subduction zone / Continental crust (>25 km)","Mexico","Stratovolcano","Radiocarbon","D6","Subduction zone"
341070,"Toluca, Nevado de","Mexico","Middle America-Caribbean Volcanic Regions","Trans-Mexican Volcanic Arc","Composite","Stratovolcano","Eruption Dated","1350 BCE",19.108,-99.758,4680,"Andesite / Basaltic Andesite","Subduction zone / Continental crust (>25 km)","Mexico","Stratovolcano","Radiocarbon","D7","Subduction zone"
341080,"Chichinautzin","Mexico","Middle America-Caribbean Volcanic Regions","Trans-Mexican Volcanic Arc","Cluster","Volcanic field","Eruption Dated","399 CE",19.139,-99.16,3938,"Andesite / Basaltic Andesite","Subduction zone / Continental crust (>25 km)","Mexico","Volcanic field","Radiocarbon","D6","Subduction zone"
341082,"Iztaccihuatl","Mexico","Middle America-Caribbean Volcanic Regions","Trans-Mexican Volcanic Arc","Composite","Stratovolcano","Evidence Credible","Unknown",19.179,-98.642,5230,"Andesite / Basaltic Andesite","Subduction zone / Continental crust (>25 km)","Mexico","Stratovolcano","Holocene","U","Subduction zone"
341090,"Popocatepetl","Mexico","Middle America-Caribbean Volcanic Regions","Trans-Mexican Volcanic Arc","Composite","Stratovolcano(es)","Eruption Observed","2026 CE",19.023,-98.622,5393,"Andesite / Basaltic Andesite","Subduction zone / Continental crust (>25 km)","Mexico","Stratovolcano","Historical","D1","Subduction zone"
341091,"Malinche, La","Mexico","Middle America-Caribbean Volcanic Regions","Trans-Mexican Volcanic Arc","Composite","Stratovolcano","Eruption Dated","1170 BCE",19.231,-98.032,4461,"Andesite / Basaltic Andesite","Subduction zone / Continental crust (>25 km)","Mexico","Stratovolcano","Radiocarbon","D7","Subduction zone"
341092,"Serdan-Oriental Volcanic Field","Mexico","Middle America-Caribbean Volcanic Regions","Trans-Mexican Volcanic Arc","Cluster","Volcanic field","Eruption Dated","3920 BCE",19.27,-97.47,3485,"Rhyolite","Subduction zone / Continental crust (>25 km)",NA,NA,NA,NA,"Subduction zone"
341093,"Humeros, Los","Mexico","Middle America-Caribbean Volcanic Regions","Trans-Mexican Volcanic Arc","Caldera","Caldera(s)","Eruption Dated","4470 BCE",19.68,-97.45,3150,"Rhyolite","Subduction zone / Continental crust (>25 km)","Mexico","Caldera","Holocene","Unknown","Subduction zone"
341095,"Naolinco Volcanic Field","Mexico","Middle America-Caribbean Volcanic Regions","Trans-Mexican Volcanic Arc","Cluster","Volcanic field","Eruption Dated","1145 CE",19.635,-96.91,2000,"Basalt / Picro-Basalt","Subduction zone / Continental crust (>25 km)","Mexico","Pyroclastic cone","Holocene","U","Subduction zone"
341100,"Orizaba, Pico de","Mexico","Middle America-Caribbean Volcanic Regions","Trans-Mexican Volcanic Arc","Composite","Stratovolcano","Eruption Observed","1846 CE",19.03,-97.27,5564,"Andesite / Basaltic Andesite","Subduction zone / Continental crust (>25 km)","Mexico","Stratovolcano","Historical","D5","Subduction zone"
341110,"San Martin","Mexico","Middle America-Caribbean Volcanic Regions","Trans-Mexican Volcanic Arc","Composite","Volcanic field","Eruption Observed","1796 CE",18.5615,-95.1989,1660,"Trachybasalt / Tephrite Basanite","Subduction zone / Continental crust (>25 km)","Mexico","Shield volcano","Historical","D4","Subduction zone"
341120,"Chichon, El","Mexico","Middle America-Caribbean Volcanic Regions","Chiapanecan Volcanic Arc","Composite","Lava dome(s)","Eruption Observed","1982 CE",17.3602,-93.2297,1150,"Trachyandesite / Basaltic Trachyandesite","Subduction zone / Continental crust (>25 km)","Mexico","Tuff cone","Historical","D1","Subduction zone"
341130,"Tacana","Mexico-Guatemala","Middle America-Caribbean Volcanic Regions","Central America Volcanic Arc","Composite","Stratovolcano","Eruption Observed","1986 CE",15.132,-92.109,4064,"Andesite / Basaltic Andesite","Subduction zone / Continental crust (>25 km)","Mexico","Stratovolcano","Historical","D1","Subduction zone"
342020,"Tajumulco","Guatemala","Middle America-Caribbean Volcanic Regions","Central America Volcanic Arc","Composite","Stratovolcano","Evidence Credible","Unknown",15.043,-91.903,4203,"Dacite","Subduction zone / Continental crust (>25 km)","Guatemala","Stratovolcano","Holocene","U","Subduction zone"
342030,"Santa Maria","Guatemala","Middle America-Caribbean Volcanic Regions","Central America Volcanic Arc","Composite","Stratovolcano","Eruption Observed","2026 CE",14.757,-91.552,3745,"Dacite","Subduction zone / Continental crust (>25 km)","Guatemala","Stratovolcano","Historical","D1","Subduction zone"
342040,"Almolonga","Guatemala","Middle America-Caribbean Volcanic Regions","Central America Volcanic Arc","Composite","Stratovolcano","Eruption Observed","1818 CE",14.797,-91.519,3173,"Dacite","Subduction zone / Continental crust (>25 km)","Guatemala","Stratovolcano","Historical","D3","Subduction zone"
342060,"Atitlan","Guatemala","Middle America-Caribbean Volcanic Regions","Central America Volcanic Arc","Composite","Stratovolcano(es)","Eruption Observed","1853 CE",14.583,-91.186,3535,"Andesite / Basaltic Andesite","Subduction zone / Continental crust (>25 km)","Guatemala","Stratovolcano","Historical","D3","Subduction zone"
342070,"Toliman","Guatemala","Middle America-Caribbean Volcanic Regions","Central America Volcanic Arc","Composite","Stratovolcano(es)","Evidence Credible","Unknown",14.612,-91.189,3158,"Andesite / Basaltic Andesite","Subduction zone / Continental crust (>25 km)","Guatemala","Stratovolcano","Holocene","U","Subduction zone"
342080,"Acatenango","Guatemala","Middle America-Caribbean Volcanic Regions","Central America Volcanic Arc","Composite","Stratovolcano(es)","Eruption Observed","1972 CE",14.501,-90.876,3976,"Andesite / Basaltic Andesite","Subduction zone / Continental crust (>25 km)","Guatemala","Stratovolcano","Historical","D1","Subduction zone"
342090,"Fuego","Guatemala","Middle America-Caribbean Volcanic Regions","Central America Volcanic Arc","Composite","Stratovolcano(es)","Eruption Observed","2026 CE",14.4748,-90.8806,3799,"Basalt / Picro-Basalt","Subduction zone / Continental crust (>25 km)","Guatemala","Stratovolcano","Historical","D1","Subduction zone"
342100,"Agua","Guatemala","Middle America-Caribbean Volcanic Regions","Central America Volcanic Arc","Composite","Stratovolcano","Evidence Credible","Unknown",14.465,-90.743,3760,"Andesite / Basaltic Andesite","Subduction zone / Continental crust (>25 km)","Guatemala","Stratovolcano","Holocene","U","Subduction zone"
342110,"Pacaya","Guatemala","Middle America-Caribbean Volcanic Regions","Central America Volcanic Arc","Composite","Complex","Eruption Observed","2021 CE",14.382,-90.601,2569,"Basalt / Picro-Basalt","Subduction zone / Continental crust (>25 km)","Guatemala","Complex volcano","Historical","D1","Subduction zone"
342111,"Cuilapa-Barbarena","Guatemala","Middle America-Caribbean Volcanic Regions","Central America Volcanic Arc","Cluster","Volcanic field","Evidence Credible","Unknown",14.33,-90.4,1454,"Basalt / Picro-Basalt","Subduction zone / Continental crust (>25 km)","Guatemala","Volcanic field","Holocene","U","Subduction zone"
342120,"Tecuamburro","Guatemala","Middle America-Caribbean Volcanic Regions","Central America Volcanic Arc","Composite","Stratovolcano","Eruption Dated","960 BCE",14.156,-90.407,1845,"Andesite / Basaltic Andesite","Subduction zone / Continental crust (>25 km)","Guatemala","Stratovolcano","Radiocarbon","D7","Subduction zone"
342121,"Jumaytepeque","Guatemala","Middle America-Caribbean Volcanic Regions","Central America Volcanic Arc","Composite","Stratovolcano","Evidence Uncertain","Unknown",14.34,-90.271,1802,"Basalt / Picro-Basalt","Subduction zone / Continental crust (>25 km)","Guatemala","Volcanic field","Holocene","U","Subduction zone"
342130,"Moyuta","Guatemala","Middle America-Caribbean Volcanic Regions","Central America Volcanic Arc","Composite","Stratovolcano","Evidence Credible","Unknown",14.03,-90.1,1662,"Andesite / Basaltic Andesite","Subduction zone / Continental crust (>25 km)","Guatemala","Stratovolcano","Hot Springs","U","Subduction zone"
342140,"Flores","Guatemala","Middle America-Caribbean Volcanic Regions","Central America Volcanic Arc","Cluster","Volcanic field","Evidence Credible","Unknown",14.308,-89.992,1600,"Basalt / Picro-Basalt","Subduction zone / Continental crust (>25 km)","Azores","Stratovolcano","Radiocarbon","D7","Subduction zone"
342140,"Flores","Guatemala","Middle America-Caribbean Volcanic Regions","Central America Volcanic Arc","Cluster","Volcanic field","Evidence Credible","Unknown",14.308,-89.992,1600,"Basalt / Picro-Basalt","Subduction zone / Continental crust (>25 km)","Guatemala","Volcanic field","Holocene","U","Subduction zone"
342141,"Tahual","Guatemala","Middle America-Caribbean Volcanic Regions","Central America Volcanic Arc","Composite","Stratovolcano","Evidence Credible","Unknown",14.43,-89.9,1716,"Basalt / Picro-Basalt","Subduction zone / Continental crust (>25 km)","Guatemala","Stratovolcano","Holocene","U","Subduction zone"
342150,"Santiago, Cerro","Guatemala","Middle America-Caribbean Volcanic Regions","Central America Volcanic Arc","Cluster","Volcanic field","Evidence Credible","Unknown",14.33,-89.87,1192,"Basalt / Picro-Basalt","Subduction zone / Continental crust (>25 km)","Guatemala","Volcanic field","Holocene","U","Subduction zone"
342160,"Suchitan","Guatemala","Middle America-Caribbean Volcanic Regions","Central America Volcanic Arc","Composite","Stratovolcano(es)","Evidence Credible","Unknown",14.4,-89.78,2042,"Andesite / Basaltic Andesite","Subduction zone / Continental crust (>25 km)","Guatemala","Stratovolcano","Holocene","U","Subduction zone"
342170,"Chingo","Guatemala-El Salvador","Middle America-Caribbean Volcanic Regions","Central America Volcanic Arc","Composite","Stratovolcano","Evidence Credible","Unknown",14.12,-89.73,1775,"Andesite / Basaltic Andesite","Subduction zone / Continental crust (>25 km)","Guatemala","Stratovolcano","Holocene","U","Subduction zone"
342180,"Ixtepeque","Guatemala","Middle America-Caribbean Volcanic Regions","Central America Volcanic Arc","Cluster","Lava dome(s)","Evidence Credible","Unknown",14.42,-89.68,1292,"Rhyolite","Subduction zone / Continental crust (>25 km)","Guatemala","Lava dome","Holocene","U","Subduction zone"
343002,"Singuil, Cerro","El Salvador","Middle America-Caribbean Volcanic Regions","Central America Volcanic Arc","Cluster","Volcanic field","Evidence Credible","Unknown",14.054,-89.631,926,"Basalt / Picro-Basalt","Subduction zone / Continental crust (>25 km)","El Salvador","Cinder cone","Holocene","U","Subduction zone"
343010,"Apaneca Range","El Salvador","Middle America-Caribbean Volcanic Regions","Central America Volcanic Arc","Composite","Stratovolcano(es)","Evidence Credible","Unknown",13.872,-89.742,2028,"Basalt / Picro-Basalt","Subduction zone / Continental crust (>25 km)","El Salvador","Stratovolcano","Holocene","U","Subduction zone"
343020,"Santa Ana","El Salvador","Middle America-Caribbean Volcanic Regions","Central America Volcanic Arc","Composite","Stratovolcano","Eruption Observed","2005 CE",13.853,-89.63,2381,"Andesite / Basaltic Andesite","Subduction zone / Continental crust (>25 km)","El Salvador","Stratovolcano","Historical","D2","Subduction zone"
343030,"Izalco","El Salvador","Middle America-Caribbean Volcanic Regions","Central America Volcanic Arc","Composite","Stratovolcano","Eruption Observed","1966 CE",13.813,-89.633,1950,"Andesite / Basaltic Andesite","Subduction zone / Continental crust (>25 km)","El Salvador","Stratovolcano","Historical","D1","Subduction zone"
343041,"Coatepeque Caldera","El Salvador","Middle America-Caribbean Volcanic Regions","Central America Volcanic Arc","Caldera","Caldera","Evidence Credible","Unknown",13.87,-89.55,746,"Rhyolite","Subduction zone / Continental crust (>25 km)","El Salvador","Caldera","Holocene","U","Subduction zone"
343050,"San Salvador","El Salvador","Middle America-Caribbean Volcanic Regions","Central America Volcanic Arc","Composite","Stratovolcano","Eruption Observed","1917 CE",13.734,-89.294,1893,"Andesite / Basaltic Andesite","Subduction zone / Continental crust (>25 km)","El Salvador","Stratovolcano","Historical","D2","Subduction zone"
343051,"Cinotepeque, Cerro","El Salvador","Middle America-Caribbean Volcanic Regions","Central America Volcanic Arc","Cluster","Volcanic field","Evidence Credible","Unknown",14.02,-89.25,665,"No Data (checked)","Subduction zone / Continental crust (>25 km)","El Salvador","Volcanic field","Holocene","U","Subduction zone"
343060,"Ilopango","El Salvador","Middle America-Caribbean Volcanic Regions","Central America Volcanic Arc","Caldera","Caldera","Eruption Observed","1880 CE",13.672,-89.053,450,"Dacite","Subduction zone / Continental crust (>25 km)","El Salvador","Caldera","Historical","D3","Subduction zone"
343070,"San Vicente","El Salvador","Middle America-Caribbean Volcanic Regions","Central America Volcanic Arc","Composite","Stratovolcano","Evidence Credible","Unknown",13.5969,-88.8375,2149,"Andesite / Basaltic Andesite","Subduction zone / Continental crust (>25 km)","El Salvador","Stratovolcano","Holocene","U","Subduction zone"
343072,"Taburete","El Salvador","Middle America-Caribbean Volcanic Regions","Central America Volcanic Arc","Composite","Stratovolcano","Evidence Uncertain","Unknown",13.435,-88.532,1172,"Basalt / Picro-Basalt","Subduction zone / Continental crust (>25 km)","El Salvador","Stratovolcano","Holocene","U","Subduction zone"
343080,"Tecapa","El Salvador","Middle America-Caribbean Volcanic Regions","Central America Volcanic Arc","Composite","Stratovolcano","Evidence Credible","Unknown",13.494,-88.502,1593,"Andesite / Basaltic Andesite","Subduction zone / Continental crust (>25 km)","El Salvador","Stratovolcano","Holocene","U","Subduction zone"
343081,"Usulutan","El Salvador","Middle America-Caribbean Volcanic Regions","Central America Volcanic Arc","Composite","Stratovolcano","Evidence Credible","Unknown",13.419,-88.471,1449,"Basalt / Picro-Basalt","Subduction zone / Continental crust (>25 km)","El Salvador","Stratovolcano","Holocene","U","Subduction zone"
343082,"Tigre, El","El Salvador","Middle America-Caribbean Volcanic Regions","Central America Volcanic Arc","Composite","Stratovolcano","Evidence Credible","Unknown",13.47,-88.43,1640,"Basalt / Picro-Basalt","Subduction zone / Continental crust (>25 km)","El Salvador","Stratovolcano","Holocene","U","Subduction zone"
343090,"Chinameca","El Salvador","Middle America-Caribbean Volcanic Regions","Central America Volcanic Arc","Composite","Stratovolcano","Evidence Credible","Unknown",13.478,-88.33,1300,"Andesite / Basaltic Andesite","Subduction zone / Continental crust (>25 km)","El Salvador","Stratovolcano","Holocene","U","Subduction zone"
343100,"San Miguel","El Salvador","Middle America-Caribbean Volcanic Regions","Central America Volcanic Arc","Composite","Stratovolcano","Eruption Observed","2023 CE",13.434,-88.269,2130,"Andesite / Basaltic Andesite","Subduction zone / Continental crust (>25 km)","El Salvador","Stratovolcano","Historical","D1","Subduction zone"
343101,"Aramuaca, Laguna","El Salvador","Middle America-Caribbean Volcanic Regions","Central America Volcanic Arc","Minor","Maar","Evidence Credible","Unknown",13.428,-88.105,181,"No Data (checked)","Subduction zone / Continental crust (>25 km)","El Salvador","Maar","Holocene","U","Subduction zone"
343130,"Tigre, Isla del","Honduras","Middle America-Caribbean Volcanic Regions","Central America Volcanic Arc","Composite","Stratovolcano","Evidence Credible","Unknown",13.274,-87.639,774,"Basalt / Picro-Basalt","Subduction zone / Continental crust (>25 km)","Honduras","Stratovolcano","Holocene","U","Subduction zone"
343140,"Zacate Grande, Isla","Honduras","Middle America-Caribbean Volcanic Regions","Central America Volcanic Arc","Composite","Stratovolcano","Evidence Credible","Unknown",13.33,-87.63,640,"Basalt / Picro-Basalt","Subduction zone / Continental crust (>25 km)","Honduras","Stratovolcano","Holocene","U","Subduction zone"
343150,"Yojoa, Lago","Honduras","Middle America-Caribbean Volcanic Regions","Central America Volcanic Arc","Cluster","Volcanic field","Eruption Dated","7638 BCE",14.964,-87.983,1060,"Trachybasalt / Tephrite Basanite","Subduction zone / Continental crust (>25 km)","Honduras","Volcanic field","Holocene","U","Subduction zone"
344010,"Cosiguina","Nicaragua","Middle America-Caribbean Volcanic Regions","Central America Volcanic Arc","Composite","Stratovolcano","Eruption Observed","1859 CE",12.98,-87.57,872,"Andesite / Basaltic Andesite","Subduction zone / Continental crust (>25 km)","Nicaragua","Stratovolcano","Historical","D3","Subduction zone"
344020,"San Cristobal","Nicaragua","Middle America-Caribbean Volcanic Regions","Central America Volcanic Arc","Composite","Stratovolcano","Eruption Observed","2024 CE",12.702,-87.004,1745,"Basalt / Picro-Basalt","Subduction zone / Continental crust (>25 km)","Galapagos","Shield volcano","Holocene","U","Subduction zone"
344020,"San Cristobal","Nicaragua","Middle America-Caribbean Volcanic Regions","Central America Volcanic Arc","Composite","Stratovolcano","Eruption Observed","2024 CE",12.702,-87.004,1745,"Basalt / Picro-Basalt","Subduction zone / Continental crust (>25 km)","Nicaragua","Stratovolcano","Historical","D1","Subduction zone"
344040,"Telica","Nicaragua","Middle America-Caribbean Volcanic Regions","Central America Volcanic Arc","Composite","Stratovolcano(es)","Eruption Observed","2025 CE",12.606,-86.84,1036,"Basalt / Picro-Basalt","Subduction zone / Continental crust (>25 km)","Nicaragua","Stratovolcano","Historical","D1","Subduction zone"
344070,"Negro, Cerro","Nicaragua","Middle America-Caribbean Volcanic Regions","Central America Volcanic Arc","Minor","Pyroclastic cone(s)","Eruption Observed","1999 CE",12.506,-86.702,728,"Basalt / Picro-Basalt","Subduction zone / Continental crust (>25 km)","Nicaragua","Cinder cone","Historical","D1","Subduction zone"
344080,"Las Pilas-El Hoyo Complex","Nicaragua","Middle America-Caribbean Volcanic Regions","Central America Volcanic Arc","Composite","Complex","Eruption Observed","1954 CE",12.4922,-86.6786,1088,"Andesite / Basaltic Andesite","Subduction zone / Continental crust (>25 km)","Nicaragua","Complex volcano","Historical","D2","Subduction zone"
344090,"Momotombo","Nicaragua","Middle America-Caribbean Volcanic Regions","Central America Volcanic Arc","Composite","Stratovolcano","Eruption Observed","2016 CE",12.423,-86.539,1270,"Basalt / Picro-Basalt","Subduction zone / Continental crust (>25 km)","Nicaragua","Stratovolcano","Historical","D2","Subduction zone"
344091,"Apoyeque","Nicaragua","Middle America-Caribbean Volcanic Regions","Central America Volcanic Arc","Caldera","Caldera","Eruption Dated","50 BCE",12.242,-86.342,518,"Dacite","Subduction zone / Continental crust (>25 km)","Nicaragua","Pyroclastic shield","Radiocarbon","D7","Subduction zone"
344092,"Nejapa-Miraflores","Nicaragua","Middle America-Caribbean Volcanic Regions","Central America Volcanic Arc","Cluster","Fissure vent(s)","Eruption Dated","1060 CE",12.12,-86.32,360,"Basalt / Picro-Basalt","Subduction zone / Continental crust (>25 km)","Nicaragua","Fissure vent","Holocene","U","Subduction zone"
344100,"Masaya","Nicaragua","Middle America-Caribbean Volcanic Regions","Central America Volcanic Arc","Caldera","Caldera","Eruption Observed","2026 CE",11.9844,-86.1688,594,"Basalt / Picro-Basalt","Subduction zone / Continental crust (>25 km)","Nicaragua","Caldera","Historical","D1","Subduction zone"
344101,"Granada","Nicaragua","Middle America-Caribbean Volcanic Regions","Central America Volcanic Arc","Cluster","Fissure vent(s)","Evidence Credible","Unknown",11.9,-85.979,250,"Basalt / Picro-Basalt","Subduction zone / Continental crust (>25 km)","Nicaragua","Fissure vent","Holocene","U","Subduction zone"
344110,"Mombacho","Nicaragua","Middle America-Caribbean Volcanic Regions","Central America Volcanic Arc","Composite","Stratovolcano","Unrest / Holocene","Unknown",11.826,-85.968,1344,"Andesite / Basaltic Andesite","Subduction zone / Continental crust (>25 km)","Nicaragua","Stratovolcano","Holocene","U","Subduction zone"
344111,"Zapatera","Nicaragua","Middle America-Caribbean Volcanic Regions","Central America Volcanic Arc","Shield","Shield","Evidence Credible","Unknown",11.73,-85.82,629,"Andesite / Basaltic Andesite","Subduction zone / Continental crust (>25 km)","Nicaragua","Shield volcano","Holocene","U","Subduction zone"
344120,"Concepcion","Nicaragua","Middle America-Caribbean Volcanic Regions","Central America Volcanic Arc","Composite","Stratovolcano","Eruption Observed","2024 CE",11.538,-85.622,1700,"Andesite / Basaltic Andesite","Subduction zone / Continental crust (>25 km)","Nicaragua","Stratovolcano","Historical","D1","Subduction zone"
345010,"Orosi","Costa Rica","Middle America-Caribbean Volcanic Regions","Central America Volcanic Arc","Composite","Stratovolcano(es)","Evidence Uncertain","Unknown",10.98,-85.473,1659,"Andesite / Basaltic Andesite","Subduction zone / Continental crust (>25 km)","Costa Rica","Stratovolcano","Uncertain","Unknown","Subduction zone"
345020,"Rincon de la Vieja","Costa Rica","Middle America-Caribbean Volcanic Regions","Central America Volcanic Arc","Composite","Complex","Eruption Observed","2024 CE",10.8314,-85.3364,1729,"Andesite / Basaltic Andesite","Subduction zone / Continental crust (>25 km)","Costa Rica","Complex volcano","Historical","D1","Subduction zone"
345030,"Miravalles","Costa Rica","Middle America-Caribbean Volcanic Regions","Central America Volcanic Arc","Composite","Stratovolcano","Eruption Observed","1946 CE",10.748,-85.153,2028,"Andesite / Basaltic Andesite","Subduction zone / Continental crust (>25 km)","Costa Rica","Stratovolcano","Historical","D2","Subduction zone"
345031,"Tenorio","Costa Rica","Middle America-Caribbean Volcanic Regions","Central America Volcanic Arc","Composite","Stratovolcano(es)","Evidence Credible","Unknown",10.673,-85.015,1916,"Andesite / Basaltic Andesite","Subduction zone / Continental crust (>25 km)","Costa Rica","Stratovolcano","Holocene","U","Subduction zone"
345033,"Arenal","Costa Rica","Middle America-Caribbean Volcanic Regions","Central America Volcanic Arc","Composite","Stratovolcano","Eruption Observed","2010 CE",10.463,-84.703,1670,"Andesite / Basaltic Andesite","Subduction zone / Continental crust (>25 km)","Costa Rica","Stratovolcano","Historical","D1","Subduction zone"
345034,"Platanar","Costa Rica","Middle America-Caribbean Volcanic Regions","Central America Volcanic Arc","Composite","Stratovolcano(es)","Evidence Credible","Unknown",10.3,-84.366,2267,"Andesite / Basaltic Andesite","Subduction zone / Continental crust (>25 km)","Costa Rica","Stratovolcano","Holocene","U","Subduction zone"
345040,"Poas","Costa Rica","Middle America-Caribbean Volcanic Regions","Central America Volcanic Arc","Composite","Stratovolcano","Eruption Observed","2026 CE",10.2,-84.233,2697,"Andesite / Basaltic Andesite","Subduction zone / Continental crust (>25 km)","Costa Rica","Stratovolcano","Historical","D1","Subduction zone"
345050,"Barva","Costa Rica","Middle America-Caribbean Volcanic Regions","Central America Volcanic Arc","Composite","Complex","Eruption Dated","6050 BCE",10.135,-84.1,2906,"Andesite / Basaltic Andesite","Subduction zone / Continental crust (>25 km)","Costa Rica","Complex volcano","Tephrochronology","D7","Subduction zone"
345060,"Irazu","Costa Rica","Middle America-Caribbean Volcanic Regions","Central America Volcanic Arc","Composite","Stratovolcano","Eruption Observed","1977 CE",9.979,-83.852,3436,"Andesite / Basaltic Andesite","Subduction zone / Continental crust (>25 km)","Costa Rica","Stratovolcano","Historical","D1","Subduction zone"
345070,"Turrialba","Costa Rica","Middle America-Caribbean Volcanic Regions","Central America Volcanic Arc","Composite","Stratovolcano","Eruption Observed","2022 CE",10.025,-83.767,3340,"Andesite / Basaltic Andesite","Subduction zone / Continental crust (>25 km)","Costa Rica","Stratovolcano","Historical","D3","Subduction zone"
346010,"Baru","Panama","Middle America-Caribbean Volcanic Regions","Central America Volcanic Arc","Composite","Stratovolcano","Eruption Observed","1550 CE",8.808,-82.543,3474,"Andesite / Basaltic Andesite","Subduction zone / Continental crust (>25 km)","Panama","Complex volcano","Historical","D5","Subduction zone"
351011,"Romeral","Colombia","South America Volcanic Regions","Northern Andean Volcanic Arc","Composite","Stratovolcano","Eruption Dated","5390 BCE",5.203,-75.363,3769,"Andesite / Basaltic Andesite","Subduction zone / Continental crust (>25 km)","Colombia","Stratovolcano","Radiocarbon","D4","Subduction zone"
351012,"Bravo, Cerro","Colombia","South America Volcanic Regions","Northern Andean Volcanic Arc","Composite","Stratovolcano","Eruption Dated","1720 CE",5.091,-75.293,3985,"Dacite","Subduction zone / Continental crust (>25 km)","Colombia","Stratovolcano","Radiocarbon","D4","Subduction zone"
351020,"Ruiz, Nevado del","Colombia","South America Volcanic Regions","Northern Andean Volcanic Arc","Composite","Stratovolcano","Eruption Observed","2026 CE",4.892,-75.324,5279,"Andesite / Basaltic Andesite","Subduction zone / Continental crust (>25 km)","Colombia","Stratovolcano","Historical","D1","Subduction zone"
351021,"Santa Isabel","Colombia","South America Volcanic Regions","Northern Andean Volcanic Arc","Shield","Shield","Eruption Dated","850 BCE",4.818,-75.365,4944,"Andesite / Basaltic Andesite","Subduction zone / Continental crust (>25 km)","Africa-W","Shield volcano","Historical","D2","Subduction zone"
351021,"Santa Isabel","Colombia","South America Volcanic Regions","Northern Andean Volcanic Arc","Shield","Shield","Eruption Dated","850 BCE",4.818,-75.365,4944,"Andesite / Basaltic Andesite","Subduction zone / Continental crust (>25 km)","Colombia","Shield volcano","Radiocarbon","D7","Subduction zone"
351030,"Tolima, Nevado del","Colombia","South America Volcanic Regions","Northern Andean Volcanic Arc","Composite","Stratovolcano","Eruption Observed","1943 CE",4.658,-75.33,5215,"Andesite / Basaltic Andesite","Subduction zone / Continental crust (>25 km)","Colombia","Stratovolcano","Historical","D2","Subduction zone"
351040,"Machin","Colombia","South America Volcanic Regions","Northern Andean Volcanic Arc","Composite","Stratovolcano","Eruption Dated","1180 CE",4.487,-75.389,2749,"Dacite","Subduction zone / Continental crust (>25 km)","Colombia","Stratovolcano","Radiocarbon","D6","Subduction zone"
351050,"Huila, Nevado del","Colombia","South America Volcanic Regions","Northern Andean Volcanic Arc","Composite","Stratovolcano","Eruption Observed","2012 CE",2.93,-76.03,5364,"Andesite / Basaltic Andesite","Subduction zone / Continental crust (>25 km)","Colombia","Stratovolcano","Historical","D5","Subduction zone"
351060,"Purace","Colombia","South America Volcanic Regions","Northern Andean Volcanic Arc","Cluster","Stratovolcano(es)","Eruption Observed","2026 CE",2.3095,-76.3948,4650,"Andesite / Basaltic Andesite","Subduction zone / Continental crust (>25 km)","Colombia","Stratovolcano","Historical","D1","Subduction zone"
351061,"Sotara","Colombia","South America Volcanic Regions","Northern Andean Volcanic Arc","Composite","Stratovolcano","Evidence Credible","Unknown",2.108,-76.592,4400,"Andesite / Basaltic Andesite","Subduction zone / Continental crust (>25 km)","Colombia","Stratovolcano","Holocene","U","Subduction zone"
351070,"Dona Juana","Colombia","South America Volcanic Regions","Northern Andean Volcanic Arc","Composite","Stratovolcano","Eruption Observed","1906 CE",1.5,-76.936,4137,"Andesite / Basaltic Andesite","Subduction zone / Continental crust (>25 km)","Colombia","Stratovolcano","Historical","D2","Subduction zone"
351080,"Galeras","Colombia","South America Volcanic Regions","Northern Andean Volcanic Arc","Composite","Complex","Eruption Observed","2014 CE",1.22,-77.37,4276,"Andesite / Basaltic Andesite","Subduction zone / Continental crust (>25 km)","Colombia","Complex volcano","Historical","D1","Subduction zone"
351090,"Azufral","Colombia","South America Volcanic Regions","Northern Andean Volcanic Arc","Composite","Stratovolcano","Eruption Dated","930 BCE",1.08,-77.68,4070,"Dacite","Subduction zone / Continental crust (>25 km)","Colombia","Stratovolcano","Radiocarbon","D7","Subduction zone"
351100,"Cumbal","Colombia","South America Volcanic Regions","Northern Andean Volcanic Arc","Composite","Stratovolcano","Eruption Observed","1926 CE",0.95,-77.87,4764,"Andesite / Basaltic Andesite","Subduction zone / Continental crust (>25 km)","Colombia","Stratovolcano","Historical","D2","Subduction zone"
351110,"Chiles-Cerro Negro","Colombia-Ecuador","South America Volcanic Regions","Northern Andean Volcanic Arc","Composite","Stratovolcano","Evidence Uncertain","1936 CE",0.817,-77.938,4698,"Dacite","Subduction zone / Continental crust (>25 km)","Colombia","Stratovolcano","Holocene","D2","Subduction zone"
352001,"Soche","Ecuador","South America Volcanic Regions","Northern Andean Volcanic Arc","Composite","Stratovolcano","Eruption Dated","6650 BCE",0.552,-77.58,3955,"Dacite","Subduction zone / Continental crust (>25 km)","Ecuador","Stratovolcano","Radiocarbon","D7","Subduction zone"
352002,"Chachimbiro","Ecuador","South America Volcanic Regions","Northern Andean Volcanic Arc","Composite","Stratovolcano","Eruption Dated","3740 BCE",0.468,-78.287,4106,"Dacite","Subduction zone / Continental crust (>25 km)","Ecuador","Caldera","Radiocarbon","D7","Subduction zone"
352003,"Cuicocha","Ecuador","South America Volcanic Regions","Northern Andean Volcanic Arc","Caldera","Caldera","Eruption Dated","650 CE",0.308,-78.364,3246,"Dacite","Subduction zone / Continental crust (>25 km)","Ecuador","Stratovolcano","Holocene","Unknown","Subduction zone"
352004,"Imbabura","Ecuador","South America Volcanic Regions","Northern Andean Volcanic Arc","Composite","Compound","Eruption Dated","5550 BCE",0.258,-78.183,4609,"Andesite / Basaltic Andesite","Subduction zone / Continental crust (>25 km)","Ecuador","Compound volcano","Historical","D4","Subduction zone"
352005,"Mojanda","Ecuador","South America Volcanic Regions","Northern Andean Volcanic Arc","Composite","Stratovolcano(es)","Evidence Uncertain","Unknown",0.13,-78.27,4263,"Andesite / Basaltic Andesite","Subduction zone / Continental crust (>25 km)","Ecuador","Stratovolcanoes","Holocene?","?","Subduction zone"
352006,"Cayambe","Ecuador","South America Volcanic Regions","Northern Andean Volcanic Arc","Composite","Compound","Eruption Observed","1786 CE",0.029,-77.986,5790,"Andesite / Basaltic Andesite","Subduction zone / Continental crust (>25 km)","Ecuador","Compound volcano","Historical","D4","Subduction zone"
352010,"Reventador","Ecuador","South America Volcanic Regions","Northern Andean Volcanic Arc","Composite","Stratovolcano","Eruption Observed","2026 CE",-0.077,-77.656,3562,"Andesite / Basaltic Andesite","Subduction zone / Continental crust (>25 km)","Ecuador","Stratovolcano","Historical","D1","Subduction zone"
352011,"Pululahua","Ecuador","South America Volcanic Regions","Northern Andean Volcanic Arc","Caldera","Caldera","Eruption Dated","290 CE",0.0464,-78.49,3360,"Dacite","Subduction zone / Continental crust (>25 km)","Ecuador","Caldera","Radiocarbon","D7","Subduction zone"
352020,"Guagua Pichincha","Ecuador","South America Volcanic Regions","Northern Andean Volcanic Arc","Composite","Stratovolcano","Eruption Observed","2002 CE",-0.171,-78.598,4784,"Andesite / Basaltic Andesite","Subduction zone / Continental crust (>25 km)","Ecuador","Stratovolcano","Historical","D1","Subduction zone"
352021,"Atacazo","Ecuador","South America Volcanic Regions","Northern Andean Volcanic Arc","Composite","Stratovolcano","Eruption Dated","320 BCE",-0.353,-78.617,4463,"Andesite / Basaltic Andesite","Subduction zone / Continental crust (>25 km)","Ecuador","Stratovolcano","Radiocarbon","D7","Subduction zone"
352022,"Chacana","Ecuador","South America Volcanic Regions","Northern Andean Volcanic Arc","Caldera","Caldera","Eruption Observed","1773 CE",-0.375,-78.25,4643,"Rhyolite","Subduction zone / Continental crust (>25 km)","Ecuador","Caldera","Historical","D4","Subduction zone"
352030,"Antisana","Ecuador","South America Volcanic Regions","Northern Andean Volcanic Arc","Composite","Stratovolcano","Eruption Observed","1802 CE",-0.481,-78.141,5753,"Andesite / Basaltic Andesite","Subduction zone / Continental crust (>25 km)","Ecuador","Stratovolcano","Historical","D3","Subduction zone"
352031,"Aliso","Ecuador","South America Volcanic Regions","Northern Andean Volcanic Arc","Composite","Stratovolcano","Eruption Dated","2450 BCE",-0.53,-78,4267,"Andesite / Basaltic Andesite","Subduction zone / Continental crust (>25 km)","Ecuador","Stratovolcano","","D7","Subduction zone"
352040,"Sumaco","Ecuador","South America Volcanic Regions","Northern Andean Volcanic Arc","Composite","Stratovolcano","Evidence Uncertain","1895 CE",-0.538,-77.626,3990,"Trachybasalt / Tephrite Basanite","Subduction zone / Continental crust (>25 km)","Ecuador","Stratovolcano","Historical","D3","Subduction zone"
352041,"Iliniza","Ecuador","South America Volcanic Regions","Northern Andean Volcanic Arc","Composite","Stratovolcano","Evidence Credible","Unknown",-0.662,-78.716,5162,"Andesite / Basaltic Andesite","Subduction zone / Continental crust (>25 km)","Ecuador","Stratovolcano","Holocene","U","Subduction zone"
352050,"Cotopaxi","Ecuador","South America Volcanic Regions","Northern Andean Volcanic Arc","Composite","Stratovolcano","Eruption Observed","2023 CE",-0.677,-78.436,5911,"Andesite / Basaltic Andesite","Subduction zone / Continental crust (>25 km)","Ecuador","Stratovolcano","Historical","D2","Subduction zone"
352060,"Quilotoa","Ecuador","South America Volcanic Regions","Northern Andean Volcanic Arc","Caldera","Caldera","Eruption Dated","1280 CE",-0.8592,-78.9044,3914,"Dacite","Subduction zone / Continental crust (>25 km)","Ecuador","Caldera","Radiocarbon","D6","Subduction zone"
352071,"Chimborazo","Ecuador","South America Volcanic Regions","Northern Andean Volcanic Arc","Composite","Stratovolcano","Eruption Dated","550 CE",-1.469,-78.817,6261,"Andesite / Basaltic Andesite","Subduction zone / Continental crust (>25 km)","Ecuador","Stratovolcano","Radiocarbon","D6","Subduction zone"
352080,"Tungurahua","Ecuador","South America Volcanic Regions","Northern Andean Volcanic Arc","Composite","Stratovolcano","Eruption Observed","2016 CE",-1.467,-78.442,5023,"Andesite / Basaltic Andesite","Subduction zone / Continental crust (>25 km)","Ecuador","Stratovolcano","Historical","D1","Subduction zone"
352081,"Licto","Ecuador","South America Volcanic Regions","Northern Andean Volcanic Arc","Minor (Basaltic)","Pyroclastic cone(s)","Evidence Uncertain","Unknown",-1.786,-78.614,3322,"Andesite / Basaltic Andesite","Subduction zone / Continental crust (>25 km)","Ecuador","Scoria cone","Holocene","U","Subduction zone"
352090,"Sangay","Ecuador","South America Volcanic Regions","Northern Andean Volcanic Arc","Composite","Stratovolcano","Eruption Observed","2026 CE",-2.005,-78.341,5286,"Andesite / Basaltic Andesite","Subduction zone / Continental crust (>25 km)","Ecuador","Stratovolcano","Historical","D1","Subduction zone"
353010,"Fernandina","Ecuador","Eastern Pacific Volcanic Regions","Galapagos Hotspot Volcano Group","Shield","Shield","Eruption Observed","2024 CE",-0.37,-91.55,1476,"Basalt / Picro-Basalt","Rift zone / Oceanic crust (< 15 km)","Galapagos","Shield volcano","Historical","D1","Rift zone"
353011,"Ecuador","Ecuador","Eastern Pacific Volcanic Regions","Galapagos Hotspot Volcano Group","Shield","Shield","Eruption Dated","1150 CE",-0.02,-91.546,790,"Basalt / Picro-Basalt","Rift zone / Oceanic crust (< 15 km)","Galapagos","Shield volcano","Holocene","U","Rift zone"
353020,"Wolf","Ecuador","Eastern Pacific Volcanic Regions","Galapagos Hotspot Volcano Group","Shield","Shield","Eruption Observed","2022 CE",0.02,-91.35,1710,"Basalt / Picro-Basalt","Rift zone / Oceanic crust (< 15 km)","Galapagos","Shield volcano","Historical","D1","Rift zone"
353030,"Darwin","Ecuador","Eastern Pacific Volcanic Regions","Galapagos Hotspot Volcano Group","Shield","Shield","Eruption Dated","1813 CE",-0.18,-91.28,1330,"Basalt / Picro-Basalt","Rift zone / Oceanic crust (< 15 km)","Galapagos","Shield volcano","Holocene","D3","Rift zone"
353040,"Alcedo","Ecuador","Eastern Pacific Volcanic Regions","Galapagos Hotspot Volcano Group","Shield","Shield","Eruption Observed","1993 CE",-0.43,-91.12,1130,"Basalt / Picro-Basalt","Rift zone / Oceanic crust (< 15 km)","Galapagos","Shield volcano","Historical","D1","Rift zone"
353050,"Negra, Sierra","Ecuador","Eastern Pacific Volcanic Regions","Galapagos Hotspot Volcano Group","Shield","Shield","Eruption Observed","2018 CE",-0.83,-91.17,1124,"Basalt / Picro-Basalt","Rift zone / Oceanic crust (< 15 km)","Galapagos","Shield volcano","Historical","D1","Rift zone"
353060,"Azul, Cerro","Ecuador","Eastern Pacific Volcanic Regions","Galapagos Hotspot Volcano Group","Shield","Shield","Eruption Observed","2008 CE",-0.92,-91.408,1640,"Basalt / Picro-Basalt","Rift zone / Oceanic crust (< 15 km)","Chile-C","Stratovolcano","Historical","D1","Rift zone"
353060,"Azul, Cerro","Ecuador","Eastern Pacific Volcanic Regions","Galapagos Hotspot Volcano Group","Shield","Shield","Eruption Observed","2008 CE",-0.92,-91.408,1640,"Basalt / Picro-Basalt","Rift zone / Oceanic crust (< 15 km)","Galapagos","Shield volcano","Historical","D1","Rift zone"
353070,"Pinta","Ecuador","Eastern Pacific Volcanic Regions","Northern Galapagos Volcanic Province","Shield","Shield","Eruption Observed","Unknown",0.5858,-90.7553,729,"Basalt / Picro-Basalt","Rift zone / Oceanic crust (< 15 km)","Galapagos","Shield volcano","Historical","D2","Rift zone"
353080,"Marchena","Ecuador","Eastern Pacific Volcanic Regions","Northern Galapagos Volcanic Province","Shield","Shield","Eruption Observed","1991 CE",0.33,-90.47,343,"Basalt / Picro-Basalt","Rift zone / Oceanic crust (< 15 km)","Galapagos","Shield volcano","Historical","D1","Rift zone"
353081,"Genovesa","Ecuador","Eastern Pacific Volcanic Regions","Northern Galapagos Volcanic Province","Shield","Shield","Evidence Credible","Unknown",0.32,-89.958,64,"Basalt / Picro-Basalt","Rift zone / Oceanic crust (< 15 km)","Galapagos","Shield volcano","Holocene","U","Rift zone"
353090,"Santiago","Ecuador","Eastern Pacific Volcanic Regions","Galapagos Hotspot Volcano Group","Shield","Shield","Eruption Observed","1906 CE",-0.22,-90.77,920,"Basalt / Picro-Basalt","Rift zone / Oceanic crust (< 15 km)","Galapagos","Shield volcano","Historical","D2","Rift zone"
353091,"Santa Cruz","Ecuador","Eastern Pacific Volcanic Regions","Galapagos Hotspot Volcano Group","Shield","Shield","Evidence Credible","Unknown",-0.62,-90.33,864,"Basalt / Picro-Basalt","Rift zone / Oceanic crust (< 15 km)","Galapagos","Shield volcano","Holocene","U","Rift zone"
353120,"San Cristobal","Ecuador","Eastern Pacific Volcanic Regions","Galapagos Hotspot Volcano Group","Shield","Shield","Evidence Credible","Unknown",-0.8292,-89.4292,707,"Basalt / Picro-Basalt","Rift zone / Oceanic crust (< 15 km)","Galapagos","Shield volcano","Holocene","U","Rift zone"
353120,"San Cristobal","Ecuador","Eastern Pacific Volcanic Regions","Galapagos Hotspot Volcano Group","Shield","Shield","Evidence Credible","Unknown",-0.8292,-89.4292,707,"Basalt / Picro-Basalt","Rift zone / Oceanic crust (< 15 km)","Nicaragua","Stratovolcano","Historical","D1","Rift zone"
354000,"Quimsachata-Oroscocha","Peru","South America Volcanic Regions","Central Andean Volcanic Arc","Minor (Silicic)","Lava dome","Eruption Dated","4450 BCE",-14.131,-71.363,3848,"Rhyolite","Subduction zone / Continental crust (>25 km)",NA,NA,NA,NA,"Subduction zone"
354001,"Auquihuato, Cerro","Peru","South America Volcanic Regions","Central Andean Volcanic Arc","Minor","Pyroclastic cone","Evidence Uncertain","Unknown",-15.0726,-73.1914,5001,"No Data (checked)","Subduction zone / Continental crust (>25 km)","Peru","Stratovolcano","Holocene","U","Subduction zone"
354003,"Coropuna","Peru","South America Volcanic Regions","Central Andean Volcanic Arc","Composite","Stratovolcano","Evidence Credible","Unknown",-15.52,-72.65,6377,"Andesite / Basaltic Andesite","Subduction zone / Continental crust (>25 km)","Peru","Stratovolcano","Historical","D1","Subduction zone"
354004,"Andahua-Orcopampa","Peru","South America Volcanic Regions","Central Andean Volcanic Arc","Cluster","Volcanic field","Eruption Dated","1490 CE",-15.42,-72.33,4713,"Trachyandesite / Basaltic Trachyandesite","Subduction zone / Continental crust (>25 km)","Peru","Lava dome","Holocene","U","Subduction zone"
354005,"Huambo","Peru","South America Volcanic Regions","Central Andean Volcanic Arc","Cluster","Volcanic field","Eruption Dated","700 BCE",-15.78,-72.08,4554,"Trachyandesite / Basaltic Trachyandesite","Subduction zone / Continental crust (>25 km)","Peru","Stratovolcano","Holocene","U","Subduction zone"
354006,"Sabancaya","Peru","South America Volcanic Regions","Central Andean Volcanic Arc","Composite","Stratovolcano(es)","Eruption Observed","2026 CE",-15.787,-71.857,5960,"Andesite / Basaltic Andesite","Subduction zone / Continental crust (>25 km)","Peru","Stratovolcanoes","Historical","D1","Subduction zone"
354010,"Misti, El","Peru","South America Volcanic Regions","Central Andean Volcanic Arc","Composite","Stratovolcano","Eruption Observed","1985 CE",-16.2991,-71.4056,5793,"Andesite / Basaltic Andesite","Subduction zone / Continental crust (>25 km)","Peru","Stratovolcano","Historical","D4","Subduction zone"
354020,"Ubinas","Peru","South America Volcanic Regions","Central Andean Volcanic Arc","Composite","Stratovolcano","Eruption Observed","2024 CE",-16.345,-70.8972,5608,"Andesite / Basaltic Andesite","Subduction zone / Continental crust (>25 km)","Peru","Stratovolcano","Historical","D1","Subduction zone"
354030,"Huaynaputina","Peru","South America Volcanic Regions","Central Andean Volcanic Arc","Composite","Stratovolcano","Eruption Observed","1600 CE",-16.6144,-70.8542,4679,"Dacite","Subduction zone / Continental crust (>25 km)","Peru","Stratovolcano","Historical","D5","Subduction zone"
354031,"Ticsani","Peru","South America Volcanic Regions","Central Andean Volcanic Arc","Minor (Silicic)","Lava dome(s)","Eruption Dated","1800 CE",-16.7586,-70.5981,5382,"Dacite","Subduction zone / Continental crust (>25 km)","Peru","Stratovolcano","Holocene","U","Subduction zone"
354040,"Tutupaca","Peru","South America Volcanic Regions","Central Andean Volcanic Arc","Composite","Stratovolcano(es)","Eruption Observed","1802 CE",-17.026,-70.372,5801,"Andesite / Basaltic Andesite","Subduction zone / Continental crust (>25 km)","Peru","Stratovolcano","Historical","D2","Subduction zone"
354050,"Yucamane","Peru","South America Volcanic Regions","Central Andean Volcanic Arc","Composite","Stratovolcano(es)","Eruption Observed","1320 BCE",-17.184,-70.196,5495,"Andesite / Basaltic Andesite","Subduction zone / Continental crust (>25 km)","Peru","Stratovolcano","Historical","D4","Subduction zone"
354060,"Casiri, Nevados","Peru","South America Volcanic Regions","Central Andean Volcanic Arc","Composite","Stratovolcano(es)","Evidence Credible","Unknown",-17.4852,-69.7886,5626,"Trachyte / Trachydacite","Subduction zone / Continental crust (>25 km)","Peru","Stratovolcano","Holocene","U","Subduction zone"
355011,"Taapaca","Chile","South America Volcanic Regions","Central Andean Volcanic Arc","Composite","Complex","Eruption Dated","320 BCE",-18.1,-69.5,5860,"Dacite","Subduction zone / Continental crust (>25 km)","Chile-N","Lava dome","Holocene","U","Subduction zone"
355012,"Parinacota","Chile-Bolivia","South America Volcanic Regions","Central Andean Volcanic Arc","Composite","Stratovolcano","Eruption Dated","290 CE",-18.166,-69.142,6336,"Andesite / Basaltic Andesite","Subduction zone / Continental crust (>25 km)","Bolivia","Stratovolcano","Holocene","Unknown","Subduction zone"
355020,"Guallatiri","Chile","South America Volcanic Regions","Central Andean Volcanic Arc","Composite","Stratovolcano","Eruption Observed","1960 CE",-18.42,-69.092,6071,"Andesite / Basaltic Andesite","Subduction zone / Continental crust (>25 km)","Chile-N","Stratovolcano","Historical","D2","Subduction zone"
355030,"Isluga","Chile","South America Volcanic Regions","Central Andean Volcanic Arc","Composite","Stratovolcano","Eruption Observed","1913 CE",-19.15,-68.83,5550,"Andesite / Basaltic Andesite","Subduction zone / Continental crust (>25 km)","Chile-N","Stratovolcano","Historical","D2","Subduction zone"
355032,"Tata Sabaya","Bolivia","South America Volcanic Regions","Central Andean Volcanic Arc","Composite","Stratovolcano","Evidence Credible","Unknown",-19.13,-68.53,5430,"Andesite / Basaltic Andesite","Subduction zone / Continental crust (>25 km)","Chile-N","Unknown","Holocene","Unknown","Subduction zone"
355040,"Irruputuncu","Chile-Bolivia","South America Volcanic Regions","Central Andean Volcanic Arc","Composite","Stratovolcano","Eruption Observed","1995 CE",-20.73,-68.55,5163,"Andesite / Basaltic Andesite","Subduction zone / Continental crust (>25 km)","Chile-N","Stratovolcano","Historical","D1","Subduction zone"
355050,"Olca-Paruma","Chile-Bolivia","South America Volcanic Regions","Central Andean Volcanic Arc","Composite","Stratovolcano(es)","Eruption Observed","Unknown",-20.939,-68.413,5705,"Andesite / Basaltic Andesite","Subduction zone / Continental crust (>25 km)","Chile-N","Stratovolcano","Historical","D3","Subduction zone"
355090,"Putana","Chile","South America Volcanic Regions","Central Andean Volcanic Arc","Composite","Stratovolcano","Eruption Observed","1810 CE",-22.557,-67.853,5884,"Dacite","Subduction zone / Continental crust (>25 km)","Chile-N","Stratovolcano","Historical","D1","Subduction zone"
355091,"Sairecabur","Chile-Bolivia","South America Volcanic Regions","Central Andean Volcanic Arc","Composite","Stratovolcano(es)","Evidence Credible","Unknown",-22.719,-67.891,5961,"Andesite / Basaltic Andesite","Subduction zone / Continental crust (>25 km)","Chile-N","Stratovolcano","Holocene","U","Subduction zone"
355092,"Licancabur","Chile-Bolivia","South America Volcanic Regions","Central Andean Volcanic Arc","Composite","Stratovolcano","Evidence Credible","Unknown",-22.83,-67.88,5916,"Andesite / Basaltic Andesite","Subduction zone / Continental crust (>25 km)","Chile-N","Stratovolcano","Holocene","U","Subduction zone"
355093,"Guayaques","Chile-Bolivia","South America Volcanic Regions","Central Andean Volcanic Arc","Minor","Lava dome(s)","Evidence Credible","Unknown",-22.895,-67.566,5598,"Dacite","Subduction zone / Continental crust (>25 km)","Chile-N","Lava dome","Holocene","U","Subduction zone"
355094,"Purico Complex","Chile","South America Volcanic Regions","Central Andean Volcanic Arc","Shield","Shield(pyroclastic)","Evidence Credible","Unknown",-23,-67.75,5703,"Dacite","Subduction zone / Continental crust (>25 km)","Chile-N","Pyroclastic shield","Holocene","U","Subduction zone"
355095,"Colachi","Chile","South America Volcanic Regions","Central Andean Volcanic Arc","Composite","Stratovolcano","Evidence Credible","Unknown",-23.236,-67.645,5631,"Andesite / Basaltic Andesite","Subduction zone / Continental crust (>25 km)","Chile-N","Stratovolcano","Holocene","U","Subduction zone"
355096,"Acamarachi","Chile","South America Volcanic Regions","Central Andean Volcanic Arc","Composite","Stratovolcano","Evidence Credible","Unknown",-23.292,-67.618,6023,"Dacite","Subduction zone / Continental crust (>25 km)","Chile-N","Stratovolcano","Holocene","Unknown","Subduction zone"
355098,"Chiliques","Chile","South America Volcanic Regions","Central Andean Volcanic Arc","Composite","Stratovolcano","Evidence Uncertain","Unknown",-23.58,-67.7,5778,"Andesite / Basaltic Andesite","Subduction zone / Continental crust (>25 km)","Chile-N","Stratovolcano","Holocene?","?","Subduction zone"
355100,"Lascar","Chile","South America Volcanic Regions","Central Andean Volcanic Arc","Composite","Stratovolcano(es)","Eruption Observed","2026 CE",-23.37,-67.73,5592,"Andesite / Basaltic Andesite","Subduction zone / Continental crust (>25 km)","Chile-N","Stratovolcano","Historical","D1","Subduction zone"
355101,"Cordon de Puntas Negras","Chile","South America Volcanic Regions","Central Andean Volcanic Arc","Composite","Stratovolcano(es)","Evidence Credible","Unknown",-23.743,-67.534,5852,"Andesite / Basaltic Andesite","Subduction zone / Continental crust (>25 km)","Chile-N","Stratovolcano","Holocene","U","Subduction zone"
355102,"Miniques","Chile","South America Volcanic Regions","Central Andean Volcanic Arc","Composite","Stratovolcano(es)","Evidence Uncertain","Unknown",-23.82,-67.77,5910,"Andesite / Basaltic Andesite","Subduction zone / Continental crust (>25 km)","Chile-N","Stratovolcano","Holocene","U","Subduction zone"
355103,"Tujle, Cerro","Chile","South America Volcanic Regions","Central Andean Volcanic Arc","Minor","Maar","Evidence Credible","Unknown",-23.83,-67.95,3550,"No Data (checked)","Subduction zone / Continental crust (>25 km)","Chile-N","Stratovolcano","Holocene","U","Subduction zone"
355104,"Caichinque","Chile","South America Volcanic Regions","Central Andean Volcanic Arc","Composite","Stratovolcano(es)","Evidence Uncertain","Unknown",-23.949,-67.74,4458,"Andesite / Basaltic Andesite","Subduction zone / Continental crust (>25 km)","Chile-N","Maar","Holocene","U","Subduction zone"
355105,"Tilocalar","Chile","South America Volcanic Regions","Central Andean Volcanic Arc","Minor","Lava cone(es)","Evidence Uncertain","Unknown",-23.97,-68.13,3109,"Andesite / Basaltic Andesite","Subduction zone / Continental crust (>25 km)","Chile-N","Stratovolcano","Holocene","U","Subduction zone"
355107,"Pular","Chile","South America Volcanic Regions","Central Andean Volcanic Arc","Composite","Stratovolcano(es)","Evidence Uncertain","Unknown",-24.188,-68.054,6233,"Andesite / Basaltic Andesite","Subduction zone / Continental crust (>25 km)","Argentina","Stratovolcano","Historical","D1","Subduction zone"
355108,"Negrillar, La","Chile","South America Volcanic Regions","Central Andean Volcanic Arc","Minor","Pyroclastic cone(s)","Evidence Uncertain","Unknown",-24.319,-68.59,4220,"Andesite / Basaltic Andesite","Subduction zone / Continental crust (>25 km)","Chile-N","Pyroclastic cone","Holocene","Unknown","Subduction zone"
355109,"Socompa","Chile-Argentina","South America Volcanic Regions","Central Andean Volcanic Arc","Composite","Stratovolcano","Eruption Dated","5250 BCE",-24.396,-68.246,6031,"Dacite","Subduction zone / Continental crust (>25 km)","Chile-N","Stratovolcano","Radiocarbon","D7","Subduction zone"
355110,"Llullaillaco","Chile-Argentina","South America Volcanic Regions","Central Andean Volcanic Arc","Composite","Stratovolcano","Eruption Observed","1877 CE",-24.72,-68.53,6739,"Dacite","Subduction zone / Continental crust (>25 km)","Chile-N","Stratovolcano","Historical","D3","Subduction zone"
355112,"Corrida de Cori Volcanic Field","Chile-Argentina","South America Volcanic Regions","Central Andean Volcanic Arc","Composite","Stratovolcano","Evidence Uncertain","Unknown",-25.083,-68.367,5451,"Andesite / Basaltic Andesite","Subduction zone / Continental crust (>25 km)","Chile-N","Stratovolcano","Holocene","U","Subduction zone"
355120,"Lastarria","Chile-Argentina","South America Volcanic Regions","Central Andean Volcanic Arc","Composite","Stratovolcano","Evidence Credible","Unknown",-25.168,-68.507,5706,"Andesite / Basaltic Andesite","Subduction zone / Continental crust (>25 km)","Chile-N","Stratovolcano","Holocene","U","Subduction zone"
355121,"Cordon del Azufre","Chile-Argentina","South America Volcanic Regions","Central Andean Volcanic Arc","Composite","Complex","Evidence Credible","Unknown",-25.336,-68.521,5481,"Andesite / Basaltic Andesite","Subduction zone / Continental crust (>25 km)","Chile-N","Complex volcano","Holocene","U","Subduction zone"
355122,"Bayo Gorbea, Cerro","Chile-Argentina","South America Volcanic Regions","Central Andean Volcanic Arc","Composite","Complex","Evidence Credible","Unknown",-25.414,-68.588,5413,"Andesite / Basaltic Andesite","Subduction zone / Continental crust (>25 km)","Chile-N","Complex volcano","Holocene","U","Subduction zone"
355123,"Nevada, Sierra","Chile-Argentina","South America Volcanic Regions","Central Andean Volcanic Arc","Composite","Complex","Evidence Credible","Unknown",-26.48,-68.58,6173,"No Data (checked)","Subduction zone / Continental crust (>25 km)","Argentina","Stratovolcano","Holocene","U","Subduction zone"
355124,"Falso Azufre","Chile-Argentina","South America Volcanic Regions","Central Andean Volcanic Arc","Composite","Complex","Evidence Uncertain","Unknown",-26.8,-68.37,5906,"No Data (checked)","Subduction zone / Continental crust (>25 km)","Argentina","Scoria cone","Holocene","U","Subduction zone"
355125,"Incahuasi, Nevado de","Chile-Argentina","South America Volcanic Regions","Central Andean Volcanic Arc","Composite","Stratovolcano(es)","Evidence Uncertain","Unknown",-27.033,-68.296,6638,"Dacite","Subduction zone / Continental crust (>25 km)","Chile","Complex volcano","Holocene","U","Subduction zone"
355130,"Ojos del Salado, Nevados","Chile-Argentina","South America Volcanic Regions","Central Andean Volcanic Arc","Composite","Stratovolcano","Eruption Dated","750 CE",-27.109,-68.541,6879,"Dacite","Subduction zone / Continental crust (>25 km)","Chile-N","Stratovolcano","Holocene","U","Subduction zone"
355131,"Solo, El","Chile-Argentina","South America Volcanic Regions","Central Andean Volcanic Arc","Composite","Stratovolcano","Evidence Credible","Unknown",-27.105,-68.713,6205,"Dacite","Subduction zone / Continental crust (>25 km)","Argentina","Complex volcano","Holocene","U","Subduction zone"
355160,"Aracar","Argentina","South America Volcanic Regions","Central Andean Volcanic Arc","Composite","Stratovolcano","Evidence Credible","Unknown",-24.29,-67.783,6095,"Andesite / Basaltic Andesite","Subduction zone / Continental crust (>25 km)","Argentina","Stratovolcano","Uncertain","?","Subduction zone"
355161,"Central Andean Arc at 25.1°S","Argentina","South America Volcanic Regions","Central Andean Volcanic Arc","Minor","Pyroclastic cone","Evidence Credible","Unknown",-25.078,-68.266,4652,"Andesite / Basaltic Andesite","Subduction zone / Continental crust (>25 km)",NA,NA,NA,NA,"Subduction zone"
355190,"Condor, El","Argentina","South America Volcanic Regions","Central Andean Volcanic Arc","Composite","Stratovolcano","Evidence Credible","Unknown",-26.632,-68.361,6373,"No Data (checked)","Subduction zone / Continental crust (>25 km)","Argentina","Stratovolcano","Holocene","U","Subduction zone"
355200,"Peinado","Argentina","South America Volcanic Regions","Central Andean Volcanic Arc","Composite","Stratovolcano","Evidence Credible","Unknown",-26.623,-68.116,5741,"Andesite / Basaltic Andesite","Subduction zone / Continental crust (>25 km)","Argentina","Stratovolcano","Holocene","U","Subduction zone"
355210,"Blanco, Cerro","Argentina","South America Volcanic Regions","Central Andean Volcanic Arc","Caldera","Caldera","Eruption Dated","2300 BCE",-26.7657,-67.746,4670,"Rhyolite","Subduction zone / Continental crust (>25 km)","Argentina","Caldera","Holocene","U","Subduction zone"
355220,"Tipas","Argentina","South America Volcanic Regions","Central Andean Volcanic Arc","Composite","Complex","Evidence Credible","Unknown",-27.196,-68.561,6658,"No Data (checked)","Subduction zone / Continental crust (>25 km)","Argentina","Complex volcano","Holocene","U","Subduction zone"
356011,"Rapa Nui","Chile","Southern Pacific Volcanic Regions","Salas y Gómez Ridge Volcano Group","Shield","Shield(s)","Evidence Credible","Unknown",-27.114,-109.356,501,"Basalt / Picro-Basalt","Rift zone / Oceanic crust (< 15 km)","Chile-Is","Shield volcanoes","Holocene","U","Rift zone"
357010,"Tupungatito","Chile-Argentina","South America Volcanic Regions","Southern Andean Volcanic Arc","Composite","Stratovolcano","Eruption Observed","1987 CE",-33.425,-69.797,5660,"Andesite / Basaltic Andesite","Subduction zone / Continental crust (>25 km)","Chile-C","Stratovolcano","Historical","D1","Subduction zone"
357020,"San Jose","Chile-Argentina","South America Volcanic Regions","Southern Andean Volcanic Arc","Composite","Stratovolcano(es)","Eruption Observed","1960 CE",-33.789,-69.895,6070,"Andesite / Basaltic Andesite","Subduction zone / Continental crust (>25 km)","Chile-C","Stratovolcano","Historical","D2","Subduction zone"
357021,"Maipo","Chile-Argentina","South America Volcanic Regions","Southern Andean Volcanic Arc","Composite","Caldera","Eruption Observed","1912 CE",-34.164,-69.832,5323,"Trachyandesite / Basaltic Trachyandesite","Subduction zone / Continental crust (>25 km)","Chile-C","Caldera","Historical","D2","Subduction zone"
357022,"Palomo","Chile","South America Volcanic Regions","Southern Andean Volcanic Arc","Composite","Stratovolcano","Evidence Credible","Unknown",-34.608,-70.295,4860,"Andesite / Basaltic Andesite","Subduction zone / Continental crust (>25 km)","Chile-C","Stratovolcano","Holocene","U","Subduction zone"
357023,"Atuel, Caldera del","Argentina","South America Volcanic Regions","Southern Andean Volcanic Arc","Caldera","Caldera","Evidence Credible","Unknown",-34.592,-69.921,5189,"Andesite / Basaltic Andesite","Subduction zone / Continental crust (>25 km)","Argentina","Caldera","Holocene","U","Subduction zone"
357024,"Risco Plateado","Argentina","South America Volcanic Regions","Southern Andean Volcanic Arc","Composite","Stratovolcano","Evidence Uncertain","Unknown",-34.917,-69.981,4999,"Andesite / Basaltic Andesite","Subduction zone / Continental crust (>25 km)","Argentina","Stratovolcano","Holocene?","?","Subduction zone"
357030,"Tinguiririca","Chile","South America Volcanic Regions","Southern Andean Volcanic Arc","Composite","Stratovolcano","Eruption Observed","1917 CE",-34.814,-70.352,4280,"Andesite / Basaltic Andesite","Subduction zone / Continental crust (>25 km)","Chile-C","Stratovolcano","Historical","D2","Subduction zone"
357040,"Planchon-Peteroa","Chile","South America Volcanic Regions","Southern Andean Volcanic Arc","Composite","Stratovolcano(es)","Eruption Observed","2025 CE",-35.223,-70.568,3977,"Andesite / Basaltic Andesite","Subduction zone / Continental crust (>25 km)","Chile-C","Caldera","Historical","D1","Subduction zone"
357041,"Infiernillo","Argentina","South America Volcanic Regions","Southern Andean Volcanic Arc","Cluster","Volcanic field","Eruption Dated","6890 BCE",-35.123,-69.9,3007,"Andesite / Basaltic Andesite","Intraplate / Continental crust (>25 km)","Chile-C","Lava dome","Holocene","U","Intraplate"
357042,"Calabozos","Chile","South America Volcanic Regions","Southern Andean Volcanic Arc","Composite","Caldera","Evidence Credible","Unknown",-35.558,-70.496,3508,"Dacite","Subduction zone / Continental crust (>25 km)","Chile-C","Caldera","Holocene","U","Subduction zone"
357050,"Descabezado Grande","Chile","South America Volcanic Regions","Southern Andean Volcanic Arc","Composite","Stratovolcano(es)","Eruption Observed","1933 CE",-35.58,-70.75,3953,"Andesite / Basaltic Andesite","Subduction zone / Continental crust (>25 km)","Chile-C","Stratovolcano","Historical","D2","Subduction zone"
357060,"Azul, Cerro","Chile","South America Volcanic Regions","Southern Andean Volcanic Arc","Composite","Stratovolcano","Eruption Observed","1967 CE",-35.653,-70.761,3788,"Dacite","Subduction zone / Continental crust (>25 km)","Chile-C","Stratovolcano","Historical","D1","Subduction zone"
357060,"Azul, Cerro","Chile","South America Volcanic Regions","Southern Andean Volcanic Arc","Composite","Stratovolcano","Eruption Observed","1967 CE",-35.653,-70.761,3788,"Dacite","Subduction zone / Continental crust (>25 km)","Galapagos","Shield volcano","Historical","D1","Subduction zone"
357061,"Maule, Laguna del","Chile","South America Volcanic Regions","Southern Andean Volcanic Arc","Caldera","Caldera","Eruption Dated","50 BCE",-36.058,-70.492,2162,"Andesite / Basaltic Andesite","Subduction zone / Continental crust (>25 km)","Chile-C","Stratovolcano","Holocene","U","Subduction zone"
357062,"San Pedro-Pellado","Chile","South America Volcanic Regions","Southern Andean Volcanic Arc","Composite","Stratovolcano(es)","Evidence Credible","Unknown",-35.989,-70.849,3621,"Andesite / Basaltic Andesite","Subduction zone / Continental crust (>25 km)","Chile-C","Stratovolcano","Holocene","U","Subduction zone"
357063,"Longavi, Nevado de","Chile","South America Volcanic Regions","Southern Andean Volcanic Arc","Composite","Stratovolcano","Eruption Dated","4890 BCE",-36.1959,-71.1641,3175,"Andesite / Basaltic Andesite","Subduction zone / Continental crust (>25 km)","Chile-C","Stratovolcano","Holocene","U","Subduction zone"
357064,"Blancas, Lomas","Chile","South America Volcanic Regions","Southern Andean Volcanic Arc","Composite","Stratovolcano","Evidence Credible","Unknown",-36.286,-71.009,2268,"Basalt / Picro-Basalt","Subduction zone / Continental crust (>25 km)","Chile-C","Stratovolcano","Holocene","U","Subduction zone"
357065,"Resago, Volcan","Chile","South America Volcanic Regions","Southern Andean Volcanic Arc","Minor (Basaltic)","Pyroclastic cone","Evidence Credible","Unknown",-36.4606,-70.9033,1890,"Andesite / Basaltic Andesite","Subduction zone / Continental crust (>25 km)","Chile-C","Cinder cone","Holocene","U","Subduction zone"
357066,"Payun Matru","Argentina","South America Volcanic Regions","Southern Andean Volcanic Arc","Cluster","Volcanic field","Eruption Dated","5050 BCE",-36.422,-69.241,3715,"Trachybasalt / Tephrite Basanite","Subduction zone / Continental crust (>25 km)","Argentina","Shield volcano","Holocene","U","Subduction zone"
357070,"Chillan, Nevados de","Chile","South America Volcanic Regions","Southern Andean Volcanic Arc","Composite","Stratovolcano","Eruption Observed","2022 CE",-36.868,-71.378,3180,"Andesite / Basaltic Andesite","Subduction zone / Continental crust (>25 km)","Chile-C","Stratovolcano","Historical","D1","Subduction zone"
357072,"Tromen Volcanic Plateau","Argentina","South America Volcanic Regions","Southern Andean Volcanic Arc","Composite","Stratovolcano(es)","Eruption Observed","1822 CE",-37.144,-70.033,4114,"Andesite / Basaltic Andesite","Subduction zone / Continental crust (>25 km)","Argentina","Pyroclastic cone","Holocene","U","Subduction zone"
357080,"Antuco","Chile","South America Volcanic Regions","Southern Andean Volcanic Arc","Composite","Stratovolcano","Eruption Observed","1869 CE",-37.406,-71.349,2979,"Basalt / Picro-Basalt","Subduction zone / Continental crust (>25 km)","Chile-C","Stratovolcano","Historical","D3","Subduction zone"
357090,"Copahue","Chile-Argentina","South America Volcanic Regions","Southern Andean Volcanic Arc","Composite","Stratovolcano","Eruption Observed","2024 CE",-37.856,-71.183,2953,"Trachybasalt / Tephrite Basanite","Subduction zone / Continental crust (>25 km)","Chile-C","Stratovolcano","Historical","D1","Subduction zone"
357091,"Callaqui","Chile","South America Volcanic Regions","Southern Andean Volcanic Arc","Composite","Stratovolcano","Eruption Observed","1980 CE",-37.9276,-71.4464,3099,"Andesite / Basaltic Andesite","Subduction zone / Continental crust (>25 km)","Chile-C","Stratovolcano","Historical","D1","Subduction zone"
357093,"Tolhuaca","Chile","South America Volcanic Regions","Southern Andean Volcanic Arc","Composite","Stratovolcano","Evidence Credible","4000 BCE",-38.31,-71.645,2739,"Andesite / Basaltic Andesite","Subduction zone / Continental crust (>25 km)","Chile-C","Stratovolcano","Holocene","U","Subduction zone"
357100,"Lonquimay","Chile","South America Volcanic Regions","Southern Andean Volcanic Arc","Composite","Stratovolcano","Eruption Observed","1990 CE",-38.379,-71.586,2832,"Andesite / Basaltic Andesite","Subduction zone / Continental crust (>25 km)","Chile-C","Stratovolcano","Historical","D1","Subduction zone"
357102,"Blanca, Laguna","Argentina","South America Volcanic Regions","Southern Andean Volcanic Arc","Cluster","Volcanic field","Evidence Credible","Unknown",-39.02,-70.37,1700,"Basalt / Picro-Basalt","Intraplate / Continental crust (>25 km)","Argentina","Volcanic field","","Unknown","Intraplate"
357110,"Llaima","Chile","South America Volcanic Regions","Southern Andean Volcanic Arc","Composite","Stratovolcano","Eruption Observed","2009 CE",-38.692,-71.729,3125,"Basalt / Picro-Basalt","Subduction zone / Continental crust (>25 km)","Chile-C","Stratovolcano","Historical","D1","Subduction zone"
357111,"Sollipulli","Chile","South America Volcanic Regions","Southern Andean Volcanic Arc","Caldera","Caldera","Eruption Dated","1240 CE",-38.97,-71.52,2282,"Andesite / Basaltic Andesite","Subduction zone / Continental crust (>25 km)","Chile-C","Caldera","Radiocarbon","D6","Subduction zone"
357112,"Caburgua-Huelemolle","Chile","South America Volcanic Regions","Southern Andean Volcanic Arc","Cluster","Volcanic field","Eruption Dated","5050 BCE",-39.25,-71.75,1652,"Basalt / Picro-Basalt","Subduction zone / Continental crust (>25 km)","Chile-C","Cinder cone","Tephrochronology","D7","Subduction zone"
357120,"Villarrica","Chile","South America Volcanic Regions","Southern Andean Volcanic Arc","Composite","Stratovolcano","Eruption Observed","2025 CE",-39.42,-71.93,2847,"Basalt / Picro-Basalt","Subduction zone / Continental crust (>25 km)","Chile-C","Stratovolcano","Historical","D1","Subduction zone"
357121,"Quetrupillan","Chile","South America Volcanic Regions","Southern Andean Volcanic Arc","Composite","Stratovolcano","Eruption Dated","255 CE",-39.496,-71.722,2360,"Andesite / Basaltic Andesite","Subduction zone / Continental crust (>25 km)","Chile-C","Caldera","Historical","D3","Subduction zone"
357122,"Lanin","Chile-Argentina","South America Volcanic Regions","Southern Andean Volcanic Arc","Composite","Stratovolcano","Eruption Dated","560 CE",-39.637,-71.502,3776,"Trachyandesite / Basaltic Trachyandesite","Subduction zone / Continental crust (>25 km)","Chile-C","Stratovolcano","Holocene","U","Subduction zone"
357123,"Huanquihue Group","Argentina","South America Volcanic Regions","Southern Andean Volcanic Arc","Composite","Stratovolcano(es)","Eruption Dated","1750 CE",-39.887,-71.58,2189,"Basalt / Picro-Basalt","Subduction zone / Continental crust (>25 km)","Argentina","Pyroclastic cone","Holocene","U","Subduction zone"
357130,"Mocho-Choshuenco","Chile","South America Volcanic Regions","Southern Andean Volcanic Arc","Composite","Stratovolcano(es)","Eruption Observed","1937 CE",-39.927,-72.027,2422,"Andesite / Basaltic Andesite","Subduction zone / Continental crust (>25 km)","Chile-C","Stratovolcano","Historical","D2","Subduction zone"
357140,"Carran-Los Venados","Chile","South America Volcanic Regions","Southern Andean Volcanic Arc","Cluster","Pyroclastic cone(s)","Eruption Observed","1979 CE",-40.35,-72.07,1114,"Basalt / Picro-Basalt","Subduction zone / Continental crust (>25 km)","Chile-C","Pyroclastic cone","Historical","D1","Subduction zone"
357150,"Puyehue-Cordon Caulle","Chile","South America Volcanic Regions","Southern Andean Volcanic Arc","Composite","Stratovolcano","Eruption Observed","2012 CE",-40.59,-72.117,2236,"Andesite / Basaltic Andesite","Subduction zone / Continental crust (>25 km)","Chile-C","Stratovolcano","Holocene","U","Subduction zone"
357153,"Antillanca Volcanic Complex","Chile","South America Volcanic Regions","Southern Andean Volcanic Arc","Composite","Stratovolcano(es)","Eruption Dated","230 BCE",-40.783,-72.15,1979,"Basalt / Picro-Basalt","Subduction zone / Continental crust (>25 km)","Chile-C","Stratovolcano","Holocene","U","Subduction zone"
357160,"Puntiagudo-Cordon Cenizos","Chile","South America Volcanic Regions","Southern Andean Volcanic Arc","Composite","Stratovolcano","Eruption Observed","1850 CE",-40.969,-72.264,2493,"Andesite / Basaltic Andesite","Subduction zone / Continental crust (>25 km)","Chile-C","Stratovolcano","Historical","D3","Subduction zone"
358010,"Osorno","Chile","South America Volcanic Regions","Southern Andean Volcanic Arc","Composite","Stratovolcano","Eruption Observed","1869 CE",-41.105,-72.496,2659,"Basalt / Picro-Basalt","Subduction zone / Continental crust (>25 km)","Chile-S","Stratovolcano","Historical","D3","Subduction zone"
358011,"Tronador","Chile-Argentina","South America Volcanic Regions","Southern Andean Volcanic Arc","Composite","Stratovolcano","Evidence Uncertain","Unknown",-41.157,-71.885,3478,"Andesite / Basaltic Andesite","Subduction zone / Continental crust (>25 km)","Chile-S","Stratovolcano","Holocene?","?","Subduction zone"
358012,"Cayutue-La Vigueria","Chile","South America Volcanic Regions","Southern Andean Volcanic Arc","Cluster","Volcanic field","Eruption Dated","190 BCE",-41.3,-72.27,506,"Basalt / Picro-Basalt","Subduction zone / Continental crust (>25 km)","Chile-S","Pyroclastic cones","Tephrochronology","D7","Subduction zone"
358020,"Calbuco","Chile","South America Volcanic Regions","Southern Andean Volcanic Arc","Composite","Stratovolcano","Eruption Observed","2015 CE",-41.33,-72.618,1974,"Andesite / Basaltic Andesite","Subduction zone / Continental crust (>25 km)","Chile-S","Stratovolcano","Historical","D2","Subduction zone"
358022,"Yate","Chile","South America Volcanic Regions","Southern Andean Volcanic Arc","Composite","Stratovolcano","Eruption Dated","1090 CE",-41.755,-72.396,2187,"Andesite / Basaltic Andesite","Subduction zone / Continental crust (>25 km)","Chile-S","Stratovolcano","Holocene","U","Subduction zone"
358023,"Hornopiren","Chile","South America Volcanic Regions","Southern Andean Volcanic Arc","Composite","Stratovolcano","Eruption Dated","340 CE",-41.874,-72.431,1572,"Andesite / Basaltic Andesite","Subduction zone / Continental crust (>25 km)","Chile-S","Stratovolcano","Holocene","Unknown","Subduction zone"
358024,"Apagado","Chile","South America Volcanic Regions","Southern Andean Volcanic Arc","Minor","Pyroclastic cone","Eruption Dated","590 BCE",-41.88,-72.58,1210,"Basalt / Picro-Basalt","Subduction zone / Continental crust (>25 km)","Argentina","Cinder cone","Holocene","U","Subduction zone"
358025,"Crater Basalt Volcanic Field","Argentina","South America Volcanic Regions","Southern Andean Volcanic Arc","Cluster","Volcanic field","Evidence Credible","Unknown",-42.018,-70.194,1344,"Trachybasalt / Tephrite Basanite","Intraplate / Continental crust (>25 km)","Chile-S/Argentina","Cinder cones","Holocene","U","Intraplate"
358030,"Huequi","Chile","South America Volcanic Regions","Southern Andean Volcanic Arc","Minor","Lava dome(s)","Eruption Observed","1920 CE",-42.377,-72.578,1318,"Andesite / Basaltic Andesite","Subduction zone / Continental crust (>25 km)","Chile-S","Stratovolcano","Historical","D2","Subduction zone"
358040,"Michinmahuida","Chile","South America Volcanic Regions","Southern Andean Volcanic Arc","Composite","Stratovolcano","Eruption Observed","1835 CE",-42.799,-72.445,2452,"Andesite / Basaltic Andesite","Subduction zone / Continental crust (>25 km)","Chile-S","Stratovolcano","Historical","D3","Subduction zone"
358041,"Chaiten","Chile","South America Volcanic Regions","Southern Andean Volcanic Arc","Caldera","Caldera","Eruption Observed","2011 CE",-42.8349,-72.6514,1122,"Rhyolite","Subduction zone / Continental crust (>25 km)","Chile-S","Caldera","Holocene","D1","Subduction zone"
358049,"Yanteles","Chile","South America Volcanic Regions","Southern Andean Volcanic Arc","Composite","Stratovolcano(es)","Eruption Dated","6650 BCE",-43.469,-72.782,1790,"Andesite / Basaltic Andesite","Subduction zone / Continental crust (>25 km)","Chile-S","Stratovolcano","Historical","D3","Subduction zone"
358050,"Corcovado","Chile","South America Volcanic Regions","Southern Andean Volcanic Arc","Composite","Stratovolcano","Eruption Dated","4920 BCE",-43.189,-72.794,1826,"Andesite / Basaltic Andesite","Subduction zone / Continental crust (>25 km)","Chile-S","Stratovolcanoes","Radiocarbon","D7","Subduction zone"
358052,"Melimoyu","Chile","South America Volcanic Regions","Southern Andean Volcanic Arc","Composite","Stratovolcano","Eruption Dated","200 CE",-44.08,-72.88,2400,"Andesite / Basaltic Andesite","Subduction zone / Continental crust (>25 km)","Chile-S","Cinder cone","Holocene","U","Subduction zone"
358053,"Puyuhuapi","Chile","South America Volcanic Regions","Southern Andean Volcanic Arc","Minor","Pyroclastic cone(s)","Evidence Credible","Unknown",-44.3,-72.53,524,"Basalt / Picro-Basalt","Subduction zone / Continental crust (>25 km)","Chile-S","Stratovolcano","Holocene","U","Subduction zone"
358054,"Mentolat","Chile","South America Volcanic Regions","Southern Andean Volcanic Arc","Composite","Stratovolcano","Eruption Observed","1710 CE",-44.6931,-73.0767,1603,"Andesite / Basaltic Andesite","Subduction zone / Continental crust (>25 km)","Chile-S","Cinder cone","Holocene","U","Subduction zone"
358055,"Cay","Chile","South America Volcanic Regions","Southern Andean Volcanic Arc","Composite","Stratovolcano","Evidence Uncertain","Unknown",-45.059,-72.984,2090,"Andesite / Basaltic Andesite","Subduction zone / Continental crust (>25 km)","Chile-S","Stratovolcano","Holocene","Unknown","Subduction zone"
358056,"Maca","Chile","South America Volcanic Regions","Southern Andean Volcanic Arc","Composite","Stratovolcano","Eruption Dated","1560 CE",-45.1,-73.17,2960,"Basalt / Picro-Basalt","Subduction zone / Continental crust (>25 km)","Chile-S","Stratovolcano","Holocene","U","Subduction zone"
358057,"Hudson, Cerro","Chile","South America Volcanic Regions","Southern Andean Volcanic Arc","Composite","Stratovolcano","Eruption Observed","2011 CE",-45.9,-72.97,1905,"Basalt / Picro-Basalt","Subduction zone / Continental crust (>25 km)","Chile-S","Stratovolcano","Historical","D1","Subduction zone"
358060,"Lautaro","Chile","South America Volcanic Regions","Austral Andean Volcanic Arc","Composite","Stratovolcano","Eruption Observed","1979 CE",-49.019,-73.504,3542,"Dacite","Subduction zone / Continental crust (>25 km)","Chile-S","Stratovolcano","Historical","D2","Subduction zone"
358062,"Aguilera","Chile","South America Volcanic Regions","Austral Andean Volcanic Arc","Composite","Stratovolcano","Eruption Dated","1253 BCE",-50.33,-73.75,2546,"Dacite","Subduction zone / Continental crust (>25 km)","Chile-S","Stratovolcano","Radiocarbon","D7","Subduction zone"
358063,"Reclus","Chile","South America Volcanic Regions","Austral Andean Volcanic Arc","Composite","Pyroclastic cone","Eruption Observed","1908 CE",-50.9395,-73.5802,1403,"Dacite","Subduction zone / Continental crust (>25 km)","Chile-S","Stratovolcano","Radiocarbon","D7","Subduction zone"
358064,"Meullin","Chile","South America Volcanic Regions","Southern Andean Volcanic Arc","Cluster","Volcanic field","Evidence Credible","Unknown",-45.22,-73.05,1080,"Basalt / Picro-Basalt","Subduction zone / Continental crust (>25 km)","Chile-S","Volcanic field","","Unknown","Subduction zone"
358070,"Burney, Monte","Chile","South America Volcanic Regions","Austral Andean Volcanic Arc","Composite","Stratovolcano","Eruption Observed","1910 CE",-52.33,-73.4,1758,"Andesite / Basaltic Andesite","Subduction zone / Continental crust (>25 km)","Chile-S","Stratovolcano","Historical","D2","Subduction zone"
358080,"Pali-Aike Volcanic Field","Chile-Argentina","South America Volcanic Regions","Austral Andean Volcanic Arc","Cluster","Volcanic field","Eruption Dated","5550 BCE",-52.082,-69.698,282,"Basalt / Picro-Basalt","Subduction zone / Continental crust (>25 km)","Chile-S","Cinder cone","Anthropology","D7","Subduction zone"
358090,"Fueguino","Chile","South America Volcanic Regions","Austral Andean Volcanic Arc","Minor (Silicic)","Lava dome(s)","Eruption Observed","1820 CE",-54.97,-70.262,157,"Andesite / Basaltic Andesite","Subduction zone / Continental crust (>25 km)","Chile-S","Lava dome","Holocene","U","Subduction zone"
360010,"Saba","Netherlands","Middle America-Caribbean Volcanic Regions","Lesser Antilles Volcanic Arc","Composite","Stratovolcano","Eruption Observed","1640 CE",17.63,-63.23,887,"Andesite / Basaltic Andesite","Subduction zone / Oceanic crust (< 15 km)","W Indies","Stratovolcano","Historical","D5","Subduction zone"
360020,"Quill, The","Netherlands","Middle America-Caribbean Volcanic Regions","Lesser Antilles Volcanic Arc","Composite","Stratovolcano","Eruption Dated","250 CE",17.478,-62.96,601,"Andesite / Basaltic Andesite","Subduction zone / Oceanic crust (< 15 km)","W Indies","Stratovolcano","Radiocarbon","D6","Subduction zone"
360030,"Liamuiga","Saint Kitts and Nevis","Middle America-Caribbean Volcanic Regions","Lesser Antilles Volcanic Arc","Composite","Stratovolcano","Eruption Dated","160 CE",17.37,-62.8,1156,"Andesite / Basaltic Andesite","Subduction zone / Oceanic crust (< 15 km)","W Indies","Stratovolcano","Radiocarbon","D6","Subduction zone"
360040,"Nevis Peak","Saint Kitts and Nevis","Middle America-Caribbean Volcanic Regions","Lesser Antilles Volcanic Arc","Composite","Stratovolcano","Evidence Uncertain","Unknown",17.15,-62.58,985,"Andesite / Basaltic Andesite","Subduction zone / Oceanic crust (< 15 km)","W Indies","Stratovolcano","Holocene","U","Subduction zone"
360050,"Soufriere Hills","United Kingdom","Middle America-Caribbean Volcanic Regions","Lesser Antilles Volcanic Arc","Composite","Stratovolcano","Eruption Observed","2013 CE",16.72,-62.18,915,"Andesite / Basaltic Andesite","Subduction zone / Oceanic crust (< 15 km)","W Indies","Stratovolcano","Historical","D1","Subduction zone"
360060,"Soufriere Guadeloupe","France","Middle America-Caribbean Volcanic Regions","Lesser Antilles Volcanic Arc","Composite","Stratovolcano","Eruption Observed","1977 CE",16.044,-61.664,1467,"Andesite / Basaltic Andesite","Subduction zone / Oceanic crust (< 15 km)","W Indies","Stratovolcano","Historical","D1","Subduction zone"
360080,"Diables, Morne aux","Dominica","Middle America-Caribbean Volcanic Regions","Lesser Antilles Volcanic Arc","Minor","Lava dome(s)","Evidence Credible","Unknown",15.612,-61.43,861,"Andesite / Basaltic Andesite","Subduction zone / Oceanic crust (< 15 km)","W Indies","Stratovolcano","Fumarolic","U","Subduction zone"
360090,"Diablotins, Morne","Dominica","Middle America-Caribbean Volcanic Regions","Lesser Antilles Volcanic Arc","Composite","Stratovolcano","Evidence Uncertain","Unknown",15.503,-61.397,1430,"Andesite / Basaltic Andesite","Subduction zone / Oceanic crust (< 15 km)","W Indies","Stratovolcano","Holocene","U","Subduction zone"
360100,"Trois Pitons, Morne","Dominica","Middle America-Caribbean Volcanic Regions","Lesser Antilles Volcanic Arc","Composite","Complex","Eruption Dated","920 CE",15.37,-61.33,1387,"Andesite / Basaltic Andesite","Subduction zone / Oceanic crust (< 15 km)","W Indies","Lava dome","Historical","D3","Subduction zone"
360101,"Watt, Morne","Dominica","Middle America-Caribbean Volcanic Regions","Lesser Antilles Volcanic Arc","Composite","Stratovolcano(es)","Eruption Observed","1997 CE",15.307,-61.305,1224,"Andesite / Basaltic Andesite","Subduction zone / Oceanic crust (< 15 km)","W Indies","Stratovolcanoes","Historical","D2","Subduction zone"
360110,"Plat Pays, Morne","Dominica","Middle America-Caribbean Volcanic Regions","Lesser Antilles Volcanic Arc","Composite","Stratovolcano","Eruption Dated","1270 CE",15.255,-61.341,940,"Dacite","Subduction zone / Oceanic crust (< 15 km)","W Indies","Stratovolcano","Radiocarbon","D5","Subduction zone"
360120,"Pelee","France","Middle America-Caribbean Volcanic Regions","Lesser Antilles Volcanic Arc","Composite","Stratovolcano","Eruption Observed","1932 CE",14.809,-61.166,1372,"Andesite / Basaltic Andesite","Subduction zone / Oceanic crust (< 15 km)","W Indies","Stratovolcano","Historical","D2","Subduction zone"
360140,"Qualibou","Saint Lucia","Middle America-Caribbean Volcanic Regions","Lesser Antilles Volcanic Arc","Caldera","Caldera","Eruption Observed","1766 CE",13.83,-61.05,777,"Andesite / Basaltic Andesite","Subduction zone / Oceanic crust (< 15 km)","W Indies","Caldera","Historical","D4","Subduction zone"
360150,"Soufriere St. Vincent","Saint Vincent and the Grenadines","Middle America-Caribbean Volcanic Regions","Lesser Antilles Volcanic Arc","Composite","Stratovolcano","Eruption Observed","2021 CE",13.33,-61.18,1220,"Andesite / Basaltic Andesite","Subduction zone / Oceanic crust (< 15 km)","W Indies","Stratovolcano","Historical","D1","Subduction zone"
360160,"Kick 'em Jenny","Grenada","Middle America-Caribbean Volcanic Regions","Lesser Antilles Volcanic Arc","Composite","Complex","Eruption Observed","2017 CE",12.3,-61.64,-185,"Basalt / Picro-Basalt","Subduction zone / Oceanic crust (< 15 km)","W Indies","Submarine volcano","Historical","D1","Subduction zone"
360170,"St. Catherine","Grenada","Middle America-Caribbean Volcanic Regions","Lesser Antilles Volcanic Arc","Composite","Stratovolcano","Evidence Credible","Unknown",12.15,-61.67,840,"Andesite / Basaltic Andesite","Subduction zone / Oceanic crust (< 15 km)","W Indies","Stratovolcano","Holocene","U","Subduction zone"
370010,"Snaefellsjokull","Iceland","Atlantic Ocean Volcanic Regions","Iceland Neovolcanic Rift Volcanic Province","Composite","Stratovolcano","Eruption Dated","200 CE",64.8,-23.783,1446,NA,"Rift zone / Oceanic crust (< 15 km)","Iceland-W","Stratovolcano","Radiocarbon","D6","Rift zone"
370020,"Helgrindur","Iceland","Atlantic Ocean Volcanic Regions","Iceland Neovolcanic Rift Volcanic Province","Cluster","Volcanic field","Evidence Credible","Unknown",64.866,-23.283,986,"Basalt / Picro-Basalt","Rift zone / Oceanic crust (< 15 km)","Iceland-W","Pyroclastic cone","Holocene","U","Rift zone"
370030,"Ljosufjoll","Iceland","Atlantic Ocean Volcanic Regions","Iceland Neovolcanic Rift Volcanic Province","Cluster","Volcanic field","Eruption Dated","960 CE",64.9,-22.483,1063,"Basalt / Picro-Basalt","Rift zone / Oceanic crust (< 15 km)","Iceland-W","Fissure vent","Anthropology","D6","Rift zone"
371020,"Reykjanes","Iceland","Atlantic Ocean Volcanic Regions","Iceland Neovolcanic Rift Volcanic Province","Cluster","Crater rows","Eruption Observed","2025 CE",63.817,-22.717,140,"Basalt / Picro-Basalt","Rift zone / Oceanic crust (< 15 km)","Iceland-SW","Crater rows","Historical","D6","Rift zone"
371022,"Eldey","Iceland","Atlantic Ocean Volcanic Regions","Iceland Neovolcanic Rift Volcanic Province","Cluster","Fissure vent","Eruption Observed","1926 CE",63.733,-23,70,NA,"Rift zone / Oceanic crust (< 15 km)","Iceland-SW","Submarine","","D2","Rift zone"
371030,"Krysuvik-Trolladyngja","Iceland","Atlantic Ocean Volcanic Regions","Iceland Neovolcanic Rift Volcanic Province","Cluster","Crater rows","Eruption Observed","1340 CE",63.917,-22.067,360,"Basalt / Picro-Basalt","Rift zone / Oceanic crust (< 15 km)","Iceland-SW","Crater rows","Historical","D6","Rift zone"
371032,"Fagradalsfjall","Iceland","Atlantic Ocean Volcanic Regions","Iceland Neovolcanic Rift Volcanic Province","Cluster","Fissure vent","Eruption Observed","2023 CE",63.895,-22.258,250,NA,"Rift zone / Oceanic crust (< 15 km)","Atlantic-N","Fissure vent","Holocene","D1","Rift zone"
371040,"Brennisteinsfjoll","Iceland","Atlantic Ocean Volcanic Regions","Iceland Neovolcanic Rift Volcanic Province","Cluster","Crater rows","Eruption Observed","1341 CE",63.933,-21.783,610,"Basalt / Picro-Basalt","Rift zone / Oceanic crust (< 15 km)","Iceland-SW","Crater rows","Historical","D6","Rift zone"
371050,"Hengill","Iceland","Atlantic Ocean Volcanic Regions","Iceland Neovolcanic Rift Volcanic Province","Cluster","Crater rows","Eruption Dated","150 CE",64.083,-21.416,803,"Basalt / Picro-Basalt","Rift zone / Oceanic crust (< 15 km)","Iceland-SW","Crater rows","Radiocarbon","D6","Rift zone"
371051,"Hromundartindur","Iceland","Atlantic Ocean Volcanic Regions","Iceland Neovolcanic Rift Volcanic Province","Composite","Stratovolcano","Evidence Uncertain","Unknown",64.083,-21.333,550,"Basalt / Picro-Basalt","Rift zone / Oceanic crust (< 15 km)","Iceland-S","Stratovolcano","Holocene?","?","Rift zone"
371060,"Grimsnes","Iceland","Atlantic Ocean Volcanic Regions","Iceland Neovolcanic Rift Volcanic Province","Cluster","Volcanic field","Eruption Dated","3500 BCE",64.05,-20.883,200,"Basalt / Picro-Basalt","Rift zone / Oceanic crust (< 15 km)","Iceland-SW","Crater rows","Tephrochronology","D7","Rift zone"
371070,"Prestahnukur","Iceland","Atlantic Ocean Volcanic Regions","Iceland Neovolcanic Rift Volcanic Province","Cluster","Fissure vent(s)","Eruption Dated","3350 BCE",64.583,-20.666,1385,"Basalt / Picro-Basalt","Rift zone / Oceanic crust (< 15 km)","Iceland-SW","Subglacial volcano","Radiocarbon","D7","Rift zone"
371080,"Oddnyjarhnjukur-Langjokull","Iceland","Atlantic Ocean Volcanic Regions","Iceland Neovolcanic Rift Volcanic Province","Cluster","Fissure vent(s)","Eruption Dated","950 CE",64.85,-19.7,1100,"Basalt / Picro-Basalt","Rift zone / Oceanic crust (< 15 km)","Iceland-SW","Stratovolcano","Radiocarbon","D6","Rift zone"
371090,"Hofsjokull","Iceland","Atlantic Ocean Volcanic Regions","Iceland Neovolcanic Rift Volcanic Province","Cluster","Fissure vent(s)","Evidence Credible","Unknown",64.833,-18.766,1765,"Basalt / Picro-Basalt","Rift zone / Oceanic crust (< 15 km)","Iceland-SW","Subglacial volcano","Holocene","U","Rift zone"
372010,"Vestmannaeyjar","Iceland","Atlantic Ocean Volcanic Regions","Iceland Neovolcanic Rift Volcanic Province","Cluster","Fissure vent(s)","Eruption Observed","1973 CE",63.416,-20.266,283,"Basalt / Picro-Basalt","Rift zone / Oceanic crust (< 15 km)","Iceland-S","Submarine volcano","Historical","D1","Rift zone"
372020,"Eyjafjallajokull","Iceland","Atlantic Ocean Volcanic Regions","Iceland Neovolcanic Rift Volcanic Province","Composite","Stratovolcano","Eruption Observed","2010 CE",63.633,-19.633,1651,"Basalt / Picro-Basalt","Rift zone / Oceanic crust (< 15 km)","Iceland-S","Stratovolcano","Historical","D1","Rift zone"
372030,"Katla","Iceland","Atlantic Ocean Volcanic Regions","Iceland Neovolcanic Rift Volcanic Province","Cluster","Fissure vent(s)","Eruption Observed","1918 CE",63.633,-19.083,1490,"Basalt / Picro-Basalt","Rift zone / Oceanic crust (< 15 km)","Iceland-S","Subglacial volcano","Historical","D2","Rift zone"
372040,"Tindfjallajokull","Iceland","Atlantic Ocean Volcanic Regions","Iceland Neovolcanic Rift Volcanic Province","Composite","Stratovolcano","Evidence Uncertain","Unknown",63.783,-19.716,1464,"Basalt / Picro-Basalt","Rift zone / Oceanic crust (< 15 km)","Iceland-S","Stratovolcano","Holocene","U","Rift zone"
372050,"Torfajokull","Iceland","Atlantic Ocean Volcanic Regions","Iceland Neovolcanic Rift Volcanic Province","Composite","Stratovolcano","Eruption Observed","1477 CE",63.892,-19.122,1280,"Rhyolite","Rift zone / Oceanic crust (< 15 km)","Iceland-S","Stratovolcano","Historical","D6","Rift zone"
372070,"Hekla","Iceland","Atlantic Ocean Volcanic Regions","Iceland Neovolcanic Rift Volcanic Province","Composite","Stratovolcano","Eruption Observed","2000 CE",63.983,-19.666,1490,"Andesite / Basaltic Andesite","Rift zone / Oceanic crust (< 15 km)","Iceland-S","Stratovolcano","Historical","D1","Rift zone"
373010,"Grimsvotn","Iceland","Atlantic Ocean Volcanic Regions","Iceland Neovolcanic Rift Volcanic Province","Caldera","Caldera","Eruption Observed","2011 CE",64.416,-17.316,1719,"Basalt / Picro-Basalt","Rift zone / Oceanic crust (< 15 km)","Iceland-NE","Caldera","Historical","D1","Rift zone"
373012,"Thordarhyrna","Iceland","Atlantic Ocean Volcanic Regions","Iceland Neovolcanic Rift Volcanic Province","Composite","Stratovolcano","Eruption Observed","1904 CE",64.267,-17.617,1650,NA,"Rift zone / Oceanic crust (< 15 km)","Iceland-NE","Stratovolcano","","D2","Rift zone"
373012,"Thordarhyrna","Iceland","Atlantic Ocean Volcanic Regions","Iceland Neovolcanic Rift Volcanic Province","Composite","Stratovolcano","Eruption Observed","1904 CE",64.267,-17.617,1650,NA,"Rift zone / Oceanic crust (< 15 km)","Iceland-S","Stratovolcano","Historical","D2","Rift zone"
373030,"Bardarbunga","Iceland","Atlantic Ocean Volcanic Regions","Iceland Neovolcanic Rift Volcanic Province","Composite","Stratovolcano","Eruption Observed","2015 CE",64.633,-17.516,2000,"Basalt / Picro-Basalt","Rift zone / Oceanic crust (< 15 km)","Iceland-NE","Stratovolcano","Historical","D2","Rift zone"
373040,"Tungnafellsjokull","Iceland","Atlantic Ocean Volcanic Regions","Iceland Neovolcanic Rift Volcanic Province","Composite","Stratovolcano","Evidence Credible","Unknown",64.75,-17.916,1523,"Basalt / Picro-Basalt","Rift zone / Oceanic crust (< 15 km)","Iceland-NE","Stratovolcano","Holocene","U","Rift zone"
373050,"Kverkfjoll","Iceland","Atlantic Ocean Volcanic Regions","Iceland Neovolcanic Rift Volcanic Province","Composite","Stratovolcano","Eruption Observed","1968 CE",64.653,-16.647,1930,"Basalt / Picro-Basalt","Rift zone / Oceanic crust (< 15 km)","Iceland-NE","Stratovolcano","Historical","D1","Rift zone"
373060,"Askja","Iceland","Atlantic Ocean Volcanic Regions","Iceland Neovolcanic Rift Volcanic Province","Composite","Stratovolcano","Eruption Observed","1961 CE",65.033,-16.783,1080,"Basalt / Picro-Basalt","Rift zone / Oceanic crust (< 15 km)","Iceland-NE","Stratovolcano","Historical","D2","Rift zone"
373070,"Fremrinamar","Iceland","Atlantic Ocean Volcanic Regions","Iceland Neovolcanic Rift Volcanic Province","Composite","Stratovolcano","Eruption Dated","1200 BCE",65.416,-16.666,970,"Basalt / Picro-Basalt","Rift zone / Oceanic crust (< 15 km)","Iceland-NE","Stratovolcano","Tephrochronology","D7","Rift zone"
373080,"Krafla","Iceland","Atlantic Ocean Volcanic Regions","Iceland Neovolcanic Rift Volcanic Province","Cluster","Caldera","Eruption Observed","1984 CE",65.715,-16.728,800,"Basalt / Picro-Basalt","Rift zone / Oceanic crust (< 15 km)","Iceland-NE","Caldera","Historical","D1","Rift zone"
373082,"Heidarspordar","Iceland","Atlantic Ocean Volcanic Regions","Iceland Neovolcanic Rift Volcanic Province","Cluster","Fissure vent","Eruption Dated","300 BCE",65.583,-16.817,490,NA,"Rift zone / Oceanic crust (< 15 km)","Iceland-NE","Fissure vent","","D7","Rift zone"
373090,"Theistareykir","Iceland","Atlantic Ocean Volcanic Regions","Iceland Neovolcanic Rift Volcanic Province","Shield","Shield","Eruption Dated","900 BCE",65.883,-16.967,563,"Basalt / Picro-Basalt","Rift zone / Oceanic crust (< 15 km)","Iceland","Shield volcano","Tephrochronology","D7","Rift zone"
373100,"Tjornes Fracture Zone","Iceland","Atlantic Ocean Volcanic Regions","Arctic Ridge Volcanic Province","Cluster","Fissure vent","Eruption Observed","1868 CE",66.309,-17.118,-75,"Basalt / Picro-Basalt","Rift zone / Oceanic crust (< 15 km)","Iceland-N of","Submarine volcano","Historical","D3","Rift zone"
374010,"Oraefajokull","Iceland","Atlantic Ocean Volcanic Regions","Iceland Neovolcanic Rift Volcanic Province","Composite","Stratovolcano","Eruption Observed","1728 CE",64,-16.65,2010,"Basalt / Picro-Basalt","Rift zone / Oceanic crust (< 15 km)","Iceland-SE","Stratovolcano","Historical","D4","Rift zone"
374020,"Esjufjoll","Iceland","Atlantic Ocean Volcanic Regions","Iceland Neovolcanic Rift Volcanic Province","Composite","Stratovolcano","Unrest / Holocene","Unknown",64.25,-16.583,1620,"Basalt / Picro-Basalt","Rift zone / Oceanic crust (< 15 km)","Iceland-SE","Stratovolcano","Historical","D2","Rift zone"
374801,"Snaefell","Iceland","Atlantic Ocean Volcanic Regions","Iceland Neovolcanic Rift Volcanic Province","Composite","Stratovolcano","Evidence Uncertain","Unknown",64.798,-15.56,1833,NA,"Rift zone / Oceanic crust (< 15 km)","Iceland-NE","Stratovolcano","Holocene","Unknown","Rift zone"
375010,"Kolbeinsey Ridge","Iceland","Atlantic Ocean Volcanic Regions","Arctic Ridge Volcanic Province","Cluster","Fissure vent","Eruption Observed","1755 CE",66.67,-18.5,5,"Basalt / Picro-Basalt","Rift zone / Oceanic crust (< 15 km)","Iceland-N of","Submarine volcano","Historical","D4","Rift zone"
376010,"Jan Mayen","Norway","Atlantic Ocean Volcanic Regions","Arctic Ridge Volcanic Province","Composite","Stratovolcano","Eruption Observed","1985 CE",71.082,-8.155,2197,"Basalt / Picro-Basalt","Rift zone / Oceanic crust (< 15 km)","Atlantic-N-Jan Mayen","Stratovolcano","Historical","D1","Rift zone"
377020,"East Gakkel Ridge at 85°E","Undersea Features","Atlantic Ocean Volcanic Regions","Arctic Ridge Volcanic Province","Cluster","Fissure vent","Evidence Credible","1999 CE",85.608,85.25,-3800,"No Data (checked)","Rift zone / Oceanic crust (< 15 km)","Arctic Ocean","Submarine volcano","Holocene","U","Rift zone"
381040,"Pico Fracture Zone","Undersea Features","Atlantic Ocean Volcanic Regions","Azores-Terceira Rift Volcanic Province","Cluster","Fissure vent","Eruption Observed","1865 CE",38.75,-38.08,-4200,"No Data (checked)","Intraplate / Oceanic crust (< 15 km)","Atlantic-N","Submarine volcano","Historical","D3","Intraplate"
382001,"Flores","Portugal","Atlantic Ocean Volcanic Regions","Azores-Terceira Rift Volcanic Province","Composite","Stratovolcano(es)","Eruption Dated","950 BCE",39.462,-31.216,914,"Basalt / Picro-Basalt","Intraplate / Continental crust (>25 km)","Azores","Stratovolcano","Radiocarbon","D7","Intraplate"
382001,"Flores","Portugal","Atlantic Ocean Volcanic Regions","Azores-Terceira Rift Volcanic Province","Composite","Stratovolcano(es)","Eruption Dated","950 BCE",39.462,-31.216,914,"Basalt / Picro-Basalt","Intraplate / Continental crust (>25 km)","Guatemala","Volcanic field","Holocene","U","Intraplate"
382010,"Fayal","Portugal","Atlantic Ocean Volcanic Regions","Azores-Terceira Rift Volcanic Province","Composite","Stratovolcano","Eruption Observed","1958 CE",38.576,-28.713,1041,"Andesite / Basaltic Andesite","Rift zone / Oceanic crust (< 15 km)","Azores","Stratovolcano","Historical","D2","Rift zone"
382020,"Pico","Portugal","Atlantic Ocean Volcanic Regions","Azores-Terceira Rift Volcanic Province","Composite","Stratovolcano","Eruption Observed","1720 CE",38.47,-28.4,2351,"Basalt / Picro-Basalt","Rift zone / Oceanic crust (< 15 km)","Azores","Stratovolcano","Historical","D4","Rift zone"
382030,"Sao Jorge","Portugal","Atlantic Ocean Volcanic Regions","Azores-Terceira Rift Volcanic Province","Cluster","Fissure vent","Eruption Observed","1902 CE",38.65,-28.08,1053,"Basalt / Picro-Basalt","Rift zone / Oceanic crust (< 15 km)","Azores","Fissure vent","Historical","D2","Rift zone"
382040,"Graciosa","Portugal","Atlantic Ocean Volcanic Regions","Azores-Terceira Rift Volcanic Province","Composite","Stratovolcano","Eruption Dated","1950 BCE",39.02,-27.97,402,"Basalt / Picro-Basalt","Rift zone / Oceanic crust (< 15 km)","Azores","Stratovolcano","Holocene","U","Rift zone"
382050,"Terceira","Portugal","Atlantic Ocean Volcanic Regions","Azores-Terceira Rift Volcanic Province","Composite","Stratovolcano(es)","Eruption Observed","2000 CE",38.73,-27.32,1023,"Basalt / Picro-Basalt","Rift zone / Oceanic crust (< 15 km)","Azores","Stratovolcano","Historical","D1","Rift zone"
382070,"Don Joao de Castro Bank","Portugal","Atlantic Ocean Volcanic Regions","Azores-Terceira Rift Volcanic Province","Shield","Shield","Eruption Observed","1720 CE",38.23,-26.63,-13,"Basalt / Picro-Basalt","Rift zone / Oceanic crust (< 15 km)","Azores","Submarine volcano","Historical","D4","Rift zone"
382080,"Sete Cidades","Portugal","Atlantic Ocean Volcanic Regions","Azores-Terceira Rift Volcanic Province","Composite","Stratovolcano","Eruption Observed","1880 CE",37.865,-25.785,842,"Trachyte / Trachydacite","Rift zone / Oceanic crust (< 15 km)","Azores","Stratovolcano","Historical","D3","Rift zone"
382081,"Picos Fissural Volcanic System","Portugal","Atlantic Ocean Volcanic Regions","Azores-Terceira Rift Volcanic Province","Cluster","Fissure vent","Eruption Observed","1652 CE",37.78,-25.67,350,"Trachybasalt / Tephrite Basanite","Rift zone / Oceanic crust (< 15 km)","Azores","Pyroclastic cone","Historical","D5","Rift zone"
382090,"Agua de Pau","Portugal","Atlantic Ocean Volcanic Regions","Azores-Terceira Rift Volcanic Province","Composite","Stratovolcano","Eruption Observed","1564 CE",37.77,-25.47,947,"Trachyte / Trachydacite","Rift zone / Oceanic crust (< 15 km)","Azores","Stratovolcano","Historical","D5","Rift zone"
382100,"Furnas","Portugal","Atlantic Ocean Volcanic Regions","Azores-Terceira Rift Volcanic Province","Composite","Stratovolcano","Eruption Observed","1630 CE",37.77,-25.32,805,"Trachyte / Trachydacite","Rift zone / Oceanic crust (< 15 km)","Azores","Stratovolcano","Historical","D5","Rift zone"
382110,"Monaco Bank","Portugal","Atlantic Ocean Volcanic Regions","Azores-Terceira Rift Volcanic Province","Cluster","Fissure vent","Eruption Observed","1911 CE",37.6,-25.88,-197,"No Data (checked)","Rift zone / Oceanic crust (< 15 km)","Azores","Submarine volcano","Historical","D2","Rift zone"
382120,"Madeira","Portugal","Northern Africa Volcanic Regions","Madeira Hotspot Volcano Group","Shield","Shield","Eruption Dated","4500 BCE",32.73,-16.97,1862,"Basalt / Picro-Basalt","Intraplate / Oceanic crust (< 15 km)","Azores","Shield volcano","Radiocarbon","D7","Intraplate"
383010,"La Palma","Spain","Northern Africa Volcanic Regions","Canary Volcanic Province","Composite","Stratovolcano(es)","Eruption Observed","2021 CE",28.57,-17.83,2426,"Trachybasalt / Tephrite Basanite","Intraplate / Oceanic crust (< 15 km)","Canary Is","Stratovolcano","Historical","D1","Intraplate"
383020,"Hierro","Spain","Northern Africa Volcanic Regions","Canary Volcanic Province","Shield","Shield","Eruption Observed","2012 CE",27.73,-18.03,1500,"Trachybasalt / Tephrite Basanite","Intraplate / Oceanic crust (< 15 km)","Canary Is","Shield volcano","Historical","D4","Intraplate"
383030,"Tenerife","Spain","Northern Africa Volcanic Regions","Canary Volcanic Province","Composite","Stratovolcano","Eruption Observed","1909 CE",28.271,-16.641,3715,"Phonolite","Intraplate / Oceanic crust (< 15 km)","Canary Is","Stratovolcano","Historical","D2","Intraplate"
383040,"Gran Canaria","Spain","Northern Africa Volcanic Regions","Canary Volcanic Province","Cluster","Fissure vent(s)","Eruption Dated","40 CE",28,-15.58,1950,"Trachybasalt / Tephrite Basanite","Intraplate / Intermediate crust (15-25 km)","Canary Is","Fissure vent","Radiocarbon","D7","Intraplate"
383050,"Fuerteventura","Spain","Northern Africa Volcanic Regions","Canary Volcanic Province","Cluster","Fissure vent(s)","Evidence Credible","Unknown",28.358,-14.02,529,"Basalt / Picro-Basalt","Intraplate / Intermediate crust (15-25 km)","Canary Is","Fissure vent","Holocene","U","Intraplate"
383060,"Lanzarote","Spain","Northern Africa Volcanic Regions","Canary Volcanic Province","Cluster","Fissure vent(s)","Eruption Observed","1824 CE",29.03,-13.63,670,"Basalt / Picro-Basalt","Intraplate / Intermediate crust (15-25 km)","Canary Is","Fissure vent","Historical","D3","Intraplate"
384010,"Fogo","Cabo Verde","Northern Africa Volcanic Regions","Cape Verde Hotspot Volcano Group","Composite","Stratovolcano","Eruption Observed","2015 CE",14.95,-24.35,2829,"Foidite","Intraplate / Intermediate crust (15-25 km)","Cape Verde Is","Stratovolcano","Historical","D1","Intraplate"
384020,"Brava","Cabo Verde","Northern Africa Volcanic Regions","Cape Verde Hotspot Volcano Group","Composite","Stratovolcano","Evidence Credible","Unknown",14.8514,-24.7041,956,"Foidite","Intraplate / Intermediate crust (15-25 km)","Cape Verde Is","Stratovolcano","Holocene","U","Intraplate"
385030,"Romanche Fracture Zone","Undersea Features","Atlantic Ocean Volcanic Regions","Central Mid-Atlantic Rift Volcanic Province","Cluster","Fissure vent","Evidence Uncertain","Unknown",-0.433,-19.596,-1528,"No Data (checked)","Rift zone / Oceanic crust (< 15 km)","Atlantic-C","Submarine volcano","Historical","D3","Rift zone"
385050,"Ascension","United Kingdom","Atlantic Ocean Volcanic Regions","Central Mid-Atlantic Rift Volcanic Province","Composite","Stratovolcano","Eruption Dated","1508 CE",-7.9458,-14.3667,822,"Basalt / Picro-Basalt","Rift zone / Oceanic crust (< 15 km)","Atlantic-S","Stratovolcano","Holocene","U","Rift zone"
385052,"Walvis Ridge at 33°S","Undersea Features","Atlantic Ocean Volcanic Regions","Southern Atlantic Volcano Group","Minor","Cone","Eruption Observed","2002 CE",-32.958,-5.22,-1200,"No Data (checked)","Intraplate / Oceanic crust (< 15 km)","Atlantic-S","Submarine","","D1","Intraplate"
386010,"Tristan da Cunha","United Kingdom","Atlantic Ocean Volcanic Regions","Southern Atlantic Volcano Group","Shield","Shield","Eruption Observed","1962 CE",-37.092,-12.28,2060,"Trachybasalt / Tephrite Basanite","Rift zone / Oceanic crust (< 15 km)","Atlantic-S","Stratovolcano","Historical","D2","Rift zone"
386011,"Nightingale Island","United Kingdom","Atlantic Ocean Volcanic Regions","Southern Atlantic Volcano Group","Composite","Stratovolcano","Eruption Observed","2004 CE",-37.42,-12.48,365,"Trachyte / Trachydacite","Rift zone / Oceanic crust (< 15 km)","Atlantic-S","Stratovolcano","Historical","D1","Rift zone"
386020,"Bouvet","Norway","Atlantic Ocean Volcanic Regions","Southern Atlantic Volcano Group","Shield","Shield","Eruption Dated","50 BCE",-54.408,3.351,741,"Basalt / Picro-Basalt","Rift zone / Oceanic crust (< 15 km)","Atlantic-S","Shield volcano","Magnetism","D7","Rift zone"
390010,"Buckle Island","Antarctica","Antarctic-Scotia Volcanic Regions","Balleny Hotspot Volcano Group","Composite","Stratovolcano","Eruption Observed","1899 CE",-66.78,163.25,1239,"Trachybasalt / Tephrite Basanite","Rift zone / Oceanic crust (< 15 km)","Antarctica","Stratovolcano","Historical","D3","Rift zone"
390011,"Young Island","Antarctica","Antarctic-Scotia Volcanic Regions","Balleny Hotspot Volcano Group","Composite","Stratovolcano","Evidence Uncertain","Unknown",-66.42,162.47,1340,"Trachybasalt / Tephrite Basanite","Rift zone / Oceanic crust (< 15 km)","Antarctica","Stratovolcano","Fumarolic","U","Rift zone"
390012,"Sturge Island","Antarctica","Antarctic-Scotia Volcanic Regions","Balleny Hotspot Volcano Group","Composite","Stratovolcano","Evidence Uncertain","Unknown",-67.4,164.83,1167,"Trachybasalt / Tephrite Basanite","Rift zone / Oceanic crust (< 15 km)","Antarctica","Stratovolcano","Uncertain","Unknown","Rift zone"
390013,"Pleiades, The","Antarctica","Antarctic-Scotia Volcanic Regions","McMurdo Volcanic Province","Composite","Stratovolcano","Eruption Dated","1050 BCE",-72.67,165.5,3040,"Trachyandesite / Basaltic Trachyandesite","Intraplate / Continental crust (>25 km)","Antarctica","Stratovolcano","K-Ar","D7","Intraplate"
390015,"Melbourne","Antarctica","Antarctic-Scotia Volcanic Regions","McMurdo Volcanic Province","Composite","Stratovolcano","Eruption Dated","1892 CE",-74.35,164.7,2732,"Trachyte / Trachydacite","Intraplate / Continental crust (>25 km)","Antarctica","Stratovolcano","Tephrochronology","D4","Intraplate"
390016,"McMurdo Province at 76.8°S","Antarctica","Antarctic-Scotia Volcanic Regions","McMurdo Volcanic Province","Caldera","Caldera","Evidence Uncertain","Unknown",-76.83,163,-500,"No Data (checked)","Intraplate / Continental crust (>25 km)",NA,NA,NA,NA,"Intraplate"
390017,"Morning","Antarctica","Antarctic-Scotia Volcanic Regions","McMurdo Volcanic Province","Shield","Shield","Evidence Uncertain","Unknown",-78.5,163.53,2723,"Phonolite","Intraplate / Continental crust (>25 km)","Antarctica","Shield volcano","Holocene","U","Intraplate"
390020,"Erebus","Antarctica","Antarctic-Scotia Volcanic Regions","McMurdo Volcanic Province","Composite","Stratovolcano","Eruption Observed","2026 CE",-77.53,167.17,3794,"Phonolite","Intraplate / Continental crust (>25 km)","Antarctica","Stratovolcano","Historical","D1","Intraplate"
390021,"Royal Society Range","Antarctica","Antarctic-Scotia Volcanic Regions","McMurdo Volcanic Province","Cluster","Pyroclastic cone(s)","Evidence Uncertain","Unknown",-78.25,163.33,3000,"Trachyandesite / Basaltic Trachyandesite","Intraplate / Continental crust (>25 km)","Antarctica","Cinder cone","Holocene","Unknown","Intraplate"
390022,"Berlin","Antarctica","Antarctic-Scotia Volcanic Regions","Western Antarctica Volcanic Province","Shield","Shield(s)","Eruption Dated","8350 BCE",-76.05,-136,3478,"Trachyte / Trachydacite","Intraplate / Continental crust (>25 km)","Antarctica","Shield volcano","Fumarolic","U","Intraplate"
390023,"Andrus","Antarctica","Antarctic-Scotia Volcanic Regions","Western Antarctica Volcanic Province","Shield","Shield(s)","Evidence Uncertain","Unknown",-75.8,-132.33,2978,"Trachyte / Trachydacite","Intraplate / Continental crust (>25 km)","Antarctica","Shield volcano","Holocene","Unknown","Intraplate"
390027,"Takahe","Antarctica","Antarctic-Scotia Volcanic Regions","Western Antarctica Volcanic Province","Shield","Shield","Eruption Dated","5550 BCE",-76.28,-112.08,3460,"Trachyte / Trachydacite","Intraplate / Continental crust (>25 km)","Antarctica","Shield volcano","Ice Core","D7","Intraplate"
390028,"Hudson Mountains","Antarctica","Antarctic-Scotia Volcanic Regions","Western Antarctica Volcanic Province","Composite","Stratovolcano(es)","Eruption Dated","207 BCE",-74.33,-99.42,749,"Basalt / Picro-Basalt","Intraplate / Continental crust (>25 km)","Antarctica","Stratovolcano","Uncertain","Unknown","Intraplate"
390030,"Deception Island","Antarctica","Antarctic-Scotia Volcanic Regions","South Shetlands Volcanic Arc","Caldera","Caldera","Eruption Observed","1970 CE",-62.9567,-60.6367,602,"Basalt / Picro-Basalt","Intraplate / Continental crust (>25 km)","Antarctica","Caldera","Historical","D1","Intraplate"
390031,"Penguin Island","Antarctica","Antarctic-Scotia Volcanic Regions","South Shetlands Volcanic Arc","Composite","Stratovolcano","Eruption Observed","1905 CE",-62.1,-57.93,180,"Basalt / Picro-Basalt","Intraplate / Continental crust (>25 km)","Antarctica","Stratovolcano","Lichenometry","D2","Intraplate"
390040,"Bridgeman Island","Antarctica","Antarctic-Scotia Volcanic Regions","South Shetlands Volcanic Arc","Composite","Stratovolcano","Evidence Uncertain","Unknown",-62.063,-56.713,240,"Andesite / Basaltic Andesite","Intraplate / Continental crust (>25 km)","Antarctica","Stratovolcano","Holocene","Unknown","Intraplate"
390041,"Paulet","Antarctica","Antarctic-Scotia Volcanic Regions","Antarctic Peninsula Volcanic Province","Minor (Basaltic)","Pyroclastic cone","Evidence Credible","Unknown",-63.579,-55.78,353,"Basalt / Picro-Basalt","Intraplate / Continental crust (>25 km)","Antarctica","Cinder cone","Holocene","U","Intraplate"
390070,"Southern Thule","United Kingdom","Antarctic-Scotia Volcanic Regions","South Sandwich Volcanic Arc","Composite","Stratovolcano(es)","Eruption Observed","1975 CE",-59.442,-27.225,1075,"Andesite / Basaltic Andesite","Subduction zone / Oceanic crust (< 15 km)","Antarctica","Stratovolcano","Historical","D1","Subduction zone"
390080,"Bristol Island","United Kingdom","Antarctic-Scotia Volcanic Regions","South Sandwich Volcanic Arc","Composite","Stratovolcano","Eruption Observed","2016 CE",-59.017,-26.533,1100,"Basalt / Picro-Basalt","Subduction zone / Oceanic crust (< 15 km)","Antarctica","Stratovolcano","Historical","D2","Subduction zone"
390081,"Montagu Island","United Kingdom","Antarctic-Scotia Volcanic Regions","South Sandwich Volcanic Arc","Shield","Shield","Eruption Observed","2007 CE",-58.445,-26.374,1370,"Basalt / Picro-Basalt","Subduction zone / Oceanic crust (< 15 km)","Antarctica","Shield volcano","Historical","D1","Subduction zone"
390090,"Saunders","United Kingdom","Antarctic-Scotia Volcanic Regions","South Sandwich Volcanic Arc","Composite","Stratovolcano","Eruption Observed","2026 CE",-57.8,-26.483,843,"Basalt / Picro-Basalt","Subduction zone / Oceanic crust (< 15 km)","Antarctica","Stratovolcano","Historical","D3","Subduction zone"
390100,"Candlemas Island","United Kingdom","Antarctic-Scotia Volcanic Regions","South Sandwich Volcanic Arc","Composite","Stratovolcano","Eruption Observed","1911 CE",-57.08,-26.67,550,"Basalt / Picro-Basalt","Subduction zone / Oceanic crust (< 15 km)","Antarctica","Stratovolcano","Historical","D2","Subduction zone"
390110,"Hodson","United Kingdom","Antarctic-Scotia Volcanic Regions","South Sandwich Volcanic Arc","Composite","Stratovolcano","Evidence Credible","Unknown",-56.712,-27.176,835,"Basalt / Picro-Basalt","Subduction zone / Oceanic crust (< 15 km)","Antarctica","Stratovolcano","Holocene","U","Subduction zone"
390120,"Leskov Island","United Kingdom","Antarctic-Scotia Volcanic Regions","South Sandwich Volcanic Arc","Composite","Stratovolcano","Unrest / Holocene","Unknown",-56.656,-28.14,190,"Andesite / Basaltic Andesite","Subduction zone / Oceanic crust (< 15 km)","Antarctica","Stratovolcano","Fumarolic","U","Subduction zone"
390130,"Zavodovski","United Kingdom","Antarctic-Scotia Volcanic Regions","South Sandwich Volcanic Arc","Composite","Stratovolcano","Eruption Observed","2016 CE",-56.3,-27.57,551,"Basalt / Picro-Basalt","Subduction zone / Oceanic crust (< 15 km)","Antarctica","Stratovolcano","Historical","D3","Subduction zone"
390140,"Protector Seamounts","United Kingdom","Antarctic-Scotia Volcanic Regions","South Sandwich Volcanic Arc","Cluster","Volcanic field","Eruption Observed","1962 CE",-55.912,-28.167,-55,"Rhyolite","Subduction zone / Oceanic crust (< 15 km)","Antarctica","Submarine volcano","Historical","D2","Subduction zone"
390829,"Mount Haddington Volcanic Field","Antarctica","Antarctic-Scotia Volcanic Regions","Antarctic Peninsula Volcanic Province","Shield","Shield","Evidence Credible","Unknown",-64.15,-57.75,1544,"Basalt / Picro-Basalt","Intraplate / Continental crust (>25 km)",NA,NA,NA,NA,"Intraplate"
390847,"Melville","Antarctica","Antarctic-Scotia Volcanic Regions","South Shetlands Volcanic Arc","Composite","Stratovolcano","Evidence Uncertain","Unknown",-62.02,-57.67,549,NA,"Intraplate / Continental crust (>25 km)","Antarctica","Stratovolcano","","Unknown","Intraplate"
